ISO-10303-21;
HEADER;
/* Generated by software containing ST-Developer
 * from STEP Tools, Inc. (www.steptools.com) 
 */

FILE_DESCRIPTION(
/* description */ (''),
/* implementation_level */ '2;1');

FILE_NAME(
/* name */ 'SO3215.stp',
/* time_stamp */ '2024-12-17T14:20:13+01:00',
/* author */ ('PaulT'),
/* organization */ (''),
/* preprocessor_version */ 'ST-DEVELOPER v20',
/* originating_system */ 'Autodesk Inventor 2025',
/* authorisation */ '');

FILE_SCHEMA (('AUTOMOTIVE_DESIGN { 1 0 10303 214 3 1 1 }'));
ENDSEC;

DATA;
#10=MECHANICAL_DESIGN_GEOMETRIC_PRESENTATION_REPRESENTATION('',(#3325,#3326,
#3327,#3328,#3329,#3330,#3331,#3332,#3333,#3334,#3335,#3336,#3337,#3338,
#3339,#3340,#3341,#3342,#3343,#3344,#3345,#3346,#3347,#3348,#3349,#3350,
#3351,#3352,#3353,#3354,#3355,#3356,#3357,#3358,#3359,#3360,#3361,#3362,
#3363,#3364,#3365,#3366,#3367,#3368,#3369,#3370,#3371,#3372,#3373,#3374,
#3375,#3376,#3377),#6506);
#11=SHAPE_REPRESENTATION_RELATIONSHIP('SRR','None',#6513,#12);
#12=ADVANCED_BREP_SHAPE_REPRESENTATION('',(#13),#6505);
#13=MANIFOLD_SOLID_BREP('Solid1',#3569);
#14=SPHERICAL_SURFACE('',#3699,0.1);
#15=SPHERICAL_SURFACE('',#3704,0.1);
#16=SPHERICAL_SURFACE('',#3709,0.1);
#17=SPHERICAL_SURFACE('',#3711,0.1);
#18=CYLINDRICAL_SURFACE('',#3693,0.1);
#19=CYLINDRICAL_SURFACE('',#3696,0.1);
#20=CYLINDRICAL_SURFACE('',#3701,0.1);
#21=CYLINDRICAL_SURFACE('',#3706,0.1);
#22=CYLINDRICAL_SURFACE('',#3713,0.1);
#23=CYLINDRICAL_SURFACE('',#3716,0.1);
#24=CYLINDRICAL_SURFACE('',#3720,0.1);
#25=CYLINDRICAL_SURFACE('',#3723,0.1);
#26=CYLINDRICAL_SURFACE('',#3726,0.1);
#27=CYLINDRICAL_SURFACE('',#3729,0.1);
#28=CYLINDRICAL_SURFACE('',#3732,0.1);
#29=CYLINDRICAL_SURFACE('',#3735,0.1);
#30=CIRCLE('',#3678,0.1);
#31=CIRCLE('',#3679,0.1);
#32=CIRCLE('',#3690,0.1);
#33=CIRCLE('',#3691,0.1);
#34=CIRCLE('',#3694,0.1);
#35=CIRCLE('',#3695,0.1);
#36=CIRCLE('',#3697,0.1);
#37=CIRCLE('',#3698,0.1);
#38=CIRCLE('',#3700,0.1);
#39=CIRCLE('',#3702,0.1);
#40=CIRCLE('',#3703,0.1);
#41=CIRCLE('',#3705,0.1);
#42=CIRCLE('',#3707,0.1);
#43=CIRCLE('',#3708,0.1);
#44=CIRCLE('',#3710,0.1);
#45=CIRCLE('',#3712,0.1);
#46=CIRCLE('',#3714,0.1);
#47=CIRCLE('',#3717,0.1);
#48=CIRCLE('',#3721,0.1);
#49=CIRCLE('',#3724,0.1);
#50=CIRCLE('',#3727,0.1);
#51=CIRCLE('',#3730,0.1);
#52=CIRCLE('',#3733,0.1);
#53=CIRCLE('',#3736,0.1);
#54=FACE_BOUND('',#546,.T.);
#55=FACE_BOUND('',#577,.T.);
#56=FACE_BOUND('',#578,.T.);
#57=FACE_BOUND('',#643,.T.);
#58=FACE_BOUND('',#644,.T.);
#59=FACE_BOUND('',#645,.T.);
#60=FACE_BOUND('',#646,.T.);
#61=FACE_BOUND('',#647,.T.);
#62=FACE_BOUND('',#648,.T.);
#63=FACE_BOUND('',#649,.T.);
#64=FACE_BOUND('',#650,.T.);
#65=FACE_BOUND('',#651,.T.);
#66=FACE_BOUND('',#665,.T.);
#67=B_SPLINE_SURFACE_WITH_KNOTS('',2,1,((#4614,#4615),(#4616,#4617),(#4618,
#4619),(#4620,#4621)),.UNSPECIFIED.,.F.,.F.,.F.,(3,1,3),(2,2),(0.,1.,2.),
(0.,0.726055094328248),.UNSPECIFIED.);
#68=B_SPLINE_SURFACE_WITH_KNOTS('',2,1,((#4638,#4639),(#4640,#4641),(#4642,
#4643),(#4644,#4645)),.UNSPECIFIED.,.F.,.F.,.F.,(3,1,3),(2,2),(0.,1.,2.),
(0.,0.726055094328248),.UNSPECIFIED.);
#69=B_SPLINE_SURFACE_WITH_KNOTS('',2,1,((#4652,#4653),(#4654,#4655),(#4656,
#4657),(#4658,#4659)),.UNSPECIFIED.,.F.,.F.,.F.,(3,1,3),(2,2),(0.,1.,2.),
(0.,0.726055094328248),.UNSPECIFIED.);
#70=B_SPLINE_SURFACE_WITH_KNOTS('',2,1,((#4666,#4667),(#4668,#4669),(#4670,
#4671),(#4672,#4673)),.UNSPECIFIED.,.F.,.F.,.F.,(3,1,3),(2,2),(0.,1.,2.),
(0.,0.726055094328248),.UNSPECIFIED.);
#71=B_SPLINE_SURFACE_WITH_KNOTS('',2,1,((#4680,#4681),(#4682,#4683),(#4684,
#4685),(#4686,#4687)),.UNSPECIFIED.,.F.,.F.,.F.,(3,1,3),(2,2),(0.,1.,2.),
(0.,0.726055094328248),.UNSPECIFIED.);
#72=B_SPLINE_SURFACE_WITH_KNOTS('',2,1,((#4694,#4695),(#4696,#4697),(#4698,
#4699),(#4700,#4701)),.UNSPECIFIED.,.F.,.F.,.F.,(3,1,3),(2,2),(0.,1.,2.),
(0.,0.726055094328248),.UNSPECIFIED.);
#73=B_SPLINE_SURFACE_WITH_KNOTS('',2,1,((#4720,#4721),(#4722,#4723),(#4724,
#4725),(#4726,#4727)),.UNSPECIFIED.,.F.,.F.,.F.,(3,1,3),(2,2),(0.,1.,2.),
(0.,0.726055094328248),.UNSPECIFIED.);
#74=B_SPLINE_SURFACE_WITH_KNOTS('',2,1,((#4734,#4735),(#4736,#4737),(#4738,
#4739),(#4740,#4741)),.UNSPECIFIED.,.F.,.F.,.F.,(3,1,3),(2,2),(0.,1.,2.),
(0.,0.726055094328248),.UNSPECIFIED.);
#75=B_SPLINE_SURFACE_WITH_KNOTS('',2,1,((#4748,#4749),(#4750,#4751),(#4752,
#4753),(#4754,#4755)),.UNSPECIFIED.,.F.,.F.,.F.,(3,1,3),(2,2),(0.,1.,2.),
(0.,0.726055094328248),.UNSPECIFIED.);
#76=B_SPLINE_SURFACE_WITH_KNOTS('',2,1,((#4762,#4763),(#4764,#4765),(#4766,
#4767),(#4768,#4769)),.UNSPECIFIED.,.F.,.F.,.F.,(3,1,3),(2,2),(0.,1.,2.),
(0.,0.726055094328248),.UNSPECIFIED.);
#77=B_SPLINE_SURFACE_WITH_KNOTS('',2,1,((#4776,#4777),(#4778,#4779),(#4780,
#4781),(#4782,#4783)),.UNSPECIFIED.,.F.,.F.,.F.,(3,1,3),(2,2),(0.,1.,2.),
(0.,0.726055094328248),.UNSPECIFIED.);
#78=B_SPLINE_SURFACE_WITH_KNOTS('',2,1,((#4790,#4791),(#4792,#4793),(#4794,
#4795),(#4796,#4797)),.UNSPECIFIED.,.F.,.F.,.F.,(3,1,3),(2,2),(0.,1.,2.),
(0.,0.726055094328248),.UNSPECIFIED.);
#79=B_SPLINE_SURFACE_WITH_KNOTS('',2,1,((#4804,#4805),(#4806,#4807),(#4808,
#4809),(#4810,#4811)),.UNSPECIFIED.,.F.,.F.,.F.,(3,1,3),(2,2),(0.,1.,2.),
(0.,0.726055094328248),.UNSPECIFIED.);
#80=B_SPLINE_SURFACE_WITH_KNOTS('',2,1,((#4822,#4823),(#4824,#4825),(#4826,
#4827),(#4828,#4829)),.UNSPECIFIED.,.F.,.F.,.F.,(3,1,3),(2,2),(0.,1.,2.),
(0.,0.726055094328248),.UNSPECIFIED.);
#81=B_SPLINE_SURFACE_WITH_KNOTS('',2,1,((#4836,#4837),(#4838,#4839),(#4840,
#4841),(#4842,#4843)),.UNSPECIFIED.,.F.,.F.,.F.,(3,1,3),(2,2),(0.,1.,2.),
(0.,0.726055094328248),.UNSPECIFIED.);
#82=B_SPLINE_SURFACE_WITH_KNOTS('',2,1,((#4850,#4851),(#4852,#4853),(#4854,
#4855),(#4856,#4857)),.UNSPECIFIED.,.F.,.F.,.F.,(3,1,3),(2,2),(0.,1.,2.),
(0.,0.726055094328248),.UNSPECIFIED.);
#83=B_SPLINE_SURFACE_WITH_KNOTS('',2,1,((#4864,#4865),(#4866,#4867),(#4868,
#4869),(#4870,#4871)),.UNSPECIFIED.,.F.,.F.,.F.,(3,1,3),(2,2),(0.,1.,2.),
(0.,0.726055094328248),.UNSPECIFIED.);
#84=B_SPLINE_SURFACE_WITH_KNOTS('',2,1,((#4886,#4887),(#4888,#4889),(#4890,
#4891),(#4892,#4893)),.UNSPECIFIED.,.F.,.F.,.F.,(3,1,3),(2,2),(0.,1.,2.),
(0.,0.726055094328248),.UNSPECIFIED.);
#85=B_SPLINE_SURFACE_WITH_KNOTS('',2,1,((#4900,#4901),(#4902,#4903),(#4904,
#4905),(#4906,#4907)),.UNSPECIFIED.,.F.,.F.,.F.,(3,1,3),(2,2),(0.,1.,2.),
(0.,0.726055094328248),.UNSPECIFIED.);
#86=B_SPLINE_SURFACE_WITH_KNOTS('',2,1,((#5048,#5049),(#5050,#5051),(#5052,
#5053),(#5054,#5055)),.UNSPECIFIED.,.F.,.F.,.F.,(3,1,3),(2,2),(0.,1.,2.),
(0.,0.726055094328248),.UNSPECIFIED.);
#87=B_SPLINE_SURFACE_WITH_KNOTS('',2,1,((#5062,#5063),(#5064,#5065),(#5066,
#5067),(#5068,#5069)),.UNSPECIFIED.,.F.,.F.,.F.,(3,1,3),(2,2),(0.,1.,2.),
(0.,0.726055094328248),.UNSPECIFIED.);
#88=B_SPLINE_SURFACE_WITH_KNOTS('',2,1,((#5076,#5077),(#5078,#5079),(#5080,
#5081),(#5082,#5083)),.UNSPECIFIED.,.F.,.F.,.F.,(3,1,3),(2,2),(0.,1.,2.),
(0.,0.726055094328248),.UNSPECIFIED.);
#89=B_SPLINE_SURFACE_WITH_KNOTS('',2,1,((#5090,#5091),(#5092,#5093),(#5094,
#5095),(#5096,#5097)),.UNSPECIFIED.,.F.,.F.,.F.,(3,1,3),(2,2),(0.,1.,2.),
(0.,0.726055094328248),.UNSPECIFIED.);
#90=B_SPLINE_SURFACE_WITH_KNOTS('',2,1,((#5104,#5105),(#5106,#5107),(#5108,
#5109),(#5110,#5111)),.UNSPECIFIED.,.F.,.F.,.F.,(3,1,3),(2,2),(0.,1.,2.),
(0.,0.726055094328248),.UNSPECIFIED.);
#91=B_SPLINE_SURFACE_WITH_KNOTS('',2,1,((#5126,#5127),(#5128,#5129),(#5130,
#5131),(#5132,#5133)),.UNSPECIFIED.,.F.,.F.,.F.,(3,1,3),(2,2),(0.,1.,2.),
(0.,0.726055094328248),.UNSPECIFIED.);
#92=B_SPLINE_SURFACE_WITH_KNOTS('',2,1,((#5140,#5141),(#5142,#5143),(#5144,
#5145),(#5146,#5147)),.UNSPECIFIED.,.F.,.F.,.F.,(3,1,3),(2,2),(0.,1.,2.),
(0.,0.726055094328248),.UNSPECIFIED.);
#93=B_SPLINE_SURFACE_WITH_KNOTS('',2,1,((#5154,#5155),(#5156,#5157),(#5158,
#5159),(#5160,#5161)),.UNSPECIFIED.,.F.,.F.,.F.,(3,1,3),(2,2),(0.,1.,2.),
(0.,0.726055094328248),.UNSPECIFIED.);
#94=B_SPLINE_SURFACE_WITH_KNOTS('',2,1,((#5168,#5169),(#5170,#5171),(#5172,
#5173),(#5174,#5175)),.UNSPECIFIED.,.F.,.F.,.F.,(3,1,3),(2,2),(0.,1.,2.),
(0.,0.726055094328248),.UNSPECIFIED.);
#95=B_SPLINE_SURFACE_WITH_KNOTS('',2,1,((#5182,#5183),(#5184,#5185),(#5186,
#5187),(#5188,#5189)),.UNSPECIFIED.,.F.,.F.,.F.,(3,1,3),(2,2),(0.,1.,2.),
(0.,0.726055094328248),.UNSPECIFIED.);
#96=B_SPLINE_SURFACE_WITH_KNOTS('',2,1,((#5196,#5197),(#5198,#5199),(#5200,
#5201),(#5202,#5203)),.UNSPECIFIED.,.F.,.F.,.F.,(3,1,3),(2,2),(0.,1.,2.),
(0.,0.726055094328248),.UNSPECIFIED.);
#97=B_SPLINE_SURFACE_WITH_KNOTS('',2,1,((#5216,#5217),(#5218,#5219),(#5220,
#5221),(#5222,#5223)),.UNSPECIFIED.,.F.,.F.,.F.,(3,1,3),(2,2),(0.,1.,2.),
(0.,0.726055094328248),.UNSPECIFIED.);
#98=B_SPLINE_SURFACE_WITH_KNOTS('',2,1,((#5241,#5242),(#5243,#5244),(#5245,
#5246),(#5247,#5248)),.UNSPECIFIED.,.F.,.F.,.F.,(3,1,3),(2,2),(0.,1.,2.),
(0.,0.726055094328248),.UNSPECIFIED.);
#99=B_SPLINE_SURFACE_WITH_KNOTS('',2,1,((#5263,#5264),(#5265,#5266),(#5267,
#5268),(#5269,#5270)),.UNSPECIFIED.,.F.,.F.,.F.,(3,1,3),(2,2),(0.,1.,2.),
(0.,0.726055094328248),.UNSPECIFIED.);
#100=B_SPLINE_SURFACE_WITH_KNOTS('',2,1,((#5285,#5286),(#5287,#5288),(#5289,
#5290),(#5291,#5292)),.UNSPECIFIED.,.F.,.F.,.F.,(3,1,3),(2,2),(0.,1.,2.),
(0.,0.726055094328248),.UNSPECIFIED.);
#101=B_SPLINE_SURFACE_WITH_KNOTS('',2,1,((#5307,#5308),(#5309,#5310),(#5311,
#5312),(#5313,#5314)),.UNSPECIFIED.,.F.,.F.,.F.,(3,1,3),(2,2),(0.,1.,2.),
(0.,0.726055094328248),.UNSPECIFIED.);
#102=B_SPLINE_SURFACE_WITH_KNOTS('',2,1,((#5329,#5330),(#5331,#5332),(#5333,
#5334),(#5335,#5336)),.UNSPECIFIED.,.F.,.F.,.F.,(3,1,3),(2,2),(0.,1.,2.),
(0.,0.726055094328248),.UNSPECIFIED.);
#103=B_SPLINE_SURFACE_WITH_KNOTS('',2,1,((#5351,#5352),(#5353,#5354),(#5355,
#5356),(#5357,#5358)),.UNSPECIFIED.,.F.,.F.,.F.,(3,1,3),(2,2),(0.,1.,2.),
(0.,0.726055094328248),.UNSPECIFIED.);
#104=B_SPLINE_SURFACE_WITH_KNOTS('',2,1,((#5373,#5374),(#5375,#5376),(#5377,
#5378),(#5379,#5380)),.UNSPECIFIED.,.F.,.F.,.F.,(3,1,3),(2,2),(-2.,-1.,
0.),(0.,0.726055094328248),.UNSPECIFIED.);
#105=B_SPLINE_SURFACE_WITH_KNOTS('',2,1,((#5398,#5399),(#5400,#5401),(#5402,
#5403),(#5404,#5405)),.UNSPECIFIED.,.F.,.F.,.F.,(3,1,3),(2,2),(-2.,-1.,
0.),(0.,0.726055094328248),.UNSPECIFIED.);
#106=B_SPLINE_SURFACE_WITH_KNOTS('',2,1,((#5420,#5421),(#5422,#5423),(#5424,
#5425),(#5426,#5427)),.UNSPECIFIED.,.F.,.F.,.F.,(3,1,3),(2,2),(-2.,-1.,
0.),(0.,0.726055094328248),.UNSPECIFIED.);
#107=B_SPLINE_SURFACE_WITH_KNOTS('',2,1,((#5442,#5443),(#5444,#5445),(#5446,
#5447),(#5448,#5449)),.UNSPECIFIED.,.F.,.F.,.F.,(3,1,3),(2,2),(0.,1.,2.),
(0.,0.726055094328248),.UNSPECIFIED.);
#108=B_SPLINE_SURFACE_WITH_KNOTS('',2,1,((#5464,#5465),(#5466,#5467),(#5468,
#5469),(#5470,#5471)),.UNSPECIFIED.,.F.,.F.,.F.,(3,1,3),(2,2),(0.,1.,2.),
(0.,0.726055094328248),.UNSPECIFIED.);
#109=B_SPLINE_SURFACE_WITH_KNOTS('',2,1,((#5486,#5487),(#5488,#5489),(#5490,
#5491),(#5492,#5493)),.UNSPECIFIED.,.F.,.F.,.F.,(3,1,3),(2,2),(0.,1.,2.),
(0.,0.726055094328248),.UNSPECIFIED.);
#110=B_SPLINE_SURFACE_WITH_KNOTS('',2,1,((#5508,#5509),(#5510,#5511),(#5512,
#5513),(#5514,#5515)),.UNSPECIFIED.,.F.,.F.,.F.,(3,1,3),(2,2),(0.,1.,2.),
(0.,0.726055094328248),.UNSPECIFIED.);
#111=B_SPLINE_SURFACE_WITH_KNOTS('',2,1,((#5530,#5531),(#5532,#5533),(#5534,
#5535),(#5536,#5537)),.UNSPECIFIED.,.F.,.F.,.F.,(3,1,3),(2,2),(0.,1.,2.),
(0.,0.726055094328248),.UNSPECIFIED.);
#112=B_SPLINE_SURFACE_WITH_KNOTS('',2,1,((#5561,#5562),(#5563,#5564),(#5565,
#5566),(#5567,#5568)),.UNSPECIFIED.,.F.,.F.,.F.,(3,1,3),(2,2),(-2.,-1.,
0.),(0.,0.726055094328248),.UNSPECIFIED.);
#113=B_SPLINE_SURFACE_WITH_KNOTS('',2,1,((#5583,#5584),(#5585,#5586),(#5587,
#5588),(#5589,#5590)),.UNSPECIFIED.,.F.,.F.,.F.,(3,1,3),(2,2),(-2.,-1.,
0.),(0.,0.726055094328248),.UNSPECIFIED.);
#114=B_SPLINE_SURFACE_WITH_KNOTS('',2,1,((#5605,#5606),(#5607,#5608),(#5609,
#5610),(#5611,#5612)),.UNSPECIFIED.,.F.,.F.,.F.,(3,1,3),(2,2),(-2.,-1.,
0.),(0.,0.726055094328248),.UNSPECIFIED.);
#115=B_SPLINE_SURFACE_WITH_KNOTS('',2,1,((#5627,#5628),(#5629,#5630),(#5631,
#5632),(#5633,#5634)),.UNSPECIFIED.,.F.,.F.,.F.,(3,1,3),(2,2),(-2.,-1.,
0.),(0.,0.726055094328248),.UNSPECIFIED.);
#116=B_SPLINE_SURFACE_WITH_KNOTS('',2,1,((#5690,#5691),(#5692,#5693),(#5694,
#5695),(#5696,#5697)),.UNSPECIFIED.,.F.,.F.,.F.,(3,1,3),(2,2),(0.,1.,2.),
(0.,0.726055094328248),.UNSPECIFIED.);
#117=B_SPLINE_SURFACE_WITH_KNOTS('',2,1,((#5715,#5716),(#5717,#5718),(#5719,
#5720),(#5721,#5722)),.UNSPECIFIED.,.F.,.F.,.F.,(3,1,3),(2,2),(0.,1.,2.),
(0.,0.726055094328248),.UNSPECIFIED.);
#118=B_SPLINE_SURFACE_WITH_KNOTS('',2,1,((#5737,#5738),(#5739,#5740),(#5741,
#5742),(#5743,#5744)),.UNSPECIFIED.,.F.,.F.,.F.,(3,1,3),(2,2),(0.,1.,2.),
(0.,0.726055094328248),.UNSPECIFIED.);
#119=B_SPLINE_SURFACE_WITH_KNOTS('',2,1,((#5765,#5766),(#5767,#5768),(#5769,
#5770),(#5771,#5772)),.UNSPECIFIED.,.F.,.F.,.F.,(3,1,3),(2,2),(0.,1.,2.),
(0.,0.726055094328248),.UNSPECIFIED.);
#120=B_SPLINE_SURFACE_WITH_KNOTS('',2,1,((#5787,#5788),(#5789,#5790),(#5791,
#5792),(#5793,#5794)),.UNSPECIFIED.,.F.,.F.,.F.,(3,1,3),(2,2),(-2.,-1.,
0.),(0.,0.726055094328248),.UNSPECIFIED.);
#121=B_SPLINE_SURFACE_WITH_KNOTS('',2,1,((#5812,#5813),(#5814,#5815),(#5816,
#5817),(#5818,#5819)),.UNSPECIFIED.,.F.,.F.,.F.,(3,1,3),(2,2),(-2.,-1.,
0.),(0.,0.726055094328248),.UNSPECIFIED.);
#122=B_SPLINE_SURFACE_WITH_KNOTS('',2,1,((#5834,#5835),(#5836,#5837),(#5838,
#5839),(#5840,#5841)),.UNSPECIFIED.,.F.,.F.,.F.,(3,1,3),(2,2),(-2.,-1.,
0.),(0.,0.726055094328248),.UNSPECIFIED.);
#123=B_SPLINE_SURFACE_WITH_KNOTS('',2,1,((#5859,#5860),(#5861,#5862),(#5863,
#5864),(#5865,#5866)),.UNSPECIFIED.,.F.,.F.,.F.,(3,1,3),(2,2),(-2.,-1.,
0.),(0.,0.726055094328248),.UNSPECIFIED.);
#124=B_SPLINE_SURFACE_WITH_KNOTS('',2,1,((#5881,#5882),(#5883,#5884),(#5885,
#5886),(#5887,#5888)),.UNSPECIFIED.,.F.,.F.,.F.,(3,1,3),(2,2),(0.,1.,2.),
(0.,0.726055094328248),.UNSPECIFIED.);
#125=B_SPLINE_SURFACE_WITH_KNOTS('',2,1,((#5903,#5904),(#5905,#5906),(#5907,
#5908),(#5909,#5910)),.UNSPECIFIED.,.F.,.F.,.F.,(3,1,3),(2,2),(0.,1.,2.),
(0.,0.726055094328248),.UNSPECIFIED.);
#126=B_SPLINE_SURFACE_WITH_KNOTS('',2,1,((#5931,#5932),(#5933,#5934),(#5935,
#5936),(#5937,#5938)),.UNSPECIFIED.,.F.,.F.,.F.,(3,1,3),(2,2),(0.,1.,2.),
(0.,0.726055094328248),.UNSPECIFIED.);
#127=B_SPLINE_SURFACE_WITH_KNOTS('',2,1,((#5953,#5954),(#5955,#5956),(#5957,
#5958),(#5959,#5960)),.UNSPECIFIED.,.F.,.F.,.F.,(3,1,3),(2,2),(0.,1.,2.),
(0.,0.726055094328248),.UNSPECIFIED.);
#128=B_SPLINE_SURFACE_WITH_KNOTS('',2,1,((#5975,#5976),(#5977,#5978),(#5979,
#5980),(#5981,#5982)),.UNSPECIFIED.,.F.,.F.,.F.,(3,1,3),(2,2),(0.,1.,2.),
(0.,0.726055094328248),.UNSPECIFIED.);
#129=B_SPLINE_SURFACE_WITH_KNOTS('',2,1,((#5994,#5995),(#5996,#5997),(#5998,
#5999),(#6000,#6001)),.UNSPECIFIED.,.F.,.F.,.F.,(3,1,3),(2,2),(-2.,-1.,
0.),(0.,0.726055094328248),.UNSPECIFIED.);
#130=B_SPLINE_SURFACE_WITH_KNOTS('',2,1,((#6016,#6017),(#6018,#6019),(#6020,
#6021),(#6022,#6023)),.UNSPECIFIED.,.F.,.F.,.F.,(3,1,3),(2,2),(-2.,-1.,
0.),(0.,0.726055094328248),.UNSPECIFIED.);
#131=B_SPLINE_SURFACE_WITH_KNOTS('',2,1,((#6038,#6039),(#6040,#6041),(#6042,
#6043),(#6044,#6045)),.UNSPECIFIED.,.F.,.F.,.F.,(3,1,3),(2,2),(-2.,-1.,
0.),(0.,0.726055094328248),.UNSPECIFIED.);
#132=B_SPLINE_SURFACE_WITH_KNOTS('',2,1,((#6057,#6058),(#6059,#6060),(#6061,
#6062),(#6063,#6064)),.UNSPECIFIED.,.F.,.F.,.F.,(3,1,3),(2,2),(-2.,-1.,
0.),(0.,0.726055094328248),.UNSPECIFIED.);
#133=B_SPLINE_SURFACE_WITH_KNOTS('',2,1,((#6079,#6080),(#6081,#6082),(#6083,
#6084),(#6085,#6086)),.UNSPECIFIED.,.F.,.F.,.F.,(3,1,3),(2,2),(-2.,-1.,
0.),(0.,0.726055094328248),.UNSPECIFIED.);
#134=B_SPLINE_SURFACE_WITH_KNOTS('',2,1,((#6101,#6102),(#6103,#6104),(#6105,
#6106),(#6107,#6108)),.UNSPECIFIED.,.F.,.F.,.F.,(3,1,3),(2,2),(-2.,-1.,
0.),(0.,0.726055094328248),.UNSPECIFIED.);
#135=B_SPLINE_CURVE_WITH_KNOTS('',3,(#4448,#4449,#4450,#4451,#4452,#4453,
#4454),.UNSPECIFIED.,.F.,.F.,(4,3,4),(-0.012381413827285,-0.00619070691364251,
0.),.UNSPECIFIED.);
#136=B_SPLINE_CURVE_WITH_KNOTS('',3,(#4456,#4457,#4458,#4459,#4460,#4461,
#4462),.UNSPECIFIED.,.F.,.F.,(4,3,4),(-0.00830891723927894,-0.00415445861963947,
0.),.UNSPECIFIED.);
#137=B_SPLINE_CURVE_WITH_KNOTS('',3,(#4464,#4465,#4466,#4467,#4468,#4469,
#4470),.UNSPECIFIED.,.F.,.F.,(4,3,4),(-0.0124495152378259,-0.00622475761891296,
0.),.UNSPECIFIED.);
#138=B_SPLINE_CURVE_WITH_KNOTS('',3,(#4478,#4479,#4480,#4481,#4482,#4483,
#4484),.UNSPECIFIED.,.F.,.F.,(4,3,4),(-0.0173115189465567,-0.00865575947327833,
0.),.UNSPECIFIED.);
#139=B_SPLINE_CURVE_WITH_KNOTS('',3,(#4486,#4487,#4488,#4489,#4490,#4491,
#4492),.UNSPECIFIED.,.F.,.F.,(4,3,4),(-0.00531094707762337,-0.00265547353881168,
0.),.UNSPECIFIED.);
#140=B_SPLINE_CURVE_WITH_KNOTS('',3,(#4494,#4495,#4496,#4497,#4498,#4499,
#4500),.UNSPECIFIED.,.F.,.F.,(4,3,4),(-0.0187114422905619,-0.00935572114528094,
0.),.UNSPECIFIED.);
#141=B_SPLINE_CURVE_WITH_KNOTS('',3,(#4502,#4503,#4504,#4505,#4506,#4507,
#4508),.UNSPECIFIED.,.F.,.F.,(4,3,4),(-0.00959590569224568,-0.00479795284612284,
0.),.UNSPECIFIED.);
#142=B_SPLINE_CURVE_WITH_KNOTS('',3,(#4510,#4511,#4512,#4513,#4514,#4515,
#4516),.UNSPECIFIED.,.F.,.F.,(4,3,4),(-0.00869679853913958,-0.00434839926956979,
0.),.UNSPECIFIED.);
#143=B_SPLINE_CURVE_WITH_KNOTS('',3,(#4522,#4523,#4524,#4525,#4526,#4527,
#4528),.UNSPECIFIED.,.F.,.F.,(4,3,4),(-0.0151914363350352,-0.0075957181675176,
0.),.UNSPECIFIED.);
#144=B_SPLINE_CURVE_WITH_KNOTS('',3,(#4530,#4531,#4532,#4533,#4534,#4535,
#4536),.UNSPECIFIED.,.F.,.F.,(4,3,4),(-0.018615339524511,-0.00930766976225548,
0.),.UNSPECIFIED.);
#145=B_SPLINE_CURVE_WITH_KNOTS('',3,(#4538,#4539,#4540,#4541,#4542,#4543,
#4544),.UNSPECIFIED.,.F.,.F.,(4,3,4),(-0.0151493777433419,-0.00757468887167094,
0.),.UNSPECIFIED.);
#146=B_SPLINE_CURVE_WITH_KNOTS('',3,(#4546,#4547,#4548,#4549,#4550,#4551,
#4552),.UNSPECIFIED.,.F.,.F.,(4,3,4),(-0.00602601171256437,-0.00301300585628218,
0.),.UNSPECIFIED.);
#147=B_SPLINE_CURVE_WITH_KNOTS('',3,(#4554,#4555,#4556,#4557,#4558,#4559,
#4560),.UNSPECIFIED.,.F.,.F.,(4,3,4),(-0.0157003007964025,-0.00785015039820124,
0.),.UNSPECIFIED.);
#148=B_SPLINE_CURVE_WITH_KNOTS('',3,(#4564,#4565,#4566,#4567,#4568,#4569,
#4570),.UNSPECIFIED.,.F.,.F.,(4,3,4),(-0.0133018410697296,-0.00665092053486479,
0.),.UNSPECIFIED.);
#149=B_SPLINE_CURVE_WITH_KNOTS('',3,(#4572,#4573,#4574,#4575,#4576,#4577,
#4578),.UNSPECIFIED.,.F.,.F.,(4,3,4),(-0.0086038221576058,-0.0043019110788029,
0.),.UNSPECIFIED.);
#150=B_SPLINE_CURVE_WITH_KNOTS('',3,(#4580,#4581,#4582,#4583,#4584,#4585,
#4586),.UNSPECIFIED.,.F.,.F.,(4,3,4),(-0.0106149980662131,-0.00530749903310654,
0.),.UNSPECIFIED.);
#151=B_SPLINE_CURVE_WITH_KNOTS('',3,(#4588,#4589,#4590,#4591,#4592,#4593,
#4594),.UNSPECIFIED.,.F.,.F.,(4,3,4),(-0.0206269613016552,-0.0103134806508276,
0.),.UNSPECIFIED.);
#152=B_SPLINE_CURVE_WITH_KNOTS('',3,(#4600,#4601,#4602,#4603,#4604,#4605,
#4606),.UNSPECIFIED.,.F.,.F.,(4,3,4),(-0.00451609568335333,-0.00225804784167667,
0.),.UNSPECIFIED.);
#153=B_SPLINE_CURVE_WITH_KNOTS('',3,(#4607,#4608,#4609,#4610,#4611,#4612,
#4613),.UNSPECIFIED.,.F.,.F.,(4,3,4),(-0.0163038472331113,-0.00815192361655563,
0.),.UNSPECIFIED.);
#154=B_SPLINE_CURVE_WITH_KNOTS('',2,(#4624,#4625,#4626,#4627),
 .UNSPECIFIED.,.F.,.F.,(3,1,3),(0.,1.,2.),.UNSPECIFIED.);
#155=B_SPLINE_CURVE_WITH_KNOTS('',2,(#4647,#4648,#4649,#4650),
 .UNSPECIFIED.,.F.,.F.,(3,1,3),(0.,1.,2.),.UNSPECIFIED.);
#156=B_SPLINE_CURVE_WITH_KNOTS('',2,(#4661,#4662,#4663,#4664),
 .UNSPECIFIED.,.F.,.F.,(3,1,3),(0.,1.,2.),.UNSPECIFIED.);
#157=B_SPLINE_CURVE_WITH_KNOTS('',2,(#4675,#4676,#4677,#4678),
 .UNSPECIFIED.,.F.,.F.,(3,1,3),(0.,1.,2.),.UNSPECIFIED.);
#158=B_SPLINE_CURVE_WITH_KNOTS('',2,(#4689,#4690,#4691,#4692),
 .UNSPECIFIED.,.F.,.F.,(3,1,3),(0.,1.,2.),.UNSPECIFIED.);
#159=B_SPLINE_CURVE_WITH_KNOTS('',2,(#4703,#4704,#4705,#4706),
 .UNSPECIFIED.,.F.,.F.,(3,1,3),(0.,1.,2.),.UNSPECIFIED.);
#160=B_SPLINE_CURVE_WITH_KNOTS('',2,(#4729,#4730,#4731,#4732),
 .UNSPECIFIED.,.F.,.F.,(3,1,3),(0.,1.,2.),.UNSPECIFIED.);
#161=B_SPLINE_CURVE_WITH_KNOTS('',2,(#4743,#4744,#4745,#4746),
 .UNSPECIFIED.,.F.,.F.,(3,1,3),(0.,1.,2.),.UNSPECIFIED.);
#162=B_SPLINE_CURVE_WITH_KNOTS('',2,(#4757,#4758,#4759,#4760),
 .UNSPECIFIED.,.F.,.F.,(3,1,3),(0.,1.,2.),.UNSPECIFIED.);
#163=B_SPLINE_CURVE_WITH_KNOTS('',2,(#4771,#4772,#4773,#4774),
 .UNSPECIFIED.,.F.,.F.,(3,1,3),(0.,1.,2.),.UNSPECIFIED.);
#164=B_SPLINE_CURVE_WITH_KNOTS('',2,(#4785,#4786,#4787,#4788),
 .UNSPECIFIED.,.F.,.F.,(3,1,3),(0.,1.,2.),.UNSPECIFIED.);
#165=B_SPLINE_CURVE_WITH_KNOTS('',2,(#4799,#4800,#4801,#4802),
 .UNSPECIFIED.,.F.,.F.,(3,1,3),(0.,1.,2.),.UNSPECIFIED.);
#166=B_SPLINE_CURVE_WITH_KNOTS('',2,(#4813,#4814,#4815,#4816),
 .UNSPECIFIED.,.F.,.F.,(3,1,3),(0.,1.,2.),.UNSPECIFIED.);
#167=B_SPLINE_CURVE_WITH_KNOTS('',2,(#4831,#4832,#4833,#4834),
 .UNSPECIFIED.,.F.,.F.,(3,1,3),(0.,1.,2.),.UNSPECIFIED.);
#168=B_SPLINE_CURVE_WITH_KNOTS('',2,(#4845,#4846,#4847,#4848),
 .UNSPECIFIED.,.F.,.F.,(3,1,3),(0.,1.,2.),.UNSPECIFIED.);
#169=B_SPLINE_CURVE_WITH_KNOTS('',2,(#4859,#4860,#4861,#4862),
 .UNSPECIFIED.,.F.,.F.,(3,1,3),(0.,1.,2.),.UNSPECIFIED.);
#170=B_SPLINE_CURVE_WITH_KNOTS('',2,(#4873,#4874,#4875,#4876),
 .UNSPECIFIED.,.F.,.F.,(3,1,3),(0.,1.,2.),.UNSPECIFIED.);
#171=B_SPLINE_CURVE_WITH_KNOTS('',2,(#4895,#4896,#4897,#4898),
 .UNSPECIFIED.,.F.,.F.,(3,1,3),(0.,1.,2.),.UNSPECIFIED.);
#172=B_SPLINE_CURVE_WITH_KNOTS('',2,(#4908,#4909,#4910,#4911),
 .UNSPECIFIED.,.F.,.F.,(3,1,3),(0.,1.,2.),.UNSPECIFIED.);
#173=B_SPLINE_CURVE_WITH_KNOTS('',3,(#4944,#4945,#4946,#4947,#4948,#4949,
#4950),.UNSPECIFIED.,.F.,.F.,(4,3,4),(-0.0259158087728323,-0.0129579043864162,
0.),.UNSPECIFIED.);
#174=B_SPLINE_CURVE_WITH_KNOTS('',3,(#4952,#4953,#4954,#4955,#4956,#4957,
#4958),.UNSPECIFIED.,.F.,.F.,(4,3,4),(-0.00870047128114889,-0.00435023564057445,
0.),.UNSPECIFIED.);
#175=B_SPLINE_CURVE_WITH_KNOTS('',3,(#4960,#4961,#4962,#4963,#4964,#4965,
#4966),.UNSPECIFIED.,.F.,.F.,(4,3,4),(-0.0159522510166136,-0.00797612550830678,
0.),.UNSPECIFIED.);
#176=B_SPLINE_CURVE_WITH_KNOTS('',3,(#4968,#4969,#4970,#4971,#4972,#4973,
#4974),.UNSPECIFIED.,.F.,.F.,(4,3,4),(-0.01847481904012,-0.00923740952006001,
0.),.UNSPECIFIED.);
#177=B_SPLINE_CURVE_WITH_KNOTS('',3,(#4976,#4977,#4978,#4979,#4980,#4981,
#4982),.UNSPECIFIED.,.F.,.F.,(4,3,4),(-0.0216544976463535,-0.0108272488231768,
0.),.UNSPECIFIED.);
#178=B_SPLINE_CURVE_WITH_KNOTS('',3,(#4988,#4989,#4990,#4991,#4992,#4993,
#4994),.UNSPECIFIED.,.F.,.F.,(4,3,4),(-0.00448626933378384,-0.00224313466689192,
0.),.UNSPECIFIED.);
#179=B_SPLINE_CURVE_WITH_KNOTS('',3,(#4996,#4997,#4998,#4999,#5000,#5001,
#5002),.UNSPECIFIED.,.F.,.F.,(4,3,4),(-0.0134594391914628,-0.00672971959573139,
0.),.UNSPECIFIED.);
#180=B_SPLINE_CURVE_WITH_KNOTS('',3,(#5004,#5005,#5006,#5007,#5008,#5009,
#5010),.UNSPECIFIED.,.F.,.F.,(4,3,4),(-0.00880130471562095,-0.00440065235781048,
0.),.UNSPECIFIED.);
#181=B_SPLINE_CURVE_WITH_KNOTS('',3,(#5012,#5013,#5014,#5015,#5016,#5017,
#5018),.UNSPECIFIED.,.F.,.F.,(4,3,4),(-0.00458260612217374,-0.00229130306108687,
0.),.UNSPECIFIED.);
#182=B_SPLINE_CURVE_WITH_KNOTS('',3,(#5020,#5021,#5022,#5023,#5024,#5025,
#5026),.UNSPECIFIED.,.F.,.F.,(4,3,4),(-0.00996483629069221,-0.00498241814534611,
0.),.UNSPECIFIED.);
#183=B_SPLINE_CURVE_WITH_KNOTS('',3,(#5028,#5029,#5030,#5031,#5032,#5033,
#5034),.UNSPECIFIED.,.F.,.F.,(4,3,4),(-0.0266608869597708,-0.0133304434798854,
0.),.UNSPECIFIED.);
#184=B_SPLINE_CURVE_WITH_KNOTS('',2,(#5057,#5058,#5059,#5060),
 .UNSPECIFIED.,.F.,.F.,(3,1,3),(0.,1.,2.),.UNSPECIFIED.);
#185=B_SPLINE_CURVE_WITH_KNOTS('',2,(#5071,#5072,#5073,#5074),
 .UNSPECIFIED.,.F.,.F.,(3,1,3),(0.,1.,2.),.UNSPECIFIED.);
#186=B_SPLINE_CURVE_WITH_KNOTS('',2,(#5085,#5086,#5087,#5088),
 .UNSPECIFIED.,.F.,.F.,(3,1,3),(0.,1.,2.),.UNSPECIFIED.);
#187=B_SPLINE_CURVE_WITH_KNOTS('',2,(#5099,#5100,#5101,#5102),
 .UNSPECIFIED.,.F.,.F.,(3,1,3),(0.,1.,2.),.UNSPECIFIED.);
#188=B_SPLINE_CURVE_WITH_KNOTS('',2,(#5113,#5114,#5115,#5116),
 .UNSPECIFIED.,.F.,.F.,(3,1,3),(0.,1.,2.),.UNSPECIFIED.);
#189=B_SPLINE_CURVE_WITH_KNOTS('',2,(#5135,#5136,#5137,#5138),
 .UNSPECIFIED.,.F.,.F.,(3,1,3),(0.,1.,2.),.UNSPECIFIED.);
#190=B_SPLINE_CURVE_WITH_KNOTS('',2,(#5149,#5150,#5151,#5152),
 .UNSPECIFIED.,.F.,.F.,(3,1,3),(0.,1.,2.),.UNSPECIFIED.);
#191=B_SPLINE_CURVE_WITH_KNOTS('',2,(#5163,#5164,#5165,#5166),
 .UNSPECIFIED.,.F.,.F.,(3,1,3),(0.,1.,2.),.UNSPECIFIED.);
#192=B_SPLINE_CURVE_WITH_KNOTS('',2,(#5177,#5178,#5179,#5180),
 .UNSPECIFIED.,.F.,.F.,(3,1,3),(0.,1.,2.),.UNSPECIFIED.);
#193=B_SPLINE_CURVE_WITH_KNOTS('',2,(#5191,#5192,#5193,#5194),
 .UNSPECIFIED.,.F.,.F.,(3,1,3),(0.,1.,2.),.UNSPECIFIED.);
#194=B_SPLINE_CURVE_WITH_KNOTS('',2,(#5205,#5206,#5207,#5208),
 .UNSPECIFIED.,.F.,.F.,(3,1,3),(0.,1.,2.),.UNSPECIFIED.);
#195=B_SPLINE_CURVE_WITH_KNOTS('',2,(#5226,#5227,#5228,#5229),
 .UNSPECIFIED.,.F.,.F.,(3,1,3),(0.,1.,2.),.UNSPECIFIED.);
#196=B_SPLINE_CURVE_WITH_KNOTS('',3,(#5233,#5234,#5235,#5236,#5237,#5238,
#5239),.UNSPECIFIED.,.F.,.F.,(4,3,4),(-0.0124398963580211,-0.00621994817901056,
0.),.UNSPECIFIED.);
#197=B_SPLINE_CURVE_WITH_KNOTS('',2,(#5250,#5251,#5252,#5253),
 .UNSPECIFIED.,.F.,.F.,(3,1,3),(0.,1.,2.),.UNSPECIFIED.);
#198=B_SPLINE_CURVE_WITH_KNOTS('',3,(#5255,#5256,#5257,#5258,#5259,#5260,
#5261),.UNSPECIFIED.,.F.,.F.,(4,3,4),(-0.00870174537049092,-0.00435087268524546,
0.),.UNSPECIFIED.);
#199=B_SPLINE_CURVE_WITH_KNOTS('',2,(#5272,#5273,#5274,#5275),
 .UNSPECIFIED.,.F.,.F.,(3,1,3),(0.,1.,2.),.UNSPECIFIED.);
#200=B_SPLINE_CURVE_WITH_KNOTS('',3,(#5277,#5278,#5279,#5280,#5281,#5282,
#5283),.UNSPECIFIED.,.F.,.F.,(4,3,4),(-0.00986488181051293,-0.00493244090525647,
0.),.UNSPECIFIED.);
#201=B_SPLINE_CURVE_WITH_KNOTS('',2,(#5294,#5295,#5296,#5297),
 .UNSPECIFIED.,.F.,.F.,(3,1,3),(0.,1.,2.),.UNSPECIFIED.);
#202=B_SPLINE_CURVE_WITH_KNOTS('',3,(#5299,#5300,#5301,#5302,#5303,#5304,
#5305),.UNSPECIFIED.,.F.,.F.,(4,3,4),(-0.0377994233525546,-0.0188997116762773,
0.),.UNSPECIFIED.);
#203=B_SPLINE_CURVE_WITH_KNOTS('',2,(#5316,#5317,#5318,#5319),
 .UNSPECIFIED.,.F.,.F.,(3,1,3),(0.,1.,2.),.UNSPECIFIED.);
#204=B_SPLINE_CURVE_WITH_KNOTS('',3,(#5321,#5322,#5323,#5324,#5325,#5326,
#5327),.UNSPECIFIED.,.F.,.F.,(4,3,4),(-0.0145306663500098,-0.00726533317500492,
0.),.UNSPECIFIED.);
#205=B_SPLINE_CURVE_WITH_KNOTS('',2,(#5338,#5339,#5340,#5341),
 .UNSPECIFIED.,.F.,.F.,(3,1,3),(0.,1.,2.),.UNSPECIFIED.);
#206=B_SPLINE_CURVE_WITH_KNOTS('',3,(#5343,#5344,#5345,#5346,#5347,#5348,
#5349),.UNSPECIFIED.,.F.,.F.,(4,3,4),(-0.0156719455914728,-0.00783597279573641,
0.),.UNSPECIFIED.);
#207=B_SPLINE_CURVE_WITH_KNOTS('',2,(#5360,#5361,#5362,#5363),
 .UNSPECIFIED.,.F.,.F.,(3,1,3),(0.,1.,2.),.UNSPECIFIED.);
#208=B_SPLINE_CURVE_WITH_KNOTS('',3,(#5365,#5366,#5367,#5368,#5369,#5370,
#5371),.UNSPECIFIED.,.F.,.F.,(4,3,4),(-0.00773713369443316,-0.00386856684721658,
0.),.UNSPECIFIED.);
#209=B_SPLINE_CURVE_WITH_KNOTS('',2,(#5383,#5384,#5385,#5386),
 .UNSPECIFIED.,.F.,.F.,(3,1,3),(0.,1.,2.),.UNSPECIFIED.);
#210=B_SPLINE_CURVE_WITH_KNOTS('',3,(#5390,#5391,#5392,#5393,#5394,#5395,
#5396),.UNSPECIFIED.,.F.,.F.,(4,3,4),(-0.00776330832897035,-0.00388165416448517,
0.),.UNSPECIFIED.);
#211=B_SPLINE_CURVE_WITH_KNOTS('',2,(#5407,#5408,#5409,#5410),
 .UNSPECIFIED.,.F.,.F.,(3,1,3),(0.,1.,2.),.UNSPECIFIED.);
#212=B_SPLINE_CURVE_WITH_KNOTS('',3,(#5413,#5414,#5415,#5416,#5417,#5418,
#5419),.UNSPECIFIED.,.F.,.F.,(4,3,4),(-0.00244065037696767,-0.00122032518848383,
0.),.UNSPECIFIED.);
#213=B_SPLINE_CURVE_WITH_KNOTS('',2,(#5429,#5430,#5431,#5432),
 .UNSPECIFIED.,.F.,.F.,(3,1,3),(0.,1.,2.),.UNSPECIFIED.);
#214=B_SPLINE_CURVE_WITH_KNOTS('',3,(#5435,#5436,#5437,#5438,#5439,#5440,
#5441),.UNSPECIFIED.,.F.,.F.,(4,3,4),(-0.00600621471515573,-0.00300310735757786,
0.),.UNSPECIFIED.);
#215=B_SPLINE_CURVE_WITH_KNOTS('',2,(#5451,#5452,#5453,#5454),
 .UNSPECIFIED.,.F.,.F.,(3,1,3),(0.,1.,2.),.UNSPECIFIED.);
#216=B_SPLINE_CURVE_WITH_KNOTS('',3,(#5457,#5458,#5459,#5460,#5461,#5462,
#5463),.UNSPECIFIED.,.F.,.F.,(4,3,4),(-0.0182929732474843,-0.00914648662374216,
0.),.UNSPECIFIED.);
#217=B_SPLINE_CURVE_WITH_KNOTS('',2,(#5473,#5474,#5475,#5476),
 .UNSPECIFIED.,.F.,.F.,(3,1,3),(0.,1.,2.),.UNSPECIFIED.);
#218=B_SPLINE_CURVE_WITH_KNOTS('',3,(#5479,#5480,#5481,#5482,#5483,#5484,
#5485),.UNSPECIFIED.,.F.,.F.,(4,3,4),(-0.0218823685785672,-0.0109411842892836,
0.),.UNSPECIFIED.);
#219=B_SPLINE_CURVE_WITH_KNOTS('',2,(#5495,#5496,#5497,#5498),
 .UNSPECIFIED.,.F.,.F.,(3,1,3),(0.,1.,2.),.UNSPECIFIED.);
#220=B_SPLINE_CURVE_WITH_KNOTS('',3,(#5501,#5502,#5503,#5504,#5505,#5506,
#5507),.UNSPECIFIED.,.F.,.F.,(4,3,4),(-0.0203295722965397,-0.0101647861482699,
0.),.UNSPECIFIED.);
#221=B_SPLINE_CURVE_WITH_KNOTS('',2,(#5517,#5518,#5519,#5520),
 .UNSPECIFIED.,.F.,.F.,(3,1,3),(0.,1.,2.),.UNSPECIFIED.);
#222=B_SPLINE_CURVE_WITH_KNOTS('',3,(#5523,#5524,#5525,#5526,#5527,#5528,
#5529),.UNSPECIFIED.,.F.,.F.,(4,3,4),(-0.0163230954661002,-0.0081615477330501,
0.),.UNSPECIFIED.);
#223=B_SPLINE_CURVE_WITH_KNOTS('',2,(#5539,#5540,#5541,#5542),
 .UNSPECIFIED.,.F.,.F.,(3,1,3),(0.,1.,2.),.UNSPECIFIED.);
#224=B_SPLINE_CURVE_WITH_KNOTS('',3,(#5545,#5546,#5547,#5548,#5549,#5550,
#5551),.UNSPECIFIED.,.F.,.F.,(4,3,4),(-0.0126666049353254,-0.00633330246766269,
0.),.UNSPECIFIED.);
#225=B_SPLINE_CURVE_WITH_KNOTS('',2,(#5570,#5571,#5572,#5573),
 .UNSPECIFIED.,.F.,.F.,(3,1,3),(0.,1.,2.),.UNSPECIFIED.);
#226=B_SPLINE_CURVE_WITH_KNOTS('',3,(#5576,#5577,#5578,#5579,#5580,#5581,
#5582),.UNSPECIFIED.,.F.,.F.,(4,3,4),(-0.00376941235569971,-0.00188470617784985,
0.),.UNSPECIFIED.);
#227=B_SPLINE_CURVE_WITH_KNOTS('',2,(#5592,#5593,#5594,#5595),
 .UNSPECIFIED.,.F.,.F.,(3,1,3),(0.,1.,2.),.UNSPECIFIED.);
#228=B_SPLINE_CURVE_WITH_KNOTS('',3,(#5598,#5599,#5600,#5601,#5602,#5603,
#5604),.UNSPECIFIED.,.F.,.F.,(4,3,4),(-0.00611324480950193,-0.00305662240475097,
0.),.UNSPECIFIED.);
#229=B_SPLINE_CURVE_WITH_KNOTS('',2,(#5614,#5615,#5616,#5617),
 .UNSPECIFIED.,.F.,.F.,(3,1,3),(0.,1.,2.),.UNSPECIFIED.);
#230=B_SPLINE_CURVE_WITH_KNOTS('',3,(#5620,#5621,#5622,#5623,#5624,#5625,
#5626),.UNSPECIFIED.,.F.,.F.,(4,3,4),(-0.0216897394081322,-0.0108448697040661,
0.),.UNSPECIFIED.);
#231=B_SPLINE_CURVE_WITH_KNOTS('',2,(#5635,#5636,#5637,#5638),
 .UNSPECIFIED.,.F.,.F.,(3,1,3),(0.,1.,2.),.UNSPECIFIED.);
#232=B_SPLINE_CURVE_WITH_KNOTS('',3,(#5639,#5640,#5641,#5642,#5643,#5644,
#5645),.UNSPECIFIED.,.F.,.F.,(4,3,4),(-0.00391037748757752,-0.00195518874378876,
0.),.UNSPECIFIED.);
#233=B_SPLINE_CURVE_WITH_KNOTS('',2,(#5700,#5701,#5702,#5703),
 .UNSPECIFIED.,.F.,.F.,(3,1,3),(0.,1.,2.),.UNSPECIFIED.);
#234=B_SPLINE_CURVE_WITH_KNOTS('',3,(#5707,#5708,#5709,#5710,#5711,#5712,
#5713),.UNSPECIFIED.,.F.,.F.,(4,3,4),(-0.0105498225710746,-0.0052749112855373,
0.),.UNSPECIFIED.);
#235=B_SPLINE_CURVE_WITH_KNOTS('',2,(#5724,#5725,#5726,#5727),
 .UNSPECIFIED.,.F.,.F.,(3,1,3),(0.,1.,2.),.UNSPECIFIED.);
#236=B_SPLINE_CURVE_WITH_KNOTS('',3,(#5729,#5730,#5731,#5732,#5733,#5734,
#5735),.UNSPECIFIED.,.F.,.F.,(4,3,4),(-0.0131349425623104,-0.00656747128115519,
0.),.UNSPECIFIED.);
#237=B_SPLINE_CURVE_WITH_KNOTS('',2,(#5746,#5747,#5748,#5749),
 .UNSPECIFIED.,.F.,.F.,(3,1,3),(0.,1.,2.),.UNSPECIFIED.);
#238=B_SPLINE_CURVE_WITH_KNOTS('',3,(#5751,#5752,#5753,#5754,#5755,#5756,
#5757),.UNSPECIFIED.,.F.,.F.,(4,3,4),(-0.0193746668461065,-0.00968733342305323,
0.),.UNSPECIFIED.);
#239=B_SPLINE_CURVE_WITH_KNOTS('',2,(#5774,#5775,#5776,#5777),
 .UNSPECIFIED.,.F.,.F.,(3,1,3),(0.,1.,2.),.UNSPECIFIED.);
#240=B_SPLINE_CURVE_WITH_KNOTS('',3,(#5779,#5780,#5781,#5782,#5783,#5784,
#5785),.UNSPECIFIED.,.F.,.F.,(4,3,4),(-0.00817703511438558,-0.00408851755719279,
0.),.UNSPECIFIED.);
#241=B_SPLINE_CURVE_WITH_KNOTS('',2,(#5797,#5798,#5799,#5800),
 .UNSPECIFIED.,.F.,.F.,(3,1,3),(0.,1.,2.),.UNSPECIFIED.);
#242=B_SPLINE_CURVE_WITH_KNOTS('',3,(#5804,#5805,#5806,#5807,#5808,#5809,
#5810),.UNSPECIFIED.,.F.,.F.,(4,3,4),(-0.0108905512873636,-0.00544527564368182,
0.),.UNSPECIFIED.);
#243=B_SPLINE_CURVE_WITH_KNOTS('',2,(#5821,#5822,#5823,#5824),
 .UNSPECIFIED.,.F.,.F.,(3,1,3),(0.,1.,2.),.UNSPECIFIED.);
#244=B_SPLINE_CURVE_WITH_KNOTS('',3,(#5827,#5828,#5829,#5830,#5831,#5832,
#5833),.UNSPECIFIED.,.F.,.F.,(4,3,4),(-0.0128012387442677,-0.00640061937213387,
0.),.UNSPECIFIED.);
#245=B_SPLINE_CURVE_WITH_KNOTS('',2,(#5844,#5845,#5846,#5847),
 .UNSPECIFIED.,.F.,.F.,(3,1,3),(0.,1.,2.),.UNSPECIFIED.);
#246=B_SPLINE_CURVE_WITH_KNOTS('',3,(#5851,#5852,#5853,#5854,#5855,#5856,
#5857),.UNSPECIFIED.,.F.,.F.,(4,3,4),(-0.00432634284184774,-0.00216317142092387,
0.),.UNSPECIFIED.);
#247=B_SPLINE_CURVE_WITH_KNOTS('',2,(#5868,#5869,#5870,#5871),
 .UNSPECIFIED.,.F.,.F.,(3,1,3),(0.,1.,2.),.UNSPECIFIED.);
#248=B_SPLINE_CURVE_WITH_KNOTS('',3,(#5874,#5875,#5876,#5877,#5878,#5879,
#5880),.UNSPECIFIED.,.F.,.F.,(4,3,4),(-0.00639885264948485,-0.00319942632474242,
0.),.UNSPECIFIED.);
#249=B_SPLINE_CURVE_WITH_KNOTS('',2,(#5890,#5891,#5892,#5893),
 .UNSPECIFIED.,.F.,.F.,(3,1,3),(0.,1.,2.),.UNSPECIFIED.);
#250=B_SPLINE_CURVE_WITH_KNOTS('',3,(#5896,#5897,#5898,#5899,#5900,#5901,
#5902),.UNSPECIFIED.,.F.,.F.,(4,3,4),(-0.023583798933938,-0.011791899466969,
0.),.UNSPECIFIED.);
#251=B_SPLINE_CURVE_WITH_KNOTS('',2,(#5912,#5913,#5914,#5915),
 .UNSPECIFIED.,.F.,.F.,(3,1,3),(0.,1.,2.),.UNSPECIFIED.);
#252=B_SPLINE_CURVE_WITH_KNOTS('',3,(#5918,#5919,#5920,#5921,#5922,#5923,
#5924),.UNSPECIFIED.,.F.,.F.,(4,3,4),(-0.0108530390655964,-0.00542651953279821,
0.),.UNSPECIFIED.);
#253=B_SPLINE_CURVE_WITH_KNOTS('',2,(#5940,#5941,#5942,#5943),
 .UNSPECIFIED.,.F.,.F.,(3,1,3),(0.,1.,2.),.UNSPECIFIED.);
#254=B_SPLINE_CURVE_WITH_KNOTS('',3,(#5946,#5947,#5948,#5949,#5950,#5951,
#5952),.UNSPECIFIED.,.F.,.F.,(4,3,4),(-0.015953748660537,-0.00797687433026849,
0.),.UNSPECIFIED.);
#255=B_SPLINE_CURVE_WITH_KNOTS('',2,(#5962,#5963,#5964,#5965),
 .UNSPECIFIED.,.F.,.F.,(3,1,3),(0.,1.,2.),.UNSPECIFIED.);
#256=B_SPLINE_CURVE_WITH_KNOTS('',3,(#5968,#5969,#5970,#5971,#5972,#5973,
#5974),.UNSPECIFIED.,.F.,.F.,(4,3,4),(-0.014642175841876,-0.00732108792093799,
0.),.UNSPECIFIED.);
#257=B_SPLINE_CURVE_WITH_KNOTS('',2,(#5983,#5984,#5985,#5986),
 .UNSPECIFIED.,.F.,.F.,(3,1,3),(0.,1.,2.),.UNSPECIFIED.);
#258=B_SPLINE_CURVE_WITH_KNOTS('',3,(#5987,#5988,#5989,#5990,#5991,#5992,
#5993),.UNSPECIFIED.,.F.,.F.,(4,3,4),(-0.0233129822407912,-0.0116564911203956,
0.),.UNSPECIFIED.);
#259=B_SPLINE_CURVE_WITH_KNOTS('',2,(#6003,#6004,#6005,#6006),
 .UNSPECIFIED.,.F.,.F.,(3,1,3),(0.,1.,2.),.UNSPECIFIED.);
#260=B_SPLINE_CURVE_WITH_KNOTS('',3,(#6009,#6010,#6011,#6012,#6013,#6014,
#6015),.UNSPECIFIED.,.F.,.F.,(4,3,4),(-0.00481432820568547,-0.00240716410284273,
0.),.UNSPECIFIED.);
#261=B_SPLINE_CURVE_WITH_KNOTS('',2,(#6025,#6026,#6027,#6028),
 .UNSPECIFIED.,.F.,.F.,(3,1,3),(0.,1.,2.),.UNSPECIFIED.);
#262=B_SPLINE_CURVE_WITH_KNOTS('',3,(#6031,#6032,#6033,#6034,#6035,#6036,
#6037),.UNSPECIFIED.,.F.,.F.,(4,3,4),(-0.00869208915282971,-0.00434604457641486,
0.),.UNSPECIFIED.);
#263=B_SPLINE_CURVE_WITH_KNOTS('',2,(#6046,#6047,#6048,#6049),
 .UNSPECIFIED.,.F.,.F.,(3,1,3),(0.,1.,2.),.UNSPECIFIED.);
#264=B_SPLINE_CURVE_WITH_KNOTS('',3,(#6050,#6051,#6052,#6053,#6054,#6055,
#6056),.UNSPECIFIED.,.F.,.F.,(4,3,4),(-0.0104118675773298,-0.00520593378866491,
0.),.UNSPECIFIED.);
#265=B_SPLINE_CURVE_WITH_KNOTS('',2,(#6066,#6067,#6068,#6069),
 .UNSPECIFIED.,.F.,.F.,(3,1,3),(0.,1.,2.),.UNSPECIFIED.);
#266=B_SPLINE_CURVE_WITH_KNOTS('',3,(#6072,#6073,#6074,#6075,#6076,#6077,
#6078),.UNSPECIFIED.,.F.,.F.,(4,3,4),(-0.00701985837277955,-0.00350992918638977,
0.),.UNSPECIFIED.);
#267=B_SPLINE_CURVE_WITH_KNOTS('',2,(#6088,#6089,#6090,#6091),
 .UNSPECIFIED.,.F.,.F.,(3,1,3),(0.,1.,2.),.UNSPECIFIED.);
#268=B_SPLINE_CURVE_WITH_KNOTS('',3,(#6094,#6095,#6096,#6097,#6098,#6099,
#6100),.UNSPECIFIED.,.F.,.F.,(4,3,4),(-0.00827952228741341,-0.00413976114370671,
0.),.UNSPECIFIED.);
#269=B_SPLINE_CURVE_WITH_KNOTS('',2,(#6109,#6110,#6111,#6112),
 .UNSPECIFIED.,.F.,.F.,(3,1,3),(0.,1.,2.),.UNSPECIFIED.);
#270=B_SPLINE_CURVE_WITH_KNOTS('',3,(#6113,#6114,#6115,#6116,#6117,#6118,
#6119),.UNSPECIFIED.,.F.,.F.,(4,3,4),(-0.00670388016214842,-0.00335194008107421,
0.),.UNSPECIFIED.);
#271=FACE_OUTER_BOUND('',#462,.T.);
#272=FACE_OUTER_BOUND('',#463,.T.);
#273=FACE_OUTER_BOUND('',#464,.T.);
#274=FACE_OUTER_BOUND('',#465,.T.);
#275=FACE_OUTER_BOUND('',#466,.T.);
#276=FACE_OUTER_BOUND('',#467,.T.);
#277=FACE_OUTER_BOUND('',#468,.T.);
#278=FACE_OUTER_BOUND('',#469,.T.);
#279=FACE_OUTER_BOUND('',#470,.T.);
#280=FACE_OUTER_BOUND('',#471,.T.);
#281=FACE_OUTER_BOUND('',#472,.T.);
#282=FACE_OUTER_BOUND('',#473,.T.);
#283=FACE_OUTER_BOUND('',#474,.T.);
#284=FACE_OUTER_BOUND('',#475,.T.);
#285=FACE_OUTER_BOUND('',#476,.T.);
#286=FACE_OUTER_BOUND('',#477,.T.);
#287=FACE_OUTER_BOUND('',#478,.T.);
#288=FACE_OUTER_BOUND('',#479,.T.);
#289=FACE_OUTER_BOUND('',#480,.T.);
#290=FACE_OUTER_BOUND('',#481,.T.);
#291=FACE_OUTER_BOUND('',#482,.T.);
#292=FACE_OUTER_BOUND('',#483,.T.);
#293=FACE_OUTER_BOUND('',#484,.T.);
#294=FACE_OUTER_BOUND('',#485,.T.);
#295=FACE_OUTER_BOUND('',#486,.T.);
#296=FACE_OUTER_BOUND('',#487,.T.);
#297=FACE_OUTER_BOUND('',#488,.T.);
#298=FACE_OUTER_BOUND('',#489,.T.);
#299=FACE_OUTER_BOUND('',#490,.T.);
#300=FACE_OUTER_BOUND('',#491,.T.);
#301=FACE_OUTER_BOUND('',#492,.T.);
#302=FACE_OUTER_BOUND('',#493,.T.);
#303=FACE_OUTER_BOUND('',#494,.T.);
#304=FACE_OUTER_BOUND('',#495,.T.);
#305=FACE_OUTER_BOUND('',#496,.T.);
#306=FACE_OUTER_BOUND('',#497,.T.);
#307=FACE_OUTER_BOUND('',#498,.T.);
#308=FACE_OUTER_BOUND('',#499,.T.);
#309=FACE_OUTER_BOUND('',#500,.T.);
#310=FACE_OUTER_BOUND('',#501,.T.);
#311=FACE_OUTER_BOUND('',#502,.T.);
#312=FACE_OUTER_BOUND('',#503,.T.);
#313=FACE_OUTER_BOUND('',#504,.T.);
#314=FACE_OUTER_BOUND('',#505,.T.);
#315=FACE_OUTER_BOUND('',#506,.T.);
#316=FACE_OUTER_BOUND('',#507,.T.);
#317=FACE_OUTER_BOUND('',#508,.T.);
#318=FACE_OUTER_BOUND('',#509,.T.);
#319=FACE_OUTER_BOUND('',#510,.T.);
#320=FACE_OUTER_BOUND('',#511,.T.);
#321=FACE_OUTER_BOUND('',#512,.T.);
#322=FACE_OUTER_BOUND('',#513,.T.);
#323=FACE_OUTER_BOUND('',#514,.T.);
#324=FACE_OUTER_BOUND('',#515,.T.);
#325=FACE_OUTER_BOUND('',#516,.T.);
#326=FACE_OUTER_BOUND('',#517,.T.);
#327=FACE_OUTER_BOUND('',#518,.T.);
#328=FACE_OUTER_BOUND('',#519,.T.);
#329=FACE_OUTER_BOUND('',#520,.T.);
#330=FACE_OUTER_BOUND('',#521,.T.);
#331=FACE_OUTER_BOUND('',#522,.T.);
#332=FACE_OUTER_BOUND('',#523,.T.);
#333=FACE_OUTER_BOUND('',#524,.T.);
#334=FACE_OUTER_BOUND('',#525,.T.);
#335=FACE_OUTER_BOUND('',#526,.T.);
#336=FACE_OUTER_BOUND('',#527,.T.);
#337=FACE_OUTER_BOUND('',#528,.T.);
#338=FACE_OUTER_BOUND('',#529,.T.);
#339=FACE_OUTER_BOUND('',#530,.T.);
#340=FACE_OUTER_BOUND('',#531,.T.);
#341=FACE_OUTER_BOUND('',#532,.T.);
#342=FACE_OUTER_BOUND('',#533,.T.);
#343=FACE_OUTER_BOUND('',#534,.T.);
#344=FACE_OUTER_BOUND('',#535,.T.);
#345=FACE_OUTER_BOUND('',#536,.T.);
#346=FACE_OUTER_BOUND('',#537,.T.);
#347=FACE_OUTER_BOUND('',#538,.T.);
#348=FACE_OUTER_BOUND('',#539,.T.);
#349=FACE_OUTER_BOUND('',#540,.T.);
#350=FACE_OUTER_BOUND('',#541,.T.);
#351=FACE_OUTER_BOUND('',#542,.T.);
#352=FACE_OUTER_BOUND('',#543,.T.);
#353=FACE_OUTER_BOUND('',#544,.T.);
#354=FACE_OUTER_BOUND('',#545,.T.);
#355=FACE_OUTER_BOUND('',#547,.T.);
#356=FACE_OUTER_BOUND('',#548,.T.);
#357=FACE_OUTER_BOUND('',#549,.T.);
#358=FACE_OUTER_BOUND('',#550,.T.);
#359=FACE_OUTER_BOUND('',#551,.T.);
#360=FACE_OUTER_BOUND('',#552,.T.);
#361=FACE_OUTER_BOUND('',#553,.T.);
#362=FACE_OUTER_BOUND('',#554,.T.);
#363=FACE_OUTER_BOUND('',#555,.T.);
#364=FACE_OUTER_BOUND('',#556,.T.);
#365=FACE_OUTER_BOUND('',#557,.T.);
#366=FACE_OUTER_BOUND('',#558,.T.);
#367=FACE_OUTER_BOUND('',#559,.T.);
#368=FACE_OUTER_BOUND('',#560,.T.);
#369=FACE_OUTER_BOUND('',#561,.T.);
#370=FACE_OUTER_BOUND('',#562,.T.);
#371=FACE_OUTER_BOUND('',#563,.T.);
#372=FACE_OUTER_BOUND('',#564,.T.);
#373=FACE_OUTER_BOUND('',#565,.T.);
#374=FACE_OUTER_BOUND('',#566,.T.);
#375=FACE_OUTER_BOUND('',#567,.T.);
#376=FACE_OUTER_BOUND('',#568,.T.);
#377=FACE_OUTER_BOUND('',#569,.T.);
#378=FACE_OUTER_BOUND('',#570,.T.);
#379=FACE_OUTER_BOUND('',#571,.T.);
#380=FACE_OUTER_BOUND('',#572,.T.);
#381=FACE_OUTER_BOUND('',#573,.T.);
#382=FACE_OUTER_BOUND('',#574,.T.);
#383=FACE_OUTER_BOUND('',#575,.T.);
#384=FACE_OUTER_BOUND('',#576,.T.);
#385=FACE_OUTER_BOUND('',#579,.T.);
#386=FACE_OUTER_BOUND('',#580,.T.);
#387=FACE_OUTER_BOUND('',#581,.T.);
#388=FACE_OUTER_BOUND('',#582,.T.);
#389=FACE_OUTER_BOUND('',#583,.T.);
#390=FACE_OUTER_BOUND('',#584,.T.);
#391=FACE_OUTER_BOUND('',#585,.T.);
#392=FACE_OUTER_BOUND('',#586,.T.);
#393=FACE_OUTER_BOUND('',#587,.T.);
#394=FACE_OUTER_BOUND('',#588,.T.);
#395=FACE_OUTER_BOUND('',#589,.T.);
#396=FACE_OUTER_BOUND('',#590,.T.);
#397=FACE_OUTER_BOUND('',#591,.T.);
#398=FACE_OUTER_BOUND('',#592,.T.);
#399=FACE_OUTER_BOUND('',#593,.T.);
#400=FACE_OUTER_BOUND('',#594,.T.);
#401=FACE_OUTER_BOUND('',#595,.T.);
#402=FACE_OUTER_BOUND('',#596,.T.);
#403=FACE_OUTER_BOUND('',#597,.T.);
#404=FACE_OUTER_BOUND('',#598,.T.);
#405=FACE_OUTER_BOUND('',#599,.T.);
#406=FACE_OUTER_BOUND('',#600,.T.);
#407=FACE_OUTER_BOUND('',#601,.T.);
#408=FACE_OUTER_BOUND('',#602,.T.);
#409=FACE_OUTER_BOUND('',#603,.T.);
#410=FACE_OUTER_BOUND('',#604,.T.);
#411=FACE_OUTER_BOUND('',#605,.T.);
#412=FACE_OUTER_BOUND('',#606,.T.);
#413=FACE_OUTER_BOUND('',#607,.T.);
#414=FACE_OUTER_BOUND('',#608,.T.);
#415=FACE_OUTER_BOUND('',#609,.T.);
#416=FACE_OUTER_BOUND('',#610,.T.);
#417=FACE_OUTER_BOUND('',#611,.T.);
#418=FACE_OUTER_BOUND('',#612,.T.);
#419=FACE_OUTER_BOUND('',#613,.T.);
#420=FACE_OUTER_BOUND('',#614,.T.);
#421=FACE_OUTER_BOUND('',#615,.T.);
#422=FACE_OUTER_BOUND('',#616,.T.);
#423=FACE_OUTER_BOUND('',#617,.T.);
#424=FACE_OUTER_BOUND('',#618,.T.);
#425=FACE_OUTER_BOUND('',#619,.T.);
#426=FACE_OUTER_BOUND('',#620,.T.);
#427=FACE_OUTER_BOUND('',#621,.T.);
#428=FACE_OUTER_BOUND('',#622,.T.);
#429=FACE_OUTER_BOUND('',#623,.T.);
#430=FACE_OUTER_BOUND('',#624,.T.);
#431=FACE_OUTER_BOUND('',#625,.T.);
#432=FACE_OUTER_BOUND('',#626,.T.);
#433=FACE_OUTER_BOUND('',#627,.T.);
#434=FACE_OUTER_BOUND('',#628,.T.);
#435=FACE_OUTER_BOUND('',#629,.T.);
#436=FACE_OUTER_BOUND('',#630,.T.);
#437=FACE_OUTER_BOUND('',#631,.T.);
#438=FACE_OUTER_BOUND('',#632,.T.);
#439=FACE_OUTER_BOUND('',#633,.T.);
#440=FACE_OUTER_BOUND('',#634,.T.);
#441=FACE_OUTER_BOUND('',#635,.T.);
#442=FACE_OUTER_BOUND('',#636,.T.);
#443=FACE_OUTER_BOUND('',#637,.T.);
#444=FACE_OUTER_BOUND('',#638,.T.);
#445=FACE_OUTER_BOUND('',#639,.T.);
#446=FACE_OUTER_BOUND('',#640,.T.);
#447=FACE_OUTER_BOUND('',#641,.T.);
#448=FACE_OUTER_BOUND('',#642,.T.);
#449=FACE_OUTER_BOUND('',#652,.T.);
#450=FACE_OUTER_BOUND('',#653,.T.);
#451=FACE_OUTER_BOUND('',#654,.T.);
#452=FACE_OUTER_BOUND('',#655,.T.);
#453=FACE_OUTER_BOUND('',#656,.T.);
#454=FACE_OUTER_BOUND('',#657,.T.);
#455=FACE_OUTER_BOUND('',#658,.T.);
#456=FACE_OUTER_BOUND('',#659,.T.);
#457=FACE_OUTER_BOUND('',#660,.T.);
#458=FACE_OUTER_BOUND('',#661,.T.);
#459=FACE_OUTER_BOUND('',#662,.T.);
#460=FACE_OUTER_BOUND('',#663,.T.);
#461=FACE_OUTER_BOUND('',#664,.T.);
#462=EDGE_LOOP('',(#2202,#2203,#2204,#2205,#2206,#2207,#2208,#2209,#2210,
#2211));
#463=EDGE_LOOP('',(#2212,#2213,#2214,#2215));
#464=EDGE_LOOP('',(#2216,#2217,#2218,#2219));
#465=EDGE_LOOP('',(#2220,#2221,#2222,#2223));
#466=EDGE_LOOP('',(#2224,#2225,#2226,#2227));
#467=EDGE_LOOP('',(#2228,#2229,#2230,#2231));
#468=EDGE_LOOP('',(#2232,#2233,#2234,#2235));
#469=EDGE_LOOP('',(#2236,#2237,#2238,#2239));
#470=EDGE_LOOP('',(#2240,#2241,#2242,#2243));
#471=EDGE_LOOP('',(#2244,#2245,#2246,#2247));
#472=EDGE_LOOP('',(#2248,#2249,#2250,#2251));
#473=EDGE_LOOP('',(#2252,#2253,#2254,#2255,#2256,#2257,#2258,#2259,#2260,
#2261,#2262,#2263,#2264,#2265,#2266,#2267,#2268,#2269,#2270,#2271,#2272,
#2273,#2274,#2275,#2276,#2277,#2278));
#474=EDGE_LOOP('',(#2279,#2280,#2281,#2282));
#475=EDGE_LOOP('',(#2283,#2284,#2285,#2286));
#476=EDGE_LOOP('',(#2287,#2288,#2289,#2290));
#477=EDGE_LOOP('',(#2291,#2292,#2293,#2294));
#478=EDGE_LOOP('',(#2295,#2296,#2297,#2298));
#479=EDGE_LOOP('',(#2299,#2300,#2301,#2302));
#480=EDGE_LOOP('',(#2303,#2304,#2305,#2306));
#481=EDGE_LOOP('',(#2307,#2308,#2309,#2310));
#482=EDGE_LOOP('',(#2311,#2312,#2313,#2314));
#483=EDGE_LOOP('',(#2315,#2316,#2317,#2318));
#484=EDGE_LOOP('',(#2319,#2320,#2321,#2322));
#485=EDGE_LOOP('',(#2323,#2324,#2325,#2326));
#486=EDGE_LOOP('',(#2327,#2328,#2329,#2330));
#487=EDGE_LOOP('',(#2331,#2332,#2333,#2334));
#488=EDGE_LOOP('',(#2335,#2336,#2337,#2338));
#489=EDGE_LOOP('',(#2339,#2340,#2341,#2342));
#490=EDGE_LOOP('',(#2343,#2344,#2345,#2346));
#491=EDGE_LOOP('',(#2347,#2348,#2349,#2350));
#492=EDGE_LOOP('',(#2351,#2352,#2353,#2354));
#493=EDGE_LOOP('',(#2355,#2356,#2357,#2358));
#494=EDGE_LOOP('',(#2359,#2360,#2361,#2362));
#495=EDGE_LOOP('',(#2363,#2364,#2365,#2366));
#496=EDGE_LOOP('',(#2367,#2368,#2369,#2370));
#497=EDGE_LOOP('',(#2371,#2372,#2373,#2374));
#498=EDGE_LOOP('',(#2375,#2376,#2377,#2378));
#499=EDGE_LOOP('',(#2379,#2380,#2381,#2382));
#500=EDGE_LOOP('',(#2383,#2384,#2385,#2386));
#501=EDGE_LOOP('',(#2387,#2388,#2389,#2390));
#502=EDGE_LOOP('',(#2391,#2392,#2393,#2394));
#503=EDGE_LOOP('',(#2395,#2396,#2397,#2398));
#504=EDGE_LOOP('',(#2399,#2400,#2401,#2402));
#505=EDGE_LOOP('',(#2403,#2404,#2405,#2406));
#506=EDGE_LOOP('',(#2407,#2408,#2409,#2410,#2411,#2412,#2413,#2414,#2415,
#2416,#2417,#2418,#2419,#2420,#2421,#2422,#2423));
#507=EDGE_LOOP('',(#2424,#2425,#2426,#2427));
#508=EDGE_LOOP('',(#2428,#2429,#2430,#2431));
#509=EDGE_LOOP('',(#2432,#2433,#2434,#2435));
#510=EDGE_LOOP('',(#2436,#2437,#2438,#2439));
#511=EDGE_LOOP('',(#2440,#2441,#2442,#2443));
#512=EDGE_LOOP('',(#2444,#2445,#2446,#2447));
#513=EDGE_LOOP('',(#2448,#2449,#2450,#2451));
#514=EDGE_LOOP('',(#2452,#2453,#2454,#2455));
#515=EDGE_LOOP('',(#2456,#2457,#2458,#2459));
#516=EDGE_LOOP('',(#2460,#2461,#2462,#2463));
#517=EDGE_LOOP('',(#2464,#2465,#2466,#2467));
#518=EDGE_LOOP('',(#2468,#2469,#2470,#2471));
#519=EDGE_LOOP('',(#2472,#2473,#2474,#2475));
#520=EDGE_LOOP('',(#2476,#2477,#2478,#2479));
#521=EDGE_LOOP('',(#2480,#2481,#2482,#2483));
#522=EDGE_LOOP('',(#2484,#2485,#2486,#2487));
#523=EDGE_LOOP('',(#2488,#2489,#2490,#2491));
#524=EDGE_LOOP('',(#2492,#2493,#2494,#2495));
#525=EDGE_LOOP('',(#2496,#2497,#2498,#2499));
#526=EDGE_LOOP('',(#2500,#2501,#2502,#2503));
#527=EDGE_LOOP('',(#2504,#2505,#2506,#2507));
#528=EDGE_LOOP('',(#2508,#2509,#2510,#2511));
#529=EDGE_LOOP('',(#2512,#2513,#2514,#2515));
#530=EDGE_LOOP('',(#2516,#2517,#2518,#2519));
#531=EDGE_LOOP('',(#2520,#2521,#2522,#2523));
#532=EDGE_LOOP('',(#2524,#2525,#2526,#2527));
#533=EDGE_LOOP('',(#2528,#2529,#2530,#2531));
#534=EDGE_LOOP('',(#2532,#2533,#2534,#2535));
#535=EDGE_LOOP('',(#2536,#2537,#2538,#2539));
#536=EDGE_LOOP('',(#2540,#2541,#2542,#2543));
#537=EDGE_LOOP('',(#2544,#2545,#2546,#2547));
#538=EDGE_LOOP('',(#2548,#2549,#2550,#2551));
#539=EDGE_LOOP('',(#2552,#2553,#2554,#2555));
#540=EDGE_LOOP('',(#2556,#2557,#2558,#2559));
#541=EDGE_LOOP('',(#2560,#2561,#2562,#2563));
#542=EDGE_LOOP('',(#2564,#2565,#2566,#2567));
#543=EDGE_LOOP('',(#2568,#2569,#2570,#2571));
#544=EDGE_LOOP('',(#2572,#2573,#2574,#2575));
#545=EDGE_LOOP('',(#2576,#2577,#2578,#2579,#2580,#2581,#2582,#2583,#2584,
#2585,#2586,#2587,#2588,#2589));
#546=EDGE_LOOP('',(#2590,#2591,#2592,#2593,#2594,#2595,#2596));
#547=EDGE_LOOP('',(#2597,#2598,#2599,#2600,#2601,#2602,#2603));
#548=EDGE_LOOP('',(#2604,#2605,#2606,#2607));
#549=EDGE_LOOP('',(#2608,#2609,#2610,#2611));
#550=EDGE_LOOP('',(#2612,#2613,#2614,#2615));
#551=EDGE_LOOP('',(#2616,#2617,#2618,#2619));
#552=EDGE_LOOP('',(#2620,#2621,#2622,#2623));
#553=EDGE_LOOP('',(#2624,#2625,#2626,#2627));
#554=EDGE_LOOP('',(#2628,#2629,#2630,#2631));
#555=EDGE_LOOP('',(#2632,#2633,#2634,#2635));
#556=EDGE_LOOP('',(#2636,#2637,#2638,#2639));
#557=EDGE_LOOP('',(#2640,#2641,#2642,#2643));
#558=EDGE_LOOP('',(#2644,#2645,#2646,#2647));
#559=EDGE_LOOP('',(#2648,#2649,#2650,#2651));
#560=EDGE_LOOP('',(#2652,#2653,#2654,#2655));
#561=EDGE_LOOP('',(#2656,#2657,#2658,#2659));
#562=EDGE_LOOP('',(#2660,#2661,#2662,#2663));
#563=EDGE_LOOP('',(#2664,#2665,#2666,#2667));
#564=EDGE_LOOP('',(#2668,#2669,#2670,#2671));
#565=EDGE_LOOP('',(#2672,#2673,#2674,#2675));
#566=EDGE_LOOP('',(#2676,#2677,#2678,#2679));
#567=EDGE_LOOP('',(#2680,#2681,#2682,#2683));
#568=EDGE_LOOP('',(#2684,#2685,#2686,#2687));
#569=EDGE_LOOP('',(#2688,#2689,#2690,#2691));
#570=EDGE_LOOP('',(#2692,#2693,#2694,#2695));
#571=EDGE_LOOP('',(#2696,#2697,#2698,#2699));
#572=EDGE_LOOP('',(#2700,#2701,#2702,#2703));
#573=EDGE_LOOP('',(#2704,#2705,#2706,#2707));
#574=EDGE_LOOP('',(#2708,#2709,#2710,#2711));
#575=EDGE_LOOP('',(#2712,#2713,#2714,#2715));
#576=EDGE_LOOP('',(#2716,#2717,#2718,#2719,#2720,#2721,#2722,#2723,#2724,
#2725,#2726));
#577=EDGE_LOOP('',(#2727,#2728,#2729,#2730,#2731));
#578=EDGE_LOOP('',(#2732,#2733,#2734,#2735,#2736));
#579=EDGE_LOOP('',(#2737,#2738,#2739,#2740,#2741,#2742,#2743,#2744,#2745,
#2746,#2747,#2748));
#580=EDGE_LOOP('',(#2749,#2750,#2751,#2752));
#581=EDGE_LOOP('',(#2753,#2754,#2755,#2756));
#582=EDGE_LOOP('',(#2757,#2758,#2759,#2760));
#583=EDGE_LOOP('',(#2761,#2762,#2763,#2764));
#584=EDGE_LOOP('',(#2765,#2766,#2767,#2768));
#585=EDGE_LOOP('',(#2769,#2770,#2771,#2772));
#586=EDGE_LOOP('',(#2773,#2774,#2775,#2776));
#587=EDGE_LOOP('',(#2777,#2778,#2779,#2780));
#588=EDGE_LOOP('',(#2781,#2782,#2783,#2784));
#589=EDGE_LOOP('',(#2785,#2786,#2787,#2788));
#590=EDGE_LOOP('',(#2789,#2790,#2791,#2792));
#591=EDGE_LOOP('',(#2793,#2794,#2795,#2796));
#592=EDGE_LOOP('',(#2797,#2798,#2799,#2800));
#593=EDGE_LOOP('',(#2801,#2802,#2803,#2804));
#594=EDGE_LOOP('',(#2805,#2806,#2807,#2808));
#595=EDGE_LOOP('',(#2809,#2810,#2811,#2812));
#596=EDGE_LOOP('',(#2813,#2814,#2815,#2816));
#597=EDGE_LOOP('',(#2817,#2818,#2819,#2820));
#598=EDGE_LOOP('',(#2821,#2822,#2823,#2824));
#599=EDGE_LOOP('',(#2825,#2826,#2827,#2828));
#600=EDGE_LOOP('',(#2829,#2830,#2831,#2832));
#601=EDGE_LOOP('',(#2833,#2834,#2835,#2836));
#602=EDGE_LOOP('',(#2837,#2838,#2839,#2840));
#603=EDGE_LOOP('',(#2841,#2842,#2843,#2844));
#604=EDGE_LOOP('',(#2845,#2846,#2847,#2848,#2849,#2850,#2851,#2852,#2853,
#2854,#2855,#2856));
#605=EDGE_LOOP('',(#2857,#2858,#2859,#2860,#2861));
#606=EDGE_LOOP('',(#2862,#2863,#2864,#2865,#2866));
#607=EDGE_LOOP('',(#2867,#2868,#2869,#2870,#2871,#2872,#2873));
#608=EDGE_LOOP('',(#2874,#2875,#2876,#2877));
#609=EDGE_LOOP('',(#2878,#2879,#2880,#2881));
#610=EDGE_LOOP('',(#2882,#2883,#2884,#2885));
#611=EDGE_LOOP('',(#2886,#2887,#2888,#2889));
#612=EDGE_LOOP('',(#2890,#2891,#2892,#2893));
#613=EDGE_LOOP('',(#2894,#2895,#2896,#2897));
#614=EDGE_LOOP('',(#2898,#2899,#2900,#2901));
#615=EDGE_LOOP('',(#2902,#2903,#2904,#2905));
#616=EDGE_LOOP('',(#2906,#2907,#2908,#2909));
#617=EDGE_LOOP('',(#2910,#2911,#2912,#2913));
#618=EDGE_LOOP('',(#2914,#2915,#2916,#2917,#2918,#2919,#2920,#2921,#2922,
#2923));
#619=EDGE_LOOP('',(#2924,#2925,#2926,#2927,#2928,#2929,#2930,#2931,#2932,
#2933,#2934,#2935,#2936));
#620=EDGE_LOOP('',(#2937,#2938,#2939,#2940));
#621=EDGE_LOOP('',(#2941,#2942,#2943,#2944));
#622=EDGE_LOOP('',(#2945,#2946,#2947,#2948));
#623=EDGE_LOOP('',(#2949,#2950,#2951,#2952));
#624=EDGE_LOOP('',(#2953,#2954,#2955,#2956));
#625=EDGE_LOOP('',(#2957,#2958,#2959,#2960));
#626=EDGE_LOOP('',(#2961,#2962,#2963,#2964));
#627=EDGE_LOOP('',(#2965,#2966,#2967,#2968));
#628=EDGE_LOOP('',(#2969,#2970,#2971,#2972,#2973,#2974,#2975,#2976,#2977,
#2978,#2979));
#629=EDGE_LOOP('',(#2980,#2981,#2982,#2983));
#630=EDGE_LOOP('',(#2984,#2985,#2986,#2987));
#631=EDGE_LOOP('',(#2988,#2989,#2990,#2991));
#632=EDGE_LOOP('',(#2992,#2993,#2994));
#633=EDGE_LOOP('',(#2995,#2996,#2997,#2998));
#634=EDGE_LOOP('',(#2999,#3000,#3001));
#635=EDGE_LOOP('',(#3002,#3003,#3004,#3005));
#636=EDGE_LOOP('',(#3006,#3007,#3008));
#637=EDGE_LOOP('',(#3009,#3010,#3011));
#638=EDGE_LOOP('',(#3012,#3013,#3014,#3015));
#639=EDGE_LOOP('',(#3016,#3017,#3018,#3019));
#640=EDGE_LOOP('',(#3020,#3021,#3022,#3023));
#641=EDGE_LOOP('',(#3024,#3025,#3026,#3027));
#642=EDGE_LOOP('',(#3028,#3029,#3030,#3031));
#643=EDGE_LOOP('',(#3032,#3033,#3034,#3035,#3036,#3037,#3038,#3039,#3040,
#3041));
#644=EDGE_LOOP('',(#3042,#3043,#3044,#3045,#3046,#3047,#3048,#3049,#3050,
#3051,#3052,#3053,#3054,#3055,#3056,#3057,#3058,#3059,#3060,#3061,#3062,
#3063,#3064,#3065,#3066,#3067,#3068));
#645=EDGE_LOOP('',(#3069,#3070,#3071,#3072));
#646=EDGE_LOOP('',(#3073,#3074,#3075,#3076,#3077,#3078,#3079,#3080,#3081,
#3082,#3083,#3084,#3085,#3086,#3087,#3088,#3089));
#647=EDGE_LOOP('',(#3090,#3091,#3092,#3093,#3094,#3095,#3096,#3097,#3098,
#3099,#3100,#3101,#3102,#3103));
#648=EDGE_LOOP('',(#3104,#3105,#3106,#3107,#3108,#3109,#3110));
#649=EDGE_LOOP('',(#3111,#3112,#3113,#3114,#3115,#3116,#3117,#3118,#3119,
#3120,#3121));
#650=EDGE_LOOP('',(#3122,#3123,#3124,#3125,#3126,#3127,#3128,#3129,#3130,
#3131,#3132,#3133));
#651=EDGE_LOOP('',(#3134,#3135,#3136,#3137,#3138,#3139,#3140,#3141,#3142,
#3143,#3144,#3145));
#652=EDGE_LOOP('',(#3146,#3147,#3148,#3149));
#653=EDGE_LOOP('',(#3150,#3151,#3152,#3153));
#654=EDGE_LOOP('',(#3154,#3155,#3156,#3157));
#655=EDGE_LOOP('',(#3158,#3159,#3160,#3161));
#656=EDGE_LOOP('',(#3162,#3163,#3164,#3165,#3166,#3167));
#657=EDGE_LOOP('',(#3168,#3169,#3170,#3171));
#658=EDGE_LOOP('',(#3172,#3173,#3174,#3175,#3176,#3177));
#659=EDGE_LOOP('',(#3178,#3179,#3180,#3181));
#660=EDGE_LOOP('',(#3182,#3183,#3184,#3185,#3186,#3187));
#661=EDGE_LOOP('',(#3188,#3189,#3190,#3191));
#662=EDGE_LOOP('',(#3192,#3193,#3194,#3195,#3196,#3197));
#663=EDGE_LOOP('',(#3198,#3199,#3200,#3201));
#664=EDGE_LOOP('',(#3202,#3203,#3204,#3205,#3206,#3207,#3208,#3209));
#665=EDGE_LOOP('',(#3210,#3211,#3212,#3213,#3214,#3215,#3216,#3217));
#666=LINE('',#4387,#1014);
#667=LINE('',#4389,#1015);
#668=LINE('',#4391,#1016);
#669=LINE('',#4393,#1017);
#670=LINE('',#4395,#1018);
#671=LINE('',#4397,#1019);
#672=LINE('',#4399,#1020);
#673=LINE('',#4401,#1021);
#674=LINE('',#4403,#1022);
#675=LINE('',#4404,#1023);
#676=LINE('',#4408,#1024);
#677=LINE('',#4409,#1025);
#678=LINE('',#4410,#1026);
#679=LINE('',#4413,#1027);
#680=LINE('',#4414,#1028);
#681=LINE('',#4417,#1029);
#682=LINE('',#4418,#1030);
#683=LINE('',#4421,#1031);
#684=LINE('',#4422,#1032);
#685=LINE('',#4425,#1033);
#686=LINE('',#4426,#1034);
#687=LINE('',#4429,#1035);
#688=LINE('',#4430,#1036);
#689=LINE('',#4433,#1037);
#690=LINE('',#4434,#1038);
#691=LINE('',#4437,#1039);
#692=LINE('',#4438,#1040);
#693=LINE('',#4441,#1041);
#694=LINE('',#4442,#1042);
#695=LINE('',#4444,#1043);
#696=LINE('',#4472,#1044);
#697=LINE('',#4474,#1045);
#698=LINE('',#4476,#1046);
#699=LINE('',#4518,#1047);
#700=LINE('',#4520,#1048);
#701=LINE('',#4562,#1049);
#702=LINE('',#4596,#1050);
#703=LINE('',#4598,#1051);
#704=LINE('',#4628,#1052);
#705=LINE('',#4629,#1053);
#706=LINE('',#4632,#1054);
#707=LINE('',#4633,#1055);
#708=LINE('',#4636,#1056);
#709=LINE('',#4637,#1057);
#710=LINE('',#4651,#1058);
#711=LINE('',#4665,#1059);
#712=LINE('',#4679,#1060);
#713=LINE('',#4693,#1061);
#714=LINE('',#4707,#1062);
#715=LINE('',#4710,#1063);
#716=LINE('',#4711,#1064);
#717=LINE('',#4714,#1065);
#718=LINE('',#4715,#1066);
#719=LINE('',#4718,#1067);
#720=LINE('',#4719,#1068);
#721=LINE('',#4733,#1069);
#722=LINE('',#4747,#1070);
#723=LINE('',#4761,#1071);
#724=LINE('',#4775,#1072);
#725=LINE('',#4789,#1073);
#726=LINE('',#4803,#1074);
#727=LINE('',#4817,#1075);
#728=LINE('',#4820,#1076);
#729=LINE('',#4821,#1077);
#730=LINE('',#4835,#1078);
#731=LINE('',#4849,#1079);
#732=LINE('',#4863,#1080);
#733=LINE('',#4877,#1081);
#734=LINE('',#4880,#1082);
#735=LINE('',#4881,#1083);
#736=LINE('',#4884,#1084);
#737=LINE('',#4885,#1085);
#738=LINE('',#4899,#1086);
#739=LINE('',#4915,#1087);
#740=LINE('',#4917,#1088);
#741=LINE('',#4919,#1089);
#742=LINE('',#4920,#1090);
#743=LINE('',#4923,#1091);
#744=LINE('',#4925,#1092);
#745=LINE('',#4926,#1093);
#746=LINE('',#4929,#1094);
#747=LINE('',#4931,#1095);
#748=LINE('',#4932,#1096);
#749=LINE('',#4934,#1097);
#750=LINE('',#4935,#1098);
#751=LINE('',#4940,#1099);
#752=LINE('',#4942,#1100);
#753=LINE('',#4984,#1101);
#754=LINE('',#4986,#1102);
#755=LINE('',#5036,#1103);
#756=LINE('',#5037,#1104);
#757=LINE('',#5041,#1105);
#758=LINE('',#5042,#1106);
#759=LINE('',#5043,#1107);
#760=LINE('',#5046,#1108);
#761=LINE('',#5047,#1109);
#762=LINE('',#5061,#1110);
#763=LINE('',#5075,#1111);
#764=LINE('',#5089,#1112);
#765=LINE('',#5103,#1113);
#766=LINE('',#5117,#1114);
#767=LINE('',#5120,#1115);
#768=LINE('',#5121,#1116);
#769=LINE('',#5124,#1117);
#770=LINE('',#5125,#1118);
#771=LINE('',#5139,#1119);
#772=LINE('',#5153,#1120);
#773=LINE('',#5167,#1121);
#774=LINE('',#5181,#1122);
#775=LINE('',#5195,#1123);
#776=LINE('',#5209,#1124);
#777=LINE('',#5212,#1125);
#778=LINE('',#5213,#1126);
#779=LINE('',#5215,#1127);
#780=LINE('',#5231,#1128);
#781=LINE('',#5240,#1129);
#782=LINE('',#5262,#1130);
#783=LINE('',#5284,#1131);
#784=LINE('',#5306,#1132);
#785=LINE('',#5328,#1133);
#786=LINE('',#5350,#1134);
#787=LINE('',#5372,#1135);
#788=LINE('',#5388,#1136);
#789=LINE('',#5397,#1137);
#790=LINE('',#5412,#1138);
#791=LINE('',#5434,#1139);
#792=LINE('',#5456,#1140);
#793=LINE('',#5478,#1141);
#794=LINE('',#5500,#1142);
#795=LINE('',#5522,#1143);
#796=LINE('',#5544,#1144);
#797=LINE('',#5554,#1145);
#798=LINE('',#5556,#1146);
#799=LINE('',#5557,#1147);
#800=LINE('',#5559,#1148);
#801=LINE('',#5560,#1149);
#802=LINE('',#5575,#1150);
#803=LINE('',#5597,#1151);
#804=LINE('',#5619,#1152);
#805=LINE('',#5650,#1153);
#806=LINE('',#5652,#1154);
#807=LINE('',#5654,#1155);
#808=LINE('',#5656,#1156);
#809=LINE('',#5658,#1157);
#810=LINE('',#5660,#1158);
#811=LINE('',#5661,#1159);
#812=LINE('',#5665,#1160);
#813=LINE('',#5666,#1161);
#814=LINE('',#5667,#1162);
#815=LINE('',#5670,#1163);
#816=LINE('',#5671,#1164);
#817=LINE('',#5674,#1165);
#818=LINE('',#5675,#1166);
#819=LINE('',#5678,#1167);
#820=LINE('',#5679,#1168);
#821=LINE('',#5682,#1169);
#822=LINE('',#5683,#1170);
#823=LINE('',#5686,#1171);
#824=LINE('',#5687,#1172);
#825=LINE('',#5689,#1173);
#826=LINE('',#5705,#1174);
#827=LINE('',#5714,#1175);
#828=LINE('',#5736,#1176);
#829=LINE('',#5758,#1177);
#830=LINE('',#5761,#1178);
#831=LINE('',#5763,#1179);
#832=LINE('',#5764,#1180);
#833=LINE('',#5786,#1181);
#834=LINE('',#5802,#1182);
#835=LINE('',#5811,#1183);
#836=LINE('',#5826,#1184);
#837=LINE('',#5849,#1185);
#838=LINE('',#5858,#1186);
#839=LINE('',#5873,#1187);
#840=LINE('',#5895,#1188);
#841=LINE('',#5917,#1189);
#842=LINE('',#5927,#1190);
#843=LINE('',#5929,#1191);
#844=LINE('',#5930,#1192);
#845=LINE('',#5945,#1193);
#846=LINE('',#5967,#1194);
#847=LINE('',#6008,#1195);
#848=LINE('',#6030,#1196);
#849=LINE('',#6071,#1197);
#850=LINE('',#6093,#1198);
#851=LINE('',#6124,#1199);
#852=LINE('',#6126,#1200);
#853=LINE('',#6128,#1201);
#854=LINE('',#6130,#1202);
#855=LINE('',#6132,#1203);
#856=LINE('',#6134,#1204);
#857=LINE('',#6136,#1205);
#858=LINE('',#6138,#1206);
#859=LINE('',#6140,#1207);
#860=LINE('',#6142,#1208);
#861=LINE('',#6144,#1209);
#862=LINE('',#6145,#1210);
#863=LINE('',#6149,#1211);
#864=LINE('',#6150,#1212);
#865=LINE('',#6151,#1213);
#866=LINE('',#6154,#1214);
#867=LINE('',#6155,#1215);
#868=LINE('',#6158,#1216);
#869=LINE('',#6159,#1217);
#870=LINE('',#6162,#1218);
#871=LINE('',#6163,#1219);
#872=LINE('',#6166,#1220);
#873=LINE('',#6167,#1221);
#874=LINE('',#6170,#1222);
#875=LINE('',#6171,#1223);
#876=LINE('',#6174,#1224);
#877=LINE('',#6175,#1225);
#878=LINE('',#6178,#1226);
#879=LINE('',#6179,#1227);
#880=LINE('',#6182,#1228);
#881=LINE('',#6183,#1229);
#882=LINE('',#6186,#1230);
#883=LINE('',#6187,#1231);
#884=LINE('',#6190,#1232);
#885=LINE('',#6191,#1233);
#886=LINE('',#6193,#1234);
#887=LINE('',#6197,#1235);
#888=LINE('',#6199,#1236);
#889=LINE('',#6201,#1237);
#890=LINE('',#6202,#1238);
#891=LINE('',#6205,#1239);
#892=LINE('',#6207,#1240);
#893=LINE('',#6208,#1241);
#894=LINE('',#6211,#1242);
#895=LINE('',#6213,#1243);
#896=LINE('',#6214,#1244);
#897=LINE('',#6217,#1245);
#898=LINE('',#6219,#1246);
#899=LINE('',#6220,#1247);
#900=LINE('',#6223,#1248);
#901=LINE('',#6225,#1249);
#902=LINE('',#6226,#1250);
#903=LINE('',#6229,#1251);
#904=LINE('',#6231,#1252);
#905=LINE('',#6232,#1253);
#906=LINE('',#6235,#1254);
#907=LINE('',#6237,#1255);
#908=LINE('',#6238,#1256);
#909=LINE('',#6241,#1257);
#910=LINE('',#6243,#1258);
#911=LINE('',#6244,#1259);
#912=LINE('',#6247,#1260);
#913=LINE('',#6249,#1261);
#914=LINE('',#6250,#1262);
#915=LINE('',#6253,#1263);
#916=LINE('',#6255,#1264);
#917=LINE('',#6256,#1265);
#918=LINE('',#6259,#1266);
#919=LINE('',#6261,#1267);
#920=LINE('',#6262,#1268);
#921=LINE('',#6264,#1269);
#922=LINE('',#6265,#1270);
#923=LINE('',#6273,#1271);
#924=LINE('',#6275,#1272);
#925=LINE('',#6277,#1273);
#926=LINE('',#6278,#1274);
#927=LINE('',#6281,#1275);
#928=LINE('',#6283,#1276);
#929=LINE('',#6284,#1277);
#930=LINE('',#6288,#1278);
#931=LINE('',#6290,#1279);
#932=LINE('',#6292,#1280);
#933=LINE('',#6293,#1281);
#934=LINE('',#6296,#1282);
#935=LINE('',#6298,#1283);
#936=LINE('',#6299,#1284);
#937=LINE('',#6302,#1285);
#938=LINE('',#6304,#1286);
#939=LINE('',#6305,#1287);
#940=LINE('',#6309,#1288);
#941=LINE('',#6311,#1289);
#942=LINE('',#6313,#1290);
#943=LINE('',#6314,#1291);
#944=LINE('',#6317,#1292);
#945=LINE('',#6319,#1293);
#946=LINE('',#6320,#1294);
#947=LINE('',#6323,#1295);
#948=LINE('',#6325,#1296);
#949=LINE('',#6326,#1297);
#950=LINE('',#6330,#1298);
#951=LINE('',#6332,#1299);
#952=LINE('',#6334,#1300);
#953=LINE('',#6335,#1301);
#954=LINE('',#6337,#1302);
#955=LINE('',#6338,#1303);
#956=LINE('',#6344,#1304);
#957=LINE('',#6345,#1305);
#958=LINE('',#6347,#1306);
#959=LINE('',#6349,#1307);
#960=LINE('',#6351,#1308);
#961=LINE('',#6352,#1309);
#962=LINE('',#6354,#1310);
#963=LINE('',#6357,#1311);
#964=LINE('',#6358,#1312);
#965=LINE('',#6361,#1313);
#966=LINE('',#6362,#1314);
#967=LINE('',#6365,#1315);
#968=LINE('',#6366,#1316);
#969=LINE('',#6370,#1317);
#970=LINE('',#6372,#1318);
#971=LINE('',#6374,#1319);
#972=LINE('',#6375,#1320);
#973=LINE('',#6378,#1321);
#974=LINE('',#6380,#1322);
#975=LINE('',#6381,#1323);
#976=LINE('',#6384,#1324);
#977=LINE('',#6386,#1325);
#978=LINE('',#6387,#1326);
#979=LINE('',#6390,#1327);
#980=LINE('',#6391,#1328);
#981=LINE('',#6396,#1329);
#982=LINE('',#6402,#1330);
#983=LINE('',#6405,#1331);
#984=LINE('',#6410,#1332);
#985=LINE('',#6413,#1333);
#986=LINE('',#6420,#1334);
#987=LINE('',#6423,#1335);
#988=LINE('',#6430,#1336);
#989=LINE('',#6432,#1337);
#990=LINE('',#6439,#1338);
#991=LINE('',#6442,#1339);
#992=LINE('',#6445,#1340);
#993=LINE('',#6446,#1341);
#994=LINE('',#6449,#1342);
#995=LINE('',#6453,#1343);
#996=LINE('',#6454,#1344);
#997=LINE('',#6458,#1345);
#998=LINE('',#6462,#1346);
#999=LINE('',#6463,#1347);
#1000=LINE('',#6466,#1348);
#1001=LINE('',#6469,#1349);
#1002=LINE('',#6472,#1350);
#1003=LINE('',#6475,#1351);
#1004=LINE('',#6478,#1352);
#1005=LINE('',#6479,#1353);
#1006=LINE('',#6483,#1354);
#1007=LINE('',#6486,#1355);
#1008=LINE('',#6487,#1356);
#1009=LINE('',#6491,#1357);
#1010=LINE('',#6494,#1358);
#1011=LINE('',#6495,#1359);
#1012=LINE('',#6499,#1360);
#1013=LINE('',#6501,#1361);
#1014=VECTOR('',#3743,10.);
#1015=VECTOR('',#3744,10.);
#1016=VECTOR('',#3745,10.);
#1017=VECTOR('',#3746,10.);
#1018=VECTOR('',#3747,10.);
#1019=VECTOR('',#3748,10.);
#1020=VECTOR('',#3749,10.);
#1021=VECTOR('',#3750,10.);
#1022=VECTOR('',#3751,10.);
#1023=VECTOR('',#3752,10.);
#1024=VECTOR('',#3755,10.);
#1025=VECTOR('',#3756,10.);
#1026=VECTOR('',#3757,10.);
#1027=VECTOR('',#3760,10.);
#1028=VECTOR('',#3761,10.);
#1029=VECTOR('',#3764,10.);
#1030=VECTOR('',#3765,10.);
#1031=VECTOR('',#3768,10.);
#1032=VECTOR('',#3769,10.);
#1033=VECTOR('',#3772,10.);
#1034=VECTOR('',#3773,10.);
#1035=VECTOR('',#3776,10.);
#1036=VECTOR('',#3777,10.);
#1037=VECTOR('',#3780,10.);
#1038=VECTOR('',#3781,10.);
#1039=VECTOR('',#3784,10.);
#1040=VECTOR('',#3785,10.);
#1041=VECTOR('',#3788,10.);
#1042=VECTOR('',#3789,10.);
#1043=VECTOR('',#3792,10.);
#1044=VECTOR('',#3795,10.);
#1045=VECTOR('',#3796,10.);
#1046=VECTOR('',#3797,10.);
#1047=VECTOR('',#3798,10.);
#1048=VECTOR('',#3799,10.);
#1049=VECTOR('',#3800,10.);
#1050=VECTOR('',#3801,10.);
#1051=VECTOR('',#3802,10.);
#1052=VECTOR('',#3803,10.);
#1053=VECTOR('',#3804,10.);
#1054=VECTOR('',#3807,10.);
#1055=VECTOR('',#3808,10.);
#1056=VECTOR('',#3811,10.);
#1057=VECTOR('',#3812,10.);
#1058=VECTOR('',#3813,10.);
#1059=VECTOR('',#3814,10.);
#1060=VECTOR('',#3815,10.);
#1061=VECTOR('',#3816,10.);
#1062=VECTOR('',#3817,10.);
#1063=VECTOR('',#3820,10.);
#1064=VECTOR('',#3821,10.);
#1065=VECTOR('',#3824,10.);
#1066=VECTOR('',#3825,10.);
#1067=VECTOR('',#3828,10.);
#1068=VECTOR('',#3829,10.);
#1069=VECTOR('',#3830,10.);
#1070=VECTOR('',#3831,10.);
#1071=VECTOR('',#3832,10.);
#1072=VECTOR('',#3833,10.);
#1073=VECTOR('',#3834,10.);
#1074=VECTOR('',#3835,10.);
#1075=VECTOR('',#3836,10.);
#1076=VECTOR('',#3839,10.);
#1077=VECTOR('',#3840,10.);
#1078=VECTOR('',#3841,10.);
#1079=VECTOR('',#3842,10.);
#1080=VECTOR('',#3843,10.);
#1081=VECTOR('',#3844,10.);
#1082=VECTOR('',#3847,10.);
#1083=VECTOR('',#3848,10.);
#1084=VECTOR('',#3851,10.);
#1085=VECTOR('',#3852,10.);
#1086=VECTOR('',#3853,10.);
#1087=VECTOR('',#3856,10.);
#1088=VECTOR('',#3857,10.);
#1089=VECTOR('',#3858,10.);
#1090=VECTOR('',#3859,10.);
#1091=VECTOR('',#3862,10.);
#1092=VECTOR('',#3863,10.);
#1093=VECTOR('',#3864,10.);
#1094=VECTOR('',#3867,10.);
#1095=VECTOR('',#3868,10.);
#1096=VECTOR('',#3869,10.);
#1097=VECTOR('',#3872,10.);
#1098=VECTOR('',#3873,10.);
#1099=VECTOR('',#3878,10.);
#1100=VECTOR('',#3879,10.);
#1101=VECTOR('',#3880,10.);
#1102=VECTOR('',#3881,10.);
#1103=VECTOR('',#3882,10.);
#1104=VECTOR('',#3883,10.);
#1105=VECTOR('',#3886,10.);
#1106=VECTOR('',#3887,10.);
#1107=VECTOR('',#3888,10.);
#1108=VECTOR('',#3891,10.);
#1109=VECTOR('',#3892,10.);
#1110=VECTOR('',#3893,10.);
#1111=VECTOR('',#3894,10.);
#1112=VECTOR('',#3895,10.);
#1113=VECTOR('',#3896,10.);
#1114=VECTOR('',#3897,10.);
#1115=VECTOR('',#3900,10.);
#1116=VECTOR('',#3901,10.);
#1117=VECTOR('',#3904,10.);
#1118=VECTOR('',#3905,10.);
#1119=VECTOR('',#3906,10.);
#1120=VECTOR('',#3907,10.);
#1121=VECTOR('',#3908,10.);
#1122=VECTOR('',#3909,10.);
#1123=VECTOR('',#3910,10.);
#1124=VECTOR('',#3911,10.);
#1125=VECTOR('',#3914,10.);
#1126=VECTOR('',#3915,10.);
#1127=VECTOR('',#3918,10.);
#1128=VECTOR('',#3919,10.);
#1129=VECTOR('',#3920,10.);
#1130=VECTOR('',#3921,10.);
#1131=VECTOR('',#3922,10.);
#1132=VECTOR('',#3923,10.);
#1133=VECTOR('',#3924,10.);
#1134=VECTOR('',#3925,10.);
#1135=VECTOR('',#3926,10.);
#1136=VECTOR('',#3927,10.);
#1137=VECTOR('',#3928,10.);
#1138=VECTOR('',#3929,10.);
#1139=VECTOR('',#3930,10.);
#1140=VECTOR('',#3931,10.);
#1141=VECTOR('',#3932,10.);
#1142=VECTOR('',#3933,10.);
#1143=VECTOR('',#3934,10.);
#1144=VECTOR('',#3935,10.);
#1145=VECTOR('',#3938,10.);
#1146=VECTOR('',#3939,10.);
#1147=VECTOR('',#3940,10.);
#1148=VECTOR('',#3943,10.);
#1149=VECTOR('',#3944,10.);
#1150=VECTOR('',#3945,10.);
#1151=VECTOR('',#3946,10.);
#1152=VECTOR('',#3947,10.);
#1153=VECTOR('',#3952,10.);
#1154=VECTOR('',#3953,10.);
#1155=VECTOR('',#3954,10.);
#1156=VECTOR('',#3955,10.);
#1157=VECTOR('',#3956,10.);
#1158=VECTOR('',#3957,10.);
#1159=VECTOR('',#3958,10.);
#1160=VECTOR('',#3961,10.);
#1161=VECTOR('',#3962,10.);
#1162=VECTOR('',#3963,10.);
#1163=VECTOR('',#3966,10.);
#1164=VECTOR('',#3967,10.);
#1165=VECTOR('',#3970,10.);
#1166=VECTOR('',#3971,10.);
#1167=VECTOR('',#3974,10.);
#1168=VECTOR('',#3975,10.);
#1169=VECTOR('',#3978,10.);
#1170=VECTOR('',#3979,10.);
#1171=VECTOR('',#3982,10.);
#1172=VECTOR('',#3983,10.);
#1173=VECTOR('',#3986,10.);
#1174=VECTOR('',#3987,10.);
#1175=VECTOR('',#3988,10.);
#1176=VECTOR('',#3989,10.);
#1177=VECTOR('',#3990,10.);
#1178=VECTOR('',#3993,10.);
#1179=VECTOR('',#3994,10.);
#1180=VECTOR('',#3995,10.);
#1181=VECTOR('',#3996,10.);
#1182=VECTOR('',#3997,10.);
#1183=VECTOR('',#3998,10.);
#1184=VECTOR('',#3999,10.);
#1185=VECTOR('',#4000,10.);
#1186=VECTOR('',#4001,10.);
#1187=VECTOR('',#4002,10.);
#1188=VECTOR('',#4003,10.);
#1189=VECTOR('',#4004,10.);
#1190=VECTOR('',#4007,10.);
#1191=VECTOR('',#4008,10.);
#1192=VECTOR('',#4009,10.);
#1193=VECTOR('',#4010,10.);
#1194=VECTOR('',#4011,10.);
#1195=VECTOR('',#4012,10.);
#1196=VECTOR('',#4013,10.);
#1197=VECTOR('',#4014,10.);
#1198=VECTOR('',#4015,10.);
#1199=VECTOR('',#4020,10.);
#1200=VECTOR('',#4021,10.);
#1201=VECTOR('',#4022,10.);
#1202=VECTOR('',#4023,10.);
#1203=VECTOR('',#4024,10.);
#1204=VECTOR('',#4025,10.);
#1205=VECTOR('',#4026,10.);
#1206=VECTOR('',#4027,10.);
#1207=VECTOR('',#4028,10.);
#1208=VECTOR('',#4029,10.);
#1209=VECTOR('',#4030,10.);
#1210=VECTOR('',#4031,10.);
#1211=VECTOR('',#4034,10.);
#1212=VECTOR('',#4035,10.);
#1213=VECTOR('',#4036,10.);
#1214=VECTOR('',#4039,10.);
#1215=VECTOR('',#4040,10.);
#1216=VECTOR('',#4043,10.);
#1217=VECTOR('',#4044,10.);
#1218=VECTOR('',#4047,10.);
#1219=VECTOR('',#4048,10.);
#1220=VECTOR('',#4051,10.);
#1221=VECTOR('',#4052,10.);
#1222=VECTOR('',#4055,10.);
#1223=VECTOR('',#4056,10.);
#1224=VECTOR('',#4059,10.);
#1225=VECTOR('',#4060,10.);
#1226=VECTOR('',#4063,10.);
#1227=VECTOR('',#4064,10.);
#1228=VECTOR('',#4067,10.);
#1229=VECTOR('',#4068,10.);
#1230=VECTOR('',#4071,10.);
#1231=VECTOR('',#4072,10.);
#1232=VECTOR('',#4075,10.);
#1233=VECTOR('',#4076,10.);
#1234=VECTOR('',#4079,10.);
#1235=VECTOR('',#4082,10.);
#1236=VECTOR('',#4083,10.);
#1237=VECTOR('',#4084,10.);
#1238=VECTOR('',#4085,10.);
#1239=VECTOR('',#4088,10.);
#1240=VECTOR('',#4089,10.);
#1241=VECTOR('',#4090,10.);
#1242=VECTOR('',#4093,10.);
#1243=VECTOR('',#4094,10.);
#1244=VECTOR('',#4095,10.);
#1245=VECTOR('',#4098,10.);
#1246=VECTOR('',#4099,10.);
#1247=VECTOR('',#4100,10.);
#1248=VECTOR('',#4103,10.);
#1249=VECTOR('',#4104,10.);
#1250=VECTOR('',#4105,10.);
#1251=VECTOR('',#4108,10.);
#1252=VECTOR('',#4109,10.);
#1253=VECTOR('',#4110,10.);
#1254=VECTOR('',#4113,10.);
#1255=VECTOR('',#4114,10.);
#1256=VECTOR('',#4115,10.);
#1257=VECTOR('',#4118,10.);
#1258=VECTOR('',#4119,10.);
#1259=VECTOR('',#4120,10.);
#1260=VECTOR('',#4123,10.);
#1261=VECTOR('',#4124,10.);
#1262=VECTOR('',#4125,10.);
#1263=VECTOR('',#4128,10.);
#1264=VECTOR('',#4129,10.);
#1265=VECTOR('',#4130,10.);
#1266=VECTOR('',#4133,10.);
#1267=VECTOR('',#4134,10.);
#1268=VECTOR('',#4135,10.);
#1269=VECTOR('',#4138,10.);
#1270=VECTOR('',#4139,10.);
#1271=VECTOR('',#4150,10.);
#1272=VECTOR('',#4151,10.);
#1273=VECTOR('',#4152,10.);
#1274=VECTOR('',#4153,10.);
#1275=VECTOR('',#4156,10.);
#1276=VECTOR('',#4157,10.);
#1277=VECTOR('',#4158,10.);
#1278=VECTOR('',#4161,10.);
#1279=VECTOR('',#4162,10.);
#1280=VECTOR('',#4163,10.);
#1281=VECTOR('',#4164,10.);
#1282=VECTOR('',#4167,10.);
#1283=VECTOR('',#4168,10.);
#1284=VECTOR('',#4169,10.);
#1285=VECTOR('',#4172,10.);
#1286=VECTOR('',#4173,10.);
#1287=VECTOR('',#4174,10.);
#1288=VECTOR('',#4177,10.);
#1289=VECTOR('',#4178,10.);
#1290=VECTOR('',#4179,10.);
#1291=VECTOR('',#4180,10.);
#1292=VECTOR('',#4183,10.);
#1293=VECTOR('',#4184,10.);
#1294=VECTOR('',#4185,10.);
#1295=VECTOR('',#4188,10.);
#1296=VECTOR('',#4189,10.);
#1297=VECTOR('',#4190,10.);
#1298=VECTOR('',#4193,10.);
#1299=VECTOR('',#4194,10.);
#1300=VECTOR('',#4195,10.);
#1301=VECTOR('',#4196,10.);
#1302=VECTOR('',#4199,10.);
#1303=VECTOR('',#4200,10.);
#1304=VECTOR('',#4209,10.);
#1305=VECTOR('',#4210,10.);
#1306=VECTOR('',#4211,10.);
#1307=VECTOR('',#4212,10.);
#1308=VECTOR('',#4213,10.);
#1309=VECTOR('',#4214,10.);
#1310=VECTOR('',#4217,10.);
#1311=VECTOR('',#4220,10.);
#1312=VECTOR('',#4221,10.);
#1313=VECTOR('',#4224,10.);
#1314=VECTOR('',#4225,10.);
#1315=VECTOR('',#4228,10.);
#1316=VECTOR('',#4229,10.);
#1317=VECTOR('',#4232,10.);
#1318=VECTOR('',#4233,10.);
#1319=VECTOR('',#4234,10.);
#1320=VECTOR('',#4235,10.);
#1321=VECTOR('',#4238,10.);
#1322=VECTOR('',#4239,10.);
#1323=VECTOR('',#4240,10.);
#1324=VECTOR('',#4243,10.);
#1325=VECTOR('',#4244,10.);
#1326=VECTOR('',#4245,10.);
#1327=VECTOR('',#4248,10.);
#1328=VECTOR('',#4249,10.);
#1329=VECTOR('',#4258,10.);
#1330=VECTOR('',#4263,10.);
#1331=VECTOR('',#4266,10.);
#1332=VECTOR('',#4271,10.);
#1333=VECTOR('',#4274,10.);
#1334=VECTOR('',#4283,10.);
#1335=VECTOR('',#4286,10.);
#1336=VECTOR('',#4295,10.);
#1337=VECTOR('',#4298,10.);
#1338=VECTOR('',#4309,10.);
#1339=VECTOR('',#4312,10.);
#1340=VECTOR('',#4315,10.);
#1341=VECTOR('',#4316,10.);
#1342=VECTOR('',#4319,10.);
#1343=VECTOR('',#4324,10.);
#1344=VECTOR('',#4325,10.);
#1345=VECTOR('',#4330,10.);
#1346=VECTOR('',#4335,10.);
#1347=VECTOR('',#4336,10.);
#1348=VECTOR('',#4339,10.);
#1349=VECTOR('',#4344,10.);
#1350=VECTOR('',#4347,10.);
#1351=VECTOR('',#4350,10.);
#1352=VECTOR('',#4353,10.);
#1353=VECTOR('',#4354,10.);
#1354=VECTOR('',#4359,10.);
#1355=VECTOR('',#4362,10.);
#1356=VECTOR('',#4363,10.);
#1357=VECTOR('',#4368,10.);
#1358=VECTOR('',#4371,10.);
#1359=VECTOR('',#4372,10.);
#1360=VECTOR('',#4377,10.);
#1361=VECTOR('',#4380,10.);
#1362=VERTEX_POINT('',#4385);
#1363=VERTEX_POINT('',#4386);
#1364=VERTEX_POINT('',#4388);
#1365=VERTEX_POINT('',#4390);
#1366=VERTEX_POINT('',#4392);
#1367=VERTEX_POINT('',#4394);
#1368=VERTEX_POINT('',#4396);
#1369=VERTEX_POINT('',#4398);
#1370=VERTEX_POINT('',#4400);
#1371=VERTEX_POINT('',#4402);
#1372=VERTEX_POINT('',#4406);
#1373=VERTEX_POINT('',#4407);
#1374=VERTEX_POINT('',#4412);
#1375=VERTEX_POINT('',#4416);
#1376=VERTEX_POINT('',#4420);
#1377=VERTEX_POINT('',#4424);
#1378=VERTEX_POINT('',#4428);
#1379=VERTEX_POINT('',#4432);
#1380=VERTEX_POINT('',#4436);
#1381=VERTEX_POINT('',#4440);
#1382=VERTEX_POINT('',#4446);
#1383=VERTEX_POINT('',#4447);
#1384=VERTEX_POINT('',#4455);
#1385=VERTEX_POINT('',#4463);
#1386=VERTEX_POINT('',#4471);
#1387=VERTEX_POINT('',#4473);
#1388=VERTEX_POINT('',#4475);
#1389=VERTEX_POINT('',#4477);
#1390=VERTEX_POINT('',#4485);
#1391=VERTEX_POINT('',#4493);
#1392=VERTEX_POINT('',#4501);
#1393=VERTEX_POINT('',#4509);
#1394=VERTEX_POINT('',#4517);
#1395=VERTEX_POINT('',#4519);
#1396=VERTEX_POINT('',#4521);
#1397=VERTEX_POINT('',#4529);
#1398=VERTEX_POINT('',#4537);
#1399=VERTEX_POINT('',#4545);
#1400=VERTEX_POINT('',#4553);
#1401=VERTEX_POINT('',#4561);
#1402=VERTEX_POINT('',#4563);
#1403=VERTEX_POINT('',#4571);
#1404=VERTEX_POINT('',#4579);
#1405=VERTEX_POINT('',#4587);
#1406=VERTEX_POINT('',#4595);
#1407=VERTEX_POINT('',#4597);
#1408=VERTEX_POINT('',#4599);
#1409=VERTEX_POINT('',#4622);
#1410=VERTEX_POINT('',#4623);
#1411=VERTEX_POINT('',#4631);
#1412=VERTEX_POINT('',#4635);
#1413=VERTEX_POINT('',#4646);
#1414=VERTEX_POINT('',#4660);
#1415=VERTEX_POINT('',#4674);
#1416=VERTEX_POINT('',#4688);
#1417=VERTEX_POINT('',#4702);
#1418=VERTEX_POINT('',#4709);
#1419=VERTEX_POINT('',#4713);
#1420=VERTEX_POINT('',#4717);
#1421=VERTEX_POINT('',#4728);
#1422=VERTEX_POINT('',#4742);
#1423=VERTEX_POINT('',#4756);
#1424=VERTEX_POINT('',#4770);
#1425=VERTEX_POINT('',#4784);
#1426=VERTEX_POINT('',#4798);
#1427=VERTEX_POINT('',#4812);
#1428=VERTEX_POINT('',#4819);
#1429=VERTEX_POINT('',#4830);
#1430=VERTEX_POINT('',#4844);
#1431=VERTEX_POINT('',#4858);
#1432=VERTEX_POINT('',#4872);
#1433=VERTEX_POINT('',#4879);
#1434=VERTEX_POINT('',#4883);
#1435=VERTEX_POINT('',#4894);
#1436=VERTEX_POINT('',#4913);
#1437=VERTEX_POINT('',#4914);
#1438=VERTEX_POINT('',#4916);
#1439=VERTEX_POINT('',#4918);
#1440=VERTEX_POINT('',#4922);
#1441=VERTEX_POINT('',#4924);
#1442=VERTEX_POINT('',#4928);
#1443=VERTEX_POINT('',#4930);
#1444=VERTEX_POINT('',#4938);
#1445=VERTEX_POINT('',#4939);
#1446=VERTEX_POINT('',#4941);
#1447=VERTEX_POINT('',#4943);
#1448=VERTEX_POINT('',#4951);
#1449=VERTEX_POINT('',#4959);
#1450=VERTEX_POINT('',#4967);
#1451=VERTEX_POINT('',#4975);
#1452=VERTEX_POINT('',#4983);
#1453=VERTEX_POINT('',#4985);
#1454=VERTEX_POINT('',#4987);
#1455=VERTEX_POINT('',#4995);
#1456=VERTEX_POINT('',#5003);
#1457=VERTEX_POINT('',#5011);
#1458=VERTEX_POINT('',#5019);
#1459=VERTEX_POINT('',#5027);
#1460=VERTEX_POINT('',#5035);
#1461=VERTEX_POINT('',#5039);
#1462=VERTEX_POINT('',#5040);
#1463=VERTEX_POINT('',#5045);
#1464=VERTEX_POINT('',#5056);
#1465=VERTEX_POINT('',#5070);
#1466=VERTEX_POINT('',#5084);
#1467=VERTEX_POINT('',#5098);
#1468=VERTEX_POINT('',#5112);
#1469=VERTEX_POINT('',#5119);
#1470=VERTEX_POINT('',#5123);
#1471=VERTEX_POINT('',#5134);
#1472=VERTEX_POINT('',#5148);
#1473=VERTEX_POINT('',#5162);
#1474=VERTEX_POINT('',#5176);
#1475=VERTEX_POINT('',#5190);
#1476=VERTEX_POINT('',#5204);
#1477=VERTEX_POINT('',#5211);
#1478=VERTEX_POINT('',#5224);
#1479=VERTEX_POINT('',#5225);
#1480=VERTEX_POINT('',#5230);
#1481=VERTEX_POINT('',#5232);
#1482=VERTEX_POINT('',#5249);
#1483=VERTEX_POINT('',#5254);
#1484=VERTEX_POINT('',#5271);
#1485=VERTEX_POINT('',#5276);
#1486=VERTEX_POINT('',#5293);
#1487=VERTEX_POINT('',#5298);
#1488=VERTEX_POINT('',#5315);
#1489=VERTEX_POINT('',#5320);
#1490=VERTEX_POINT('',#5337);
#1491=VERTEX_POINT('',#5342);
#1492=VERTEX_POINT('',#5359);
#1493=VERTEX_POINT('',#5364);
#1494=VERTEX_POINT('',#5381);
#1495=VERTEX_POINT('',#5382);
#1496=VERTEX_POINT('',#5387);
#1497=VERTEX_POINT('',#5389);
#1498=VERTEX_POINT('',#5406);
#1499=VERTEX_POINT('',#5411);
#1500=VERTEX_POINT('',#5428);
#1501=VERTEX_POINT('',#5433);
#1502=VERTEX_POINT('',#5450);
#1503=VERTEX_POINT('',#5455);
#1504=VERTEX_POINT('',#5472);
#1505=VERTEX_POINT('',#5477);
#1506=VERTEX_POINT('',#5494);
#1507=VERTEX_POINT('',#5499);
#1508=VERTEX_POINT('',#5516);
#1509=VERTEX_POINT('',#5521);
#1510=VERTEX_POINT('',#5538);
#1511=VERTEX_POINT('',#5543);
#1512=VERTEX_POINT('',#5553);
#1513=VERTEX_POINT('',#5555);
#1514=VERTEX_POINT('',#5569);
#1515=VERTEX_POINT('',#5574);
#1516=VERTEX_POINT('',#5591);
#1517=VERTEX_POINT('',#5596);
#1518=VERTEX_POINT('',#5613);
#1519=VERTEX_POINT('',#5618);
#1520=VERTEX_POINT('',#5648);
#1521=VERTEX_POINT('',#5649);
#1522=VERTEX_POINT('',#5651);
#1523=VERTEX_POINT('',#5653);
#1524=VERTEX_POINT('',#5655);
#1525=VERTEX_POINT('',#5657);
#1526=VERTEX_POINT('',#5659);
#1527=VERTEX_POINT('',#5663);
#1528=VERTEX_POINT('',#5664);
#1529=VERTEX_POINT('',#5669);
#1530=VERTEX_POINT('',#5673);
#1531=VERTEX_POINT('',#5677);
#1532=VERTEX_POINT('',#5681);
#1533=VERTEX_POINT('',#5685);
#1534=VERTEX_POINT('',#5698);
#1535=VERTEX_POINT('',#5699);
#1536=VERTEX_POINT('',#5704);
#1537=VERTEX_POINT('',#5706);
#1538=VERTEX_POINT('',#5723);
#1539=VERTEX_POINT('',#5728);
#1540=VERTEX_POINT('',#5745);
#1541=VERTEX_POINT('',#5750);
#1542=VERTEX_POINT('',#5760);
#1543=VERTEX_POINT('',#5762);
#1544=VERTEX_POINT('',#5773);
#1545=VERTEX_POINT('',#5778);
#1546=VERTEX_POINT('',#5795);
#1547=VERTEX_POINT('',#5796);
#1548=VERTEX_POINT('',#5801);
#1549=VERTEX_POINT('',#5803);
#1550=VERTEX_POINT('',#5820);
#1551=VERTEX_POINT('',#5825);
#1552=VERTEX_POINT('',#5842);
#1553=VERTEX_POINT('',#5843);
#1554=VERTEX_POINT('',#5848);
#1555=VERTEX_POINT('',#5850);
#1556=VERTEX_POINT('',#5867);
#1557=VERTEX_POINT('',#5872);
#1558=VERTEX_POINT('',#5889);
#1559=VERTEX_POINT('',#5894);
#1560=VERTEX_POINT('',#5911);
#1561=VERTEX_POINT('',#5916);
#1562=VERTEX_POINT('',#5926);
#1563=VERTEX_POINT('',#5928);
#1564=VERTEX_POINT('',#5939);
#1565=VERTEX_POINT('',#5944);
#1566=VERTEX_POINT('',#5961);
#1567=VERTEX_POINT('',#5966);
#1568=VERTEX_POINT('',#6002);
#1569=VERTEX_POINT('',#6007);
#1570=VERTEX_POINT('',#6024);
#1571=VERTEX_POINT('',#6029);
#1572=VERTEX_POINT('',#6065);
#1573=VERTEX_POINT('',#6070);
#1574=VERTEX_POINT('',#6087);
#1575=VERTEX_POINT('',#6092);
#1576=VERTEX_POINT('',#6122);
#1577=VERTEX_POINT('',#6123);
#1578=VERTEX_POINT('',#6125);
#1579=VERTEX_POINT('',#6127);
#1580=VERTEX_POINT('',#6129);
#1581=VERTEX_POINT('',#6131);
#1582=VERTEX_POINT('',#6133);
#1583=VERTEX_POINT('',#6135);
#1584=VERTEX_POINT('',#6137);
#1585=VERTEX_POINT('',#6139);
#1586=VERTEX_POINT('',#6141);
#1587=VERTEX_POINT('',#6143);
#1588=VERTEX_POINT('',#6147);
#1589=VERTEX_POINT('',#6148);
#1590=VERTEX_POINT('',#6153);
#1591=VERTEX_POINT('',#6157);
#1592=VERTEX_POINT('',#6161);
#1593=VERTEX_POINT('',#6165);
#1594=VERTEX_POINT('',#6169);
#1595=VERTEX_POINT('',#6173);
#1596=VERTEX_POINT('',#6177);
#1597=VERTEX_POINT('',#6181);
#1598=VERTEX_POINT('',#6185);
#1599=VERTEX_POINT('',#6189);
#1600=VERTEX_POINT('',#6195);
#1601=VERTEX_POINT('',#6196);
#1602=VERTEX_POINT('',#6198);
#1603=VERTEX_POINT('',#6200);
#1604=VERTEX_POINT('',#6204);
#1605=VERTEX_POINT('',#6206);
#1606=VERTEX_POINT('',#6210);
#1607=VERTEX_POINT('',#6212);
#1608=VERTEX_POINT('',#6216);
#1609=VERTEX_POINT('',#6218);
#1610=VERTEX_POINT('',#6222);
#1611=VERTEX_POINT('',#6224);
#1612=VERTEX_POINT('',#6228);
#1613=VERTEX_POINT('',#6230);
#1614=VERTEX_POINT('',#6234);
#1615=VERTEX_POINT('',#6236);
#1616=VERTEX_POINT('',#6240);
#1617=VERTEX_POINT('',#6242);
#1618=VERTEX_POINT('',#6246);
#1619=VERTEX_POINT('',#6248);
#1620=VERTEX_POINT('',#6252);
#1621=VERTEX_POINT('',#6254);
#1622=VERTEX_POINT('',#6258);
#1623=VERTEX_POINT('',#6260);
#1624=VERTEX_POINT('',#6271);
#1625=VERTEX_POINT('',#6272);
#1626=VERTEX_POINT('',#6274);
#1627=VERTEX_POINT('',#6276);
#1628=VERTEX_POINT('',#6280);
#1629=VERTEX_POINT('',#6282);
#1630=VERTEX_POINT('',#6286);
#1631=VERTEX_POINT('',#6287);
#1632=VERTEX_POINT('',#6289);
#1633=VERTEX_POINT('',#6291);
#1634=VERTEX_POINT('',#6295);
#1635=VERTEX_POINT('',#6297);
#1636=VERTEX_POINT('',#6301);
#1637=VERTEX_POINT('',#6303);
#1638=VERTEX_POINT('',#6307);
#1639=VERTEX_POINT('',#6308);
#1640=VERTEX_POINT('',#6310);
#1641=VERTEX_POINT('',#6312);
#1642=VERTEX_POINT('',#6316);
#1643=VERTEX_POINT('',#6318);
#1644=VERTEX_POINT('',#6322);
#1645=VERTEX_POINT('',#6324);
#1646=VERTEX_POINT('',#6328);
#1647=VERTEX_POINT('',#6329);
#1648=VERTEX_POINT('',#6331);
#1649=VERTEX_POINT('',#6333);
#1650=VERTEX_POINT('',#6343);
#1651=VERTEX_POINT('',#6346);
#1652=VERTEX_POINT('',#6348);
#1653=VERTEX_POINT('',#6350);
#1654=VERTEX_POINT('',#6356);
#1655=VERTEX_POINT('',#6360);
#1656=VERTEX_POINT('',#6364);
#1657=VERTEX_POINT('',#6368);
#1658=VERTEX_POINT('',#6369);
#1659=VERTEX_POINT('',#6371);
#1660=VERTEX_POINT('',#6373);
#1661=VERTEX_POINT('',#6377);
#1662=VERTEX_POINT('',#6379);
#1663=VERTEX_POINT('',#6383);
#1664=VERTEX_POINT('',#6385);
#1665=VERTEX_POINT('',#6389);
#1666=VERTEX_POINT('',#6398);
#1667=VERTEX_POINT('',#6399);
#1668=VERTEX_POINT('',#6401);
#1669=VERTEX_POINT('',#6403);
#1670=VERTEX_POINT('',#6407);
#1671=VERTEX_POINT('',#6409);
#1672=VERTEX_POINT('',#6411);
#1673=VERTEX_POINT('',#6417);
#1674=VERTEX_POINT('',#6419);
#1675=VERTEX_POINT('',#6421);
#1676=VERTEX_POINT('',#6427);
#1677=VERTEX_POINT('',#6429);
#1678=VERTEX_POINT('',#6438);
#1679=VERTEX_POINT('',#6440);
#1680=VERTEX_POINT('',#6444);
#1681=VERTEX_POINT('',#6448);
#1682=VERTEX_POINT('',#6452);
#1683=VERTEX_POINT('',#6457);
#1684=VERTEX_POINT('',#6461);
#1685=VERTEX_POINT('',#6465);
#1686=VERTEX_POINT('',#6471);
#1687=VERTEX_POINT('',#6473);
#1688=VERTEX_POINT('',#6477);
#1689=VERTEX_POINT('',#6481);
#1690=VERTEX_POINT('',#6485);
#1691=VERTEX_POINT('',#6489);
#1692=VERTEX_POINT('',#6493);
#1693=VERTEX_POINT('',#6497);
#1694=EDGE_CURVE('',#1362,#1363,#666,.T.);
#1695=EDGE_CURVE('',#1364,#1362,#667,.T.);
#1696=EDGE_CURVE('',#1365,#1364,#668,.T.);
#1697=EDGE_CURVE('',#1366,#1365,#669,.T.);
#1698=EDGE_CURVE('',#1367,#1366,#670,.T.);
#1699=EDGE_CURVE('',#1368,#1367,#671,.T.);
#1700=EDGE_CURVE('',#1369,#1368,#672,.T.);
#1701=EDGE_CURVE('',#1370,#1369,#673,.T.);
#1702=EDGE_CURVE('',#1371,#1370,#674,.T.);
#1703=EDGE_CURVE('',#1363,#1371,#675,.T.);
#1704=EDGE_CURVE('',#1372,#1373,#676,.T.);
#1705=EDGE_CURVE('',#1372,#1367,#677,.T.);
#1706=EDGE_CURVE('',#1373,#1366,#678,.T.);
#1707=EDGE_CURVE('',#1373,#1374,#679,.T.);
#1708=EDGE_CURVE('',#1374,#1365,#680,.T.);
#1709=EDGE_CURVE('',#1374,#1375,#681,.T.);
#1710=EDGE_CURVE('',#1375,#1364,#682,.T.);
#1711=EDGE_CURVE('',#1375,#1376,#683,.T.);
#1712=EDGE_CURVE('',#1376,#1362,#684,.T.);
#1713=EDGE_CURVE('',#1376,#1377,#685,.T.);
#1714=EDGE_CURVE('',#1377,#1363,#686,.T.);
#1715=EDGE_CURVE('',#1378,#1372,#687,.T.);
#1716=EDGE_CURVE('',#1378,#1368,#688,.T.);
#1717=EDGE_CURVE('',#1379,#1378,#689,.T.);
#1718=EDGE_CURVE('',#1379,#1369,#690,.T.);
#1719=EDGE_CURVE('',#1380,#1379,#691,.T.);
#1720=EDGE_CURVE('',#1380,#1370,#692,.T.);
#1721=EDGE_CURVE('',#1381,#1380,#693,.T.);
#1722=EDGE_CURVE('',#1381,#1371,#694,.T.);
#1723=EDGE_CURVE('',#1377,#1381,#695,.T.);
#1724=EDGE_CURVE('',#1382,#1383,#135,.T.);
#1725=EDGE_CURVE('',#1384,#1382,#136,.T.);
#1726=EDGE_CURVE('',#1385,#1384,#137,.T.);
#1727=EDGE_CURVE('',#1386,#1385,#696,.T.);
#1728=EDGE_CURVE('',#1387,#1386,#697,.T.);
#1729=EDGE_CURVE('',#1388,#1387,#698,.T.);
#1730=EDGE_CURVE('',#1389,#1388,#138,.T.);
#1731=EDGE_CURVE('',#1390,#1389,#139,.T.);
#1732=EDGE_CURVE('',#1391,#1390,#140,.T.);
#1733=EDGE_CURVE('',#1392,#1391,#141,.T.);
#1734=EDGE_CURVE('',#1393,#1392,#142,.T.);
#1735=EDGE_CURVE('',#1394,#1393,#699,.T.);
#1736=EDGE_CURVE('',#1395,#1394,#700,.T.);
#1737=EDGE_CURVE('',#1396,#1395,#143,.T.);
#1738=EDGE_CURVE('',#1397,#1396,#144,.T.);
#1739=EDGE_CURVE('',#1398,#1397,#145,.T.);
#1740=EDGE_CURVE('',#1399,#1398,#146,.T.);
#1741=EDGE_CURVE('',#1400,#1399,#147,.T.);
#1742=EDGE_CURVE('',#1401,#1400,#701,.T.);
#1743=EDGE_CURVE('',#1402,#1401,#148,.T.);
#1744=EDGE_CURVE('',#1403,#1402,#149,.T.);
#1745=EDGE_CURVE('',#1404,#1403,#150,.T.);
#1746=EDGE_CURVE('',#1405,#1404,#151,.T.);
#1747=EDGE_CURVE('',#1406,#1405,#702,.T.);
#1748=EDGE_CURVE('',#1407,#1406,#703,.T.);
#1749=EDGE_CURVE('',#1408,#1407,#152,.T.);
#1750=EDGE_CURVE('',#1383,#1408,#153,.T.);
#1751=EDGE_CURVE('',#1409,#1410,#154,.T.);
#1752=EDGE_CURVE('',#1409,#1396,#704,.T.);
#1753=EDGE_CURVE('',#1410,#1395,#705,.T.);
#1754=EDGE_CURVE('',#1410,#1411,#706,.T.);
#1755=EDGE_CURVE('',#1411,#1394,#707,.T.);
#1756=EDGE_CURVE('',#1411,#1412,#708,.T.);
#1757=EDGE_CURVE('',#1412,#1393,#709,.T.);
#1758=EDGE_CURVE('',#1412,#1413,#155,.T.);
#1759=EDGE_CURVE('',#1413,#1392,#710,.T.);
#1760=EDGE_CURVE('',#1413,#1414,#156,.T.);
#1761=EDGE_CURVE('',#1414,#1391,#711,.T.);
#1762=EDGE_CURVE('',#1414,#1415,#157,.T.);
#1763=EDGE_CURVE('',#1415,#1390,#712,.T.);
#1764=EDGE_CURVE('',#1415,#1416,#158,.T.);
#1765=EDGE_CURVE('',#1416,#1389,#713,.T.);
#1766=EDGE_CURVE('',#1416,#1417,#159,.T.);
#1767=EDGE_CURVE('',#1417,#1388,#714,.T.);
#1768=EDGE_CURVE('',#1417,#1418,#715,.T.);
#1769=EDGE_CURVE('',#1418,#1387,#716,.T.);
#1770=EDGE_CURVE('',#1418,#1419,#717,.T.);
#1771=EDGE_CURVE('',#1419,#1386,#718,.T.);
#1772=EDGE_CURVE('',#1419,#1420,#719,.T.);
#1773=EDGE_CURVE('',#1420,#1385,#720,.T.);
#1774=EDGE_CURVE('',#1420,#1421,#160,.T.);
#1775=EDGE_CURVE('',#1421,#1384,#721,.T.);
#1776=EDGE_CURVE('',#1421,#1422,#161,.T.);
#1777=EDGE_CURVE('',#1422,#1382,#722,.T.);
#1778=EDGE_CURVE('',#1422,#1423,#162,.T.);
#1779=EDGE_CURVE('',#1423,#1383,#723,.T.);
#1780=EDGE_CURVE('',#1424,#1409,#163,.T.);
#1781=EDGE_CURVE('',#1424,#1397,#724,.T.);
#1782=EDGE_CURVE('',#1425,#1424,#164,.T.);
#1783=EDGE_CURVE('',#1425,#1398,#725,.T.);
#1784=EDGE_CURVE('',#1426,#1425,#165,.T.);
#1785=EDGE_CURVE('',#1426,#1399,#726,.T.);
#1786=EDGE_CURVE('',#1427,#1426,#166,.T.);
#1787=EDGE_CURVE('',#1427,#1400,#727,.T.);
#1788=EDGE_CURVE('',#1428,#1427,#728,.T.);
#1789=EDGE_CURVE('',#1428,#1401,#729,.T.);
#1790=EDGE_CURVE('',#1429,#1428,#167,.T.);
#1791=EDGE_CURVE('',#1429,#1402,#730,.T.);
#1792=EDGE_CURVE('',#1430,#1429,#168,.T.);
#1793=EDGE_CURVE('',#1430,#1403,#731,.T.);
#1794=EDGE_CURVE('',#1431,#1430,#169,.T.);
#1795=EDGE_CURVE('',#1431,#1404,#732,.T.);
#1796=EDGE_CURVE('',#1432,#1431,#170,.T.);
#1797=EDGE_CURVE('',#1432,#1405,#733,.T.);
#1798=EDGE_CURVE('',#1433,#1432,#734,.T.);
#1799=EDGE_CURVE('',#1433,#1406,#735,.T.);
#1800=EDGE_CURVE('',#1434,#1433,#736,.T.);
#1801=EDGE_CURVE('',#1434,#1407,#737,.T.);
#1802=EDGE_CURVE('',#1435,#1434,#171,.T.);
#1803=EDGE_CURVE('',#1435,#1408,#738,.T.);
#1804=EDGE_CURVE('',#1423,#1435,#172,.T.);
#1805=EDGE_CURVE('',#1436,#1437,#739,.T.);
#1806=EDGE_CURVE('',#1436,#1438,#740,.T.);
#1807=EDGE_CURVE('',#1438,#1439,#741,.T.);
#1808=EDGE_CURVE('',#1437,#1439,#742,.T.);
#1809=EDGE_CURVE('',#1437,#1440,#743,.T.);
#1810=EDGE_CURVE('',#1439,#1441,#744,.T.);
#1811=EDGE_CURVE('',#1440,#1441,#745,.T.);
#1812=EDGE_CURVE('',#1442,#1436,#746,.T.);
#1813=EDGE_CURVE('',#1442,#1443,#747,.T.);
#1814=EDGE_CURVE('',#1443,#1438,#748,.T.);
#1815=EDGE_CURVE('',#1440,#1442,#749,.T.);
#1816=EDGE_CURVE('',#1441,#1443,#750,.T.);
#1817=EDGE_CURVE('',#1444,#1445,#751,.T.);
#1818=EDGE_CURVE('',#1446,#1444,#752,.T.);
#1819=EDGE_CURVE('',#1447,#1446,#173,.T.);
#1820=EDGE_CURVE('',#1448,#1447,#174,.T.);
#1821=EDGE_CURVE('',#1449,#1448,#175,.T.);
#1822=EDGE_CURVE('',#1450,#1449,#176,.T.);
#1823=EDGE_CURVE('',#1451,#1450,#177,.T.);
#1824=EDGE_CURVE('',#1452,#1451,#753,.T.);
#1825=EDGE_CURVE('',#1453,#1452,#754,.T.);
#1826=EDGE_CURVE('',#1454,#1453,#178,.T.);
#1827=EDGE_CURVE('',#1455,#1454,#179,.T.);
#1828=EDGE_CURVE('',#1456,#1455,#180,.T.);
#1829=EDGE_CURVE('',#1457,#1456,#181,.T.);
#1830=EDGE_CURVE('',#1458,#1457,#182,.T.);
#1831=EDGE_CURVE('',#1459,#1458,#183,.T.);
#1832=EDGE_CURVE('',#1460,#1459,#755,.T.);
#1833=EDGE_CURVE('',#1445,#1460,#756,.T.);
#1834=EDGE_CURVE('',#1461,#1462,#757,.T.);
#1835=EDGE_CURVE('',#1461,#1453,#758,.T.);
#1836=EDGE_CURVE('',#1462,#1452,#759,.T.);
#1837=EDGE_CURVE('',#1462,#1463,#760,.T.);
#1838=EDGE_CURVE('',#1463,#1451,#761,.T.);
#1839=EDGE_CURVE('',#1463,#1464,#184,.T.);
#1840=EDGE_CURVE('',#1464,#1450,#762,.T.);
#1841=EDGE_CURVE('',#1464,#1465,#185,.T.);
#1842=EDGE_CURVE('',#1465,#1449,#763,.T.);
#1843=EDGE_CURVE('',#1465,#1466,#186,.T.);
#1844=EDGE_CURVE('',#1466,#1448,#764,.T.);
#1845=EDGE_CURVE('',#1466,#1467,#187,.T.);
#1846=EDGE_CURVE('',#1467,#1447,#765,.T.);
#1847=EDGE_CURVE('',#1467,#1468,#188,.T.);
#1848=EDGE_CURVE('',#1468,#1446,#766,.T.);
#1849=EDGE_CURVE('',#1468,#1469,#767,.T.);
#1850=EDGE_CURVE('',#1469,#1444,#768,.T.);
#1851=EDGE_CURVE('',#1469,#1470,#769,.T.);
#1852=EDGE_CURVE('',#1470,#1445,#770,.T.);
#1853=EDGE_CURVE('',#1471,#1461,#189,.T.);
#1854=EDGE_CURVE('',#1471,#1454,#771,.T.);
#1855=EDGE_CURVE('',#1472,#1471,#190,.T.);
#1856=EDGE_CURVE('',#1472,#1455,#772,.T.);
#1857=EDGE_CURVE('',#1473,#1472,#191,.T.);
#1858=EDGE_CURVE('',#1473,#1456,#773,.T.);
#1859=EDGE_CURVE('',#1474,#1473,#192,.T.);
#1860=EDGE_CURVE('',#1474,#1457,#774,.T.);
#1861=EDGE_CURVE('',#1475,#1474,#193,.T.);
#1862=EDGE_CURVE('',#1475,#1458,#775,.T.);
#1863=EDGE_CURVE('',#1476,#1475,#194,.T.);
#1864=EDGE_CURVE('',#1476,#1459,#776,.T.);
#1865=EDGE_CURVE('',#1477,#1476,#777,.T.);
#1866=EDGE_CURVE('',#1477,#1460,#778,.T.);
#1867=EDGE_CURVE('',#1470,#1477,#779,.T.);
#1868=EDGE_CURVE('',#1478,#1479,#195,.T.);
#1869=EDGE_CURVE('',#1478,#1480,#780,.T.);
#1870=EDGE_CURVE('',#1480,#1481,#196,.T.);
#1871=EDGE_CURVE('',#1479,#1481,#781,.T.);
#1872=EDGE_CURVE('',#1479,#1482,#197,.T.);
#1873=EDGE_CURVE('',#1481,#1483,#198,.T.);
#1874=EDGE_CURVE('',#1482,#1483,#782,.T.);
#1875=EDGE_CURVE('',#1482,#1484,#199,.T.);
#1876=EDGE_CURVE('',#1483,#1485,#200,.T.);
#1877=EDGE_CURVE('',#1484,#1485,#783,.T.);
#1878=EDGE_CURVE('',#1484,#1486,#201,.T.);
#1879=EDGE_CURVE('',#1485,#1487,#202,.T.);
#1880=EDGE_CURVE('',#1486,#1487,#784,.T.);
#1881=EDGE_CURVE('',#1486,#1488,#203,.T.);
#1882=EDGE_CURVE('',#1487,#1489,#204,.T.);
#1883=EDGE_CURVE('',#1488,#1489,#785,.T.);
#1884=EDGE_CURVE('',#1488,#1490,#205,.T.);
#1885=EDGE_CURVE('',#1489,#1491,#206,.T.);
#1886=EDGE_CURVE('',#1490,#1491,#786,.T.);
#1887=EDGE_CURVE('',#1490,#1492,#207,.T.);
#1888=EDGE_CURVE('',#1491,#1493,#208,.T.);
#1889=EDGE_CURVE('',#1492,#1493,#787,.T.);
#1890=EDGE_CURVE('',#1494,#1495,#209,.T.);
#1891=EDGE_CURVE('',#1494,#1496,#788,.T.);
#1892=EDGE_CURVE('',#1496,#1497,#210,.T.);
#1893=EDGE_CURVE('',#1495,#1497,#789,.T.);
#1894=EDGE_CURVE('',#1498,#1494,#211,.T.);
#1895=EDGE_CURVE('',#1498,#1499,#790,.T.);
#1896=EDGE_CURVE('',#1499,#1496,#212,.T.);
#1897=EDGE_CURVE('',#1500,#1498,#213,.T.);
#1898=EDGE_CURVE('',#1500,#1501,#791,.T.);
#1899=EDGE_CURVE('',#1501,#1499,#214,.T.);
#1900=EDGE_CURVE('',#1502,#1478,#215,.T.);
#1901=EDGE_CURVE('',#1502,#1503,#792,.T.);
#1902=EDGE_CURVE('',#1503,#1480,#216,.T.);
#1903=EDGE_CURVE('',#1504,#1502,#217,.T.);
#1904=EDGE_CURVE('',#1504,#1505,#793,.T.);
#1905=EDGE_CURVE('',#1505,#1503,#218,.T.);
#1906=EDGE_CURVE('',#1506,#1504,#219,.T.);
#1907=EDGE_CURVE('',#1506,#1507,#794,.T.);
#1908=EDGE_CURVE('',#1507,#1505,#220,.T.);
#1909=EDGE_CURVE('',#1508,#1506,#221,.T.);
#1910=EDGE_CURVE('',#1508,#1509,#795,.T.);
#1911=EDGE_CURVE('',#1509,#1507,#222,.T.);
#1912=EDGE_CURVE('',#1510,#1508,#223,.T.);
#1913=EDGE_CURVE('',#1510,#1511,#796,.T.);
#1914=EDGE_CURVE('',#1511,#1509,#224,.T.);
#1915=EDGE_CURVE('',#1512,#1510,#797,.T.);
#1916=EDGE_CURVE('',#1512,#1513,#798,.T.);
#1917=EDGE_CURVE('',#1513,#1511,#799,.T.);
#1918=EDGE_CURVE('',#1492,#1512,#800,.T.);
#1919=EDGE_CURVE('',#1493,#1513,#801,.T.);
#1920=EDGE_CURVE('',#1514,#1500,#225,.T.);
#1921=EDGE_CURVE('',#1514,#1515,#802,.T.);
#1922=EDGE_CURVE('',#1515,#1501,#226,.T.);
#1923=EDGE_CURVE('',#1516,#1514,#227,.T.);
#1924=EDGE_CURVE('',#1516,#1517,#803,.T.);
#1925=EDGE_CURVE('',#1517,#1515,#228,.T.);
#1926=EDGE_CURVE('',#1518,#1516,#229,.T.);
#1927=EDGE_CURVE('',#1518,#1519,#804,.T.);
#1928=EDGE_CURVE('',#1519,#1517,#230,.T.);
#1929=EDGE_CURVE('',#1495,#1518,#231,.T.);
#1930=EDGE_CURVE('',#1497,#1519,#232,.T.);
#1931=EDGE_CURVE('',#1520,#1521,#805,.T.);
#1932=EDGE_CURVE('',#1522,#1520,#806,.T.);
#1933=EDGE_CURVE('',#1523,#1522,#807,.T.);
#1934=EDGE_CURVE('',#1524,#1523,#808,.T.);
#1935=EDGE_CURVE('',#1525,#1524,#809,.T.);
#1936=EDGE_CURVE('',#1526,#1525,#810,.T.);
#1937=EDGE_CURVE('',#1521,#1526,#811,.T.);
#1938=EDGE_CURVE('',#1527,#1528,#812,.T.);
#1939=EDGE_CURVE('',#1527,#1524,#813,.T.);
#1940=EDGE_CURVE('',#1528,#1523,#814,.T.);
#1941=EDGE_CURVE('',#1528,#1529,#815,.T.);
#1942=EDGE_CURVE('',#1529,#1522,#816,.T.);
#1943=EDGE_CURVE('',#1529,#1530,#817,.T.);
#1944=EDGE_CURVE('',#1530,#1520,#818,.T.);
#1945=EDGE_CURVE('',#1530,#1531,#819,.T.);
#1946=EDGE_CURVE('',#1531,#1521,#820,.T.);
#1947=EDGE_CURVE('',#1532,#1527,#821,.T.);
#1948=EDGE_CURVE('',#1532,#1525,#822,.T.);
#1949=EDGE_CURVE('',#1533,#1532,#823,.T.);
#1950=EDGE_CURVE('',#1533,#1526,#824,.T.);
#1951=EDGE_CURVE('',#1531,#1533,#825,.T.);
#1952=EDGE_CURVE('',#1534,#1535,#233,.T.);
#1953=EDGE_CURVE('',#1534,#1536,#826,.T.);
#1954=EDGE_CURVE('',#1536,#1537,#234,.T.);
#1955=EDGE_CURVE('',#1535,#1537,#827,.T.);
#1956=EDGE_CURVE('',#1535,#1538,#235,.T.);
#1957=EDGE_CURVE('',#1537,#1539,#236,.T.);
#1958=EDGE_CURVE('',#1538,#1539,#828,.T.);
#1959=EDGE_CURVE('',#1538,#1540,#237,.T.);
#1960=EDGE_CURVE('',#1539,#1541,#238,.T.);
#1961=EDGE_CURVE('',#1540,#1541,#829,.T.);
#1962=EDGE_CURVE('',#1540,#1542,#830,.T.);
#1963=EDGE_CURVE('',#1541,#1543,#831,.T.);
#1964=EDGE_CURVE('',#1542,#1543,#832,.T.);
#1965=EDGE_CURVE('',#1542,#1544,#239,.T.);
#1966=EDGE_CURVE('',#1543,#1545,#240,.T.);
#1967=EDGE_CURVE('',#1544,#1545,#833,.T.);
#1968=EDGE_CURVE('',#1546,#1547,#241,.T.);
#1969=EDGE_CURVE('',#1546,#1548,#834,.T.);
#1970=EDGE_CURVE('',#1548,#1549,#242,.T.);
#1971=EDGE_CURVE('',#1547,#1549,#835,.T.);
#1972=EDGE_CURVE('',#1550,#1546,#243,.T.);
#1973=EDGE_CURVE('',#1550,#1551,#836,.T.);
#1974=EDGE_CURVE('',#1551,#1548,#244,.T.);
#1975=EDGE_CURVE('',#1552,#1553,#245,.T.);
#1976=EDGE_CURVE('',#1552,#1554,#837,.T.);
#1977=EDGE_CURVE('',#1554,#1555,#246,.T.);
#1978=EDGE_CURVE('',#1553,#1555,#838,.T.);
#1979=EDGE_CURVE('',#1556,#1552,#247,.T.);
#1980=EDGE_CURVE('',#1556,#1557,#839,.T.);
#1981=EDGE_CURVE('',#1557,#1554,#248,.T.);
#1982=EDGE_CURVE('',#1558,#1534,#249,.T.);
#1983=EDGE_CURVE('',#1558,#1559,#840,.T.);
#1984=EDGE_CURVE('',#1559,#1536,#250,.T.);
#1985=EDGE_CURVE('',#1560,#1558,#251,.T.);
#1986=EDGE_CURVE('',#1560,#1561,#841,.T.);
#1987=EDGE_CURVE('',#1561,#1559,#252,.T.);
#1988=EDGE_CURVE('',#1562,#1560,#842,.T.);
#1989=EDGE_CURVE('',#1562,#1563,#843,.T.);
#1990=EDGE_CURVE('',#1563,#1561,#844,.T.);
#1991=EDGE_CURVE('',#1564,#1562,#253,.T.);
#1992=EDGE_CURVE('',#1564,#1565,#845,.T.);
#1993=EDGE_CURVE('',#1565,#1563,#254,.T.);
#1994=EDGE_CURVE('',#1566,#1564,#255,.T.);
#1995=EDGE_CURVE('',#1566,#1567,#846,.T.);
#1996=EDGE_CURVE('',#1567,#1565,#256,.T.);
#1997=EDGE_CURVE('',#1544,#1566,#257,.T.);
#1998=EDGE_CURVE('',#1545,#1567,#258,.T.);
#1999=EDGE_CURVE('',#1568,#1550,#259,.T.);
#2000=EDGE_CURVE('',#1568,#1569,#847,.T.);
#2001=EDGE_CURVE('',#1569,#1551,#260,.T.);
#2002=EDGE_CURVE('',#1570,#1568,#261,.T.);
#2003=EDGE_CURVE('',#1570,#1571,#848,.T.);
#2004=EDGE_CURVE('',#1571,#1569,#262,.T.);
#2005=EDGE_CURVE('',#1547,#1570,#263,.T.);
#2006=EDGE_CURVE('',#1549,#1571,#264,.T.);
#2007=EDGE_CURVE('',#1572,#1556,#265,.T.);
#2008=EDGE_CURVE('',#1572,#1573,#849,.T.);
#2009=EDGE_CURVE('',#1573,#1557,#266,.T.);
#2010=EDGE_CURVE('',#1574,#1572,#267,.T.);
#2011=EDGE_CURVE('',#1574,#1575,#850,.T.);
#2012=EDGE_CURVE('',#1575,#1573,#268,.T.);
#2013=EDGE_CURVE('',#1553,#1574,#269,.T.);
#2014=EDGE_CURVE('',#1555,#1575,#270,.T.);
#2015=EDGE_CURVE('',#1576,#1577,#851,.T.);
#2016=EDGE_CURVE('',#1578,#1576,#852,.T.);
#2017=EDGE_CURVE('',#1579,#1578,#853,.T.);
#2018=EDGE_CURVE('',#1580,#1579,#854,.T.);
#2019=EDGE_CURVE('',#1581,#1580,#855,.T.);
#2020=EDGE_CURVE('',#1582,#1581,#856,.T.);
#2021=EDGE_CURVE('',#1583,#1582,#857,.T.);
#2022=EDGE_CURVE('',#1584,#1583,#858,.T.);
#2023=EDGE_CURVE('',#1585,#1584,#859,.T.);
#2024=EDGE_CURVE('',#1586,#1585,#860,.T.);
#2025=EDGE_CURVE('',#1587,#1586,#861,.T.);
#2026=EDGE_CURVE('',#1577,#1587,#862,.T.);
#2027=EDGE_CURVE('',#1588,#1589,#863,.T.);
#2028=EDGE_CURVE('',#1588,#1582,#864,.T.);
#2029=EDGE_CURVE('',#1589,#1581,#865,.T.);
#2030=EDGE_CURVE('',#1589,#1590,#866,.T.);
#2031=EDGE_CURVE('',#1590,#1580,#867,.T.);
#2032=EDGE_CURVE('',#1590,#1591,#868,.T.);
#2033=EDGE_CURVE('',#1591,#1579,#869,.T.);
#2034=EDGE_CURVE('',#1591,#1592,#870,.T.);
#2035=EDGE_CURVE('',#1592,#1578,#871,.T.);
#2036=EDGE_CURVE('',#1592,#1593,#872,.T.);
#2037=EDGE_CURVE('',#1593,#1576,#873,.T.);
#2038=EDGE_CURVE('',#1593,#1594,#874,.T.);
#2039=EDGE_CURVE('',#1594,#1577,#875,.T.);
#2040=EDGE_CURVE('',#1595,#1588,#876,.T.);
#2041=EDGE_CURVE('',#1595,#1583,#877,.T.);
#2042=EDGE_CURVE('',#1596,#1595,#878,.T.);
#2043=EDGE_CURVE('',#1596,#1584,#879,.T.);
#2044=EDGE_CURVE('',#1597,#1596,#880,.T.);
#2045=EDGE_CURVE('',#1597,#1585,#881,.T.);
#2046=EDGE_CURVE('',#1598,#1597,#882,.T.);
#2047=EDGE_CURVE('',#1598,#1586,#883,.T.);
#2048=EDGE_CURVE('',#1599,#1598,#884,.T.);
#2049=EDGE_CURVE('',#1599,#1587,#885,.T.);
#2050=EDGE_CURVE('',#1594,#1599,#886,.T.);
#2051=EDGE_CURVE('',#1600,#1601,#887,.T.);
#2052=EDGE_CURVE('',#1600,#1602,#888,.T.);
#2053=EDGE_CURVE('',#1602,#1603,#889,.T.);
#2054=EDGE_CURVE('',#1601,#1603,#890,.T.);
#2055=EDGE_CURVE('',#1601,#1604,#891,.T.);
#2056=EDGE_CURVE('',#1603,#1605,#892,.T.);
#2057=EDGE_CURVE('',#1604,#1605,#893,.T.);
#2058=EDGE_CURVE('',#1604,#1606,#894,.T.);
#2059=EDGE_CURVE('',#1605,#1607,#895,.T.);
#2060=EDGE_CURVE('',#1606,#1607,#896,.T.);
#2061=EDGE_CURVE('',#1606,#1608,#897,.T.);
#2062=EDGE_CURVE('',#1607,#1609,#898,.T.);
#2063=EDGE_CURVE('',#1608,#1609,#899,.T.);
#2064=EDGE_CURVE('',#1608,#1610,#900,.T.);
#2065=EDGE_CURVE('',#1609,#1611,#901,.T.);
#2066=EDGE_CURVE('',#1610,#1611,#902,.T.);
#2067=EDGE_CURVE('',#1610,#1612,#903,.T.);
#2068=EDGE_CURVE('',#1611,#1613,#904,.T.);
#2069=EDGE_CURVE('',#1612,#1613,#905,.T.);
#2070=EDGE_CURVE('',#1614,#1600,#906,.T.);
#2071=EDGE_CURVE('',#1614,#1615,#907,.T.);
#2072=EDGE_CURVE('',#1615,#1602,#908,.T.);
#2073=EDGE_CURVE('',#1616,#1614,#909,.T.);
#2074=EDGE_CURVE('',#1616,#1617,#910,.T.);
#2075=EDGE_CURVE('',#1617,#1615,#911,.T.);
#2076=EDGE_CURVE('',#1618,#1616,#912,.T.);
#2077=EDGE_CURVE('',#1618,#1619,#913,.T.);
#2078=EDGE_CURVE('',#1619,#1617,#914,.T.);
#2079=EDGE_CURVE('',#1620,#1618,#915,.T.);
#2080=EDGE_CURVE('',#1620,#1621,#916,.T.);
#2081=EDGE_CURVE('',#1621,#1619,#917,.T.);
#2082=EDGE_CURVE('',#1622,#1620,#918,.T.);
#2083=EDGE_CURVE('',#1622,#1623,#919,.T.);
#2084=EDGE_CURVE('',#1623,#1621,#920,.T.);
#2085=EDGE_CURVE('',#1612,#1622,#921,.T.);
#2086=EDGE_CURVE('',#1613,#1623,#922,.T.);
#2087=EDGE_CURVE('',#1624,#1625,#923,.T.);
#2088=EDGE_CURVE('',#1625,#1626,#924,.T.);
#2089=EDGE_CURVE('',#1626,#1627,#925,.F.);
#2090=EDGE_CURVE('',#1627,#1624,#926,.T.);
#2091=EDGE_CURVE('',#1628,#1627,#927,.T.);
#2092=EDGE_CURVE('',#1628,#1629,#928,.T.);
#2093=EDGE_CURVE('',#1624,#1629,#929,.T.);
#2094=EDGE_CURVE('',#1630,#1631,#930,.T.);
#2095=EDGE_CURVE('',#1630,#1632,#931,.T.);
#2096=EDGE_CURVE('',#1632,#1633,#932,.T.);
#2097=EDGE_CURVE('',#1631,#1633,#933,.T.);
#2098=EDGE_CURVE('',#1634,#1630,#934,.T.);
#2099=EDGE_CURVE('',#1634,#1635,#935,.T.);
#2100=EDGE_CURVE('',#1635,#1632,#936,.T.);
#2101=EDGE_CURVE('',#1636,#1634,#937,.T.);
#2102=EDGE_CURVE('',#1636,#1637,#938,.T.);
#2103=EDGE_CURVE('',#1637,#1635,#939,.T.);
#2104=EDGE_CURVE('',#1638,#1639,#940,.T.);
#2105=EDGE_CURVE('',#1638,#1640,#941,.T.);
#2106=EDGE_CURVE('',#1640,#1641,#942,.T.);
#2107=EDGE_CURVE('',#1639,#1641,#943,.T.);
#2108=EDGE_CURVE('',#1642,#1638,#944,.T.);
#2109=EDGE_CURVE('',#1642,#1643,#945,.T.);
#2110=EDGE_CURVE('',#1643,#1640,#946,.T.);
#2111=EDGE_CURVE('',#1644,#1642,#947,.T.);
#2112=EDGE_CURVE('',#1644,#1645,#948,.T.);
#2113=EDGE_CURVE('',#1645,#1643,#949,.T.);
#2114=EDGE_CURVE('',#1646,#1647,#950,.T.);
#2115=EDGE_CURVE('',#1646,#1648,#951,.T.);
#2116=EDGE_CURVE('',#1648,#1649,#952,.T.);
#2117=EDGE_CURVE('',#1647,#1649,#953,.T.);
#2118=EDGE_CURVE('',#1631,#1646,#954,.T.);
#2119=EDGE_CURVE('',#1633,#1648,#955,.T.);
#2120=EDGE_CURVE('',#1641,#1637,#30,.T.);
#2121=EDGE_CURVE('',#1649,#1645,#31,.T.);
#2122=EDGE_CURVE('',#1650,#1647,#956,.T.);
#2123=EDGE_CURVE('',#1650,#1628,#957,.T.);
#2124=EDGE_CURVE('',#1626,#1651,#958,.T.);
#2125=EDGE_CURVE('',#1651,#1652,#959,.T.);
#2126=EDGE_CURVE('',#1652,#1653,#960,.T.);
#2127=EDGE_CURVE('',#1636,#1653,#961,.T.);
#2128=EDGE_CURVE('',#1644,#1639,#962,.T.);
#2129=EDGE_CURVE('',#1654,#1625,#963,.T.);
#2130=EDGE_CURVE('',#1651,#1654,#964,.T.);
#2131=EDGE_CURVE('',#1655,#1654,#965,.T.);
#2132=EDGE_CURVE('',#1652,#1655,#966,.T.);
#2133=EDGE_CURVE('',#1656,#1655,#967,.T.);
#2134=EDGE_CURVE('',#1653,#1656,#968,.T.);
#2135=EDGE_CURVE('',#1657,#1658,#969,.T.);
#2136=EDGE_CURVE('',#1657,#1659,#970,.T.);
#2137=EDGE_CURVE('',#1660,#1659,#971,.T.);
#2138=EDGE_CURVE('',#1658,#1660,#972,.T.);
#2139=EDGE_CURVE('',#1658,#1661,#973,.T.);
#2140=EDGE_CURVE('',#1662,#1660,#974,.T.);
#2141=EDGE_CURVE('',#1661,#1662,#975,.T.);
#2142=EDGE_CURVE('',#1661,#1663,#976,.T.);
#2143=EDGE_CURVE('',#1664,#1662,#977,.T.);
#2144=EDGE_CURVE('',#1663,#1664,#978,.T.);
#2145=EDGE_CURVE('',#1650,#1665,#979,.T.);
#2146=EDGE_CURVE('',#1629,#1665,#980,.T.);
#2147=EDGE_CURVE('',#1665,#1664,#32,.T.);
#2148=EDGE_CURVE('',#1659,#1656,#33,.T.);
#2149=EDGE_CURVE('',#1657,#1663,#981,.T.);
#2150=EDGE_CURVE('',#1666,#1667,#34,.T.);
#2151=EDGE_CURVE('',#1667,#1668,#982,.T.);
#2152=EDGE_CURVE('',#1668,#1669,#35,.T.);
#2153=EDGE_CURVE('',#1669,#1666,#983,.T.);
#2154=EDGE_CURVE('',#1669,#1670,#36,.T.);
#2155=EDGE_CURVE('',#1670,#1671,#984,.T.);
#2156=EDGE_CURVE('',#1671,#1672,#37,.T.);
#2157=EDGE_CURVE('',#1672,#1669,#985,.T.);
#2158=EDGE_CURVE('',#1668,#1670,#38,.T.);
#2159=EDGE_CURVE('',#1672,#1673,#39,.T.);
#2160=EDGE_CURVE('',#1673,#1674,#986,.T.);
#2161=EDGE_CURVE('',#1674,#1675,#40,.T.);
#2162=EDGE_CURVE('',#1675,#1672,#987,.T.);
#2163=EDGE_CURVE('',#1671,#1673,#41,.T.);
#2164=EDGE_CURVE('',#1675,#1676,#42,.T.);
#2165=EDGE_CURVE('',#1676,#1677,#988,.T.);
#2166=EDGE_CURVE('',#1677,#1666,#43,.T.);
#2167=EDGE_CURVE('',#1666,#1675,#989,.T.);
#2168=EDGE_CURVE('',#1674,#1676,#44,.T.);
#2169=EDGE_CURVE('',#1677,#1667,#45,.T.);
#2170=EDGE_CURVE('',#1678,#1668,#990,.T.);
#2171=EDGE_CURVE('',#1679,#1678,#46,.T.);
#2172=EDGE_CURVE('',#1679,#1670,#991,.T.);
#2173=EDGE_CURVE('',#1680,#1667,#992,.T.);
#2174=EDGE_CURVE('',#1678,#1680,#993,.T.);
#2175=EDGE_CURVE('',#1681,#1677,#994,.T.);
#2176=EDGE_CURVE('',#1680,#1681,#47,.T.);
#2177=EDGE_CURVE('',#1682,#1676,#995,.T.);
#2178=EDGE_CURVE('',#1681,#1682,#996,.T.);
#2179=EDGE_CURVE('',#1683,#1674,#997,.T.);
#2180=EDGE_CURVE('',#1682,#1683,#48,.T.);
#2181=EDGE_CURVE('',#1684,#1673,#998,.T.);
#2182=EDGE_CURVE('',#1683,#1684,#999,.T.);
#2183=EDGE_CURVE('',#1685,#1671,#1000,.T.);
#2184=EDGE_CURVE('',#1684,#1685,#49,.T.);
#2185=EDGE_CURVE('',#1685,#1679,#1001,.T.);
#2186=EDGE_CURVE('',#1657,#1686,#1002,.T.);
#2187=EDGE_CURVE('',#1687,#1686,#50,.T.);
#2188=EDGE_CURVE('',#1653,#1687,#1003,.T.);
#2189=EDGE_CURVE('',#1688,#1687,#1004,.T.);
#2190=EDGE_CURVE('',#1636,#1688,#1005,.T.);
#2191=EDGE_CURVE('',#1689,#1688,#51,.T.);
#2192=EDGE_CURVE('',#1639,#1689,#1006,.T.);
#2193=EDGE_CURVE('',#1690,#1689,#1007,.T.);
#2194=EDGE_CURVE('',#1644,#1690,#1008,.T.);
#2195=EDGE_CURVE('',#1691,#1690,#52,.T.);
#2196=EDGE_CURVE('',#1647,#1691,#1009,.T.);
#2197=EDGE_CURVE('',#1692,#1691,#1010,.T.);
#2198=EDGE_CURVE('',#1650,#1692,#1011,.T.);
#2199=EDGE_CURVE('',#1693,#1692,#53,.T.);
#2200=EDGE_CURVE('',#1663,#1693,#1012,.T.);
#2201=EDGE_CURVE('',#1686,#1693,#1013,.T.);
#2202=ORIENTED_EDGE('',*,*,#1694,.F.);
#2203=ORIENTED_EDGE('',*,*,#1695,.F.);
#2204=ORIENTED_EDGE('',*,*,#1696,.F.);
#2205=ORIENTED_EDGE('',*,*,#1697,.F.);
#2206=ORIENTED_EDGE('',*,*,#1698,.F.);
#2207=ORIENTED_EDGE('',*,*,#1699,.F.);
#2208=ORIENTED_EDGE('',*,*,#1700,.F.);
#2209=ORIENTED_EDGE('',*,*,#1701,.F.);
#2210=ORIENTED_EDGE('',*,*,#1702,.F.);
#2211=ORIENTED_EDGE('',*,*,#1703,.F.);
#2212=ORIENTED_EDGE('',*,*,#1704,.F.);
#2213=ORIENTED_EDGE('',*,*,#1705,.T.);
#2214=ORIENTED_EDGE('',*,*,#1698,.T.);
#2215=ORIENTED_EDGE('',*,*,#1706,.F.);
#2216=ORIENTED_EDGE('',*,*,#1707,.F.);
#2217=ORIENTED_EDGE('',*,*,#1706,.T.);
#2218=ORIENTED_EDGE('',*,*,#1697,.T.);
#2219=ORIENTED_EDGE('',*,*,#1708,.F.);
#2220=ORIENTED_EDGE('',*,*,#1709,.F.);
#2221=ORIENTED_EDGE('',*,*,#1708,.T.);
#2222=ORIENTED_EDGE('',*,*,#1696,.T.);
#2223=ORIENTED_EDGE('',*,*,#1710,.F.);
#2224=ORIENTED_EDGE('',*,*,#1711,.F.);
#2225=ORIENTED_EDGE('',*,*,#1710,.T.);
#2226=ORIENTED_EDGE('',*,*,#1695,.T.);
#2227=ORIENTED_EDGE('',*,*,#1712,.F.);
#2228=ORIENTED_EDGE('',*,*,#1713,.F.);
#2229=ORIENTED_EDGE('',*,*,#1712,.T.);
#2230=ORIENTED_EDGE('',*,*,#1694,.T.);
#2231=ORIENTED_EDGE('',*,*,#1714,.F.);
#2232=ORIENTED_EDGE('',*,*,#1715,.F.);
#2233=ORIENTED_EDGE('',*,*,#1716,.T.);
#2234=ORIENTED_EDGE('',*,*,#1699,.T.);
#2235=ORIENTED_EDGE('',*,*,#1705,.F.);
#2236=ORIENTED_EDGE('',*,*,#1717,.F.);
#2237=ORIENTED_EDGE('',*,*,#1718,.T.);
#2238=ORIENTED_EDGE('',*,*,#1700,.T.);
#2239=ORIENTED_EDGE('',*,*,#1716,.F.);
#2240=ORIENTED_EDGE('',*,*,#1719,.F.);
#2241=ORIENTED_EDGE('',*,*,#1720,.T.);
#2242=ORIENTED_EDGE('',*,*,#1701,.T.);
#2243=ORIENTED_EDGE('',*,*,#1718,.F.);
#2244=ORIENTED_EDGE('',*,*,#1721,.F.);
#2245=ORIENTED_EDGE('',*,*,#1722,.T.);
#2246=ORIENTED_EDGE('',*,*,#1702,.T.);
#2247=ORIENTED_EDGE('',*,*,#1720,.F.);
#2248=ORIENTED_EDGE('',*,*,#1723,.F.);
#2249=ORIENTED_EDGE('',*,*,#1714,.T.);
#2250=ORIENTED_EDGE('',*,*,#1703,.T.);
#2251=ORIENTED_EDGE('',*,*,#1722,.F.);
#2252=ORIENTED_EDGE('',*,*,#1724,.F.);
#2253=ORIENTED_EDGE('',*,*,#1725,.F.);
#2254=ORIENTED_EDGE('',*,*,#1726,.F.);
#2255=ORIENTED_EDGE('',*,*,#1727,.F.);
#2256=ORIENTED_EDGE('',*,*,#1728,.F.);
#2257=ORIENTED_EDGE('',*,*,#1729,.F.);
#2258=ORIENTED_EDGE('',*,*,#1730,.F.);
#2259=ORIENTED_EDGE('',*,*,#1731,.F.);
#2260=ORIENTED_EDGE('',*,*,#1732,.F.);
#2261=ORIENTED_EDGE('',*,*,#1733,.F.);
#2262=ORIENTED_EDGE('',*,*,#1734,.F.);
#2263=ORIENTED_EDGE('',*,*,#1735,.F.);
#2264=ORIENTED_EDGE('',*,*,#1736,.F.);
#2265=ORIENTED_EDGE('',*,*,#1737,.F.);
#2266=ORIENTED_EDGE('',*,*,#1738,.F.);
#2267=ORIENTED_EDGE('',*,*,#1739,.F.);
#2268=ORIENTED_EDGE('',*,*,#1740,.F.);
#2269=ORIENTED_EDGE('',*,*,#1741,.F.);
#2270=ORIENTED_EDGE('',*,*,#1742,.F.);
#2271=ORIENTED_EDGE('',*,*,#1743,.F.);
#2272=ORIENTED_EDGE('',*,*,#1744,.F.);
#2273=ORIENTED_EDGE('',*,*,#1745,.F.);
#2274=ORIENTED_EDGE('',*,*,#1746,.F.);
#2275=ORIENTED_EDGE('',*,*,#1747,.F.);
#2276=ORIENTED_EDGE('',*,*,#1748,.F.);
#2277=ORIENTED_EDGE('',*,*,#1749,.F.);
#2278=ORIENTED_EDGE('',*,*,#1750,.F.);
#2279=ORIENTED_EDGE('',*,*,#1751,.F.);
#2280=ORIENTED_EDGE('',*,*,#1752,.T.);
#2281=ORIENTED_EDGE('',*,*,#1737,.T.);
#2282=ORIENTED_EDGE('',*,*,#1753,.F.);
#2283=ORIENTED_EDGE('',*,*,#1754,.F.);
#2284=ORIENTED_EDGE('',*,*,#1753,.T.);
#2285=ORIENTED_EDGE('',*,*,#1736,.T.);
#2286=ORIENTED_EDGE('',*,*,#1755,.F.);
#2287=ORIENTED_EDGE('',*,*,#1756,.F.);
#2288=ORIENTED_EDGE('',*,*,#1755,.T.);
#2289=ORIENTED_EDGE('',*,*,#1735,.T.);
#2290=ORIENTED_EDGE('',*,*,#1757,.F.);
#2291=ORIENTED_EDGE('',*,*,#1758,.F.);
#2292=ORIENTED_EDGE('',*,*,#1757,.T.);
#2293=ORIENTED_EDGE('',*,*,#1734,.T.);
#2294=ORIENTED_EDGE('',*,*,#1759,.F.);
#2295=ORIENTED_EDGE('',*,*,#1760,.F.);
#2296=ORIENTED_EDGE('',*,*,#1759,.T.);
#2297=ORIENTED_EDGE('',*,*,#1733,.T.);
#2298=ORIENTED_EDGE('',*,*,#1761,.F.);
#2299=ORIENTED_EDGE('',*,*,#1762,.F.);
#2300=ORIENTED_EDGE('',*,*,#1761,.T.);
#2301=ORIENTED_EDGE('',*,*,#1732,.T.);
#2302=ORIENTED_EDGE('',*,*,#1763,.F.);
#2303=ORIENTED_EDGE('',*,*,#1764,.F.);
#2304=ORIENTED_EDGE('',*,*,#1763,.T.);
#2305=ORIENTED_EDGE('',*,*,#1731,.T.);
#2306=ORIENTED_EDGE('',*,*,#1765,.F.);
#2307=ORIENTED_EDGE('',*,*,#1766,.F.);
#2308=ORIENTED_EDGE('',*,*,#1765,.T.);
#2309=ORIENTED_EDGE('',*,*,#1730,.T.);
#2310=ORIENTED_EDGE('',*,*,#1767,.F.);
#2311=ORIENTED_EDGE('',*,*,#1768,.F.);
#2312=ORIENTED_EDGE('',*,*,#1767,.T.);
#2313=ORIENTED_EDGE('',*,*,#1729,.T.);
#2314=ORIENTED_EDGE('',*,*,#1769,.F.);
#2315=ORIENTED_EDGE('',*,*,#1770,.F.);
#2316=ORIENTED_EDGE('',*,*,#1769,.T.);
#2317=ORIENTED_EDGE('',*,*,#1728,.T.);
#2318=ORIENTED_EDGE('',*,*,#1771,.F.);
#2319=ORIENTED_EDGE('',*,*,#1772,.F.);
#2320=ORIENTED_EDGE('',*,*,#1771,.T.);
#2321=ORIENTED_EDGE('',*,*,#1727,.T.);
#2322=ORIENTED_EDGE('',*,*,#1773,.F.);
#2323=ORIENTED_EDGE('',*,*,#1774,.F.);
#2324=ORIENTED_EDGE('',*,*,#1773,.T.);
#2325=ORIENTED_EDGE('',*,*,#1726,.T.);
#2326=ORIENTED_EDGE('',*,*,#1775,.F.);
#2327=ORIENTED_EDGE('',*,*,#1776,.F.);
#2328=ORIENTED_EDGE('',*,*,#1775,.T.);
#2329=ORIENTED_EDGE('',*,*,#1725,.T.);
#2330=ORIENTED_EDGE('',*,*,#1777,.F.);
#2331=ORIENTED_EDGE('',*,*,#1778,.F.);
#2332=ORIENTED_EDGE('',*,*,#1777,.T.);
#2333=ORIENTED_EDGE('',*,*,#1724,.T.);
#2334=ORIENTED_EDGE('',*,*,#1779,.F.);
#2335=ORIENTED_EDGE('',*,*,#1780,.F.);
#2336=ORIENTED_EDGE('',*,*,#1781,.T.);
#2337=ORIENTED_EDGE('',*,*,#1738,.T.);
#2338=ORIENTED_EDGE('',*,*,#1752,.F.);
#2339=ORIENTED_EDGE('',*,*,#1782,.F.);
#2340=ORIENTED_EDGE('',*,*,#1783,.T.);
#2341=ORIENTED_EDGE('',*,*,#1739,.T.);
#2342=ORIENTED_EDGE('',*,*,#1781,.F.);
#2343=ORIENTED_EDGE('',*,*,#1784,.F.);
#2344=ORIENTED_EDGE('',*,*,#1785,.T.);
#2345=ORIENTED_EDGE('',*,*,#1740,.T.);
#2346=ORIENTED_EDGE('',*,*,#1783,.F.);
#2347=ORIENTED_EDGE('',*,*,#1786,.F.);
#2348=ORIENTED_EDGE('',*,*,#1787,.T.);
#2349=ORIENTED_EDGE('',*,*,#1741,.T.);
#2350=ORIENTED_EDGE('',*,*,#1785,.F.);
#2351=ORIENTED_EDGE('',*,*,#1788,.F.);
#2352=ORIENTED_EDGE('',*,*,#1789,.T.);
#2353=ORIENTED_EDGE('',*,*,#1742,.T.);
#2354=ORIENTED_EDGE('',*,*,#1787,.F.);
#2355=ORIENTED_EDGE('',*,*,#1790,.F.);
#2356=ORIENTED_EDGE('',*,*,#1791,.T.);
#2357=ORIENTED_EDGE('',*,*,#1743,.T.);
#2358=ORIENTED_EDGE('',*,*,#1789,.F.);
#2359=ORIENTED_EDGE('',*,*,#1792,.F.);
#2360=ORIENTED_EDGE('',*,*,#1793,.T.);
#2361=ORIENTED_EDGE('',*,*,#1744,.T.);
#2362=ORIENTED_EDGE('',*,*,#1791,.F.);
#2363=ORIENTED_EDGE('',*,*,#1794,.F.);
#2364=ORIENTED_EDGE('',*,*,#1795,.T.);
#2365=ORIENTED_EDGE('',*,*,#1745,.T.);
#2366=ORIENTED_EDGE('',*,*,#1793,.F.);
#2367=ORIENTED_EDGE('',*,*,#1796,.F.);
#2368=ORIENTED_EDGE('',*,*,#1797,.T.);
#2369=ORIENTED_EDGE('',*,*,#1746,.T.);
#2370=ORIENTED_EDGE('',*,*,#1795,.F.);
#2371=ORIENTED_EDGE('',*,*,#1798,.F.);
#2372=ORIENTED_EDGE('',*,*,#1799,.T.);
#2373=ORIENTED_EDGE('',*,*,#1747,.T.);
#2374=ORIENTED_EDGE('',*,*,#1797,.F.);
#2375=ORIENTED_EDGE('',*,*,#1800,.F.);
#2376=ORIENTED_EDGE('',*,*,#1801,.T.);
#2377=ORIENTED_EDGE('',*,*,#1748,.T.);
#2378=ORIENTED_EDGE('',*,*,#1799,.F.);
#2379=ORIENTED_EDGE('',*,*,#1802,.F.);
#2380=ORIENTED_EDGE('',*,*,#1803,.T.);
#2381=ORIENTED_EDGE('',*,*,#1749,.T.);
#2382=ORIENTED_EDGE('',*,*,#1801,.F.);
#2383=ORIENTED_EDGE('',*,*,#1804,.F.);
#2384=ORIENTED_EDGE('',*,*,#1779,.T.);
#2385=ORIENTED_EDGE('',*,*,#1750,.T.);
#2386=ORIENTED_EDGE('',*,*,#1803,.F.);
#2387=ORIENTED_EDGE('',*,*,#1805,.F.);
#2388=ORIENTED_EDGE('',*,*,#1806,.T.);
#2389=ORIENTED_EDGE('',*,*,#1807,.T.);
#2390=ORIENTED_EDGE('',*,*,#1808,.F.);
#2391=ORIENTED_EDGE('',*,*,#1809,.F.);
#2392=ORIENTED_EDGE('',*,*,#1808,.T.);
#2393=ORIENTED_EDGE('',*,*,#1810,.T.);
#2394=ORIENTED_EDGE('',*,*,#1811,.F.);
#2395=ORIENTED_EDGE('',*,*,#1812,.F.);
#2396=ORIENTED_EDGE('',*,*,#1813,.T.);
#2397=ORIENTED_EDGE('',*,*,#1814,.T.);
#2398=ORIENTED_EDGE('',*,*,#1806,.F.);
#2399=ORIENTED_EDGE('',*,*,#1815,.F.);
#2400=ORIENTED_EDGE('',*,*,#1811,.T.);
#2401=ORIENTED_EDGE('',*,*,#1816,.T.);
#2402=ORIENTED_EDGE('',*,*,#1813,.F.);
#2403=ORIENTED_EDGE('',*,*,#1814,.F.);
#2404=ORIENTED_EDGE('',*,*,#1816,.F.);
#2405=ORIENTED_EDGE('',*,*,#1810,.F.);
#2406=ORIENTED_EDGE('',*,*,#1807,.F.);
#2407=ORIENTED_EDGE('',*,*,#1817,.F.);
#2408=ORIENTED_EDGE('',*,*,#1818,.F.);
#2409=ORIENTED_EDGE('',*,*,#1819,.F.);
#2410=ORIENTED_EDGE('',*,*,#1820,.F.);
#2411=ORIENTED_EDGE('',*,*,#1821,.F.);
#2412=ORIENTED_EDGE('',*,*,#1822,.F.);
#2413=ORIENTED_EDGE('',*,*,#1823,.F.);
#2414=ORIENTED_EDGE('',*,*,#1824,.F.);
#2415=ORIENTED_EDGE('',*,*,#1825,.F.);
#2416=ORIENTED_EDGE('',*,*,#1826,.F.);
#2417=ORIENTED_EDGE('',*,*,#1827,.F.);
#2418=ORIENTED_EDGE('',*,*,#1828,.F.);
#2419=ORIENTED_EDGE('',*,*,#1829,.F.);
#2420=ORIENTED_EDGE('',*,*,#1830,.F.);
#2421=ORIENTED_EDGE('',*,*,#1831,.F.);
#2422=ORIENTED_EDGE('',*,*,#1832,.F.);
#2423=ORIENTED_EDGE('',*,*,#1833,.F.);
#2424=ORIENTED_EDGE('',*,*,#1834,.F.);
#2425=ORIENTED_EDGE('',*,*,#1835,.T.);
#2426=ORIENTED_EDGE('',*,*,#1825,.T.);
#2427=ORIENTED_EDGE('',*,*,#1836,.F.);
#2428=ORIENTED_EDGE('',*,*,#1837,.F.);
#2429=ORIENTED_EDGE('',*,*,#1836,.T.);
#2430=ORIENTED_EDGE('',*,*,#1824,.T.);
#2431=ORIENTED_EDGE('',*,*,#1838,.F.);
#2432=ORIENTED_EDGE('',*,*,#1839,.F.);
#2433=ORIENTED_EDGE('',*,*,#1838,.T.);
#2434=ORIENTED_EDGE('',*,*,#1823,.T.);
#2435=ORIENTED_EDGE('',*,*,#1840,.F.);
#2436=ORIENTED_EDGE('',*,*,#1841,.F.);
#2437=ORIENTED_EDGE('',*,*,#1840,.T.);
#2438=ORIENTED_EDGE('',*,*,#1822,.T.);
#2439=ORIENTED_EDGE('',*,*,#1842,.F.);
#2440=ORIENTED_EDGE('',*,*,#1843,.F.);
#2441=ORIENTED_EDGE('',*,*,#1842,.T.);
#2442=ORIENTED_EDGE('',*,*,#1821,.T.);
#2443=ORIENTED_EDGE('',*,*,#1844,.F.);
#2444=ORIENTED_EDGE('',*,*,#1845,.F.);
#2445=ORIENTED_EDGE('',*,*,#1844,.T.);
#2446=ORIENTED_EDGE('',*,*,#1820,.T.);
#2447=ORIENTED_EDGE('',*,*,#1846,.F.);
#2448=ORIENTED_EDGE('',*,*,#1847,.F.);
#2449=ORIENTED_EDGE('',*,*,#1846,.T.);
#2450=ORIENTED_EDGE('',*,*,#1819,.T.);
#2451=ORIENTED_EDGE('',*,*,#1848,.F.);
#2452=ORIENTED_EDGE('',*,*,#1849,.F.);
#2453=ORIENTED_EDGE('',*,*,#1848,.T.);
#2454=ORIENTED_EDGE('',*,*,#1818,.T.);
#2455=ORIENTED_EDGE('',*,*,#1850,.F.);
#2456=ORIENTED_EDGE('',*,*,#1851,.F.);
#2457=ORIENTED_EDGE('',*,*,#1850,.T.);
#2458=ORIENTED_EDGE('',*,*,#1817,.T.);
#2459=ORIENTED_EDGE('',*,*,#1852,.F.);
#2460=ORIENTED_EDGE('',*,*,#1853,.F.);
#2461=ORIENTED_EDGE('',*,*,#1854,.T.);
#2462=ORIENTED_EDGE('',*,*,#1826,.T.);
#2463=ORIENTED_EDGE('',*,*,#1835,.F.);
#2464=ORIENTED_EDGE('',*,*,#1855,.F.);
#2465=ORIENTED_EDGE('',*,*,#1856,.T.);
#2466=ORIENTED_EDGE('',*,*,#1827,.T.);
#2467=ORIENTED_EDGE('',*,*,#1854,.F.);
#2468=ORIENTED_EDGE('',*,*,#1857,.F.);
#2469=ORIENTED_EDGE('',*,*,#1858,.T.);
#2470=ORIENTED_EDGE('',*,*,#1828,.T.);
#2471=ORIENTED_EDGE('',*,*,#1856,.F.);
#2472=ORIENTED_EDGE('',*,*,#1859,.F.);
#2473=ORIENTED_EDGE('',*,*,#1860,.T.);
#2474=ORIENTED_EDGE('',*,*,#1829,.T.);
#2475=ORIENTED_EDGE('',*,*,#1858,.F.);
#2476=ORIENTED_EDGE('',*,*,#1861,.F.);
#2477=ORIENTED_EDGE('',*,*,#1862,.T.);
#2478=ORIENTED_EDGE('',*,*,#1830,.T.);
#2479=ORIENTED_EDGE('',*,*,#1860,.F.);
#2480=ORIENTED_EDGE('',*,*,#1863,.F.);
#2481=ORIENTED_EDGE('',*,*,#1864,.T.);
#2482=ORIENTED_EDGE('',*,*,#1831,.T.);
#2483=ORIENTED_EDGE('',*,*,#1862,.F.);
#2484=ORIENTED_EDGE('',*,*,#1865,.F.);
#2485=ORIENTED_EDGE('',*,*,#1866,.T.);
#2486=ORIENTED_EDGE('',*,*,#1832,.T.);
#2487=ORIENTED_EDGE('',*,*,#1864,.F.);
#2488=ORIENTED_EDGE('',*,*,#1867,.F.);
#2489=ORIENTED_EDGE('',*,*,#1852,.T.);
#2490=ORIENTED_EDGE('',*,*,#1833,.T.);
#2491=ORIENTED_EDGE('',*,*,#1866,.F.);
#2492=ORIENTED_EDGE('',*,*,#1868,.F.);
#2493=ORIENTED_EDGE('',*,*,#1869,.T.);
#2494=ORIENTED_EDGE('',*,*,#1870,.T.);
#2495=ORIENTED_EDGE('',*,*,#1871,.F.);
#2496=ORIENTED_EDGE('',*,*,#1872,.F.);
#2497=ORIENTED_EDGE('',*,*,#1871,.T.);
#2498=ORIENTED_EDGE('',*,*,#1873,.T.);
#2499=ORIENTED_EDGE('',*,*,#1874,.F.);
#2500=ORIENTED_EDGE('',*,*,#1875,.F.);
#2501=ORIENTED_EDGE('',*,*,#1874,.T.);
#2502=ORIENTED_EDGE('',*,*,#1876,.T.);
#2503=ORIENTED_EDGE('',*,*,#1877,.F.);
#2504=ORIENTED_EDGE('',*,*,#1878,.F.);
#2505=ORIENTED_EDGE('',*,*,#1877,.T.);
#2506=ORIENTED_EDGE('',*,*,#1879,.T.);
#2507=ORIENTED_EDGE('',*,*,#1880,.F.);
#2508=ORIENTED_EDGE('',*,*,#1881,.F.);
#2509=ORIENTED_EDGE('',*,*,#1880,.T.);
#2510=ORIENTED_EDGE('',*,*,#1882,.T.);
#2511=ORIENTED_EDGE('',*,*,#1883,.F.);
#2512=ORIENTED_EDGE('',*,*,#1884,.F.);
#2513=ORIENTED_EDGE('',*,*,#1883,.T.);
#2514=ORIENTED_EDGE('',*,*,#1885,.T.);
#2515=ORIENTED_EDGE('',*,*,#1886,.F.);
#2516=ORIENTED_EDGE('',*,*,#1887,.F.);
#2517=ORIENTED_EDGE('',*,*,#1886,.T.);
#2518=ORIENTED_EDGE('',*,*,#1888,.T.);
#2519=ORIENTED_EDGE('',*,*,#1889,.F.);
#2520=ORIENTED_EDGE('',*,*,#1890,.F.);
#2521=ORIENTED_EDGE('',*,*,#1891,.T.);
#2522=ORIENTED_EDGE('',*,*,#1892,.T.);
#2523=ORIENTED_EDGE('',*,*,#1893,.F.);
#2524=ORIENTED_EDGE('',*,*,#1894,.F.);
#2525=ORIENTED_EDGE('',*,*,#1895,.T.);
#2526=ORIENTED_EDGE('',*,*,#1896,.T.);
#2527=ORIENTED_EDGE('',*,*,#1891,.F.);
#2528=ORIENTED_EDGE('',*,*,#1897,.F.);
#2529=ORIENTED_EDGE('',*,*,#1898,.T.);
#2530=ORIENTED_EDGE('',*,*,#1899,.T.);
#2531=ORIENTED_EDGE('',*,*,#1895,.F.);
#2532=ORIENTED_EDGE('',*,*,#1900,.F.);
#2533=ORIENTED_EDGE('',*,*,#1901,.T.);
#2534=ORIENTED_EDGE('',*,*,#1902,.T.);
#2535=ORIENTED_EDGE('',*,*,#1869,.F.);
#2536=ORIENTED_EDGE('',*,*,#1903,.F.);
#2537=ORIENTED_EDGE('',*,*,#1904,.T.);
#2538=ORIENTED_EDGE('',*,*,#1905,.T.);
#2539=ORIENTED_EDGE('',*,*,#1901,.F.);
#2540=ORIENTED_EDGE('',*,*,#1906,.F.);
#2541=ORIENTED_EDGE('',*,*,#1907,.T.);
#2542=ORIENTED_EDGE('',*,*,#1908,.T.);
#2543=ORIENTED_EDGE('',*,*,#1904,.F.);
#2544=ORIENTED_EDGE('',*,*,#1909,.F.);
#2545=ORIENTED_EDGE('',*,*,#1910,.T.);
#2546=ORIENTED_EDGE('',*,*,#1911,.T.);
#2547=ORIENTED_EDGE('',*,*,#1907,.F.);
#2548=ORIENTED_EDGE('',*,*,#1912,.F.);
#2549=ORIENTED_EDGE('',*,*,#1913,.T.);
#2550=ORIENTED_EDGE('',*,*,#1914,.T.);
#2551=ORIENTED_EDGE('',*,*,#1910,.F.);
#2552=ORIENTED_EDGE('',*,*,#1915,.F.);
#2553=ORIENTED_EDGE('',*,*,#1916,.T.);
#2554=ORIENTED_EDGE('',*,*,#1917,.T.);
#2555=ORIENTED_EDGE('',*,*,#1913,.F.);
#2556=ORIENTED_EDGE('',*,*,#1918,.F.);
#2557=ORIENTED_EDGE('',*,*,#1889,.T.);
#2558=ORIENTED_EDGE('',*,*,#1919,.T.);
#2559=ORIENTED_EDGE('',*,*,#1916,.F.);
#2560=ORIENTED_EDGE('',*,*,#1920,.F.);
#2561=ORIENTED_EDGE('',*,*,#1921,.T.);
#2562=ORIENTED_EDGE('',*,*,#1922,.T.);
#2563=ORIENTED_EDGE('',*,*,#1898,.F.);
#2564=ORIENTED_EDGE('',*,*,#1923,.F.);
#2565=ORIENTED_EDGE('',*,*,#1924,.T.);
#2566=ORIENTED_EDGE('',*,*,#1925,.T.);
#2567=ORIENTED_EDGE('',*,*,#1921,.F.);
#2568=ORIENTED_EDGE('',*,*,#1926,.F.);
#2569=ORIENTED_EDGE('',*,*,#1927,.T.);
#2570=ORIENTED_EDGE('',*,*,#1928,.T.);
#2571=ORIENTED_EDGE('',*,*,#1924,.F.);
#2572=ORIENTED_EDGE('',*,*,#1929,.F.);
#2573=ORIENTED_EDGE('',*,*,#1893,.T.);
#2574=ORIENTED_EDGE('',*,*,#1930,.T.);
#2575=ORIENTED_EDGE('',*,*,#1927,.F.);
#2576=ORIENTED_EDGE('',*,*,#1902,.F.);
#2577=ORIENTED_EDGE('',*,*,#1905,.F.);
#2578=ORIENTED_EDGE('',*,*,#1908,.F.);
#2579=ORIENTED_EDGE('',*,*,#1911,.F.);
#2580=ORIENTED_EDGE('',*,*,#1914,.F.);
#2581=ORIENTED_EDGE('',*,*,#1917,.F.);
#2582=ORIENTED_EDGE('',*,*,#1919,.F.);
#2583=ORIENTED_EDGE('',*,*,#1888,.F.);
#2584=ORIENTED_EDGE('',*,*,#1885,.F.);
#2585=ORIENTED_EDGE('',*,*,#1882,.F.);
#2586=ORIENTED_EDGE('',*,*,#1879,.F.);
#2587=ORIENTED_EDGE('',*,*,#1876,.F.);
#2588=ORIENTED_EDGE('',*,*,#1873,.F.);
#2589=ORIENTED_EDGE('',*,*,#1870,.F.);
#2590=ORIENTED_EDGE('',*,*,#1922,.F.);
#2591=ORIENTED_EDGE('',*,*,#1925,.F.);
#2592=ORIENTED_EDGE('',*,*,#1928,.F.);
#2593=ORIENTED_EDGE('',*,*,#1930,.F.);
#2594=ORIENTED_EDGE('',*,*,#1892,.F.);
#2595=ORIENTED_EDGE('',*,*,#1896,.F.);
#2596=ORIENTED_EDGE('',*,*,#1899,.F.);
#2597=ORIENTED_EDGE('',*,*,#1931,.F.);
#2598=ORIENTED_EDGE('',*,*,#1932,.F.);
#2599=ORIENTED_EDGE('',*,*,#1933,.F.);
#2600=ORIENTED_EDGE('',*,*,#1934,.F.);
#2601=ORIENTED_EDGE('',*,*,#1935,.F.);
#2602=ORIENTED_EDGE('',*,*,#1936,.F.);
#2603=ORIENTED_EDGE('',*,*,#1937,.F.);
#2604=ORIENTED_EDGE('',*,*,#1938,.F.);
#2605=ORIENTED_EDGE('',*,*,#1939,.T.);
#2606=ORIENTED_EDGE('',*,*,#1934,.T.);
#2607=ORIENTED_EDGE('',*,*,#1940,.F.);
#2608=ORIENTED_EDGE('',*,*,#1941,.F.);
#2609=ORIENTED_EDGE('',*,*,#1940,.T.);
#2610=ORIENTED_EDGE('',*,*,#1933,.T.);
#2611=ORIENTED_EDGE('',*,*,#1942,.F.);
#2612=ORIENTED_EDGE('',*,*,#1943,.F.);
#2613=ORIENTED_EDGE('',*,*,#1942,.T.);
#2614=ORIENTED_EDGE('',*,*,#1932,.T.);
#2615=ORIENTED_EDGE('',*,*,#1944,.F.);
#2616=ORIENTED_EDGE('',*,*,#1945,.F.);
#2617=ORIENTED_EDGE('',*,*,#1944,.T.);
#2618=ORIENTED_EDGE('',*,*,#1931,.T.);
#2619=ORIENTED_EDGE('',*,*,#1946,.F.);
#2620=ORIENTED_EDGE('',*,*,#1947,.F.);
#2621=ORIENTED_EDGE('',*,*,#1948,.T.);
#2622=ORIENTED_EDGE('',*,*,#1935,.T.);
#2623=ORIENTED_EDGE('',*,*,#1939,.F.);
#2624=ORIENTED_EDGE('',*,*,#1949,.F.);
#2625=ORIENTED_EDGE('',*,*,#1950,.T.);
#2626=ORIENTED_EDGE('',*,*,#1936,.T.);
#2627=ORIENTED_EDGE('',*,*,#1948,.F.);
#2628=ORIENTED_EDGE('',*,*,#1951,.F.);
#2629=ORIENTED_EDGE('',*,*,#1946,.T.);
#2630=ORIENTED_EDGE('',*,*,#1937,.T.);
#2631=ORIENTED_EDGE('',*,*,#1950,.F.);
#2632=ORIENTED_EDGE('',*,*,#1952,.F.);
#2633=ORIENTED_EDGE('',*,*,#1953,.T.);
#2634=ORIENTED_EDGE('',*,*,#1954,.T.);
#2635=ORIENTED_EDGE('',*,*,#1955,.F.);
#2636=ORIENTED_EDGE('',*,*,#1956,.F.);
#2637=ORIENTED_EDGE('',*,*,#1955,.T.);
#2638=ORIENTED_EDGE('',*,*,#1957,.T.);
#2639=ORIENTED_EDGE('',*,*,#1958,.F.);
#2640=ORIENTED_EDGE('',*,*,#1959,.F.);
#2641=ORIENTED_EDGE('',*,*,#1958,.T.);
#2642=ORIENTED_EDGE('',*,*,#1960,.T.);
#2643=ORIENTED_EDGE('',*,*,#1961,.F.);
#2644=ORIENTED_EDGE('',*,*,#1962,.F.);
#2645=ORIENTED_EDGE('',*,*,#1961,.T.);
#2646=ORIENTED_EDGE('',*,*,#1963,.T.);
#2647=ORIENTED_EDGE('',*,*,#1964,.F.);
#2648=ORIENTED_EDGE('',*,*,#1965,.F.);
#2649=ORIENTED_EDGE('',*,*,#1964,.T.);
#2650=ORIENTED_EDGE('',*,*,#1966,.T.);
#2651=ORIENTED_EDGE('',*,*,#1967,.F.);
#2652=ORIENTED_EDGE('',*,*,#1968,.F.);
#2653=ORIENTED_EDGE('',*,*,#1969,.T.);
#2654=ORIENTED_EDGE('',*,*,#1970,.T.);
#2655=ORIENTED_EDGE('',*,*,#1971,.F.);
#2656=ORIENTED_EDGE('',*,*,#1972,.F.);
#2657=ORIENTED_EDGE('',*,*,#1973,.T.);
#2658=ORIENTED_EDGE('',*,*,#1974,.T.);
#2659=ORIENTED_EDGE('',*,*,#1969,.F.);
#2660=ORIENTED_EDGE('',*,*,#1975,.F.);
#2661=ORIENTED_EDGE('',*,*,#1976,.T.);
#2662=ORIENTED_EDGE('',*,*,#1977,.T.);
#2663=ORIENTED_EDGE('',*,*,#1978,.F.);
#2664=ORIENTED_EDGE('',*,*,#1979,.F.);
#2665=ORIENTED_EDGE('',*,*,#1980,.T.);
#2666=ORIENTED_EDGE('',*,*,#1981,.T.);
#2667=ORIENTED_EDGE('',*,*,#1976,.F.);
#2668=ORIENTED_EDGE('',*,*,#1982,.F.);
#2669=ORIENTED_EDGE('',*,*,#1983,.T.);
#2670=ORIENTED_EDGE('',*,*,#1984,.T.);
#2671=ORIENTED_EDGE('',*,*,#1953,.F.);
#2672=ORIENTED_EDGE('',*,*,#1985,.F.);
#2673=ORIENTED_EDGE('',*,*,#1986,.T.);
#2674=ORIENTED_EDGE('',*,*,#1987,.T.);
#2675=ORIENTED_EDGE('',*,*,#1983,.F.);
#2676=ORIENTED_EDGE('',*,*,#1988,.F.);
#2677=ORIENTED_EDGE('',*,*,#1989,.T.);
#2678=ORIENTED_EDGE('',*,*,#1990,.T.);
#2679=ORIENTED_EDGE('',*,*,#1986,.F.);
#2680=ORIENTED_EDGE('',*,*,#1991,.F.);
#2681=ORIENTED_EDGE('',*,*,#1992,.T.);
#2682=ORIENTED_EDGE('',*,*,#1993,.T.);
#2683=ORIENTED_EDGE('',*,*,#1989,.F.);
#2684=ORIENTED_EDGE('',*,*,#1994,.F.);
#2685=ORIENTED_EDGE('',*,*,#1995,.T.);
#2686=ORIENTED_EDGE('',*,*,#1996,.T.);
#2687=ORIENTED_EDGE('',*,*,#1992,.F.);
#2688=ORIENTED_EDGE('',*,*,#1997,.F.);
#2689=ORIENTED_EDGE('',*,*,#1967,.T.);
#2690=ORIENTED_EDGE('',*,*,#1998,.T.);
#2691=ORIENTED_EDGE('',*,*,#1995,.F.);
#2692=ORIENTED_EDGE('',*,*,#1999,.F.);
#2693=ORIENTED_EDGE('',*,*,#2000,.T.);
#2694=ORIENTED_EDGE('',*,*,#2001,.T.);
#2695=ORIENTED_EDGE('',*,*,#1973,.F.);
#2696=ORIENTED_EDGE('',*,*,#2002,.F.);
#2697=ORIENTED_EDGE('',*,*,#2003,.T.);
#2698=ORIENTED_EDGE('',*,*,#2004,.T.);
#2699=ORIENTED_EDGE('',*,*,#2000,.F.);
#2700=ORIENTED_EDGE('',*,*,#2005,.F.);
#2701=ORIENTED_EDGE('',*,*,#1971,.T.);
#2702=ORIENTED_EDGE('',*,*,#2006,.T.);
#2703=ORIENTED_EDGE('',*,*,#2003,.F.);
#2704=ORIENTED_EDGE('',*,*,#2007,.F.);
#2705=ORIENTED_EDGE('',*,*,#2008,.T.);
#2706=ORIENTED_EDGE('',*,*,#2009,.T.);
#2707=ORIENTED_EDGE('',*,*,#1980,.F.);
#2708=ORIENTED_EDGE('',*,*,#2010,.F.);
#2709=ORIENTED_EDGE('',*,*,#2011,.T.);
#2710=ORIENTED_EDGE('',*,*,#2012,.T.);
#2711=ORIENTED_EDGE('',*,*,#2008,.F.);
#2712=ORIENTED_EDGE('',*,*,#2013,.F.);
#2713=ORIENTED_EDGE('',*,*,#1978,.T.);
#2714=ORIENTED_EDGE('',*,*,#2014,.T.);
#2715=ORIENTED_EDGE('',*,*,#2011,.F.);
#2716=ORIENTED_EDGE('',*,*,#1984,.F.);
#2717=ORIENTED_EDGE('',*,*,#1987,.F.);
#2718=ORIENTED_EDGE('',*,*,#1990,.F.);
#2719=ORIENTED_EDGE('',*,*,#1993,.F.);
#2720=ORIENTED_EDGE('',*,*,#1996,.F.);
#2721=ORIENTED_EDGE('',*,*,#1998,.F.);
#2722=ORIENTED_EDGE('',*,*,#1966,.F.);
#2723=ORIENTED_EDGE('',*,*,#1963,.F.);
#2724=ORIENTED_EDGE('',*,*,#1960,.F.);
#2725=ORIENTED_EDGE('',*,*,#1957,.F.);
#2726=ORIENTED_EDGE('',*,*,#1954,.F.);
#2727=ORIENTED_EDGE('',*,*,#2001,.F.);
#2728=ORIENTED_EDGE('',*,*,#2004,.F.);
#2729=ORIENTED_EDGE('',*,*,#2006,.F.);
#2730=ORIENTED_EDGE('',*,*,#1970,.F.);
#2731=ORIENTED_EDGE('',*,*,#1974,.F.);
#2732=ORIENTED_EDGE('',*,*,#2009,.F.);
#2733=ORIENTED_EDGE('',*,*,#2012,.F.);
#2734=ORIENTED_EDGE('',*,*,#2014,.F.);
#2735=ORIENTED_EDGE('',*,*,#1977,.F.);
#2736=ORIENTED_EDGE('',*,*,#1981,.F.);
#2737=ORIENTED_EDGE('',*,*,#2015,.F.);
#2738=ORIENTED_EDGE('',*,*,#2016,.F.);
#2739=ORIENTED_EDGE('',*,*,#2017,.F.);
#2740=ORIENTED_EDGE('',*,*,#2018,.F.);
#2741=ORIENTED_EDGE('',*,*,#2019,.F.);
#2742=ORIENTED_EDGE('',*,*,#2020,.F.);
#2743=ORIENTED_EDGE('',*,*,#2021,.F.);
#2744=ORIENTED_EDGE('',*,*,#2022,.F.);
#2745=ORIENTED_EDGE('',*,*,#2023,.F.);
#2746=ORIENTED_EDGE('',*,*,#2024,.F.);
#2747=ORIENTED_EDGE('',*,*,#2025,.F.);
#2748=ORIENTED_EDGE('',*,*,#2026,.F.);
#2749=ORIENTED_EDGE('',*,*,#2027,.F.);
#2750=ORIENTED_EDGE('',*,*,#2028,.T.);
#2751=ORIENTED_EDGE('',*,*,#2020,.T.);
#2752=ORIENTED_EDGE('',*,*,#2029,.F.);
#2753=ORIENTED_EDGE('',*,*,#2030,.F.);
#2754=ORIENTED_EDGE('',*,*,#2029,.T.);
#2755=ORIENTED_EDGE('',*,*,#2019,.T.);
#2756=ORIENTED_EDGE('',*,*,#2031,.F.);
#2757=ORIENTED_EDGE('',*,*,#2032,.F.);
#2758=ORIENTED_EDGE('',*,*,#2031,.T.);
#2759=ORIENTED_EDGE('',*,*,#2018,.T.);
#2760=ORIENTED_EDGE('',*,*,#2033,.F.);
#2761=ORIENTED_EDGE('',*,*,#2034,.F.);
#2762=ORIENTED_EDGE('',*,*,#2033,.T.);
#2763=ORIENTED_EDGE('',*,*,#2017,.T.);
#2764=ORIENTED_EDGE('',*,*,#2035,.F.);
#2765=ORIENTED_EDGE('',*,*,#2036,.F.);
#2766=ORIENTED_EDGE('',*,*,#2035,.T.);
#2767=ORIENTED_EDGE('',*,*,#2016,.T.);
#2768=ORIENTED_EDGE('',*,*,#2037,.F.);
#2769=ORIENTED_EDGE('',*,*,#2038,.F.);
#2770=ORIENTED_EDGE('',*,*,#2037,.T.);
#2771=ORIENTED_EDGE('',*,*,#2015,.T.);
#2772=ORIENTED_EDGE('',*,*,#2039,.F.);
#2773=ORIENTED_EDGE('',*,*,#2040,.F.);
#2774=ORIENTED_EDGE('',*,*,#2041,.T.);
#2775=ORIENTED_EDGE('',*,*,#2021,.T.);
#2776=ORIENTED_EDGE('',*,*,#2028,.F.);
#2777=ORIENTED_EDGE('',*,*,#2042,.F.);
#2778=ORIENTED_EDGE('',*,*,#2043,.T.);
#2779=ORIENTED_EDGE('',*,*,#2022,.T.);
#2780=ORIENTED_EDGE('',*,*,#2041,.F.);
#2781=ORIENTED_EDGE('',*,*,#2044,.F.);
#2782=ORIENTED_EDGE('',*,*,#2045,.T.);
#2783=ORIENTED_EDGE('',*,*,#2023,.T.);
#2784=ORIENTED_EDGE('',*,*,#2043,.F.);
#2785=ORIENTED_EDGE('',*,*,#2046,.F.);
#2786=ORIENTED_EDGE('',*,*,#2047,.T.);
#2787=ORIENTED_EDGE('',*,*,#2024,.T.);
#2788=ORIENTED_EDGE('',*,*,#2045,.F.);
#2789=ORIENTED_EDGE('',*,*,#2048,.F.);
#2790=ORIENTED_EDGE('',*,*,#2049,.T.);
#2791=ORIENTED_EDGE('',*,*,#2025,.T.);
#2792=ORIENTED_EDGE('',*,*,#2047,.F.);
#2793=ORIENTED_EDGE('',*,*,#2050,.F.);
#2794=ORIENTED_EDGE('',*,*,#2039,.T.);
#2795=ORIENTED_EDGE('',*,*,#2026,.T.);
#2796=ORIENTED_EDGE('',*,*,#2049,.F.);
#2797=ORIENTED_EDGE('',*,*,#2051,.F.);
#2798=ORIENTED_EDGE('',*,*,#2052,.T.);
#2799=ORIENTED_EDGE('',*,*,#2053,.T.);
#2800=ORIENTED_EDGE('',*,*,#2054,.F.);
#2801=ORIENTED_EDGE('',*,*,#2055,.F.);
#2802=ORIENTED_EDGE('',*,*,#2054,.T.);
#2803=ORIENTED_EDGE('',*,*,#2056,.T.);
#2804=ORIENTED_EDGE('',*,*,#2057,.F.);
#2805=ORIENTED_EDGE('',*,*,#2058,.F.);
#2806=ORIENTED_EDGE('',*,*,#2057,.T.);
#2807=ORIENTED_EDGE('',*,*,#2059,.T.);
#2808=ORIENTED_EDGE('',*,*,#2060,.F.);
#2809=ORIENTED_EDGE('',*,*,#2061,.F.);
#2810=ORIENTED_EDGE('',*,*,#2060,.T.);
#2811=ORIENTED_EDGE('',*,*,#2062,.T.);
#2812=ORIENTED_EDGE('',*,*,#2063,.F.);
#2813=ORIENTED_EDGE('',*,*,#2064,.F.);
#2814=ORIENTED_EDGE('',*,*,#2063,.T.);
#2815=ORIENTED_EDGE('',*,*,#2065,.T.);
#2816=ORIENTED_EDGE('',*,*,#2066,.F.);
#2817=ORIENTED_EDGE('',*,*,#2067,.F.);
#2818=ORIENTED_EDGE('',*,*,#2066,.T.);
#2819=ORIENTED_EDGE('',*,*,#2068,.T.);
#2820=ORIENTED_EDGE('',*,*,#2069,.F.);
#2821=ORIENTED_EDGE('',*,*,#2070,.F.);
#2822=ORIENTED_EDGE('',*,*,#2071,.T.);
#2823=ORIENTED_EDGE('',*,*,#2072,.T.);
#2824=ORIENTED_EDGE('',*,*,#2052,.F.);
#2825=ORIENTED_EDGE('',*,*,#2073,.F.);
#2826=ORIENTED_EDGE('',*,*,#2074,.T.);
#2827=ORIENTED_EDGE('',*,*,#2075,.T.);
#2828=ORIENTED_EDGE('',*,*,#2071,.F.);
#2829=ORIENTED_EDGE('',*,*,#2076,.F.);
#2830=ORIENTED_EDGE('',*,*,#2077,.T.);
#2831=ORIENTED_EDGE('',*,*,#2078,.T.);
#2832=ORIENTED_EDGE('',*,*,#2074,.F.);
#2833=ORIENTED_EDGE('',*,*,#2079,.F.);
#2834=ORIENTED_EDGE('',*,*,#2080,.T.);
#2835=ORIENTED_EDGE('',*,*,#2081,.T.);
#2836=ORIENTED_EDGE('',*,*,#2077,.F.);
#2837=ORIENTED_EDGE('',*,*,#2082,.F.);
#2838=ORIENTED_EDGE('',*,*,#2083,.T.);
#2839=ORIENTED_EDGE('',*,*,#2084,.T.);
#2840=ORIENTED_EDGE('',*,*,#2080,.F.);
#2841=ORIENTED_EDGE('',*,*,#2085,.F.);
#2842=ORIENTED_EDGE('',*,*,#2069,.T.);
#2843=ORIENTED_EDGE('',*,*,#2086,.T.);
#2844=ORIENTED_EDGE('',*,*,#2083,.F.);
#2845=ORIENTED_EDGE('',*,*,#2072,.F.);
#2846=ORIENTED_EDGE('',*,*,#2075,.F.);
#2847=ORIENTED_EDGE('',*,*,#2078,.F.);
#2848=ORIENTED_EDGE('',*,*,#2081,.F.);
#2849=ORIENTED_EDGE('',*,*,#2084,.F.);
#2850=ORIENTED_EDGE('',*,*,#2086,.F.);
#2851=ORIENTED_EDGE('',*,*,#2068,.F.);
#2852=ORIENTED_EDGE('',*,*,#2065,.F.);
#2853=ORIENTED_EDGE('',*,*,#2062,.F.);
#2854=ORIENTED_EDGE('',*,*,#2059,.F.);
#2855=ORIENTED_EDGE('',*,*,#2056,.F.);
#2856=ORIENTED_EDGE('',*,*,#2053,.F.);
#2857=ORIENTED_EDGE('',*,*,#1975,.T.);
#2858=ORIENTED_EDGE('',*,*,#2013,.T.);
#2859=ORIENTED_EDGE('',*,*,#2010,.T.);
#2860=ORIENTED_EDGE('',*,*,#2007,.T.);
#2861=ORIENTED_EDGE('',*,*,#1979,.T.);
#2862=ORIENTED_EDGE('',*,*,#1968,.T.);
#2863=ORIENTED_EDGE('',*,*,#2005,.T.);
#2864=ORIENTED_EDGE('',*,*,#2002,.T.);
#2865=ORIENTED_EDGE('',*,*,#1999,.T.);
#2866=ORIENTED_EDGE('',*,*,#1972,.T.);
#2867=ORIENTED_EDGE('',*,*,#1890,.T.);
#2868=ORIENTED_EDGE('',*,*,#1929,.T.);
#2869=ORIENTED_EDGE('',*,*,#1926,.T.);
#2870=ORIENTED_EDGE('',*,*,#1923,.T.);
#2871=ORIENTED_EDGE('',*,*,#1920,.T.);
#2872=ORIENTED_EDGE('',*,*,#1897,.T.);
#2873=ORIENTED_EDGE('',*,*,#1894,.T.);
#2874=ORIENTED_EDGE('',*,*,#2087,.T.);
#2875=ORIENTED_EDGE('',*,*,#2088,.T.);
#2876=ORIENTED_EDGE('',*,*,#2089,.T.);
#2877=ORIENTED_EDGE('',*,*,#2090,.T.);
#2878=ORIENTED_EDGE('',*,*,#2090,.F.);
#2879=ORIENTED_EDGE('',*,*,#2091,.F.);
#2880=ORIENTED_EDGE('',*,*,#2092,.T.);
#2881=ORIENTED_EDGE('',*,*,#2093,.F.);
#2882=ORIENTED_EDGE('',*,*,#2094,.F.);
#2883=ORIENTED_EDGE('',*,*,#2095,.T.);
#2884=ORIENTED_EDGE('',*,*,#2096,.T.);
#2885=ORIENTED_EDGE('',*,*,#2097,.F.);
#2886=ORIENTED_EDGE('',*,*,#2098,.F.);
#2887=ORIENTED_EDGE('',*,*,#2099,.T.);
#2888=ORIENTED_EDGE('',*,*,#2100,.T.);
#2889=ORIENTED_EDGE('',*,*,#2095,.F.);
#2890=ORIENTED_EDGE('',*,*,#2101,.F.);
#2891=ORIENTED_EDGE('',*,*,#2102,.T.);
#2892=ORIENTED_EDGE('',*,*,#2103,.T.);
#2893=ORIENTED_EDGE('',*,*,#2099,.F.);
#2894=ORIENTED_EDGE('',*,*,#2104,.F.);
#2895=ORIENTED_EDGE('',*,*,#2105,.T.);
#2896=ORIENTED_EDGE('',*,*,#2106,.T.);
#2897=ORIENTED_EDGE('',*,*,#2107,.F.);
#2898=ORIENTED_EDGE('',*,*,#2108,.F.);
#2899=ORIENTED_EDGE('',*,*,#2109,.T.);
#2900=ORIENTED_EDGE('',*,*,#2110,.T.);
#2901=ORIENTED_EDGE('',*,*,#2105,.F.);
#2902=ORIENTED_EDGE('',*,*,#2111,.F.);
#2903=ORIENTED_EDGE('',*,*,#2112,.T.);
#2904=ORIENTED_EDGE('',*,*,#2113,.T.);
#2905=ORIENTED_EDGE('',*,*,#2109,.F.);
#2906=ORIENTED_EDGE('',*,*,#2114,.F.);
#2907=ORIENTED_EDGE('',*,*,#2115,.T.);
#2908=ORIENTED_EDGE('',*,*,#2116,.T.);
#2909=ORIENTED_EDGE('',*,*,#2117,.F.);
#2910=ORIENTED_EDGE('',*,*,#2118,.F.);
#2911=ORIENTED_EDGE('',*,*,#2097,.T.);
#2912=ORIENTED_EDGE('',*,*,#2119,.T.);
#2913=ORIENTED_EDGE('',*,*,#2115,.F.);
#2914=ORIENTED_EDGE('',*,*,#2119,.F.);
#2915=ORIENTED_EDGE('',*,*,#2096,.F.);
#2916=ORIENTED_EDGE('',*,*,#2100,.F.);
#2917=ORIENTED_EDGE('',*,*,#2103,.F.);
#2918=ORIENTED_EDGE('',*,*,#2120,.F.);
#2919=ORIENTED_EDGE('',*,*,#2106,.F.);
#2920=ORIENTED_EDGE('',*,*,#2110,.F.);
#2921=ORIENTED_EDGE('',*,*,#2113,.F.);
#2922=ORIENTED_EDGE('',*,*,#2121,.F.);
#2923=ORIENTED_EDGE('',*,*,#2116,.F.);
#2924=ORIENTED_EDGE('',*,*,#2114,.T.);
#2925=ORIENTED_EDGE('',*,*,#2122,.F.);
#2926=ORIENTED_EDGE('',*,*,#2123,.T.);
#2927=ORIENTED_EDGE('',*,*,#2091,.T.);
#2928=ORIENTED_EDGE('',*,*,#2089,.F.);
#2929=ORIENTED_EDGE('',*,*,#2124,.T.);
#2930=ORIENTED_EDGE('',*,*,#2125,.T.);
#2931=ORIENTED_EDGE('',*,*,#2126,.T.);
#2932=ORIENTED_EDGE('',*,*,#2127,.F.);
#2933=ORIENTED_EDGE('',*,*,#2101,.T.);
#2934=ORIENTED_EDGE('',*,*,#2098,.T.);
#2935=ORIENTED_EDGE('',*,*,#2094,.T.);
#2936=ORIENTED_EDGE('',*,*,#2118,.T.);
#2937=ORIENTED_EDGE('',*,*,#2111,.T.);
#2938=ORIENTED_EDGE('',*,*,#2108,.T.);
#2939=ORIENTED_EDGE('',*,*,#2104,.T.);
#2940=ORIENTED_EDGE('',*,*,#2128,.F.);
#2941=ORIENTED_EDGE('',*,*,#2088,.F.);
#2942=ORIENTED_EDGE('',*,*,#2129,.F.);
#2943=ORIENTED_EDGE('',*,*,#2130,.F.);
#2944=ORIENTED_EDGE('',*,*,#2124,.F.);
#2945=ORIENTED_EDGE('',*,*,#2125,.F.);
#2946=ORIENTED_EDGE('',*,*,#2130,.T.);
#2947=ORIENTED_EDGE('',*,*,#2131,.F.);
#2948=ORIENTED_EDGE('',*,*,#2132,.F.);
#2949=ORIENTED_EDGE('',*,*,#2126,.F.);
#2950=ORIENTED_EDGE('',*,*,#2132,.T.);
#2951=ORIENTED_EDGE('',*,*,#2133,.F.);
#2952=ORIENTED_EDGE('',*,*,#2134,.F.);
#2953=ORIENTED_EDGE('',*,*,#2135,.F.);
#2954=ORIENTED_EDGE('',*,*,#2136,.T.);
#2955=ORIENTED_EDGE('',*,*,#2137,.F.);
#2956=ORIENTED_EDGE('',*,*,#2138,.F.);
#2957=ORIENTED_EDGE('',*,*,#2139,.F.);
#2958=ORIENTED_EDGE('',*,*,#2138,.T.);
#2959=ORIENTED_EDGE('',*,*,#2140,.F.);
#2960=ORIENTED_EDGE('',*,*,#2141,.F.);
#2961=ORIENTED_EDGE('',*,*,#2142,.F.);
#2962=ORIENTED_EDGE('',*,*,#2141,.T.);
#2963=ORIENTED_EDGE('',*,*,#2143,.F.);
#2964=ORIENTED_EDGE('',*,*,#2144,.F.);
#2965=ORIENTED_EDGE('',*,*,#2123,.F.);
#2966=ORIENTED_EDGE('',*,*,#2145,.T.);
#2967=ORIENTED_EDGE('',*,*,#2146,.F.);
#2968=ORIENTED_EDGE('',*,*,#2092,.F.);
#2969=ORIENTED_EDGE('',*,*,#2087,.F.);
#2970=ORIENTED_EDGE('',*,*,#2093,.T.);
#2971=ORIENTED_EDGE('',*,*,#2146,.T.);
#2972=ORIENTED_EDGE('',*,*,#2147,.T.);
#2973=ORIENTED_EDGE('',*,*,#2143,.T.);
#2974=ORIENTED_EDGE('',*,*,#2140,.T.);
#2975=ORIENTED_EDGE('',*,*,#2137,.T.);
#2976=ORIENTED_EDGE('',*,*,#2148,.T.);
#2977=ORIENTED_EDGE('',*,*,#2133,.T.);
#2978=ORIENTED_EDGE('',*,*,#2131,.T.);
#2979=ORIENTED_EDGE('',*,*,#2129,.T.);
#2980=ORIENTED_EDGE('',*,*,#2135,.T.);
#2981=ORIENTED_EDGE('',*,*,#2139,.T.);
#2982=ORIENTED_EDGE('',*,*,#2142,.T.);
#2983=ORIENTED_EDGE('',*,*,#2149,.F.);
#2984=ORIENTED_EDGE('',*,*,#2150,.T.);
#2985=ORIENTED_EDGE('',*,*,#2151,.T.);
#2986=ORIENTED_EDGE('',*,*,#2152,.T.);
#2987=ORIENTED_EDGE('',*,*,#2153,.T.);
#2988=ORIENTED_EDGE('',*,*,#2154,.T.);
#2989=ORIENTED_EDGE('',*,*,#2155,.T.);
#2990=ORIENTED_EDGE('',*,*,#2156,.T.);
#2991=ORIENTED_EDGE('',*,*,#2157,.T.);
#2992=ORIENTED_EDGE('',*,*,#2154,.F.);
#2993=ORIENTED_EDGE('',*,*,#2152,.F.);
#2994=ORIENTED_EDGE('',*,*,#2158,.T.);
#2995=ORIENTED_EDGE('',*,*,#2159,.T.);
#2996=ORIENTED_EDGE('',*,*,#2160,.T.);
#2997=ORIENTED_EDGE('',*,*,#2161,.T.);
#2998=ORIENTED_EDGE('',*,*,#2162,.T.);
#2999=ORIENTED_EDGE('',*,*,#2159,.F.);
#3000=ORIENTED_EDGE('',*,*,#2156,.F.);
#3001=ORIENTED_EDGE('',*,*,#2163,.T.);
#3002=ORIENTED_EDGE('',*,*,#2164,.T.);
#3003=ORIENTED_EDGE('',*,*,#2165,.T.);
#3004=ORIENTED_EDGE('',*,*,#2166,.T.);
#3005=ORIENTED_EDGE('',*,*,#2167,.T.);
#3006=ORIENTED_EDGE('',*,*,#2164,.F.);
#3007=ORIENTED_EDGE('',*,*,#2161,.F.);
#3008=ORIENTED_EDGE('',*,*,#2168,.T.);
#3009=ORIENTED_EDGE('',*,*,#2150,.F.);
#3010=ORIENTED_EDGE('',*,*,#2166,.F.);
#3011=ORIENTED_EDGE('',*,*,#2169,.T.);
#3012=ORIENTED_EDGE('',*,*,#2158,.F.);
#3013=ORIENTED_EDGE('',*,*,#2170,.F.);
#3014=ORIENTED_EDGE('',*,*,#2171,.F.);
#3015=ORIENTED_EDGE('',*,*,#2172,.T.);
#3016=ORIENTED_EDGE('',*,*,#2151,.F.);
#3017=ORIENTED_EDGE('',*,*,#2173,.F.);
#3018=ORIENTED_EDGE('',*,*,#2174,.F.);
#3019=ORIENTED_EDGE('',*,*,#2170,.T.);
#3020=ORIENTED_EDGE('',*,*,#2169,.F.);
#3021=ORIENTED_EDGE('',*,*,#2175,.F.);
#3022=ORIENTED_EDGE('',*,*,#2176,.F.);
#3023=ORIENTED_EDGE('',*,*,#2173,.T.);
#3024=ORIENTED_EDGE('',*,*,#2165,.F.);
#3025=ORIENTED_EDGE('',*,*,#2177,.F.);
#3026=ORIENTED_EDGE('',*,*,#2178,.F.);
#3027=ORIENTED_EDGE('',*,*,#2175,.T.);
#3028=ORIENTED_EDGE('',*,*,#2153,.F.);
#3029=ORIENTED_EDGE('',*,*,#2157,.F.);
#3030=ORIENTED_EDGE('',*,*,#2162,.F.);
#3031=ORIENTED_EDGE('',*,*,#2167,.F.);
#3032=ORIENTED_EDGE('',*,*,#1704,.T.);
#3033=ORIENTED_EDGE('',*,*,#1707,.T.);
#3034=ORIENTED_EDGE('',*,*,#1709,.T.);
#3035=ORIENTED_EDGE('',*,*,#1711,.T.);
#3036=ORIENTED_EDGE('',*,*,#1713,.T.);
#3037=ORIENTED_EDGE('',*,*,#1723,.T.);
#3038=ORIENTED_EDGE('',*,*,#1721,.T.);
#3039=ORIENTED_EDGE('',*,*,#1719,.T.);
#3040=ORIENTED_EDGE('',*,*,#1717,.T.);
#3041=ORIENTED_EDGE('',*,*,#1715,.T.);
#3042=ORIENTED_EDGE('',*,*,#1751,.T.);
#3043=ORIENTED_EDGE('',*,*,#1754,.T.);
#3044=ORIENTED_EDGE('',*,*,#1756,.T.);
#3045=ORIENTED_EDGE('',*,*,#1758,.T.);
#3046=ORIENTED_EDGE('',*,*,#1760,.T.);
#3047=ORIENTED_EDGE('',*,*,#1762,.T.);
#3048=ORIENTED_EDGE('',*,*,#1764,.T.);
#3049=ORIENTED_EDGE('',*,*,#1766,.T.);
#3050=ORIENTED_EDGE('',*,*,#1768,.T.);
#3051=ORIENTED_EDGE('',*,*,#1770,.T.);
#3052=ORIENTED_EDGE('',*,*,#1772,.T.);
#3053=ORIENTED_EDGE('',*,*,#1774,.T.);
#3054=ORIENTED_EDGE('',*,*,#1776,.T.);
#3055=ORIENTED_EDGE('',*,*,#1778,.T.);
#3056=ORIENTED_EDGE('',*,*,#1804,.T.);
#3057=ORIENTED_EDGE('',*,*,#1802,.T.);
#3058=ORIENTED_EDGE('',*,*,#1800,.T.);
#3059=ORIENTED_EDGE('',*,*,#1798,.T.);
#3060=ORIENTED_EDGE('',*,*,#1796,.T.);
#3061=ORIENTED_EDGE('',*,*,#1794,.T.);
#3062=ORIENTED_EDGE('',*,*,#1792,.T.);
#3063=ORIENTED_EDGE('',*,*,#1790,.T.);
#3064=ORIENTED_EDGE('',*,*,#1788,.T.);
#3065=ORIENTED_EDGE('',*,*,#1786,.T.);
#3066=ORIENTED_EDGE('',*,*,#1784,.T.);
#3067=ORIENTED_EDGE('',*,*,#1782,.T.);
#3068=ORIENTED_EDGE('',*,*,#1780,.T.);
#3069=ORIENTED_EDGE('',*,*,#1805,.T.);
#3070=ORIENTED_EDGE('',*,*,#1809,.T.);
#3071=ORIENTED_EDGE('',*,*,#1815,.T.);
#3072=ORIENTED_EDGE('',*,*,#1812,.T.);
#3073=ORIENTED_EDGE('',*,*,#1834,.T.);
#3074=ORIENTED_EDGE('',*,*,#1837,.T.);
#3075=ORIENTED_EDGE('',*,*,#1839,.T.);
#3076=ORIENTED_EDGE('',*,*,#1841,.T.);
#3077=ORIENTED_EDGE('',*,*,#1843,.T.);
#3078=ORIENTED_EDGE('',*,*,#1845,.T.);
#3079=ORIENTED_EDGE('',*,*,#1847,.T.);
#3080=ORIENTED_EDGE('',*,*,#1849,.T.);
#3081=ORIENTED_EDGE('',*,*,#1851,.T.);
#3082=ORIENTED_EDGE('',*,*,#1867,.T.);
#3083=ORIENTED_EDGE('',*,*,#1865,.T.);
#3084=ORIENTED_EDGE('',*,*,#1863,.T.);
#3085=ORIENTED_EDGE('',*,*,#1861,.T.);
#3086=ORIENTED_EDGE('',*,*,#1859,.T.);
#3087=ORIENTED_EDGE('',*,*,#1857,.T.);
#3088=ORIENTED_EDGE('',*,*,#1855,.T.);
#3089=ORIENTED_EDGE('',*,*,#1853,.T.);
#3090=ORIENTED_EDGE('',*,*,#1868,.T.);
#3091=ORIENTED_EDGE('',*,*,#1872,.T.);
#3092=ORIENTED_EDGE('',*,*,#1875,.T.);
#3093=ORIENTED_EDGE('',*,*,#1878,.T.);
#3094=ORIENTED_EDGE('',*,*,#1881,.T.);
#3095=ORIENTED_EDGE('',*,*,#1884,.T.);
#3096=ORIENTED_EDGE('',*,*,#1887,.T.);
#3097=ORIENTED_EDGE('',*,*,#1918,.T.);
#3098=ORIENTED_EDGE('',*,*,#1915,.T.);
#3099=ORIENTED_EDGE('',*,*,#1912,.T.);
#3100=ORIENTED_EDGE('',*,*,#1909,.T.);
#3101=ORIENTED_EDGE('',*,*,#1906,.T.);
#3102=ORIENTED_EDGE('',*,*,#1903,.T.);
#3103=ORIENTED_EDGE('',*,*,#1900,.T.);
#3104=ORIENTED_EDGE('',*,*,#1938,.T.);
#3105=ORIENTED_EDGE('',*,*,#1941,.T.);
#3106=ORIENTED_EDGE('',*,*,#1943,.T.);
#3107=ORIENTED_EDGE('',*,*,#1945,.T.);
#3108=ORIENTED_EDGE('',*,*,#1951,.T.);
#3109=ORIENTED_EDGE('',*,*,#1949,.T.);
#3110=ORIENTED_EDGE('',*,*,#1947,.T.);
#3111=ORIENTED_EDGE('',*,*,#1952,.T.);
#3112=ORIENTED_EDGE('',*,*,#1956,.T.);
#3113=ORIENTED_EDGE('',*,*,#1959,.T.);
#3114=ORIENTED_EDGE('',*,*,#1962,.T.);
#3115=ORIENTED_EDGE('',*,*,#1965,.T.);
#3116=ORIENTED_EDGE('',*,*,#1997,.T.);
#3117=ORIENTED_EDGE('',*,*,#1994,.T.);
#3118=ORIENTED_EDGE('',*,*,#1991,.T.);
#3119=ORIENTED_EDGE('',*,*,#1988,.T.);
#3120=ORIENTED_EDGE('',*,*,#1985,.T.);
#3121=ORIENTED_EDGE('',*,*,#1982,.T.);
#3122=ORIENTED_EDGE('',*,*,#2027,.T.);
#3123=ORIENTED_EDGE('',*,*,#2030,.T.);
#3124=ORIENTED_EDGE('',*,*,#2032,.T.);
#3125=ORIENTED_EDGE('',*,*,#2034,.T.);
#3126=ORIENTED_EDGE('',*,*,#2036,.T.);
#3127=ORIENTED_EDGE('',*,*,#2038,.T.);
#3128=ORIENTED_EDGE('',*,*,#2050,.T.);
#3129=ORIENTED_EDGE('',*,*,#2048,.T.);
#3130=ORIENTED_EDGE('',*,*,#2046,.T.);
#3131=ORIENTED_EDGE('',*,*,#2044,.T.);
#3132=ORIENTED_EDGE('',*,*,#2042,.T.);
#3133=ORIENTED_EDGE('',*,*,#2040,.T.);
#3134=ORIENTED_EDGE('',*,*,#2051,.T.);
#3135=ORIENTED_EDGE('',*,*,#2055,.T.);
#3136=ORIENTED_EDGE('',*,*,#2058,.T.);
#3137=ORIENTED_EDGE('',*,*,#2061,.T.);
#3138=ORIENTED_EDGE('',*,*,#2064,.T.);
#3139=ORIENTED_EDGE('',*,*,#2067,.T.);
#3140=ORIENTED_EDGE('',*,*,#2085,.T.);
#3141=ORIENTED_EDGE('',*,*,#2082,.T.);
#3142=ORIENTED_EDGE('',*,*,#2079,.T.);
#3143=ORIENTED_EDGE('',*,*,#2076,.T.);
#3144=ORIENTED_EDGE('',*,*,#2073,.T.);
#3145=ORIENTED_EDGE('',*,*,#2070,.T.);
#3146=ORIENTED_EDGE('',*,*,#2168,.F.);
#3147=ORIENTED_EDGE('',*,*,#2179,.F.);
#3148=ORIENTED_EDGE('',*,*,#2180,.F.);
#3149=ORIENTED_EDGE('',*,*,#2177,.T.);
#3150=ORIENTED_EDGE('',*,*,#2160,.F.);
#3151=ORIENTED_EDGE('',*,*,#2181,.F.);
#3152=ORIENTED_EDGE('',*,*,#2182,.F.);
#3153=ORIENTED_EDGE('',*,*,#2179,.T.);
#3154=ORIENTED_EDGE('',*,*,#2163,.F.);
#3155=ORIENTED_EDGE('',*,*,#2183,.F.);
#3156=ORIENTED_EDGE('',*,*,#2184,.F.);
#3157=ORIENTED_EDGE('',*,*,#2181,.T.);
#3158=ORIENTED_EDGE('',*,*,#2155,.F.);
#3159=ORIENTED_EDGE('',*,*,#2172,.F.);
#3160=ORIENTED_EDGE('',*,*,#2185,.F.);
#3161=ORIENTED_EDGE('',*,*,#2183,.T.);
#3162=ORIENTED_EDGE('',*,*,#2186,.T.);
#3163=ORIENTED_EDGE('',*,*,#2187,.F.);
#3164=ORIENTED_EDGE('',*,*,#2188,.F.);
#3165=ORIENTED_EDGE('',*,*,#2134,.T.);
#3166=ORIENTED_EDGE('',*,*,#2148,.F.);
#3167=ORIENTED_EDGE('',*,*,#2136,.F.);
#3168=ORIENTED_EDGE('',*,*,#2127,.T.);
#3169=ORIENTED_EDGE('',*,*,#2188,.T.);
#3170=ORIENTED_EDGE('',*,*,#2189,.F.);
#3171=ORIENTED_EDGE('',*,*,#2190,.F.);
#3172=ORIENTED_EDGE('',*,*,#2190,.T.);
#3173=ORIENTED_EDGE('',*,*,#2191,.F.);
#3174=ORIENTED_EDGE('',*,*,#2192,.F.);
#3175=ORIENTED_EDGE('',*,*,#2107,.T.);
#3176=ORIENTED_EDGE('',*,*,#2120,.T.);
#3177=ORIENTED_EDGE('',*,*,#2102,.F.);
#3178=ORIENTED_EDGE('',*,*,#2128,.T.);
#3179=ORIENTED_EDGE('',*,*,#2192,.T.);
#3180=ORIENTED_EDGE('',*,*,#2193,.F.);
#3181=ORIENTED_EDGE('',*,*,#2194,.F.);
#3182=ORIENTED_EDGE('',*,*,#2194,.T.);
#3183=ORIENTED_EDGE('',*,*,#2195,.F.);
#3184=ORIENTED_EDGE('',*,*,#2196,.F.);
#3185=ORIENTED_EDGE('',*,*,#2117,.T.);
#3186=ORIENTED_EDGE('',*,*,#2121,.T.);
#3187=ORIENTED_EDGE('',*,*,#2112,.F.);
#3188=ORIENTED_EDGE('',*,*,#2122,.T.);
#3189=ORIENTED_EDGE('',*,*,#2196,.T.);
#3190=ORIENTED_EDGE('',*,*,#2197,.F.);
#3191=ORIENTED_EDGE('',*,*,#2198,.F.);
#3192=ORIENTED_EDGE('',*,*,#2198,.T.);
#3193=ORIENTED_EDGE('',*,*,#2199,.F.);
#3194=ORIENTED_EDGE('',*,*,#2200,.F.);
#3195=ORIENTED_EDGE('',*,*,#2144,.T.);
#3196=ORIENTED_EDGE('',*,*,#2147,.F.);
#3197=ORIENTED_EDGE('',*,*,#2145,.F.);
#3198=ORIENTED_EDGE('',*,*,#2149,.T.);
#3199=ORIENTED_EDGE('',*,*,#2200,.T.);
#3200=ORIENTED_EDGE('',*,*,#2201,.F.);
#3201=ORIENTED_EDGE('',*,*,#2186,.F.);
#3202=ORIENTED_EDGE('',*,*,#2201,.T.);
#3203=ORIENTED_EDGE('',*,*,#2199,.T.);
#3204=ORIENTED_EDGE('',*,*,#2197,.T.);
#3205=ORIENTED_EDGE('',*,*,#2195,.T.);
#3206=ORIENTED_EDGE('',*,*,#2193,.T.);
#3207=ORIENTED_EDGE('',*,*,#2191,.T.);
#3208=ORIENTED_EDGE('',*,*,#2189,.T.);
#3209=ORIENTED_EDGE('',*,*,#2187,.T.);
#3210=ORIENTED_EDGE('',*,*,#2180,.T.);
#3211=ORIENTED_EDGE('',*,*,#2182,.T.);
#3212=ORIENTED_EDGE('',*,*,#2184,.T.);
#3213=ORIENTED_EDGE('',*,*,#2185,.T.);
#3214=ORIENTED_EDGE('',*,*,#2171,.T.);
#3215=ORIENTED_EDGE('',*,*,#2174,.T.);
#3216=ORIENTED_EDGE('',*,*,#2176,.T.);
#3217=ORIENTED_EDGE('',*,*,#2178,.T.);
#3218=PLANE('',#3592);
#3219=PLANE('',#3593);
#3220=PLANE('',#3594);
#3221=PLANE('',#3595);
#3222=PLANE('',#3596);
#3223=PLANE('',#3597);
#3224=PLANE('',#3598);
#3225=PLANE('',#3599);
#3226=PLANE('',#3600);
#3227=PLANE('',#3601);
#3228=PLANE('',#3602);
#3229=PLANE('',#3603);
#3230=PLANE('',#3604);
#3231=PLANE('',#3605);
#3232=PLANE('',#3606);
#3233=PLANE('',#3607);
#3234=PLANE('',#3608);
#3235=PLANE('',#3609);
#3236=PLANE('',#3610);
#3237=PLANE('',#3611);
#3238=PLANE('',#3612);
#3239=PLANE('',#3613);
#3240=PLANE('',#3614);
#3241=PLANE('',#3615);
#3242=PLANE('',#3616);
#3243=PLANE('',#3617);
#3244=PLANE('',#3618);
#3245=PLANE('',#3619);
#3246=PLANE('',#3620);
#3247=PLANE('',#3621);
#3248=PLANE('',#3622);
#3249=PLANE('',#3623);
#3250=PLANE('',#3624);
#3251=PLANE('',#3625);
#3252=PLANE('',#3626);
#3253=PLANE('',#3627);
#3254=PLANE('',#3628);
#3255=PLANE('',#3629);
#3256=PLANE('',#3630);
#3257=PLANE('',#3631);
#3258=PLANE('',#3632);
#3259=PLANE('',#3633);
#3260=PLANE('',#3634);
#3261=PLANE('',#3635);
#3262=PLANE('',#3636);
#3263=PLANE('',#3637);
#3264=PLANE('',#3638);
#3265=PLANE('',#3639);
#3266=PLANE('',#3640);
#3267=PLANE('',#3641);
#3268=PLANE('',#3642);
#3269=PLANE('',#3643);
#3270=PLANE('',#3644);
#3271=PLANE('',#3645);
#3272=PLANE('',#3646);
#3273=PLANE('',#3647);
#3274=PLANE('',#3648);
#3275=PLANE('',#3649);
#3276=PLANE('',#3650);
#3277=PLANE('',#3651);
#3278=PLANE('',#3652);
#3279=PLANE('',#3653);
#3280=PLANE('',#3654);
#3281=PLANE('',#3655);
#3282=PLANE('',#3656);
#3283=PLANE('',#3657);
#3284=PLANE('',#3658);
#3285=PLANE('',#3659);
#3286=PLANE('',#3660);
#3287=PLANE('',#3661);
#3288=PLANE('',#3662);
#3289=PLANE('',#3663);
#3290=PLANE('',#3664);
#3291=PLANE('',#3665);
#3292=PLANE('',#3666);
#3293=PLANE('',#3667);
#3294=PLANE('',#3668);
#3295=PLANE('',#3669);
#3296=PLANE('',#3670);
#3297=PLANE('',#3671);
#3298=PLANE('',#3672);
#3299=PLANE('',#3673);
#3300=PLANE('',#3674);
#3301=PLANE('',#3675);
#3302=PLANE('',#3676);
#3303=PLANE('',#3677);
#3304=PLANE('',#3680);
#3305=PLANE('',#3681);
#3306=PLANE('',#3682);
#3307=PLANE('',#3683);
#3308=PLANE('',#3684);
#3309=PLANE('',#3685);
#3310=PLANE('',#3686);
#3311=PLANE('',#3687);
#3312=PLANE('',#3688);
#3313=PLANE('',#3689);
#3314=PLANE('',#3692);
#3315=PLANE('',#3715);
#3316=PLANE('',#3718);
#3317=PLANE('',#3719);
#3318=PLANE('',#3722);
#3319=PLANE('',#3725);
#3320=PLANE('',#3728);
#3321=PLANE('',#3731);
#3322=PLANE('',#3734);
#3323=PLANE('',#3737);
#3324=PLANE('',#3738);
#3325=STYLED_ITEM('',(#6522),#3378);
#3326=STYLED_ITEM('',(#6522),#3389);
#3327=STYLED_ITEM('',(#6522),#3421);
#3328=STYLED_ITEM('',(#6522),#3422);
#3329=STYLED_ITEM('',(#6522),#3461);
#3330=STYLED_ITEM('',(#6522),#3462);
#3331=STYLED_ITEM('',(#6522),#3491);
#3332=STYLED_ITEM('',(#6522),#3492);
#3333=STYLED_ITEM('',(#6522),#3517);
#3334=STYLED_ITEM('',(#6523),#3518);
#3335=STYLED_ITEM('',(#6523),#3519);
#3336=STYLED_ITEM('',(#6523),#3520);
#3337=STYLED_ITEM('',(#6524),#3522);
#3338=STYLED_ITEM('',(#6524),#3523);
#3339=STYLED_ITEM('',(#6524),#3524);
#3340=STYLED_ITEM('',(#6524),#3525);
#3341=STYLED_ITEM('',(#6524),#3526);
#3342=STYLED_ITEM('',(#6524),#3527);
#3343=STYLED_ITEM('',(#6524),#3528);
#3344=STYLED_ITEM('',(#6524),#3529);
#3345=STYLED_ITEM('',(#6524),#3530);
#3346=STYLED_ITEM('',(#6524),#3531);
#3347=STYLED_ITEM('',(#6524),#3534);
#3348=STYLED_ITEM('',(#6524),#3535);
#3349=STYLED_ITEM('',(#6524),#3536);
#3350=STYLED_ITEM('',(#6524),#3537);
#3351=STYLED_ITEM('',(#6524),#3538);
#3352=STYLED_ITEM('',(#6524),#3539);
#3353=STYLED_ITEM('',(#6524),#3540);
#3354=STYLED_ITEM('',(#6524),#3541);
#3355=STYLED_ITEM('',(#6523),#3543);
#3356=STYLED_ITEM('',(#6523),#3544);
#3357=STYLED_ITEM('',(#6523),#3545);
#3358=STYLED_ITEM('',(#6523),#3546);
#3359=STYLED_ITEM('',(#6523),#3547);
#3360=STYLED_ITEM('',(#6523),#3548);
#3361=STYLED_ITEM('',(#6523),#3549);
#3362=STYLED_ITEM('',(#6523),#3550);
#3363=STYLED_ITEM('',(#6523),#3551);
#3364=STYLED_ITEM('',(#6523),#3552);
#3365=STYLED_ITEM('',(#6523),#3553);
#3366=STYLED_ITEM('',(#6523),#3554);
#3367=STYLED_ITEM('',(#6523),#3555);
#3368=STYLED_ITEM('',(#6523),#3556);
#3369=STYLED_ITEM('',(#6523),#3557);
#3370=STYLED_ITEM('',(#6523),#3558);
#3371=STYLED_ITEM('',(#6523),#3559);
#3372=STYLED_ITEM('',(#6524),#3560);
#3373=STYLED_ITEM('',(#6524),#3562);
#3374=STYLED_ITEM('',(#6524),#3564);
#3375=STYLED_ITEM('',(#6524),#3566);
#3376=STYLED_ITEM('',(#6523),#3568);
#3377=STYLED_ITEM('',(#6522),#13);
#3378=ADVANCED_FACE('',(#271),#3218,.T.);
#3379=ADVANCED_FACE('',(#272),#3219,.F.);
#3380=ADVANCED_FACE('',(#273),#3220,.F.);
#3381=ADVANCED_FACE('',(#274),#3221,.F.);
#3382=ADVANCED_FACE('',(#275),#3222,.F.);
#3383=ADVANCED_FACE('',(#276),#3223,.F.);
#3384=ADVANCED_FACE('',(#277),#3224,.F.);
#3385=ADVANCED_FACE('',(#278),#3225,.F.);
#3386=ADVANCED_FACE('',(#279),#3226,.F.);
#3387=ADVANCED_FACE('',(#280),#3227,.F.);
#3388=ADVANCED_FACE('',(#281),#3228,.F.);
#3389=ADVANCED_FACE('',(#282),#3229,.T.);
#3390=ADVANCED_FACE('',(#283),#67,.F.);
#3391=ADVANCED_FACE('',(#284),#3230,.F.);
#3392=ADVANCED_FACE('',(#285),#3231,.F.);
#3393=ADVANCED_FACE('',(#286),#68,.F.);
#3394=ADVANCED_FACE('',(#287),#69,.F.);
#3395=ADVANCED_FACE('',(#288),#70,.F.);
#3396=ADVANCED_FACE('',(#289),#71,.F.);
#3397=ADVANCED_FACE('',(#290),#72,.F.);
#3398=ADVANCED_FACE('',(#291),#3232,.F.);
#3399=ADVANCED_FACE('',(#292),#3233,.F.);
#3400=ADVANCED_FACE('',(#293),#3234,.F.);
#3401=ADVANCED_FACE('',(#294),#73,.F.);
#3402=ADVANCED_FACE('',(#295),#74,.F.);
#3403=ADVANCED_FACE('',(#296),#75,.F.);
#3404=ADVANCED_FACE('',(#297),#76,.F.);
#3405=ADVANCED_FACE('',(#298),#77,.F.);
#3406=ADVANCED_FACE('',(#299),#78,.F.);
#3407=ADVANCED_FACE('',(#300),#79,.F.);
#3408=ADVANCED_FACE('',(#301),#3235,.F.);
#3409=ADVANCED_FACE('',(#302),#80,.F.);
#3410=ADVANCED_FACE('',(#303),#81,.F.);
#3411=ADVANCED_FACE('',(#304),#82,.F.);
#3412=ADVANCED_FACE('',(#305),#83,.F.);
#3413=ADVANCED_FACE('',(#306),#3236,.F.);
#3414=ADVANCED_FACE('',(#307),#3237,.F.);
#3415=ADVANCED_FACE('',(#308),#84,.F.);
#3416=ADVANCED_FACE('',(#309),#85,.F.);
#3417=ADVANCED_FACE('',(#310),#3238,.F.);
#3418=ADVANCED_FACE('',(#311),#3239,.F.);
#3419=ADVANCED_FACE('',(#312),#3240,.F.);
#3420=ADVANCED_FACE('',(#313),#3241,.F.);
#3421=ADVANCED_FACE('',(#314),#3242,.T.);
#3422=ADVANCED_FACE('',(#315),#3243,.T.);
#3423=ADVANCED_FACE('',(#316),#3244,.F.);
#3424=ADVANCED_FACE('',(#317),#3245,.F.);
#3425=ADVANCED_FACE('',(#318),#86,.F.);
#3426=ADVANCED_FACE('',(#319),#87,.F.);
#3427=ADVANCED_FACE('',(#320),#88,.F.);
#3428=ADVANCED_FACE('',(#321),#89,.F.);
#3429=ADVANCED_FACE('',(#322),#90,.F.);
#3430=ADVANCED_FACE('',(#323),#3246,.F.);
#3431=ADVANCED_FACE('',(#324),#3247,.F.);
#3432=ADVANCED_FACE('',(#325),#91,.F.);
#3433=ADVANCED_FACE('',(#326),#92,.F.);
#3434=ADVANCED_FACE('',(#327),#93,.F.);
#3435=ADVANCED_FACE('',(#328),#94,.F.);
#3436=ADVANCED_FACE('',(#329),#95,.F.);
#3437=ADVANCED_FACE('',(#330),#96,.F.);
#3438=ADVANCED_FACE('',(#331),#3248,.F.);
#3439=ADVANCED_FACE('',(#332),#3249,.F.);
#3440=ADVANCED_FACE('',(#333),#97,.F.);
#3441=ADVANCED_FACE('',(#334),#98,.F.);
#3442=ADVANCED_FACE('',(#335),#99,.F.);
#3443=ADVANCED_FACE('',(#336),#100,.F.);
#3444=ADVANCED_FACE('',(#337),#101,.F.);
#3445=ADVANCED_FACE('',(#338),#102,.F.);
#3446=ADVANCED_FACE('',(#339),#103,.F.);
#3447=ADVANCED_FACE('',(#340),#104,.T.);
#3448=ADVANCED_FACE('',(#341),#105,.T.);
#3449=ADVANCED_FACE('',(#342),#106,.T.);
#3450=ADVANCED_FACE('',(#343),#107,.F.);
#3451=ADVANCED_FACE('',(#344),#108,.F.);
#3452=ADVANCED_FACE('',(#345),#109,.F.);
#3453=ADVANCED_FACE('',(#346),#110,.F.);
#3454=ADVANCED_FACE('',(#347),#111,.F.);
#3455=ADVANCED_FACE('',(#348),#3250,.F.);
#3456=ADVANCED_FACE('',(#349),#3251,.F.);
#3457=ADVANCED_FACE('',(#350),#112,.T.);
#3458=ADVANCED_FACE('',(#351),#113,.T.);
#3459=ADVANCED_FACE('',(#352),#114,.T.);
#3460=ADVANCED_FACE('',(#353),#115,.T.);
#3461=ADVANCED_FACE('',(#354,#54),#3252,.T.);
#3462=ADVANCED_FACE('',(#355),#3253,.T.);
#3463=ADVANCED_FACE('',(#356),#3254,.F.);
#3464=ADVANCED_FACE('',(#357),#3255,.F.);
#3465=ADVANCED_FACE('',(#358),#3256,.F.);
#3466=ADVANCED_FACE('',(#359),#3257,.F.);
#3467=ADVANCED_FACE('',(#360),#3258,.F.);
#3468=ADVANCED_FACE('',(#361),#3259,.F.);
#3469=ADVANCED_FACE('',(#362),#3260,.F.);
#3470=ADVANCED_FACE('',(#363),#116,.F.);
#3471=ADVANCED_FACE('',(#364),#117,.F.);
#3472=ADVANCED_FACE('',(#365),#118,.F.);
#3473=ADVANCED_FACE('',(#366),#3261,.F.);
#3474=ADVANCED_FACE('',(#367),#119,.F.);
#3475=ADVANCED_FACE('',(#368),#120,.T.);
#3476=ADVANCED_FACE('',(#369),#121,.T.);
#3477=ADVANCED_FACE('',(#370),#122,.T.);
#3478=ADVANCED_FACE('',(#371),#123,.T.);
#3479=ADVANCED_FACE('',(#372),#124,.F.);
#3480=ADVANCED_FACE('',(#373),#125,.F.);
#3481=ADVANCED_FACE('',(#374),#3262,.F.);
#3482=ADVANCED_FACE('',(#375),#126,.F.);
#3483=ADVANCED_FACE('',(#376),#127,.F.);
#3484=ADVANCED_FACE('',(#377),#128,.F.);
#3485=ADVANCED_FACE('',(#378),#129,.T.);
#3486=ADVANCED_FACE('',(#379),#130,.T.);
#3487=ADVANCED_FACE('',(#380),#131,.T.);
#3488=ADVANCED_FACE('',(#381),#132,.T.);
#3489=ADVANCED_FACE('',(#382),#133,.T.);
#3490=ADVANCED_FACE('',(#383),#134,.T.);
#3491=ADVANCED_FACE('',(#384,#55,#56),#3263,.T.);
#3492=ADVANCED_FACE('',(#385),#3264,.T.);
#3493=ADVANCED_FACE('',(#386),#3265,.F.);
#3494=ADVANCED_FACE('',(#387),#3266,.F.);
#3495=ADVANCED_FACE('',(#388),#3267,.F.);
#3496=ADVANCED_FACE('',(#389),#3268,.F.);
#3497=ADVANCED_FACE('',(#390),#3269,.F.);
#3498=ADVANCED_FACE('',(#391),#3270,.F.);
#3499=ADVANCED_FACE('',(#392),#3271,.F.);
#3500=ADVANCED_FACE('',(#393),#3272,.F.);
#3501=ADVANCED_FACE('',(#394),#3273,.F.);
#3502=ADVANCED_FACE('',(#395),#3274,.F.);
#3503=ADVANCED_FACE('',(#396),#3275,.F.);
#3504=ADVANCED_FACE('',(#397),#3276,.F.);
#3505=ADVANCED_FACE('',(#398),#3277,.F.);
#3506=ADVANCED_FACE('',(#399),#3278,.F.);
#3507=ADVANCED_FACE('',(#400),#3279,.F.);
#3508=ADVANCED_FACE('',(#401),#3280,.F.);
#3509=ADVANCED_FACE('',(#402),#3281,.F.);
#3510=ADVANCED_FACE('',(#403),#3282,.F.);
#3511=ADVANCED_FACE('',(#404),#3283,.F.);
#3512=ADVANCED_FACE('',(#405),#3284,.F.);
#3513=ADVANCED_FACE('',(#406),#3285,.F.);
#3514=ADVANCED_FACE('',(#407),#3286,.F.);
#3515=ADVANCED_FACE('',(#408),#3287,.F.);
#3516=ADVANCED_FACE('',(#409),#3288,.F.);
#3517=ADVANCED_FACE('',(#410),#3289,.T.);
#3518=ADVANCED_FACE('',(#411),#3290,.T.);
#3519=ADVANCED_FACE('',(#412),#3291,.T.);
#3520=ADVANCED_FACE('',(#413),#3292,.T.);
#3521=ADVANCED_FACE('',(#414),#3293,.T.);
#3522=ADVANCED_FACE('',(#415),#3294,.T.);
#3523=ADVANCED_FACE('',(#416),#3295,.F.);
#3524=ADVANCED_FACE('',(#417),#3296,.F.);
#3525=ADVANCED_FACE('',(#418),#3297,.F.);
#3526=ADVANCED_FACE('',(#419),#3298,.F.);
#3527=ADVANCED_FACE('',(#420),#3299,.F.);
#3528=ADVANCED_FACE('',(#421),#3300,.F.);
#3529=ADVANCED_FACE('',(#422),#3301,.F.);
#3530=ADVANCED_FACE('',(#423),#3302,.F.);
#3531=ADVANCED_FACE('',(#424),#3303,.F.);
#3532=ADVANCED_FACE('',(#425),#3304,.F.);
#3533=ADVANCED_FACE('',(#426),#3305,.F.);
#3534=ADVANCED_FACE('',(#427),#3306,.T.);
#3535=ADVANCED_FACE('',(#428),#3307,.T.);
#3536=ADVANCED_FACE('',(#429),#3308,.T.);
#3537=ADVANCED_FACE('',(#430),#3309,.T.);
#3538=ADVANCED_FACE('',(#431),#3310,.T.);
#3539=ADVANCED_FACE('',(#432),#3311,.T.);
#3540=ADVANCED_FACE('',(#433),#3312,.T.);
#3541=ADVANCED_FACE('',(#434),#3313,.T.);
#3542=ADVANCED_FACE('',(#435),#3314,.F.);
#3543=ADVANCED_FACE('',(#436),#18,.T.);
#3544=ADVANCED_FACE('',(#437),#19,.T.);
#3545=ADVANCED_FACE('',(#438),#14,.T.);
#3546=ADVANCED_FACE('',(#439),#20,.T.);
#3547=ADVANCED_FACE('',(#440),#15,.T.);
#3548=ADVANCED_FACE('',(#441),#21,.T.);
#3549=ADVANCED_FACE('',(#442),#16,.T.);
#3550=ADVANCED_FACE('',(#443),#17,.T.);
#3551=ADVANCED_FACE('',(#444),#22,.T.);
#3552=ADVANCED_FACE('',(#445),#3315,.T.);
#3553=ADVANCED_FACE('',(#446),#23,.T.);
#3554=ADVANCED_FACE('',(#447),#3316,.T.);
#3555=ADVANCED_FACE('',(#448,#57,#58,#59,#60,#61,#62,#63,#64,#65),#3317,
 .T.);
#3556=ADVANCED_FACE('',(#449),#24,.T.);
#3557=ADVANCED_FACE('',(#450),#3318,.T.);
#3558=ADVANCED_FACE('',(#451),#25,.T.);
#3559=ADVANCED_FACE('',(#452),#3319,.T.);
#3560=ADVANCED_FACE('',(#453),#26,.F.);
#3561=ADVANCED_FACE('',(#454),#3320,.T.);
#3562=ADVANCED_FACE('',(#455),#27,.F.);
#3563=ADVANCED_FACE('',(#456),#3321,.T.);
#3564=ADVANCED_FACE('',(#457),#28,.F.);
#3565=ADVANCED_FACE('',(#458),#3322,.T.);
#3566=ADVANCED_FACE('',(#459),#29,.F.);
#3567=ADVANCED_FACE('',(#460),#3323,.T.);
#3568=ADVANCED_FACE('',(#461,#66),#3324,.T.);
#3569=CLOSED_SHELL('',(#3378,#3379,#3380,#3381,#3382,#3383,#3384,#3385,
#3386,#3387,#3388,#3389,#3390,#3391,#3392,#3393,#3394,#3395,#3396,#3397,
#3398,#3399,#3400,#3401,#3402,#3403,#3404,#3405,#3406,#3407,#3408,#3409,
#3410,#3411,#3412,#3413,#3414,#3415,#3416,#3417,#3418,#3419,#3420,#3421,
#3422,#3423,#3424,#3425,#3426,#3427,#3428,#3429,#3430,#3431,#3432,#3433,
#3434,#3435,#3436,#3437,#3438,#3439,#3440,#3441,#3442,#3443,#3444,#3445,
#3446,#3447,#3448,#3449,#3450,#3451,#3452,#3453,#3454,#3455,#3456,#3457,
#3458,#3459,#3460,#3461,#3462,#3463,#3464,#3465,#3466,#3467,#3468,#3469,
#3470,#3471,#3472,#3473,#3474,#3475,#3476,#3477,#3478,#3479,#3480,#3481,
#3482,#3483,#3484,#3485,#3486,#3487,#3488,#3489,#3490,#3491,#3492,#3493,
#3494,#3495,#3496,#3497,#3498,#3499,#3500,#3501,#3502,#3503,#3504,#3505,
#3506,#3507,#3508,#3509,#3510,#3511,#3512,#3513,#3514,#3515,#3516,#3517,
#3518,#3519,#3520,#3521,#3522,#3523,#3524,#3525,#3526,#3527,#3528,#3529,
#3530,#3531,#3532,#3533,#3534,#3535,#3536,#3537,#3538,#3539,#3540,#3541,
#3542,#3543,#3544,#3545,#3546,#3547,#3548,#3549,#3550,#3551,#3552,#3553,
#3554,#3555,#3556,#3557,#3558,#3559,#3560,#3561,#3562,#3563,#3564,#3565,
#3566,#3567,#3568));
#3570=DERIVED_UNIT_ELEMENT(#3573,1.);
#3571=DERIVED_UNIT_ELEMENT(#6508,-3.);
#3572=DIMENSIONAL_EXPONENTS(0.,1.,0.,0.,0.,0.,0.);
#3573=(
CONVERSION_BASED_UNIT('gram',#3575)
MASS_UNIT()
NAMED_UNIT(#3572)
);
#3574=(
MASS_UNIT()
NAMED_UNIT(*)
SI_UNIT(.KILO.,.GRAM.)
);
#3575=MASS_MEASURE_WITH_UNIT(MASS_MEASURE(0.001),#3574);
#3576=DERIVED_UNIT((#3570,#3571));
#3577=MEASURE_REPRESENTATION_ITEM('density measure',
POSITIVE_RATIO_MEASURE(1.),#3576);
#3578=PROPERTY_DEFINITION_REPRESENTATION(#3583,#3580);
#3579=PROPERTY_DEFINITION_REPRESENTATION(#3584,#3581);
#3580=REPRESENTATION('material name',(#3582),#6505);
#3581=REPRESENTATION('density',(#3577),#6505);
#3582=DESCRIPTIVE_REPRESENTATION_ITEM('Generic','Generic');
#3583=PROPERTY_DEFINITION('material property','material name',#6515);
#3584=PROPERTY_DEFINITION('material property','density of part',#6515);
#3585=DATE_TIME_ROLE('creation_date');
#3586=APPLIED_DATE_AND_TIME_ASSIGNMENT(#3587,#3585,(#6515));
#3587=DATE_AND_TIME(#3588,#3589);
#3588=CALENDAR_DATE(2024,17,12);
#3589=LOCAL_TIME(0,0,0.,#3590);
#3590=COORDINATED_UNIVERSAL_TIME_OFFSET(0,0,.BEHIND.);
#3591=AXIS2_PLACEMENT_3D('',#4383,#3739,#3740);
#3592=AXIS2_PLACEMENT_3D('',#4384,#3741,#3742);
#3593=AXIS2_PLACEMENT_3D('',#4405,#3753,#3754);
#3594=AXIS2_PLACEMENT_3D('',#4411,#3758,#3759);
#3595=AXIS2_PLACEMENT_3D('',#4415,#3762,#3763);
#3596=AXIS2_PLACEMENT_3D('',#4419,#3766,#3767);
#3597=AXIS2_PLACEMENT_3D('',#4423,#3770,#3771);
#3598=AXIS2_PLACEMENT_3D('',#4427,#3774,#3775);
#3599=AXIS2_PLACEMENT_3D('',#4431,#3778,#3779);
#3600=AXIS2_PLACEMENT_3D('',#4435,#3782,#3783);
#3601=AXIS2_PLACEMENT_3D('',#4439,#3786,#3787);
#3602=AXIS2_PLACEMENT_3D('',#4443,#3790,#3791);
#3603=AXIS2_PLACEMENT_3D('',#4445,#3793,#3794);
#3604=AXIS2_PLACEMENT_3D('',#4630,#3805,#3806);
#3605=AXIS2_PLACEMENT_3D('',#4634,#3809,#3810);
#3606=AXIS2_PLACEMENT_3D('',#4708,#3818,#3819);
#3607=AXIS2_PLACEMENT_3D('',#4712,#3822,#3823);
#3608=AXIS2_PLACEMENT_3D('',#4716,#3826,#3827);
#3609=AXIS2_PLACEMENT_3D('',#4818,#3837,#3838);
#3610=AXIS2_PLACEMENT_3D('',#4878,#3845,#3846);
#3611=AXIS2_PLACEMENT_3D('',#4882,#3849,#3850);
#3612=AXIS2_PLACEMENT_3D('',#4912,#3854,#3855);
#3613=AXIS2_PLACEMENT_3D('',#4921,#3860,#3861);
#3614=AXIS2_PLACEMENT_3D('',#4927,#3865,#3866);
#3615=AXIS2_PLACEMENT_3D('',#4933,#3870,#3871);
#3616=AXIS2_PLACEMENT_3D('',#4936,#3874,#3875);
#3617=AXIS2_PLACEMENT_3D('',#4937,#3876,#3877);
#3618=AXIS2_PLACEMENT_3D('',#5038,#3884,#3885);
#3619=AXIS2_PLACEMENT_3D('',#5044,#3889,#3890);
#3620=AXIS2_PLACEMENT_3D('',#5118,#3898,#3899);
#3621=AXIS2_PLACEMENT_3D('',#5122,#3902,#3903);
#3622=AXIS2_PLACEMENT_3D('',#5210,#3912,#3913);
#3623=AXIS2_PLACEMENT_3D('',#5214,#3916,#3917);
#3624=AXIS2_PLACEMENT_3D('',#5552,#3936,#3937);
#3625=AXIS2_PLACEMENT_3D('',#5558,#3941,#3942);
#3626=AXIS2_PLACEMENT_3D('',#5646,#3948,#3949);
#3627=AXIS2_PLACEMENT_3D('',#5647,#3950,#3951);
#3628=AXIS2_PLACEMENT_3D('',#5662,#3959,#3960);
#3629=AXIS2_PLACEMENT_3D('',#5668,#3964,#3965);
#3630=AXIS2_PLACEMENT_3D('',#5672,#3968,#3969);
#3631=AXIS2_PLACEMENT_3D('',#5676,#3972,#3973);
#3632=AXIS2_PLACEMENT_3D('',#5680,#3976,#3977);
#3633=AXIS2_PLACEMENT_3D('',#5684,#3980,#3981);
#3634=AXIS2_PLACEMENT_3D('',#5688,#3984,#3985);
#3635=AXIS2_PLACEMENT_3D('',#5759,#3991,#3992);
#3636=AXIS2_PLACEMENT_3D('',#5925,#4005,#4006);
#3637=AXIS2_PLACEMENT_3D('',#6120,#4016,#4017);
#3638=AXIS2_PLACEMENT_3D('',#6121,#4018,#4019);
#3639=AXIS2_PLACEMENT_3D('',#6146,#4032,#4033);
#3640=AXIS2_PLACEMENT_3D('',#6152,#4037,#4038);
#3641=AXIS2_PLACEMENT_3D('',#6156,#4041,#4042);
#3642=AXIS2_PLACEMENT_3D('',#6160,#4045,#4046);
#3643=AXIS2_PLACEMENT_3D('',#6164,#4049,#4050);
#3644=AXIS2_PLACEMENT_3D('',#6168,#4053,#4054);
#3645=AXIS2_PLACEMENT_3D('',#6172,#4057,#4058);
#3646=AXIS2_PLACEMENT_3D('',#6176,#4061,#4062);
#3647=AXIS2_PLACEMENT_3D('',#6180,#4065,#4066);
#3648=AXIS2_PLACEMENT_3D('',#6184,#4069,#4070);
#3649=AXIS2_PLACEMENT_3D('',#6188,#4073,#4074);
#3650=AXIS2_PLACEMENT_3D('',#6192,#4077,#4078);
#3651=AXIS2_PLACEMENT_3D('',#6194,#4080,#4081);
#3652=AXIS2_PLACEMENT_3D('',#6203,#4086,#4087);
#3653=AXIS2_PLACEMENT_3D('',#6209,#4091,#4092);
#3654=AXIS2_PLACEMENT_3D('',#6215,#4096,#4097);
#3655=AXIS2_PLACEMENT_3D('',#6221,#4101,#4102);
#3656=AXIS2_PLACEMENT_3D('',#6227,#4106,#4107);
#3657=AXIS2_PLACEMENT_3D('',#6233,#4111,#4112);
#3658=AXIS2_PLACEMENT_3D('',#6239,#4116,#4117);
#3659=AXIS2_PLACEMENT_3D('',#6245,#4121,#4122);
#3660=AXIS2_PLACEMENT_3D('',#6251,#4126,#4127);
#3661=AXIS2_PLACEMENT_3D('',#6257,#4131,#4132);
#3662=AXIS2_PLACEMENT_3D('',#6263,#4136,#4137);
#3663=AXIS2_PLACEMENT_3D('',#6266,#4140,#4141);
#3664=AXIS2_PLACEMENT_3D('',#6267,#4142,#4143);
#3665=AXIS2_PLACEMENT_3D('',#6268,#4144,#4145);
#3666=AXIS2_PLACEMENT_3D('',#6269,#4146,#4147);
#3667=AXIS2_PLACEMENT_3D('',#6270,#4148,#4149);
#3668=AXIS2_PLACEMENT_3D('',#6279,#4154,#4155);
#3669=AXIS2_PLACEMENT_3D('',#6285,#4159,#4160);
#3670=AXIS2_PLACEMENT_3D('',#6294,#4165,#4166);
#3671=AXIS2_PLACEMENT_3D('',#6300,#4170,#4171);
#3672=AXIS2_PLACEMENT_3D('',#6306,#4175,#4176);
#3673=AXIS2_PLACEMENT_3D('',#6315,#4181,#4182);
#3674=AXIS2_PLACEMENT_3D('',#6321,#4186,#4187);
#3675=AXIS2_PLACEMENT_3D('',#6327,#4191,#4192);
#3676=AXIS2_PLACEMENT_3D('',#6336,#4197,#4198);
#3677=AXIS2_PLACEMENT_3D('',#6339,#4201,#4202);
#3678=AXIS2_PLACEMENT_3D('',#6340,#4203,#4204);
#3679=AXIS2_PLACEMENT_3D('',#6341,#4205,#4206);
#3680=AXIS2_PLACEMENT_3D('',#6342,#4207,#4208);
#3681=AXIS2_PLACEMENT_3D('',#6353,#4215,#4216);
#3682=AXIS2_PLACEMENT_3D('',#6355,#4218,#4219);
#3683=AXIS2_PLACEMENT_3D('',#6359,#4222,#4223);
#3684=AXIS2_PLACEMENT_3D('',#6363,#4226,#4227);
#3685=AXIS2_PLACEMENT_3D('',#6367,#4230,#4231);
#3686=AXIS2_PLACEMENT_3D('',#6376,#4236,#4237);
#3687=AXIS2_PLACEMENT_3D('',#6382,#4241,#4242);
#3688=AXIS2_PLACEMENT_3D('',#6388,#4246,#4247);
#3689=AXIS2_PLACEMENT_3D('',#6392,#4250,#4251);
#3690=AXIS2_PLACEMENT_3D('',#6393,#4252,#4253);
#3691=AXIS2_PLACEMENT_3D('',#6394,#4254,#4255);
#3692=AXIS2_PLACEMENT_3D('',#6395,#4256,#4257);
#3693=AXIS2_PLACEMENT_3D('',#6397,#4259,#4260);
#3694=AXIS2_PLACEMENT_3D('',#6400,#4261,#4262);
#3695=AXIS2_PLACEMENT_3D('',#6404,#4264,#4265);
#3696=AXIS2_PLACEMENT_3D('',#6406,#4267,#4268);
#3697=AXIS2_PLACEMENT_3D('',#6408,#4269,#4270);
#3698=AXIS2_PLACEMENT_3D('',#6412,#4272,#4273);
#3699=AXIS2_PLACEMENT_3D('',#6414,#4275,#4276);
#3700=AXIS2_PLACEMENT_3D('',#6415,#4277,#4278);
#3701=AXIS2_PLACEMENT_3D('',#6416,#4279,#4280);
#3702=AXIS2_PLACEMENT_3D('',#6418,#4281,#4282);
#3703=AXIS2_PLACEMENT_3D('',#6422,#4284,#4285);
#3704=AXIS2_PLACEMENT_3D('',#6424,#4287,#4288);
#3705=AXIS2_PLACEMENT_3D('',#6425,#4289,#4290);
#3706=AXIS2_PLACEMENT_3D('',#6426,#4291,#4292);
#3707=AXIS2_PLACEMENT_3D('',#6428,#4293,#4294);
#3708=AXIS2_PLACEMENT_3D('',#6431,#4296,#4297);
#3709=AXIS2_PLACEMENT_3D('',#6433,#4299,#4300);
#3710=AXIS2_PLACEMENT_3D('',#6434,#4301,#4302);
#3711=AXIS2_PLACEMENT_3D('',#6435,#4303,#4304);
#3712=AXIS2_PLACEMENT_3D('',#6436,#4305,#4306);
#3713=AXIS2_PLACEMENT_3D('',#6437,#4307,#4308);
#3714=AXIS2_PLACEMENT_3D('',#6441,#4310,#4311);
#3715=AXIS2_PLACEMENT_3D('',#6443,#4313,#4314);
#3716=AXIS2_PLACEMENT_3D('',#6447,#4317,#4318);
#3717=AXIS2_PLACEMENT_3D('',#6450,#4320,#4321);
#3718=AXIS2_PLACEMENT_3D('',#6451,#4322,#4323);
#3719=AXIS2_PLACEMENT_3D('',#6455,#4326,#4327);
#3720=AXIS2_PLACEMENT_3D('',#6456,#4328,#4329);
#3721=AXIS2_PLACEMENT_3D('',#6459,#4331,#4332);
#3722=AXIS2_PLACEMENT_3D('',#6460,#4333,#4334);
#3723=AXIS2_PLACEMENT_3D('',#6464,#4337,#4338);
#3724=AXIS2_PLACEMENT_3D('',#6467,#4340,#4341);
#3725=AXIS2_PLACEMENT_3D('',#6468,#4342,#4343);
#3726=AXIS2_PLACEMENT_3D('',#6470,#4345,#4346);
#3727=AXIS2_PLACEMENT_3D('',#6474,#4348,#4349);
#3728=AXIS2_PLACEMENT_3D('',#6476,#4351,#4352);
#3729=AXIS2_PLACEMENT_3D('',#6480,#4355,#4356);
#3730=AXIS2_PLACEMENT_3D('',#6482,#4357,#4358);
#3731=AXIS2_PLACEMENT_3D('',#6484,#4360,#4361);
#3732=AXIS2_PLACEMENT_3D('',#6488,#4364,#4365);
#3733=AXIS2_PLACEMENT_3D('',#6490,#4366,#4367);
#3734=AXIS2_PLACEMENT_3D('',#6492,#4369,#4370);
#3735=AXIS2_PLACEMENT_3D('',#6496,#4373,#4374);
#3736=AXIS2_PLACEMENT_3D('',#6498,#4375,#4376);
#3737=AXIS2_PLACEMENT_3D('',#6500,#4378,#4379);
#3738=AXIS2_PLACEMENT_3D('',#6502,#4381,#4382);
#3739=DIRECTION('axis',(0.,0.,1.));
#3740=DIRECTION('refdir',(1.,0.,0.));
#3741=DIRECTION('center_axis',(0.,1.,0.));
#3742=DIRECTION('ref_axis',(0.,0.,1.));
#3743=DIRECTION('',(0.,0.,1.));
#3744=DIRECTION('',(1.,0.,2.16227153252789E-16));
#3745=DIRECTION('',(-0.579207132189195,0.,0.815180408266274));
#3746=DIRECTION('',(0.,0.,1.));
#3747=DIRECTION('',(1.,0.,2.4661852732749E-16));
#3748=DIRECTION('',(0.,0.,-1.));
#3749=DIRECTION('',(-1.,0.,-2.30673363922695E-16));
#3750=DIRECTION('',(0.578747005941122,0.,-0.815507144735217));
#3751=DIRECTION('',(0.,0.,-1.));
#3752=DIRECTION('',(-1.,0.,-1.57400648323721E-16));
#3753=DIRECTION('center_axis',(2.4661852732749E-16,0.,-1.));
#3754=DIRECTION('ref_axis',(-1.,0.,-2.4661852732749E-16));
#3755=DIRECTION('',(1.,0.,2.4661852732749E-16));
#3756=DIRECTION('',(0.,-1.,0.));
#3757=DIRECTION('',(0.,-1.,0.));
#3758=DIRECTION('center_axis',(1.,0.,0.));
#3759=DIRECTION('ref_axis',(0.,0.,-1.));
#3760=DIRECTION('',(0.,0.,1.));
#3761=DIRECTION('',(0.,-1.,0.));
#3762=DIRECTION('center_axis',(0.815180408266274,0.,0.579207132189195));
#3763=DIRECTION('ref_axis',(0.579207132189195,0.,-0.815180408266274));
#3764=DIRECTION('',(-0.579207132189195,0.,0.815180408266274));
#3765=DIRECTION('',(0.,-1.,0.));
#3766=DIRECTION('center_axis',(2.16227153252789E-16,0.,-1.));
#3767=DIRECTION('ref_axis',(-1.,0.,-2.16227153252789E-16));
#3768=DIRECTION('',(1.,0.,2.16227153252789E-16));
#3769=DIRECTION('',(0.,-1.,0.));
#3770=DIRECTION('center_axis',(1.,0.,0.));
#3771=DIRECTION('ref_axis',(0.,0.,-1.));
#3772=DIRECTION('',(0.,0.,1.));
#3773=DIRECTION('',(0.,-1.,0.));
#3774=DIRECTION('center_axis',(-1.,0.,0.));
#3775=DIRECTION('ref_axis',(0.,0.,1.));
#3776=DIRECTION('',(0.,0.,-1.));
#3777=DIRECTION('',(0.,-1.,0.));
#3778=DIRECTION('center_axis',(-2.30673363922695E-16,0.,1.));
#3779=DIRECTION('ref_axis',(1.,0.,2.30673363922695E-16));
#3780=DIRECTION('',(-1.,0.,-2.30673363922695E-16));
#3781=DIRECTION('',(0.,-1.,0.));
#3782=DIRECTION('center_axis',(-0.815507144735217,0.,-0.578747005941122));
#3783=DIRECTION('ref_axis',(-0.578747005941122,0.,0.815507144735217));
#3784=DIRECTION('',(0.578747005941122,0.,-0.815507144735217));
#3785=DIRECTION('',(0.,-1.,0.));
#3786=DIRECTION('center_axis',(-1.,0.,0.));
#3787=DIRECTION('ref_axis',(0.,0.,1.));
#3788=DIRECTION('',(0.,0.,-1.));
#3789=DIRECTION('',(0.,-1.,0.));
#3790=DIRECTION('center_axis',(-1.57400648323721E-16,0.,1.));
#3791=DIRECTION('ref_axis',(1.,0.,1.57400648323721E-16));
#3792=DIRECTION('',(-1.,0.,-1.57400648323721E-16));
#3793=DIRECTION('center_axis',(0.,1.,0.));
#3794=DIRECTION('ref_axis',(0.,0.,1.));
#3795=DIRECTION('',(1.,0.,4.86511094818776E-16));
#3796=DIRECTION('',(0.,0.,-1.));
#3797=DIRECTION('',(-1.,0.,-2.62802868183357E-16));
#3798=DIRECTION('',(1.,0.,0.));
#3799=DIRECTION('',(0.,0.,-1.));
#3800=DIRECTION('',(0.,0.,1.));
#3801=DIRECTION('',(0.,0.,-1.));
#3802=DIRECTION('',(-1.,0.,0.));
#3803=DIRECTION('',(0.,-1.,0.));
#3804=DIRECTION('',(0.,-1.,0.));
#3805=DIRECTION('center_axis',(-1.,0.,0.));
#3806=DIRECTION('ref_axis',(0.,0.,1.));
#3807=DIRECTION('',(0.,0.,-1.));
#3808=DIRECTION('',(0.,-1.,0.));
#3809=DIRECTION('center_axis',(0.,0.,-1.));
#3810=DIRECTION('ref_axis',(-1.,0.,0.));
#3811=DIRECTION('',(1.,0.,0.));
#3812=DIRECTION('',(0.,-1.,0.));
#3813=DIRECTION('',(0.,-1.,0.));
#3814=DIRECTION('',(0.,-1.,0.));
#3815=DIRECTION('',(0.,-1.,0.));
#3816=DIRECTION('',(0.,-1.,0.));
#3817=DIRECTION('',(0.,-1.,0.));
#3818=DIRECTION('center_axis',(-2.62802868183357E-16,0.,1.));
#3819=DIRECTION('ref_axis',(1.,0.,2.62802868183357E-16));
#3820=DIRECTION('',(-1.,0.,-2.62802868183357E-16));
#3821=DIRECTION('',(0.,-1.,0.));
#3822=DIRECTION('center_axis',(-1.,0.,0.));
#3823=DIRECTION('ref_axis',(0.,0.,1.));
#3824=DIRECTION('',(0.,0.,-1.));
#3825=DIRECTION('',(0.,-1.,0.));
#3826=DIRECTION('center_axis',(4.86511094818776E-16,0.,-1.));
#3827=DIRECTION('ref_axis',(-1.,0.,-4.86511094818776E-16));
#3828=DIRECTION('',(1.,0.,4.86511094818776E-16));
#3829=DIRECTION('',(0.,-1.,0.));
#3830=DIRECTION('',(0.,-1.,0.));
#3831=DIRECTION('',(0.,-1.,0.));
#3832=DIRECTION('',(0.,-1.,0.));
#3833=DIRECTION('',(0.,-1.,0.));
#3834=DIRECTION('',(0.,-1.,0.));
#3835=DIRECTION('',(0.,-1.,0.));
#3836=DIRECTION('',(0.,-1.,0.));
#3837=DIRECTION('center_axis',(1.,0.,0.));
#3838=DIRECTION('ref_axis',(0.,0.,-1.));
#3839=DIRECTION('',(0.,0.,1.));
#3840=DIRECTION('',(0.,-1.,0.));
#3841=DIRECTION('',(0.,-1.,0.));
#3842=DIRECTION('',(0.,-1.,0.));
#3843=DIRECTION('',(0.,-1.,0.));
#3844=DIRECTION('',(0.,-1.,0.));
#3845=DIRECTION('center_axis',(-1.,0.,0.));
#3846=DIRECTION('ref_axis',(0.,0.,1.));
#3847=DIRECTION('',(0.,0.,-1.));
#3848=DIRECTION('',(0.,-1.,0.));
#3849=DIRECTION('center_axis',(0.,0.,1.));
#3850=DIRECTION('ref_axis',(1.,0.,0.));
#3851=DIRECTION('',(-1.,0.,0.));
#3852=DIRECTION('',(0.,-1.,0.));
#3853=DIRECTION('',(0.,-1.,0.));
#3854=DIRECTION('center_axis',(-5.40567883131972E-16,0.,1.));
#3855=DIRECTION('ref_axis',(1.,0.,5.40567883131972E-16));
#3856=DIRECTION('',(-1.,0.,-5.40567883131972E-16));
#3857=DIRECTION('',(0.,-1.,0.));
#3858=DIRECTION('',(-1.,0.,-5.40567883131972E-16));
#3859=DIRECTION('',(0.,-1.,0.));
#3860=DIRECTION('center_axis',(-1.,0.,0.));
#3861=DIRECTION('ref_axis',(0.,0.,1.));
#3862=DIRECTION('',(0.,0.,-1.));
#3863=DIRECTION('',(0.,0.,-1.));
#3864=DIRECTION('',(0.,-1.,0.));
#3865=DIRECTION('center_axis',(1.,0.,9.07054583560428E-16));
#3866=DIRECTION('ref_axis',(9.07054583560428E-16,0.,-1.));
#3867=DIRECTION('',(-9.07054583560428E-16,0.,1.));
#3868=DIRECTION('',(0.,-1.,0.));
#3869=DIRECTION('',(-9.07054583560428E-16,0.,1.));
#3870=DIRECTION('center_axis',(2.70283941565986E-16,0.,-1.));
#3871=DIRECTION('ref_axis',(-1.,0.,-2.70283941565986E-16));
#3872=DIRECTION('',(1.,0.,2.70283941565986E-16));
#3873=DIRECTION('',(1.,0.,2.70283941565986E-16));
#3874=DIRECTION('center_axis',(0.,1.,0.));
#3875=DIRECTION('ref_axis',(0.,0.,1.));
#3876=DIRECTION('center_axis',(0.,1.,0.));
#3877=DIRECTION('ref_axis',(0.,0.,1.));
#3878=DIRECTION('',(0.,0.,1.));
#3879=DIRECTION('',(1.,0.,2.64931784307254E-16));
#3880=DIRECTION('',(0.,0.,-1.));
#3881=DIRECTION('',(-1.,0.,0.));
#3882=DIRECTION('',(0.,0.,-1.));
#3883=DIRECTION('',(-1.,0.,-2.81294194113352E-16));
#3884=DIRECTION('center_axis',(0.,0.,1.));
#3885=DIRECTION('ref_axis',(1.,0.,0.));
#3886=DIRECTION('',(-1.,0.,0.));
#3887=DIRECTION('',(0.,-1.,0.));
#3888=DIRECTION('',(0.,-1.,0.));
#3889=DIRECTION('center_axis',(-1.,0.,0.));
#3890=DIRECTION('ref_axis',(0.,0.,1.));
#3891=DIRECTION('',(0.,0.,-1.));
#3892=DIRECTION('',(0.,-1.,0.));
#3893=DIRECTION('',(0.,-1.,0.));
#3894=DIRECTION('',(0.,-1.,0.));
#3895=DIRECTION('',(0.,-1.,0.));
#3896=DIRECTION('',(0.,-1.,0.));
#3897=DIRECTION('',(0.,-1.,0.));
#3898=DIRECTION('center_axis',(2.64931784307254E-16,0.,-1.));
#3899=DIRECTION('ref_axis',(-1.,0.,-2.64931784307254E-16));
#3900=DIRECTION('',(1.,0.,2.64931784307254E-16));
#3901=DIRECTION('',(0.,-1.,0.));
#3902=DIRECTION('center_axis',(1.,0.,0.));
#3903=DIRECTION('ref_axis',(0.,0.,-1.));
#3904=DIRECTION('',(0.,0.,1.));
#3905=DIRECTION('',(0.,-1.,0.));
#3906=DIRECTION('',(0.,-1.,0.));
#3907=DIRECTION('',(0.,-1.,0.));
#3908=DIRECTION('',(0.,-1.,0.));
#3909=DIRECTION('',(0.,-1.,0.));
#3910=DIRECTION('',(0.,-1.,0.));
#3911=DIRECTION('',(0.,-1.,0.));
#3912=DIRECTION('center_axis',(-1.,0.,0.));
#3913=DIRECTION('ref_axis',(0.,0.,1.));
#3914=DIRECTION('',(0.,0.,-1.));
#3915=DIRECTION('',(0.,-1.,0.));
#3916=DIRECTION('center_axis',(-2.81294194113352E-16,0.,1.));
#3917=DIRECTION('ref_axis',(1.,0.,2.81294194113352E-16));
#3918=DIRECTION('',(-1.,0.,-2.81294194113352E-16));
#3919=DIRECTION('',(0.,-1.,0.));
#3920=DIRECTION('',(0.,-1.,0.));
#3921=DIRECTION('',(0.,-1.,0.));
#3922=DIRECTION('',(0.,-1.,0.));
#3923=DIRECTION('',(0.,-1.,0.));
#3924=DIRECTION('',(0.,-1.,0.));
#3925=DIRECTION('',(0.,-1.,0.));
#3926=DIRECTION('',(0.,-1.,0.));
#3927=DIRECTION('',(0.,-1.,0.));
#3928=DIRECTION('',(0.,-1.,0.));
#3929=DIRECTION('',(0.,-1.,0.));
#3930=DIRECTION('',(0.,-1.,0.));
#3931=DIRECTION('',(0.,-1.,0.));
#3932=DIRECTION('',(0.,-1.,0.));
#3933=DIRECTION('',(0.,-1.,0.));
#3934=DIRECTION('',(0.,-1.,0.));
#3935=DIRECTION('',(0.,-1.,0.));
#3936=DIRECTION('center_axis',(0.,0.,1.));
#3937=DIRECTION('ref_axis',(1.,0.,0.));
#3938=DIRECTION('',(-1.,0.,0.));
#3939=DIRECTION('',(0.,-1.,0.));
#3940=DIRECTION('',(-1.,0.,0.));
#3941=DIRECTION('center_axis',(1.,0.,2.5243500202861E-16));
#3942=DIRECTION('ref_axis',(2.5243500202861E-16,0.,-1.));
#3943=DIRECTION('',(-2.5243500202861E-16,0.,1.));
#3944=DIRECTION('',(-2.5243500202861E-16,0.,1.));
#3945=DIRECTION('',(0.,-1.,0.));
#3946=DIRECTION('',(0.,-1.,0.));
#3947=DIRECTION('',(0.,-1.,0.));
#3948=DIRECTION('center_axis',(0.,1.,0.));
#3949=DIRECTION('ref_axis',(0.,0.,1.));
#3950=DIRECTION('center_axis',(0.,1.,0.));
#3951=DIRECTION('ref_axis',(0.,0.,1.));
#3952=DIRECTION('',(0.,0.,1.));
#3953=DIRECTION('',(1.,0.,2.73390653538009E-16));
#3954=DIRECTION('',(0.,0.,-1.));
#3955=DIRECTION('',(-1.,0.,-2.52038714741281E-16));
#3956=DIRECTION('',(0.459888692405044,0.,-0.887976570973569));
#3957=DIRECTION('',(-1.,0.,0.));
#3958=DIRECTION('',(-0.453658506432778,0.,0.891175605333304));
#3959=DIRECTION('center_axis',(-2.52038714741281E-16,0.,1.));
#3960=DIRECTION('ref_axis',(1.,0.,2.52038714741281E-16));
#3961=DIRECTION('',(-1.,0.,-2.52038714741281E-16));
#3962=DIRECTION('',(0.,-1.,0.));
#3963=DIRECTION('',(0.,-1.,0.));
#3964=DIRECTION('center_axis',(-1.,0.,0.));
#3965=DIRECTION('ref_axis',(0.,0.,1.));
#3966=DIRECTION('',(0.,0.,-1.));
#3967=DIRECTION('',(0.,-1.,0.));
#3968=DIRECTION('center_axis',(2.73390653538009E-16,0.,-1.));
#3969=DIRECTION('ref_axis',(-1.,0.,-2.73390653538009E-16));
#3970=DIRECTION('',(1.,0.,2.73390653538009E-16));
#3971=DIRECTION('',(0.,-1.,0.));
#3972=DIRECTION('center_axis',(1.,0.,0.));
#3973=DIRECTION('ref_axis',(0.,0.,-1.));
#3974=DIRECTION('',(0.,0.,1.));
#3975=DIRECTION('',(0.,-1.,0.));
#3976=DIRECTION('center_axis',(-0.887976570973569,0.,-0.459888692405044));
#3977=DIRECTION('ref_axis',(-0.459888692405044,0.,0.887976570973569));
#3978=DIRECTION('',(0.459888692405044,0.,-0.887976570973569));
#3979=DIRECTION('',(0.,-1.,0.));
#3980=DIRECTION('center_axis',(0.,0.,1.));
#3981=DIRECTION('ref_axis',(1.,0.,0.));
#3982=DIRECTION('',(-1.,0.,0.));
#3983=DIRECTION('',(0.,-1.,0.));
#3984=DIRECTION('center_axis',(0.891175605333304,0.,0.453658506432778));
#3985=DIRECTION('ref_axis',(0.453658506432778,0.,-0.891175605333304));
#3986=DIRECTION('',(-0.453658506432778,0.,0.891175605333304));
#3987=DIRECTION('',(0.,-1.,0.));
#3988=DIRECTION('',(0.,-1.,0.));
#3989=DIRECTION('',(0.,-1.,0.));
#3990=DIRECTION('',(0.,-1.,0.));
#3991=DIRECTION('center_axis',(-1.,0.,0.));
#3992=DIRECTION('ref_axis',(0.,0.,1.));
#3993=DIRECTION('',(0.,0.,-1.));
#3994=DIRECTION('',(0.,0.,-1.));
#3995=DIRECTION('',(0.,-1.,0.));
#3996=DIRECTION('',(0.,-1.,0.));
#3997=DIRECTION('',(0.,-1.,0.));
#3998=DIRECTION('',(0.,-1.,0.));
#3999=DIRECTION('',(0.,-1.,0.));
#4000=DIRECTION('',(0.,-1.,0.));
#4001=DIRECTION('',(0.,-1.,0.));
#4002=DIRECTION('',(0.,-1.,0.));
#4003=DIRECTION('',(0.,-1.,0.));
#4004=DIRECTION('',(0.,-1.,0.));
#4005=DIRECTION('center_axis',(1.,0.,0.));
#4006=DIRECTION('ref_axis',(0.,0.,-1.));
#4007=DIRECTION('',(0.,0.,1.));
#4008=DIRECTION('',(0.,-1.,0.));
#4009=DIRECTION('',(0.,0.,1.));
#4010=DIRECTION('',(0.,-1.,0.));
#4011=DIRECTION('',(0.,-1.,0.));
#4012=DIRECTION('',(0.,-1.,0.));
#4013=DIRECTION('',(0.,-1.,0.));
#4014=DIRECTION('',(0.,-1.,0.));
#4015=DIRECTION('',(0.,-1.,0.));
#4016=DIRECTION('center_axis',(0.,1.,0.));
#4017=DIRECTION('ref_axis',(0.,0.,1.));
#4018=DIRECTION('center_axis',(0.,1.,0.));
#4019=DIRECTION('ref_axis',(0.,0.,1.));
#4020=DIRECTION('',(0.620908701570167,0.,0.783882889412984));
#4021=DIRECTION('',(-0.679991598104563,0.,0.73321990323995));
#4022=DIRECTION('',(1.,0.,5.35162204300654E-16));
#4023=DIRECTION('',(0.665832703491978,0.,-0.746101072885279));
#4024=DIRECTION('',(-3.77539473933441E-16,0.,1.));
#4025=DIRECTION('',(1.,0.,0.));
#4026=DIRECTION('',(3.4694470295018E-16,0.,-1.));
#4027=DIRECTION('',(-1.,0.,0.));
#4028=DIRECTION('',(-4.34208685030955E-16,0.,1.));
#4029=DIRECTION('',(-0.664363838829921,0.,0.747409318683659));
#4030=DIRECTION('',(-0.617821551931903,0.,-0.786318338822423));
#4031=DIRECTION('',(-1.,0.,-5.0249972234803E-16));
#4032=DIRECTION('center_axis',(0.,0.,-1.));
#4033=DIRECTION('ref_axis',(-1.,0.,0.));
#4034=DIRECTION('',(1.,0.,0.));
#4035=DIRECTION('',(0.,-1.,0.));
#4036=DIRECTION('',(0.,-1.,0.));
#4037=DIRECTION('center_axis',(1.,0.,3.77539473933441E-16));
#4038=DIRECTION('ref_axis',(3.77539473933441E-16,0.,-1.));
#4039=DIRECTION('',(-3.77539473933441E-16,0.,1.));
#4040=DIRECTION('',(0.,-1.,0.));
#4041=DIRECTION('center_axis',(-0.746101072885279,0.,-0.665832703491978));
#4042=DIRECTION('ref_axis',(-0.665832703491978,0.,0.746101072885279));
#4043=DIRECTION('',(0.665832703491978,0.,-0.746101072885279));
#4044=DIRECTION('',(0.,-1.,0.));
#4045=DIRECTION('center_axis',(5.35162204300654E-16,0.,-1.));
#4046=DIRECTION('ref_axis',(-1.,0.,-5.35162204300654E-16));
#4047=DIRECTION('',(1.,0.,5.35162204300654E-16));
#4048=DIRECTION('',(0.,-1.,0.));
#4049=DIRECTION('center_axis',(0.73321990323995,0.,0.679991598104563));
#4050=DIRECTION('ref_axis',(0.679991598104563,0.,-0.73321990323995));
#4051=DIRECTION('',(-0.679991598104563,0.,0.73321990323995));
#4052=DIRECTION('',(0.,-1.,0.));
#4053=DIRECTION('center_axis',(0.783882889412984,0.,-0.620908701570167));
#4054=DIRECTION('ref_axis',(-0.620908701570167,0.,-0.783882889412984));
#4055=DIRECTION('',(0.620908701570167,0.,0.783882889412984));
#4056=DIRECTION('',(0.,-1.,0.));
#4057=DIRECTION('center_axis',(-1.,0.,-3.4694470295018E-16));
#4058=DIRECTION('ref_axis',(-3.4694470295018E-16,0.,1.));
#4059=DIRECTION('',(3.4694470295018E-16,0.,-1.));
#4060=DIRECTION('',(0.,-1.,0.));
#4061=DIRECTION('center_axis',(0.,0.,1.));
#4062=DIRECTION('ref_axis',(1.,0.,0.));
#4063=DIRECTION('',(-1.,0.,0.));
#4064=DIRECTION('',(0.,-1.,0.));
#4065=DIRECTION('center_axis',(1.,0.,4.34208685030955E-16));
#4066=DIRECTION('ref_axis',(4.34208685030955E-16,0.,-1.));
#4067=DIRECTION('',(-4.34208685030955E-16,0.,1.));
#4068=DIRECTION('',(0.,-1.,0.));
#4069=DIRECTION('center_axis',(0.747409318683659,0.,0.664363838829921));
#4070=DIRECTION('ref_axis',(0.664363838829921,0.,-0.747409318683659));
#4071=DIRECTION('',(-0.66436383882992,0.,0.747409318683659));
#4072=DIRECTION('',(0.,-1.,0.));
#4073=DIRECTION('center_axis',(-0.786318338822423,0.,0.617821551931903));
#4074=DIRECTION('ref_axis',(0.617821551931903,0.,0.786318338822423));
#4075=DIRECTION('',(-0.617821551931903,0.,-0.786318338822423));
#4076=DIRECTION('',(0.,-1.,0.));
#4077=DIRECTION('center_axis',(-5.0249972234803E-16,0.,1.));
#4078=DIRECTION('ref_axis',(1.,0.,5.0249972234803E-16));
#4079=DIRECTION('',(-1.,0.,-5.0249972234803E-16));
#4080=DIRECTION('center_axis',(0.,0.,1.));
#4081=DIRECTION('ref_axis',(1.,0.,0.));
#4082=DIRECTION('',(-1.,0.,0.));
#4083=DIRECTION('',(0.,-1.,0.));
#4084=DIRECTION('',(-1.,0.,0.));
#4085=DIRECTION('',(0.,-1.,0.));
#4086=DIRECTION('center_axis',(-1.,0.,0.));
#4087=DIRECTION('ref_axis',(0.,0.,1.));
#4088=DIRECTION('',(0.,0.,-1.));
#4089=DIRECTION('',(0.,0.,-1.));
#4090=DIRECTION('',(0.,-1.,0.));
#4091=DIRECTION('center_axis',(-2.47324082093171E-16,0.,1.));
#4092=DIRECTION('ref_axis',(1.,0.,2.47324082093171E-16));
#4093=DIRECTION('',(-1.,0.,-2.47324082093171E-16));
#4094=DIRECTION('',(-1.,0.,-2.47324082093171E-16));
#4095=DIRECTION('',(0.,-1.,0.));
#4096=DIRECTION('center_axis',(1.,0.,0.));
#4097=DIRECTION('ref_axis',(0.,0.,-1.));
#4098=DIRECTION('',(0.,0.,1.));
#4099=DIRECTION('',(0.,0.,1.));
#4100=DIRECTION('',(0.,-1.,0.));
#4101=DIRECTION('center_axis',(-6.52636834512991E-16,0.,1.));
#4102=DIRECTION('ref_axis',(1.,0.,6.52636834512991E-16));
#4103=DIRECTION('',(-1.,0.,-6.52636834512991E-16));
#4104=DIRECTION('',(-1.,0.,-6.52636834512991E-16));
#4105=DIRECTION('',(0.,-1.,0.));
#4106=DIRECTION('center_axis',(-1.,0.,0.));
#4107=DIRECTION('ref_axis',(0.,0.,1.));
#4108=DIRECTION('',(0.,0.,-1.));
#4109=DIRECTION('',(0.,0.,-1.));
#4110=DIRECTION('',(0.,-1.,0.));
#4111=DIRECTION('center_axis',(1.,0.,0.));
#4112=DIRECTION('ref_axis',(0.,0.,-1.));
#4113=DIRECTION('',(0.,0.,1.));
#4114=DIRECTION('',(0.,-1.,0.));
#4115=DIRECTION('',(0.,0.,1.));
#4116=DIRECTION('center_axis',(0.,0.,-1.));
#4117=DIRECTION('ref_axis',(-1.,0.,0.));
#4118=DIRECTION('',(1.,0.,0.));
#4119=DIRECTION('',(0.,-1.,0.));
#4120=DIRECTION('',(1.,0.,0.));
#4121=DIRECTION('center_axis',(-1.,0.,0.));
#4122=DIRECTION('ref_axis',(0.,0.,1.));
#4123=DIRECTION('',(0.,0.,-1.));
#4124=DIRECTION('',(0.,-1.,0.));
#4125=DIRECTION('',(0.,0.,-1.));
#4126=DIRECTION('center_axis',(2.35546744850639E-16,0.,-1.));
#4127=DIRECTION('ref_axis',(-1.,0.,-2.35546744850639E-16));
#4128=DIRECTION('',(1.,0.,2.35546744850639E-16));
#4129=DIRECTION('',(0.,-1.,0.));
#4130=DIRECTION('',(1.,0.,2.35546744850639E-16));
#4131=DIRECTION('center_axis',(1.,0.,0.));
#4132=DIRECTION('ref_axis',(0.,0.,-1.));
#4133=DIRECTION('',(0.,0.,1.));
#4134=DIRECTION('',(0.,-1.,0.));
#4135=DIRECTION('',(0.,0.,1.));
#4136=DIRECTION('center_axis',(6.52636834512991E-16,0.,-1.));
#4137=DIRECTION('ref_axis',(-1.,0.,-6.52636834512991E-16));
#4138=DIRECTION('',(1.,0.,6.52636834512991E-16));
#4139=DIRECTION('',(1.,0.,6.52636834512991E-16));
#4140=DIRECTION('center_axis',(0.,1.,0.));
#4141=DIRECTION('ref_axis',(0.,0.,1.));
#4142=DIRECTION('center_axis',(0.,1.,0.));
#4143=DIRECTION('ref_axis',(0.,0.,1.));
#4144=DIRECTION('center_axis',(0.,1.,0.));
#4145=DIRECTION('ref_axis',(0.,0.,1.));
#4146=DIRECTION('center_axis',(0.,1.,0.));
#4147=DIRECTION('ref_axis',(0.,0.,1.));
#4148=DIRECTION('center_axis',(0.707106781186547,0.,0.707106781186548));
#4149=DIRECTION('ref_axis',(0.707106781186548,0.,-0.707106781186547));
#4150=DIRECTION('',(0.707106781186548,0.,-0.707106781186547));
#4151=DIRECTION('',(0.,1.,0.));
#4152=DIRECTION('',(0.707106781186548,0.,-0.707106781186547));
#4153=DIRECTION('',(0.,-1.,0.));
#4154=DIRECTION('center_axis',(0.,0.,1.));
#4155=DIRECTION('ref_axis',(-1.,0.,0.));
#4156=DIRECTION('',(1.,0.,0.));
#4157=DIRECTION('',(0.,-1.,0.));
#4158=DIRECTION('',(-1.,0.,0.));
#4159=DIRECTION('center_axis',(1.,0.,-5.33761069531325E-16));
#4160=DIRECTION('ref_axis',(5.33761069531325E-16,0.,1.));
#4161=DIRECTION('',(5.33761069531325E-16,0.,1.));
#4162=DIRECTION('',(0.,-1.,0.));
#4163=DIRECTION('',(5.33761069531325E-16,0.,1.));
#4164=DIRECTION('',(0.,-1.,0.));
#4165=DIRECTION('center_axis',(0.,0.,1.));
#4166=DIRECTION('ref_axis',(-1.,0.,0.));
#4167=DIRECTION('',(-1.,0.,0.));
#4168=DIRECTION('',(0.,-1.,0.));
#4169=DIRECTION('',(-1.,0.,0.));
#4170=DIRECTION('center_axis',(0.707106781186547,0.,0.707106781186549));
#4171=DIRECTION('ref_axis',(-0.707106781186548,0.,0.707106781186546));
#4172=DIRECTION('',(-0.707106781186548,0.,0.707106781186546));
#4173=DIRECTION('',(0.,-1.,0.));
#4174=DIRECTION('',(-0.707106781186548,0.,0.707106781186546));
#4175=DIRECTION('center_axis',(-0.707106781186549,0.,-0.707106781186546));
#4176=DIRECTION('ref_axis',(0.707106781186546,0.,-0.707106781186549));
#4177=DIRECTION('',(0.707106781186546,0.,-0.707106781186549));
#4178=DIRECTION('',(0.,-1.,0.));
#4179=DIRECTION('',(0.707106781186546,0.,-0.707106781186549));
#4180=DIRECTION('',(0.,-1.,0.));
#4181=DIRECTION('center_axis',(-1.,0.,4.2700885562506E-16));
#4182=DIRECTION('ref_axis',(-4.2700885562506E-16,0.,-1.));
#4183=DIRECTION('',(-4.2700885562506E-16,0.,-1.));
#4184=DIRECTION('',(0.,-1.,0.));
#4185=DIRECTION('',(-4.2700885562506E-16,0.,-1.));
#4186=DIRECTION('center_axis',(-0.707106781186547,0.,0.707106781186549));
#4187=DIRECTION('ref_axis',(-0.707106781186548,0.,-0.707106781186546));
#4188=DIRECTION('',(-0.707106781186548,0.,-0.707106781186546));
#4189=DIRECTION('',(0.,-1.,0.));
#4190=DIRECTION('',(-0.707106781186548,0.,-0.707106781186546));
#4191=DIRECTION('center_axis',(0.707106781186549,0.,-0.707106781186547));
#4192=DIRECTION('ref_axis',(0.707106781186546,0.,0.707106781186548));
#4193=DIRECTION('',(0.707106781186546,0.,0.707106781186548));
#4194=DIRECTION('',(0.,-1.,0.));
#4195=DIRECTION('',(0.707106781186546,0.,0.707106781186548));
#4196=DIRECTION('',(0.,-1.,0.));
#4197=DIRECTION('center_axis',(0.,0.,-1.));
#4198=DIRECTION('ref_axis',(1.,0.,0.));
#4199=DIRECTION('',(1.,0.,0.));
#4200=DIRECTION('',(1.,0.,0.));
#4201=DIRECTION('center_axis',(0.,1.,0.));
#4202=DIRECTION('ref_axis',(0.,0.,-1.));
#4203=DIRECTION('center_axis',(0.,-1.,0.));
#4204=DIRECTION('ref_axis',(1.,0.,2.77555756156289E-15));
#4205=DIRECTION('center_axis',(0.,-1.,0.));
#4206=DIRECTION('ref_axis',(5.55111512312579E-15,0.,1.));
#4207=DIRECTION('center_axis',(0.,1.,0.));
#4208=DIRECTION('ref_axis',(0.,0.,1.));
#4209=DIRECTION('',(1.,0.,-2.60208521396521E-16));
#4210=DIRECTION('',(0.707106781186546,0.,-0.707106781186548));
#4211=DIRECTION('',(5.33761069531325E-16,0.,-1.));
#4212=DIRECTION('',(-1.,0.,0.));
#4213=DIRECTION('',(-0.707106781186548,0.,-0.707106781186546));
#4214=DIRECTION('',(-1.,0.,0.));
#4215=DIRECTION('center_axis',(0.,1.,0.));
#4216=DIRECTION('ref_axis',(0.,0.,1.));
#4217=DIRECTION('',(0.,0.,-1.));
#4218=DIRECTION('center_axis',(1.,0.,5.33761069531325E-16));
#4219=DIRECTION('ref_axis',(-5.33761069531325E-16,0.,1.));
#4220=DIRECTION('',(-5.33761069531325E-16,0.,1.));
#4221=DIRECTION('',(0.,-1.,0.));
#4222=DIRECTION('center_axis',(0.,0.,-1.));
#4223=DIRECTION('ref_axis',(1.,0.,0.));
#4224=DIRECTION('',(1.,0.,0.));
#4225=DIRECTION('',(0.,-1.,0.));
#4226=DIRECTION('center_axis',(0.707106781186547,0.,-0.707106781186549));
#4227=DIRECTION('ref_axis',(0.707106781186548,0.,0.707106781186546));
#4228=DIRECTION('',(0.707106781186548,0.,0.707106781186546));
#4229=DIRECTION('',(0.,-1.,0.));
#4230=DIRECTION('center_axis',(-0.707106781186549,0.,0.707106781186546));
#4231=DIRECTION('ref_axis',(-0.707106781186546,0.,-0.707106781186549));
#4232=DIRECTION('',(0.707106781186546,0.,0.707106781186549));
#4233=DIRECTION('',(0.,-1.,0.));
#4234=DIRECTION('',(-0.707106781186546,0.,-0.707106781186549));
#4235=DIRECTION('',(0.,-1.,0.));
#4236=DIRECTION('center_axis',(-1.,0.,-4.2700885562506E-16));
#4237=DIRECTION('ref_axis',(4.2700885562506E-16,0.,-1.));
#4238=DIRECTION('',(-4.2700885562506E-16,0.,1.));
#4239=DIRECTION('',(4.2700885562506E-16,0.,-1.));
#4240=DIRECTION('',(0.,-1.,0.));
#4241=DIRECTION('center_axis',(-0.707106781186547,0.,-0.707106781186549));
#4242=DIRECTION('ref_axis',(0.707106781186548,0.,-0.707106781186546));
#4243=DIRECTION('',(-0.707106781186548,0.,0.707106781186546));
#4244=DIRECTION('',(0.707106781186548,0.,-0.707106781186546));
#4245=DIRECTION('',(0.,-1.,0.));
#4246=DIRECTION('center_axis',(0.707106781186549,0.,0.707106781186547));
#4247=DIRECTION('ref_axis',(-0.707106781186546,0.,0.707106781186548));
#4248=DIRECTION('',(0.,-1.,0.));
#4249=DIRECTION('',(-0.707106781186546,0.,0.707106781186548));
#4250=DIRECTION('center_axis',(0.,-1.,0.));
#4251=DIRECTION('ref_axis',(0.,0.,-1.));
#4252=DIRECTION('center_axis',(0.,1.,0.));
#4253=DIRECTION('ref_axis',(-5.55111512312579E-15,0.,1.));
#4254=DIRECTION('center_axis',(0.,1.,0.));
#4255=DIRECTION('ref_axis',(-1.,0.,2.77555756156289E-15));
#4256=DIRECTION('center_axis',(0.,1.,0.));
#4257=DIRECTION('ref_axis',(0.,0.,1.));
#4258=DIRECTION('',(0.,0.,1.));
#4259=DIRECTION('center_axis',(1.,0.,0.));
#4260=DIRECTION('ref_axis',(0.,0.707106781186548,0.707106781186547));
#4261=DIRECTION('center_axis',(1.,0.,0.));
#4262=DIRECTION('ref_axis',(0.,1.,0.));
#4263=DIRECTION('',(1.,0.,0.));
#4264=DIRECTION('center_axis',(-1.,0.,0.));
#4265=DIRECTION('ref_axis',(0.,0.,1.));
#4266=DIRECTION('',(-1.,0.,0.));
#4267=DIRECTION('center_axis',(0.,0.,-1.));
#4268=DIRECTION('ref_axis',(0.707106781186548,0.707106781186548,0.));
#4269=DIRECTION('center_axis',(0.,0.,-1.));
#4270=DIRECTION('ref_axis',(0.,1.,0.));
#4271=DIRECTION('',(0.,0.,-1.));
#4272=DIRECTION('center_axis',(-6.93889390390722E-16,0.,1.));
#4273=DIRECTION('ref_axis',(1.,0.,6.93889390390722E-16));
#4274=DIRECTION('',(0.,0.,1.));
#4275=DIRECTION('center_axis',(0.408248290463864,-0.816496580927725,0.408248290463864));
#4276=DIRECTION('ref_axis',(0.577350269189625,0.577350269189626,0.577350269189626));
#4277=DIRECTION('center_axis',(0.,1.,0.));
#4278=DIRECTION('ref_axis',(0.,0.,1.));
#4279=DIRECTION('center_axis',(-1.,0.,0.));
#4280=DIRECTION('ref_axis',(0.,0.707106781186548,-0.707106781186547));
#4281=DIRECTION('center_axis',(-1.,0.,0.));
#4282=DIRECTION('ref_axis',(0.,1.,0.));
#4283=DIRECTION('',(-1.,0.,0.));
#4284=DIRECTION('center_axis',(1.,0.,0.));
#4285=DIRECTION('ref_axis',(0.,0.,-1.));
#4286=DIRECTION('',(1.,0.,0.));
#4287=DIRECTION('center_axis',(0.408248290463862,-0.816496580927726,-0.408248290463865));
#4288=DIRECTION('ref_axis',(0.577350269189625,0.577350269189626,-0.577350269189627));
#4289=DIRECTION('center_axis',(0.,1.,0.));
#4290=DIRECTION('ref_axis',(1.,0.,0.));
#4291=DIRECTION('center_axis',(0.,0.,1.));
#4292=DIRECTION('ref_axis',(-0.707106781186548,0.707106781186548,0.));
#4293=DIRECTION('center_axis',(0.,0.,1.));
#4294=DIRECTION('ref_axis',(0.,1.,0.));
#4295=DIRECTION('',(0.,0.,1.));
#4296=DIRECTION('center_axis',(6.93889390390722E-16,0.,-1.));
#4297=DIRECTION('ref_axis',(-1.,0.,-6.93889390390722E-16));
#4298=DIRECTION('',(0.,0.,-1.));
#4299=DIRECTION('center_axis',(-0.408248290463864,-0.816496580927725,-0.408248290463864));
#4300=DIRECTION('ref_axis',(-0.577350269189625,0.577350269189626,-0.577350269189626));
#4301=DIRECTION('center_axis',(0.,1.,0.));
#4302=DIRECTION('ref_axis',(0.,0.,-1.));
#4303=DIRECTION('center_axis',(-0.408248290463862,-0.816496580927726,0.408248290463865));
#4304=DIRECTION('ref_axis',(-0.577350269189625,0.577350269189626,0.577350269189627));
#4305=DIRECTION('center_axis',(0.,1.,0.));
#4306=DIRECTION('ref_axis',(-1.,0.,0.));
#4307=DIRECTION('center_axis',(0.,1.,0.));
#4308=DIRECTION('ref_axis',(0.,0.,1.));
#4309=DIRECTION('',(0.,1.,0.));
#4310=DIRECTION('center_axis',(0.,-1.,0.));
#4311=DIRECTION('ref_axis',(0.,0.,1.));
#4312=DIRECTION('',(0.,1.,0.));
#4313=DIRECTION('center_axis',(0.,0.,1.));
#4314=DIRECTION('ref_axis',(1.,0.,0.));
#4315=DIRECTION('',(0.,1.,0.));
#4316=DIRECTION('',(-1.,0.,0.));
#4317=DIRECTION('center_axis',(0.,1.,0.));
#4318=DIRECTION('ref_axis',(-1.,0.,0.));
#4319=DIRECTION('',(0.,1.,0.));
#4320=DIRECTION('center_axis',(0.,-1.,0.));
#4321=DIRECTION('ref_axis',(-1.,0.,0.));
#4322=DIRECTION('center_axis',(-1.,0.,0.));
#4323=DIRECTION('ref_axis',(0.,0.,1.));
#4324=DIRECTION('',(0.,1.,0.));
#4325=DIRECTION('',(0.,0.,-1.));
#4326=DIRECTION('center_axis',(0.,1.,0.));
#4327=DIRECTION('ref_axis',(0.,0.,1.));
#4328=DIRECTION('center_axis',(0.,1.,0.));
#4329=DIRECTION('ref_axis',(0.,0.,-1.));
#4330=DIRECTION('',(0.,1.,0.));
#4331=DIRECTION('center_axis',(0.,-1.,0.));
#4332=DIRECTION('ref_axis',(0.,0.,-1.));
#4333=DIRECTION('center_axis',(0.,0.,-1.));
#4334=DIRECTION('ref_axis',(-1.,0.,0.));
#4335=DIRECTION('',(0.,1.,0.));
#4336=DIRECTION('',(1.,0.,0.));
#4337=DIRECTION('center_axis',(0.,1.,0.));
#4338=DIRECTION('ref_axis',(1.,0.,0.));
#4339=DIRECTION('',(0.,1.,0.));
#4340=DIRECTION('center_axis',(0.,-1.,0.));
#4341=DIRECTION('ref_axis',(1.,0.,0.));
#4342=DIRECTION('center_axis',(1.,0.,0.));
#4343=DIRECTION('ref_axis',(0.,0.,-1.));
#4344=DIRECTION('',(0.,0.,1.));
#4345=DIRECTION('center_axis',(0.,1.,0.));
#4346=DIRECTION('ref_axis',(-5.55111512312579E-15,0.,-1.));
#4347=DIRECTION('',(0.,1.,0.));
#4348=DIRECTION('center_axis',(0.,-1.,0.));
#4349=DIRECTION('ref_axis',(-5.55111512312579E-15,0.,-1.));
#4350=DIRECTION('',(0.,1.,0.));
#4351=DIRECTION('center_axis',(0.,0.,-1.));
#4352=DIRECTION('ref_axis',(-1.,0.,0.));
#4353=DIRECTION('',(-1.,0.,0.));
#4354=DIRECTION('',(0.,1.,0.));
#4355=DIRECTION('center_axis',(0.,1.,0.));
#4356=DIRECTION('ref_axis',(1.,0.,2.77555756156289E-15));
#4357=DIRECTION('center_axis',(0.,-1.,0.));
#4358=DIRECTION('ref_axis',(1.,0.,2.77555756156289E-15));
#4359=DIRECTION('',(0.,1.,0.));
#4360=DIRECTION('center_axis',(1.,0.,0.));
#4361=DIRECTION('ref_axis',(0.,0.,-1.));
#4362=DIRECTION('',(0.,0.,-1.));
#4363=DIRECTION('',(0.,1.,0.));
#4364=DIRECTION('center_axis',(0.,1.,0.));
#4365=DIRECTION('ref_axis',(5.55111512312579E-15,0.,1.));
#4366=DIRECTION('center_axis',(0.,-1.,0.));
#4367=DIRECTION('ref_axis',(5.55111512312579E-15,0.,1.));
#4368=DIRECTION('',(0.,1.,0.));
#4369=DIRECTION('center_axis',(2.60208521396521E-16,0.,1.));
#4370=DIRECTION('ref_axis',(1.,0.,-2.60208521396521E-16));
#4371=DIRECTION('',(1.,0.,-2.60208521396521E-16));
#4372=DIRECTION('',(0.,1.,0.));
#4373=DIRECTION('center_axis',(0.,1.,0.));
#4374=DIRECTION('ref_axis',(-1.,0.,-2.77555756156289E-15));
#4375=DIRECTION('center_axis',(0.,-1.,0.));
#4376=DIRECTION('ref_axis',(-1.,0.,-2.77555756156289E-15));
#4377=DIRECTION('',(0.,1.,0.));
#4378=DIRECTION('center_axis',(-1.,0.,0.));
#4379=DIRECTION('ref_axis',(0.,0.,1.));
#4380=DIRECTION('',(0.,0.,1.));
#4381=DIRECTION('center_axis',(0.,1.,0.));
#4382=DIRECTION('ref_axis',(0.,0.,1.));
#4383=CARTESIAN_POINT('',(0.,0.,0.));
#4384=CARTESIAN_POINT('Origin',(0.,0.79,0.));
#4385=CARTESIAN_POINT('',(1.29611015266934,0.79,0.156612644307617));
#4386=CARTESIAN_POINT('',(1.29611015266934,0.79,0.199076176583767));
#4387=CARTESIAN_POINT('',(1.29611015266934,0.79,0.0995380882918835));
#4388=CARTESIAN_POINT('',(1.13565634750373,0.79,0.156612644307617));
#4389=CARTESIAN_POINT('',(0.648055076334668,0.79,0.156612644307617));
#4390=CARTESIAN_POINT('',(1.29319281075723,0.79,-0.0651053410121261));
#4391=CARTESIAN_POINT('',(0.982133820059966,0.79,0.37268138663588));
#4392=CARTESIAN_POINT('',(1.29319281075723,0.79,-0.101085891261383));
#4393=CARTESIAN_POINT('',(1.29319281075723,0.79,-0.032552670506063));
#4394=CARTESIAN_POINT('',(1.08217174578186,0.79,-0.101085891261383));
#4395=CARTESIAN_POINT('',(0.646596405378617,0.79,-0.101085891261383));
#4396=CARTESIAN_POINT('',(1.08217174578186,0.79,-0.059594806289267));
#4397=CARTESIAN_POINT('',(1.08217174578186,0.79,-0.0505429456306914));
#4398=CARTESIAN_POINT('',(1.23257692880578,0.79,-0.059594806289267));
#4399=CARTESIAN_POINT('',(0.541085872890932,0.79,-0.0595948062892672));
#4400=CARTESIAN_POINT('',(1.07568876375497,0.79,0.161474880827787));
#4401=CARTESIAN_POINT('',(1.0120887310787,0.79,0.251093108689809));
#4402=CARTESIAN_POINT('',(1.07568876375497,0.79,0.199076176583767));
#4403=CARTESIAN_POINT('',(1.07568876375497,0.79,0.0807374404138936));
#4404=CARTESIAN_POINT('',(0.537844381877485,0.79,0.199076176583767));
#4405=CARTESIAN_POINT('Origin',(1.29319281075723,4.43027547164124,-0.101085891261383));
#4406=CARTESIAN_POINT('',(1.08217174578186,0.8,-0.101085891261383));
#4407=CARTESIAN_POINT('',(1.29319281075723,0.8,-0.101085891261383));
#4408=CARTESIAN_POINT('',(0.646596405378617,0.8,-0.101085891261383));
#4409=CARTESIAN_POINT('',(1.08217174578186,4.43027547164124,-0.101085891261383));
#4410=CARTESIAN_POINT('',(1.29319281075723,4.43027547164124,-0.101085891261383));
#4411=CARTESIAN_POINT('Origin',(1.29319281075723,4.43027547164124,-0.0651053410121261));
#4412=CARTESIAN_POINT('',(1.29319281075723,0.8,-0.0651053410121261));
#4413=CARTESIAN_POINT('',(1.29319281075723,0.8,-0.032552670506063));
#4414=CARTESIAN_POINT('',(1.29319281075723,4.43027547164124,-0.0651053410121261));
#4415=CARTESIAN_POINT('Origin',(1.13565634750373,4.43027547164124,0.156612644307617));
#4416=CARTESIAN_POINT('',(1.13565634750373,0.8,0.156612644307617));
#4417=CARTESIAN_POINT('',(0.982133820059966,0.8,0.37268138663588));
#4418=CARTESIAN_POINT('',(1.13565634750373,4.43027547164124,0.156612644307617));
#4419=CARTESIAN_POINT('Origin',(1.29611015266934,4.43027547164124,0.156612644307617));
#4420=CARTESIAN_POINT('',(1.29611015266934,0.8,0.156612644307617));
#4421=CARTESIAN_POINT('',(0.648055076334668,0.8,0.156612644307617));
#4422=CARTESIAN_POINT('',(1.29611015266934,4.43027547164124,0.156612644307617));
#4423=CARTESIAN_POINT('Origin',(1.29611015266934,4.43027547164124,0.199076176583767));
#4424=CARTESIAN_POINT('',(1.29611015266934,0.8,0.199076176583767));
#4425=CARTESIAN_POINT('',(1.29611015266934,0.8,0.0995380882918835));
#4426=CARTESIAN_POINT('',(1.29611015266934,4.43027547164124,0.199076176583767));
#4427=CARTESIAN_POINT('Origin',(1.08217174578186,4.43027547164124,-0.101085891261383));
#4428=CARTESIAN_POINT('',(1.08217174578186,0.8,-0.059594806289267));
#4429=CARTESIAN_POINT('',(1.08217174578186,0.8,-0.0505429456306914));
#4430=CARTESIAN_POINT('',(1.08217174578186,4.43027547164124,-0.059594806289267));
#4431=CARTESIAN_POINT('Origin',(1.08217174578186,4.43027547164124,-0.059594806289267));
#4432=CARTESIAN_POINT('',(1.23257692880578,0.8,-0.059594806289267));
#4433=CARTESIAN_POINT('',(0.541085872890932,0.8,-0.0595948062892672));
#4434=CARTESIAN_POINT('',(1.23257692880578,4.43027547164124,-0.059594806289267));
#4435=CARTESIAN_POINT('Origin',(1.23257692880578,4.43027547164124,-0.059594806289267));
#4436=CARTESIAN_POINT('',(1.07568876375497,0.8,0.161474880827787));
#4437=CARTESIAN_POINT('',(1.0120887310787,0.8,0.251093108689809));
#4438=CARTESIAN_POINT('',(1.07568876375497,4.43027547164124,0.161474880827787));
#4439=CARTESIAN_POINT('Origin',(1.07568876375497,4.43027547164124,0.161474880827787));
#4440=CARTESIAN_POINT('',(1.07568876375497,0.8,0.199076176583767));
#4441=CARTESIAN_POINT('',(1.07568876375497,0.8,0.0807374404138936));
#4442=CARTESIAN_POINT('',(1.07568876375497,4.43027547164124,0.199076176583767));
#4443=CARTESIAN_POINT('Origin',(1.07568876375497,4.43027547164124,0.199076176583767));
#4444=CARTESIAN_POINT('',(0.537844381877485,0.8,0.199076176583767));
#4445=CARTESIAN_POINT('Origin',(0.,0.79,0.));
#4446=CARTESIAN_POINT('',(-1.11426256492951,0.79,-0.150680703767115));
#4447=CARTESIAN_POINT('',(-1.16288493013121,0.79,-0.162998369618212));
#4448=CARTESIAN_POINT('Ctrl Pts',(-1.11426256492951,0.790000000000001,-0.150680703767115));
#4449=CARTESIAN_POINT('Ctrl Pts',(-1.1209616463573,0.790000000000001,-0.155218791185941));
#4450=CARTESIAN_POINT('Ctrl Pts',(-1.12841707568823,0.790000000000001,-0.158406257349163));
#4451=CARTESIAN_POINT('Ctrl Pts',(-1.13662885292229,0.790000000000001,-0.160243102256783));
#4452=CARTESIAN_POINT('Ctrl Pts',(-1.14484063015636,0.790000000000001,-0.162079947164402));
#4453=CARTESIAN_POINT('Ctrl Pts',(-1.15359265589266,0.790000000000001,-0.162998369618212));
#4454=CARTESIAN_POINT('Ctrl Pts',(-1.16288493013121,0.790000000000001,-0.162998369618212));
#4455=CARTESIAN_POINT('',(-1.09319287334211,0.79,-0.107244724186932));
#4456=CARTESIAN_POINT('Ctrl Pts',(-1.09319287334211,0.790000000000001,-0.107244724186932));
#4457=CARTESIAN_POINT('Ctrl Pts',(-1.09319287334211,0.790000000000001,-0.117401396029064));
#4458=CARTESIAN_POINT('Ctrl Pts',(-1.09513776795018,0.790000000000001,-0.126099396915146));
#4459=CARTESIAN_POINT('Ctrl Pts',(-1.09902755716631,0.790000000000001,-0.133338726845176));
#4460=CARTESIAN_POINT('Ctrl Pts',(-1.10291734638245,0.790000000000001,-0.140578056775207));
#4461=CARTESIAN_POINT('Ctrl Pts',(-1.10799568230352,0.790000000000001,-0.146358715749187));
#4462=CARTESIAN_POINT('Ctrl Pts',(-1.11426256492951,0.790000000000001,-0.150680703767115));
#4463=CARTESIAN_POINT('',(-1.17455429777962,0.79,-0.0401458602085883));
#4464=CARTESIAN_POINT('Ctrl Pts',(-1.17455429777962,0.790000000000001,-0.0401458602085883));
#4465=CARTESIAN_POINT('Ctrl Pts',(-1.15056726428011,0.790000000000001,-0.0401458602085883));
#4466=CARTESIAN_POINT('Ctrl Pts',(-1.13101026849899,0.790000000000001,-0.0458724943323439));
#4467=CARTESIAN_POINT('Ctrl Pts',(-1.11588331043624,0.790000000000001,-0.057325762579855));
#4468=CARTESIAN_POINT('Ctrl Pts',(-1.10075635237349,0.790000000000001,-0.0687790308273661));
#4469=CARTESIAN_POINT('Ctrl Pts',(-1.09319287334211,0.790000000000001,-0.0854186846963917));
#4470=CARTESIAN_POINT('Ctrl Pts',(-1.09319287334211,0.790000000000001,-0.107244724186932));
#4471=CARTESIAN_POINT('',(-1.19238249835357,0.79,-0.0401458602085883));
#4472=CARTESIAN_POINT('',(-0.587277148889809,0.79,-0.040145860208588));
#4473=CARTESIAN_POINT('',(-1.19238249835357,0.79,0.0042625666756293));
#4474=CARTESIAN_POINT('',(-1.19238249835357,0.79,-0.0200729301042942));
#4475=CARTESIAN_POINT('',(-1.16969206125945,0.79,0.00426256667562931));
#4476=CARTESIAN_POINT('',(-0.596191249176787,0.79,0.00426256667562946));
#4477=CARTESIAN_POINT('',(-1.10940032840934,0.79,0.0185251271347941));
#4478=CARTESIAN_POINT('Ctrl Pts',(-1.10940032840934,0.790000000000001,0.0185251271347941));
#4479=CARTESIAN_POINT('Ctrl Pts',(-1.11696380744072,0.790000000000001,0.0131226421123832));
#4480=CARTESIAN_POINT('Ctrl Pts',(-1.1258779077277,0.790000000000001,0.00939492744691967));
#4481=CARTESIAN_POINT('Ctrl Pts',(-1.13614262927028,0.790000000000001,0.00734198313840353));
#4482=CARTESIAN_POINT('Ctrl Pts',(-1.14640735081286,0.790000000000001,0.00528903882988739));
#4483=CARTESIAN_POINT('Ctrl Pts',(-1.15759049480925,0.790000000000001,0.00426256667562931));
#4484=CARTESIAN_POINT('Ctrl Pts',(-1.16969206125945,0.790000000000001,0.00426256667562931));
#4485=CARTESIAN_POINT('',(-1.08541329490984,0.79,0.0765478162754872));
#4486=CARTESIAN_POINT('Ctrl Pts',(-1.08541329490984,0.790000000000001,0.0765478162754872));
#4487=CARTESIAN_POINT('Ctrl Pts',(-1.08541329490984,0.790000000000001,0.062069156415426));
#4488=CARTESIAN_POINT('Ctrl Pts',(-1.08752026406858,0.790000000000001,0.0501296645158979));
#4489=CARTESIAN_POINT('Ctrl Pts',(-1.09173420238606,0.790000000000001,0.0407293405769029));
#4490=CARTESIAN_POINT('Ctrl Pts',(-1.09594814070354,0.790000000000001,0.0313290166379079));
#4491=CARTESIAN_POINT('Ctrl Pts',(-1.10183684937797,0.790000000000001,0.023927612157205));
#4492=CARTESIAN_POINT('Ctrl Pts',(-1.10940032840934,0.790000000000001,0.0185251271347941));
#4493=CARTESIAN_POINT('',(-1.10745543380128,0.79,0.138784443733661));
#4494=CARTESIAN_POINT('Ctrl Pts',(-1.10745543380128,0.790000000000001,0.138784443733661));
#4495=CARTESIAN_POINT('Ctrl Pts',(-1.10032415357169,0.790000000000001,0.130788765900493));
#4496=CARTESIAN_POINT('Ctrl Pts',(-1.09486764369906,0.790000000000001,0.122036740164187));
#4497=CARTESIAN_POINT('Ctrl Pts',(-1.09108590418337,0.790000000000001,0.112528366524744));
#4498=CARTESIAN_POINT('Ctrl Pts',(-1.08730416466768,0.790000000000001,0.103019992885301));
#4499=CARTESIAN_POINT('Ctrl Pts',(-1.08541329490984,0.790000000000001,0.0910264761355484));
#4500=CARTESIAN_POINT('Ctrl Pts',(-1.08541329490984,0.790000000000001,0.0765478162754872));
#4501=CARTESIAN_POINT('',(-1.16807131575273,0.79,0.161150731726442));
#4502=CARTESIAN_POINT('Ctrl Pts',(-1.16807131575273,0.790000000000001,0.161150731726442));
#4503=CARTESIAN_POINT('Ctrl Pts',(-1.15705024630701,0.790000000000001,0.161150731726442));
#4504=CARTESIAN_POINT('Ctrl Pts',(-1.14602917686129,0.790000000000001,0.15942193651927));
#4505=CARTESIAN_POINT('Ctrl Pts',(-1.13500810741557,0.790000000000001,0.155964346104927));
#4506=CARTESIAN_POINT('Ctrl Pts',(-1.12398703796985,0.790000000000001,0.152506755690585));
#4507=CARTESIAN_POINT('Ctrl Pts',(-1.11480281343175,0.790000000000001,0.146780121566829));
#4508=CARTESIAN_POINT('Ctrl Pts',(-1.10745543380128,0.790000000000001,0.138784443733661));
#4509=CARTESIAN_POINT('',(-1.27017828267629,0.79,0.126142628781219));
#4510=CARTESIAN_POINT('Ctrl Pts',(-1.27017828267629,0.790000000000001,0.126142628781219));
#4511=CARTESIAN_POINT('Ctrl Pts',(-1.25894111382968,0.790000000000001,0.134354406015284));
#4512=CARTESIAN_POINT('Ctrl Pts',(-1.24381415576693,0.790000000000001,0.142242034148004));
#4513=CARTESIAN_POINT('Ctrl Pts',(-1.22479740848804,0.790000000000001,0.149805513179379));
#4514=CARTESIAN_POINT('Ctrl Pts',(-1.20578066120915,0.790000000000001,0.157368992210754));
#4515=CARTESIAN_POINT('Ctrl Pts',(-1.18687196363072,0.790000000000001,0.161150731726442));
#4516=CARTESIAN_POINT('Ctrl Pts',(-1.16807131575273,0.790000000000001,0.161150731726442));
#4517=CARTESIAN_POINT('',(-1.27406807189243,0.79,0.126142628781219));
#4518=CARTESIAN_POINT('',(-0.635089141338146,0.79,0.126142628781219));
#4519=CARTESIAN_POINT('',(-1.27406807189243,0.79,0.182868721516534));
#4520=CARTESIAN_POINT('',(-1.27406807189243,0.79,0.0630713143906096));
#4521=CARTESIAN_POINT('',(-1.16482982473928,0.79,0.207504053218727));
#4522=CARTESIAN_POINT('Ctrl Pts',(-1.16482982473928,0.790000000000001,0.207504053218727));
#4523=CARTESIAN_POINT('Ctrl Pts',(-1.18492706902265,0.790000000000001,0.207504053218727));
#4524=CARTESIAN_POINT('Ctrl Pts',(-1.20480821390512,0.790000000000001,0.205072934958643));
#4525=CARTESIAN_POINT('Ctrl Pts',(-1.2244732593867,0.790000000000001,0.200210698438473));
#4526=CARTESIAN_POINT('Ctrl Pts',(-1.24413830486827,0.790000000000001,0.195348461918303));
#4527=CARTESIAN_POINT('Ctrl Pts',(-1.26066990903685,0.790000000000001,0.189567802944323));
#4528=CARTESIAN_POINT('Ctrl Pts',(-1.27406807189243,0.790000000000001,0.182868721516534));
#4529=CARTESIAN_POINT('',(-1.0662884979305,0.79,0.170551055665437));
#4530=CARTESIAN_POINT('Ctrl Pts',(-1.0662884979305,0.790000000000001,0.170551055665437));
#4531=CARTESIAN_POINT('Ctrl Pts',(-1.07795786557891,0.790000000000001,0.182652622115637));
#4532=CARTESIAN_POINT('Ctrl Pts',(-1.0920583514874,0.790000000000001,0.191836846653736));
#4533=CARTESIAN_POINT('Ctrl Pts',(-1.10858995565598,0.790000000000001,0.198103729279732));
#4534=CARTESIAN_POINT('Ctrl Pts',(-1.12512155982456,0.790000000000001,0.204370611905729));
#4535=CARTESIAN_POINT('Ctrl Pts',(-1.14386818285232,0.790000000000001,0.207504053218727));
#4536=CARTESIAN_POINT('Ctrl Pts',(-1.16482982473928,0.790000000000001,0.207504053218727));
#4537=CARTESIAN_POINT('',(-1.03095624588394,0.79,0.0804376054916231));
#4538=CARTESIAN_POINT('Ctrl Pts',(-1.03095624588394,0.790000000000001,0.0804376054916231));
#4539=CARTESIAN_POINT('Ctrl Pts',(-1.03095624588394,0.790000000000001,0.0983738557660273));
#4540=CARTESIAN_POINT('Ctrl Pts',(-1.03403566234671,0.790000000000001,0.114959484784829));
#4541=CARTESIAN_POINT('Ctrl Pts',(-1.04019449527226,0.790000000000001,0.130194492548027));
#4542=CARTESIAN_POINT('Ctrl Pts',(-1.04635332819781,0.790000000000001,0.145429500311226));
#4543=CARTESIAN_POINT('Ctrl Pts',(-1.05505132908389,0.790000000000001,0.158881688017029));
#4544=CARTESIAN_POINT('Ctrl Pts',(-1.0662884979305,0.790000000000001,0.170551055665437));
#4545=CARTESIAN_POINT('',(-1.05883306859958,0.79,0.00653161038504191));
#4546=CARTESIAN_POINT('Ctrl Pts',(-1.05883306859958,0.790000000000001,0.00653161038504191));
#4547=CARTESIAN_POINT('Ctrl Pts',(-1.05062129136551,0.790000000000001,0.0140950894164172));
#4548=CARTESIAN_POINT('Ctrl Pts',(-1.04392220993772,0.790000000000001,0.023927612157205));
#4549=CARTESIAN_POINT('Ctrl Pts',(-1.03873582431621,0.790000000000001,0.0360291786074055));
#4550=CARTESIAN_POINT('Ctrl Pts',(-1.03354943869469,0.790000000000001,0.0481307450576059));
#4551=CARTESIAN_POINT('Ctrl Pts',(-1.03095624588394,0.790000000000001,0.0629335540190117));
#4552=CARTESIAN_POINT('Ctrl Pts',(-1.03095624588394,0.790000000000001,0.0804376054916231));
#4553=CARTESIAN_POINT('',(-1.11264181942279,0.79,-0.0194003177225304));
#4554=CARTESIAN_POINT('Ctrl Pts',(-1.11264181942279,0.790000000000001,-0.0194003177225304));
#4555=CARTESIAN_POINT('Ctrl Pts',(-1.10421394278783,0.790000000000001,-0.017671522515359));
#4556=CARTESIAN_POINT('Ctrl Pts',(-1.0951917928004,0.790000000000001,-0.0148622303037053));
#4557=CARTESIAN_POINT('Ctrl Pts',(-1.08557536946051,0.790000000000001,-0.0109724410875694));
#4558=CARTESIAN_POINT('Ctrl Pts',(-1.07595894612062,0.790000000000001,-0.00708265187143356));
#4559=CARTESIAN_POINT('Ctrl Pts',(-1.06704484583364,0.790000000000001,-0.00124796804722979));
#4560=CARTESIAN_POINT('Ctrl Pts',(-1.05883306859958,0.790000000000001,0.00653161038504191));
#4561=CARTESIAN_POINT('',(-1.11264181942279,0.79,-0.0232901069386663));
#4562=CARTESIAN_POINT('',(-1.11264181942279,0.79,-0.00970015886126522));
#4563=CARTESIAN_POINT('',(-1.03873582431621,0.79,-0.112755258909791));
#4564=CARTESIAN_POINT('Ctrl Pts',(-1.03873582431621,0.790000000000001,-0.112755258909791));
#4565=CARTESIAN_POINT('Ctrl Pts',(-1.03873582431621,0.790000000000001,-0.0907131200183543));
#4566=CARTESIAN_POINT('Ctrl Pts',(-1.04597515424624,0.790000000000001,-0.0713722236381233));
#4567=CARTESIAN_POINT('Ctrl Pts',(-1.0604538141063,0.790000000000001,-0.0547325697690977));
#4568=CARTESIAN_POINT('Ctrl Pts',(-1.07493247396636,0.790000000000001,-0.0380929159000722));
#4569=CARTESIAN_POINT('Ctrl Pts',(-1.09232847573852,0.790000000000001,-0.027612094956595));
#4570=CARTESIAN_POINT('Ctrl Pts',(-1.11264181942279,0.790000000000001,-0.0232901069386663));
#4571=CARTESIAN_POINT('',(-1.07439222546412,0.79,-0.186661254016372));
#4572=CARTESIAN_POINT('Ctrl Pts',(-1.07439222546412,0.790000000000001,-0.186661254016372));
#4573=CARTESIAN_POINT('Ctrl Pts',(-1.06272285781571,0.790000000000001,-0.178233377381411));
#4574=CARTESIAN_POINT('Ctrl Pts',(-1.05386278237896,0.790000000000001,-0.167914630988606));
#4575=CARTESIAN_POINT('Ctrl Pts',(-1.04781199915386,0.790000000000001,-0.155705014837957));
#4576=CARTESIAN_POINT('Ctrl Pts',(-1.04176121592876,0.790000000000001,-0.143495398687309));
#4577=CARTESIAN_POINT('Ctrl Pts',(-1.03873582431621,0.790000000000001,-0.12917881337792));
#4578=CARTESIAN_POINT('Ctrl Pts',(-1.03873582431621,0.790000000000001,-0.112755258909791));
#4579=CARTESIAN_POINT('',(-1.15867099181373,0.79,-0.209351691110498));
#4580=CARTESIAN_POINT('Ctrl Pts',(-1.15867099181373,0.790000000000001,-0.209351691110498));
#4581=CARTESIAN_POINT('Ctrl Pts',(-1.14051864213843,0.790000000000001,-0.209351691110498));
#4582=CARTESIAN_POINT('Ctrl Pts',(-1.12468936102277,0.790000000000001,-0.207514846202878));
#4583=CARTESIAN_POINT('Ctrl Pts',(-1.11118314846674,0.790000000000001,-0.203841156387639));
#4584=CARTESIAN_POINT('Ctrl Pts',(-1.09767693591071,0.790000000000001,-0.200167466572399));
#4585=CARTESIAN_POINT('Ctrl Pts',(-1.08541329490984,0.790000000000001,-0.194440832448644));
#4586=CARTESIAN_POINT('Ctrl Pts',(-1.07439222546412,0.790000000000001,-0.186661254016372));
#4587=CARTESIAN_POINT('',(-1.26304700244671,0.79,-0.184716359408304));
#4588=CARTESIAN_POINT('Ctrl Pts',(-1.26304700244671,0.790000000000001,-0.184716359408304));
#4589=CARTESIAN_POINT('Ctrl Pts',(-1.2513776347983,0.790000000000001,-0.190983242034301));
#4590=CARTESIAN_POINT('Ctrl Pts',(-1.23554835368264,0.790000000000001,-0.196655851307832));
#4591=CARTESIAN_POINT('Ctrl Pts',(-1.21555915909972,0.790000000000001,-0.201734187228898));
#4592=CARTESIAN_POINT('Ctrl Pts',(-1.1955699645168,0.790000000000001,-0.206812523149965));
#4593=CARTESIAN_POINT('Ctrl Pts',(-1.17660724208814,0.790000000000001,-0.209351691110498));
#4594=CARTESIAN_POINT('Ctrl Pts',(-1.15867099181373,0.790000000000001,-0.209351691110498));
#4595=CARTESIAN_POINT('',(-1.26304700244671,0.79,-0.12799026667299));
#4596=CARTESIAN_POINT('',(-1.26304700244671,0.79,-0.0923581797041521));
#4597=CARTESIAN_POINT('',(-1.25980551143326,0.79,-0.12799026667299));
#4598=CARTESIAN_POINT('',(-0.631523501223355,0.79,-0.12799026667299));
#4599=CARTESIAN_POINT('',(-1.22025932106922,0.79,-0.150356554665771));
#4600=CARTESIAN_POINT('Ctrl Pts',(-1.22025932106922,0.790000000000001,-0.150356554665771));
#4601=CARTESIAN_POINT('Ctrl Pts',(-1.22890329710507,0.790000000000001,-0.146682864850531));
#4602=CARTESIAN_POINT('Ctrl Pts',(-1.23641275128622,0.790000000000001,-0.142901125334844));
#4603=CARTESIAN_POINT('Ctrl Pts',(-1.24278768361267,0.790000000000001,-0.139011336118708));
#4604=CARTESIAN_POINT('Ctrl Pts',(-1.24916261593911,0.790000000000001,-0.135121546902572));
#4605=CARTESIAN_POINT('Ctrl Pts',(-1.25483522521264,0.790000000000001,-0.131447857087333));
#4606=CARTESIAN_POINT('Ctrl Pts',(-1.25980551143326,0.790000000000001,-0.12799026667299));
#4607=CARTESIAN_POINT('Ctrl Pts',(-1.16288493013121,0.790000000000001,-0.162998369618212));
#4608=CARTESIAN_POINT('Ctrl Pts',(-1.17260940317155,0.790000000000001,-0.162998369618212));
#4609=CARTESIAN_POINT('Ctrl Pts',(-1.18227985136167,0.790000000000001,-0.161809822913282));
#4610=CARTESIAN_POINT('Ctrl Pts',(-1.19189627470156,0.790000000000001,-0.159432729503421));
#4611=CARTESIAN_POINT('Ctrl Pts',(-1.20151269804145,0.790000000000001,-0.15705563609356));
#4612=CARTESIAN_POINT('Ctrl Pts',(-1.21096704683067,0.790000000000001,-0.15403024448101));
#4613=CARTESIAN_POINT('Ctrl Pts',(-1.22025932106922,0.790000000000001,-0.150356554665771));
#4614=CARTESIAN_POINT('Ctrl Pts',(-1.16482982473928,4.43027547164124,0.207504053218727));
#4615=CARTESIAN_POINT('Ctrl Pts',(-1.16482982473928,-2.83027547164124,0.207504053218727));
#4616=CARTESIAN_POINT('Ctrl Pts',(-1.19497569116433,4.43027547164124,0.207504053218727));
#4617=CARTESIAN_POINT('Ctrl Pts',(-1.19497569116433,-2.83027547164124,0.207504053218727));
#4618=CARTESIAN_POINT('Ctrl Pts',(-1.25397082760906,4.43027547164124,0.192917343658218));
#4619=CARTESIAN_POINT('Ctrl Pts',(-1.25397082760906,-2.83027547164124,0.192917343658218));
#4620=CARTESIAN_POINT('Ctrl Pts',(-1.27406807189243,4.43027547164124,0.182868721516534));
#4621=CARTESIAN_POINT('Ctrl Pts',(-1.27406807189243,-2.83027547164124,0.182868721516534));
#4622=CARTESIAN_POINT('',(-1.16482982473928,0.8,0.207504053218727));
#4623=CARTESIAN_POINT('',(-1.27406807189243,0.8,0.182868721516534));
#4624=CARTESIAN_POINT('Ctrl Pts',(-1.16482982473928,0.800000000000001,0.207504053218727));
#4625=CARTESIAN_POINT('Ctrl Pts',(-1.19497569116433,0.800000000000001,0.207504053218727));
#4626=CARTESIAN_POINT('Ctrl Pts',(-1.25397082760906,0.800000000000001,0.192917343658218));
#4627=CARTESIAN_POINT('Ctrl Pts',(-1.27406807189243,0.800000000000001,0.182868721516534));
#4628=CARTESIAN_POINT('',(-1.16482982473928,4.43027547164124,0.207504053218727));
#4629=CARTESIAN_POINT('',(-1.27406807189243,4.43027547164124,0.182868721516534));
#4630=CARTESIAN_POINT('Origin',(-1.27406807189243,4.43027547164124,0.126142628781219));
#4631=CARTESIAN_POINT('',(-1.27406807189243,0.8,0.126142628781219));
#4632=CARTESIAN_POINT('',(-1.27406807189243,0.8,0.0630713143906096));
#4633=CARTESIAN_POINT('',(-1.27406807189243,4.43027547164124,0.126142628781219));
#4634=CARTESIAN_POINT('Origin',(-1.27017828267629,4.43027547164124,0.126142628781219));
#4635=CARTESIAN_POINT('',(-1.27017828267629,0.8,0.126142628781219));
#4636=CARTESIAN_POINT('',(-0.635089141338146,0.8,0.126142628781219));
#4637=CARTESIAN_POINT('',(-1.27017828267629,4.43027547164124,0.126142628781219));
#4638=CARTESIAN_POINT('Ctrl Pts',(-1.27017828267629,4.43027547164124,0.126142628781219));
#4639=CARTESIAN_POINT('Ctrl Pts',(-1.27017828267629,-2.83027547164124,0.126142628781219));
#4640=CARTESIAN_POINT('Ctrl Pts',(-1.25332252940637,4.43027547164124,0.138460294632316));
#4641=CARTESIAN_POINT('Ctrl Pts',(-1.25332252940637,-2.83027547164124,0.138460294632316));
#4642=CARTESIAN_POINT('Ctrl Pts',(-1.19627228756971,4.43027547164124,0.161150731726442));
#4643=CARTESIAN_POINT('Ctrl Pts',(-1.19627228756971,-2.83027547164124,0.161150731726442));
#4644=CARTESIAN_POINT('Ctrl Pts',(-1.16807131575273,4.43027547164124,0.161150731726442));
#4645=CARTESIAN_POINT('Ctrl Pts',(-1.16807131575273,-2.83027547164124,0.161150731726442));
#4646=CARTESIAN_POINT('',(-1.16807131575273,0.8,0.161150731726442));
#4647=CARTESIAN_POINT('Ctrl Pts',(-1.27017828267629,0.800000000000001,0.126142628781219));
#4648=CARTESIAN_POINT('Ctrl Pts',(-1.25332252940637,0.800000000000001,0.138460294632316));
#4649=CARTESIAN_POINT('Ctrl Pts',(-1.19627228756971,0.800000000000001,0.161150731726442));
#4650=CARTESIAN_POINT('Ctrl Pts',(-1.16807131575273,0.800000000000001,0.161150731726442));
#4651=CARTESIAN_POINT('',(-1.16807131575273,4.43027547164124,0.161150731726442));
#4652=CARTESIAN_POINT('Ctrl Pts',(-1.16807131575273,4.43027547164124,0.161150731726442));
#4653=CARTESIAN_POINT('Ctrl Pts',(-1.16807131575273,-2.83027547164124,0.161150731726442));
#4654=CARTESIAN_POINT('Ctrl Pts',(-1.15153971158415,4.43027547164124,0.161150731726442));
#4655=CARTESIAN_POINT('Ctrl Pts',(-1.15153971158415,-2.83027547164124,0.161150731726442));
#4656=CARTESIAN_POINT('Ctrl Pts',(-1.11847650324699,4.43027547164124,0.150777960483413));
#4657=CARTESIAN_POINT('Ctrl Pts',(-1.11847650324699,-2.83027547164124,0.150777960483413));
#4658=CARTESIAN_POINT('Ctrl Pts',(-1.10745543380128,4.43027547164124,0.138784443733661));
#4659=CARTESIAN_POINT('Ctrl Pts',(-1.10745543380128,-2.83027547164124,0.138784443733661));
#4660=CARTESIAN_POINT('',(-1.10745543380128,0.8,0.138784443733661));
#4661=CARTESIAN_POINT('Ctrl Pts',(-1.16807131575273,0.800000000000001,0.161150731726442));
#4662=CARTESIAN_POINT('Ctrl Pts',(-1.15153971158415,0.800000000000001,0.161150731726442));
#4663=CARTESIAN_POINT('Ctrl Pts',(-1.11847650324699,0.800000000000001,0.150777960483413));
#4664=CARTESIAN_POINT('Ctrl Pts',(-1.10745543380128,0.800000000000001,0.138784443733661));
#4665=CARTESIAN_POINT('',(-1.10745543380128,4.43027547164124,0.138784443733661));
#4666=CARTESIAN_POINT('Ctrl Pts',(-1.10745543380128,4.43027547164124,0.138784443733661));
#4667=CARTESIAN_POINT('Ctrl Pts',(-1.10745543380128,-2.83027547164124,0.138784443733661));
#4668=CARTESIAN_POINT('Ctrl Pts',(-1.0967585134569,4.43027547164124,0.126790926983909));
#4669=CARTESIAN_POINT('Ctrl Pts',(-1.0967585134569,-2.83027547164124,0.126790926983909));
#4670=CARTESIAN_POINT('Ctrl Pts',(-1.08541329490984,4.43027547164124,0.098265806065579));
#4671=CARTESIAN_POINT('Ctrl Pts',(-1.08541329490984,-2.83027547164124,0.098265806065579));
#4672=CARTESIAN_POINT('Ctrl Pts',(-1.08541329490984,4.43027547164124,0.0765478162754872));
#4673=CARTESIAN_POINT('Ctrl Pts',(-1.08541329490984,-2.83027547164124,0.0765478162754872));
#4674=CARTESIAN_POINT('',(-1.08541329490984,0.8,0.0765478162754872));
#4675=CARTESIAN_POINT('Ctrl Pts',(-1.10745543380128,0.800000000000001,0.138784443733661));
#4676=CARTESIAN_POINT('Ctrl Pts',(-1.0967585134569,0.800000000000001,0.126790926983909));
#4677=CARTESIAN_POINT('Ctrl Pts',(-1.08541329490984,0.800000000000001,0.098265806065579));
#4678=CARTESIAN_POINT('Ctrl Pts',(-1.08541329490984,0.800000000000001,0.0765478162754872));
#4679=CARTESIAN_POINT('',(-1.08541329490984,4.43027547164124,0.0765478162754872));
#4680=CARTESIAN_POINT('Ctrl Pts',(-1.08541329490984,4.43027547164124,0.0765478162754872));
#4681=CARTESIAN_POINT('Ctrl Pts',(-1.08541329490984,-2.83027547164124,0.0765478162754872));
#4682=CARTESIAN_POINT('Ctrl Pts',(-1.08541329490984,4.43027547164124,0.0548298264853954));
#4683=CARTESIAN_POINT('Ctrl Pts',(-1.08541329490984,-2.83027547164124,0.0548298264853954));
#4684=CARTESIAN_POINT('Ctrl Pts',(-1.09805510986228,4.43027547164124,0.0266288546684105));
#4685=CARTESIAN_POINT('Ctrl Pts',(-1.09805510986228,-2.83027547164124,0.0266288546684105));
#4686=CARTESIAN_POINT('Ctrl Pts',(-1.10940032840934,4.43027547164124,0.0185251271347941));
#4687=CARTESIAN_POINT('Ctrl Pts',(-1.10940032840934,-2.83027547164124,0.0185251271347941));
#4688=CARTESIAN_POINT('',(-1.10940032840934,0.8,0.0185251271347941));
#4689=CARTESIAN_POINT('Ctrl Pts',(-1.08541329490984,0.800000000000001,0.0765478162754872));
#4690=CARTESIAN_POINT('Ctrl Pts',(-1.08541329490984,0.800000000000001,0.0548298264853954));
#4691=CARTESIAN_POINT('Ctrl Pts',(-1.09805510986228,0.800000000000001,0.0266288546684105));
#4692=CARTESIAN_POINT('Ctrl Pts',(-1.10940032840934,0.800000000000001,0.0185251271347941));
#4693=CARTESIAN_POINT('',(-1.10940032840934,4.43027547164124,0.0185251271347941));
#4694=CARTESIAN_POINT('Ctrl Pts',(-1.10940032840934,4.43027547164124,0.0185251271347941));
#4695=CARTESIAN_POINT('Ctrl Pts',(-1.10940032840934,-2.83027547164124,0.0185251271347941));
#4696=CARTESIAN_POINT('Ctrl Pts',(-1.12074554695641,4.43027547164124,0.0104213996011777));
#4697=CARTESIAN_POINT('Ctrl Pts',(-1.12074554695641,-2.83027547164124,0.0104213996011777));
#4698=CARTESIAN_POINT('Ctrl Pts',(-1.15153971158415,4.43027547164124,0.00426256667562931));
#4699=CARTESIAN_POINT('Ctrl Pts',(-1.15153971158415,-2.83027547164124,0.00426256667562931));
#4700=CARTESIAN_POINT('Ctrl Pts',(-1.16969206125945,4.43027547164124,0.00426256667562931));
#4701=CARTESIAN_POINT('Ctrl Pts',(-1.16969206125945,-2.83027547164124,0.00426256667562931));
#4702=CARTESIAN_POINT('',(-1.16969206125945,0.8,0.00426256667562931));
#4703=CARTESIAN_POINT('Ctrl Pts',(-1.10940032840934,0.800000000000001,0.0185251271347941));
#4704=CARTESIAN_POINT('Ctrl Pts',(-1.12074554695641,0.800000000000001,0.0104213996011777));
#4705=CARTESIAN_POINT('Ctrl Pts',(-1.15153971158415,0.800000000000001,0.00426256667562931));
#4706=CARTESIAN_POINT('Ctrl Pts',(-1.16969206125945,0.800000000000001,0.00426256667562931));
#4707=CARTESIAN_POINT('',(-1.16969206125945,4.43027547164124,0.00426256667562931));
#4708=CARTESIAN_POINT('Origin',(-1.19238249835357,4.43027547164124,0.0042625666756293));
#4709=CARTESIAN_POINT('',(-1.19238249835357,0.8,0.0042625666756293));
#4710=CARTESIAN_POINT('',(-0.596191249176787,0.8,0.00426256667562946));
#4711=CARTESIAN_POINT('',(-1.19238249835357,4.43027547164124,0.0042625666756293));
#4712=CARTESIAN_POINT('Origin',(-1.19238249835357,4.43027547164124,-0.0401458602085883));
#4713=CARTESIAN_POINT('',(-1.19238249835357,0.8,-0.0401458602085883));
#4714=CARTESIAN_POINT('',(-1.19238249835357,0.8,-0.0200729301042942));
#4715=CARTESIAN_POINT('',(-1.19238249835357,4.43027547164124,-0.0401458602085883));
#4716=CARTESIAN_POINT('Origin',(-1.17455429777962,4.43027547164124,-0.0401458602085883));
#4717=CARTESIAN_POINT('',(-1.17455429777962,0.8,-0.0401458602085883));
#4718=CARTESIAN_POINT('',(-0.587277148889809,0.8,-0.040145860208588));
#4719=CARTESIAN_POINT('',(-1.17455429777962,4.43027547164124,-0.0401458602085883));
#4720=CARTESIAN_POINT('Ctrl Pts',(-1.17455429777962,4.43027547164124,-0.0401458602085883));
#4721=CARTESIAN_POINT('Ctrl Pts',(-1.17455429777962,-2.83027547164124,-0.0401458602085883));
#4722=CARTESIAN_POINT('Ctrl Pts',(-1.13857374753036,4.43027547164124,-0.0401458602085883));
#4723=CARTESIAN_POINT('Ctrl Pts',(-1.13857374753036,-2.83027547164124,-0.0401458602085883));
#4724=CARTESIAN_POINT('Ctrl Pts',(-1.09319287334211,4.43027547164124,-0.0745056649511216));
#4725=CARTESIAN_POINT('Ctrl Pts',(-1.09319287334211,-2.83027547164124,-0.0745056649511216));
#4726=CARTESIAN_POINT('Ctrl Pts',(-1.09319287334211,4.43027547164124,-0.107244724186932));
#4727=CARTESIAN_POINT('Ctrl Pts',(-1.09319287334211,-2.83027547164124,-0.107244724186932));
#4728=CARTESIAN_POINT('',(-1.09319287334211,0.8,-0.107244724186932));
#4729=CARTESIAN_POINT('Ctrl Pts',(-1.17455429777962,0.800000000000001,-0.0401458602085883));
#4730=CARTESIAN_POINT('Ctrl Pts',(-1.13857374753036,0.800000000000001,-0.0401458602085883));
#4731=CARTESIAN_POINT('Ctrl Pts',(-1.09319287334211,0.800000000000001,-0.0745056649511216));
#4732=CARTESIAN_POINT('Ctrl Pts',(-1.09319287334211,0.800000000000001,-0.107244724186932));
#4733=CARTESIAN_POINT('',(-1.09319287334211,4.43027547164124,-0.107244724186932));
#4734=CARTESIAN_POINT('Ctrl Pts',(-1.09319287334211,4.43027547164124,-0.107244724186932));
#4735=CARTESIAN_POINT('Ctrl Pts',(-1.09319287334211,-2.83027547164124,-0.107244724186932));
#4736=CARTESIAN_POINT('Ctrl Pts',(-1.09319287334211,4.43027547164124,-0.12247973195013));
#4737=CARTESIAN_POINT('Ctrl Pts',(-1.09319287334211,-2.83027547164124,-0.12247973195013));
#4738=CARTESIAN_POINT('Ctrl Pts',(-1.10486224099052,4.43027547164124,-0.144197721740222));
#4739=CARTESIAN_POINT('Ctrl Pts',(-1.10486224099052,-2.83027547164124,-0.144197721740222));
#4740=CARTESIAN_POINT('Ctrl Pts',(-1.11426256492951,4.43027547164124,-0.150680703767115));
#4741=CARTESIAN_POINT('Ctrl Pts',(-1.11426256492951,-2.83027547164124,-0.150680703767115));
#4742=CARTESIAN_POINT('',(-1.11426256492951,0.8,-0.150680703767115));
#4743=CARTESIAN_POINT('Ctrl Pts',(-1.09319287334211,0.800000000000002,-0.107244724186932));
#4744=CARTESIAN_POINT('Ctrl Pts',(-1.09319287334211,0.800000000000002,-0.12247973195013));
#4745=CARTESIAN_POINT('Ctrl Pts',(-1.10486224099052,0.800000000000002,-0.144197721740222));
#4746=CARTESIAN_POINT('Ctrl Pts',(-1.11426256492951,0.800000000000002,-0.150680703767115));
#4747=CARTESIAN_POINT('',(-1.11426256492951,4.43027547164124,-0.150680703767115));
#4748=CARTESIAN_POINT('Ctrl Pts',(-1.11426256492951,4.43027547164124,-0.150680703767115));
#4749=CARTESIAN_POINT('Ctrl Pts',(-1.11426256492951,-2.83027547164124,-0.150680703767115));
#4750=CARTESIAN_POINT('Ctrl Pts',(-1.1243111870712,4.43027547164124,-0.157487834895353));
#4751=CARTESIAN_POINT('Ctrl Pts',(-1.1243111870712,-2.83027547164124,-0.157487834895353));
#4752=CARTESIAN_POINT('Ctrl Pts',(-1.14894651877339,4.43027547164124,-0.162998369618212));
#4753=CARTESIAN_POINT('Ctrl Pts',(-1.14894651877339,-2.83027547164124,-0.162998369618212));
#4754=CARTESIAN_POINT('Ctrl Pts',(-1.16288493013121,4.43027547164124,-0.162998369618212));
#4755=CARTESIAN_POINT('Ctrl Pts',(-1.16288493013121,-2.83027547164124,-0.162998369618212));
#4756=CARTESIAN_POINT('',(-1.16288493013121,0.8,-0.162998369618212));
#4757=CARTESIAN_POINT('Ctrl Pts',(-1.11426256492951,0.800000000000001,-0.150680703767115));
#4758=CARTESIAN_POINT('Ctrl Pts',(-1.1243111870712,0.800000000000001,-0.157487834895353));
#4759=CARTESIAN_POINT('Ctrl Pts',(-1.14894651877339,0.800000000000001,-0.162998369618212));
#4760=CARTESIAN_POINT('Ctrl Pts',(-1.16288493013121,0.800000000000001,-0.162998369618212));
#4761=CARTESIAN_POINT('',(-1.16288493013121,4.43027547164124,-0.162998369618212));
#4762=CARTESIAN_POINT('Ctrl Pts',(-1.0662884979305,4.43027547164124,0.170551055665437));
#4763=CARTESIAN_POINT('Ctrl Pts',(-1.0662884979305,-2.83027547164124,0.170551055665437));
#4764=CARTESIAN_POINT('Ctrl Pts',(-1.08379254940312,4.43027547164124,0.188703405340738));
#4765=CARTESIAN_POINT('Ctrl Pts',(-1.08379254940312,-2.83027547164124,0.188703405340738));
#4766=CARTESIAN_POINT('Ctrl Pts',(-1.13338736190885,4.43027547164124,0.207504053218727));
#4767=CARTESIAN_POINT('Ctrl Pts',(-1.13338736190885,-2.83027547164124,0.207504053218727));
#4768=CARTESIAN_POINT('Ctrl Pts',(-1.16482982473928,4.43027547164124,0.207504053218727));
#4769=CARTESIAN_POINT('Ctrl Pts',(-1.16482982473928,-2.83027547164124,0.207504053218727));
#4770=CARTESIAN_POINT('',(-1.0662884979305,0.8,0.170551055665437));
#4771=CARTESIAN_POINT('Ctrl Pts',(-1.0662884979305,0.800000000000001,0.170551055665437));
#4772=CARTESIAN_POINT('Ctrl Pts',(-1.08379254940312,0.800000000000001,0.188703405340738));
#4773=CARTESIAN_POINT('Ctrl Pts',(-1.13338736190885,0.800000000000001,0.207504053218727));
#4774=CARTESIAN_POINT('Ctrl Pts',(-1.16482982473928,0.800000000000001,0.207504053218727));
#4775=CARTESIAN_POINT('',(-1.0662884979305,4.43027547164124,0.170551055665437));
#4776=CARTESIAN_POINT('Ctrl Pts',(-1.03095624588394,4.43027547164124,0.0804376054916231));
#4777=CARTESIAN_POINT('Ctrl Pts',(-1.03095624588394,-2.83027547164124,0.0804376054916231));
#4778=CARTESIAN_POINT('Ctrl Pts',(-1.03095624588394,4.43027547164124,0.107341980903229));
#4779=CARTESIAN_POINT('Ctrl Pts',(-1.03095624588394,-2.83027547164124,0.107341980903229));
#4780=CARTESIAN_POINT('Ctrl Pts',(-1.04943274466058,4.43027547164124,0.153047004192826));
#4781=CARTESIAN_POINT('Ctrl Pts',(-1.04943274466058,-2.83027547164124,0.153047004192826));
#4782=CARTESIAN_POINT('Ctrl Pts',(-1.0662884979305,4.43027547164124,0.170551055665437));
#4783=CARTESIAN_POINT('Ctrl Pts',(-1.0662884979305,-2.83027547164124,0.170551055665437));
#4784=CARTESIAN_POINT('',(-1.03095624588394,0.8,0.0804376054916231));
#4785=CARTESIAN_POINT('Ctrl Pts',(-1.03095624588394,0.800000000000001,0.0804376054916231));
#4786=CARTESIAN_POINT('Ctrl Pts',(-1.03095624588394,0.800000000000001,0.107341980903229));
#4787=CARTESIAN_POINT('Ctrl Pts',(-1.04943274466058,0.800000000000001,0.153047004192826));
#4788=CARTESIAN_POINT('Ctrl Pts',(-1.0662884979305,0.800000000000001,0.170551055665437));
#4789=CARTESIAN_POINT('',(-1.03095624588394,4.43027547164124,0.0804376054916231));
#4790=CARTESIAN_POINT('Ctrl Pts',(-1.05883306859958,4.43027547164124,0.00653161038504191));
#4791=CARTESIAN_POINT('Ctrl Pts',(-1.05883306859958,-2.83027547164124,0.00653161038504191));
#4792=CARTESIAN_POINT('Ctrl Pts',(-1.04651540274848,4.43027547164124,0.0178768289321048));
#4793=CARTESIAN_POINT('Ctrl Pts',(-1.04651540274848,-2.83027547164124,0.0178768289321048));
#4794=CARTESIAN_POINT('Ctrl Pts',(-1.03095624588394,4.43027547164124,0.0541815282827061));
#4795=CARTESIAN_POINT('Ctrl Pts',(-1.03095624588394,-2.83027547164124,0.0541815282827061));
#4796=CARTESIAN_POINT('Ctrl Pts',(-1.03095624588394,4.43027547164124,0.0804376054916231));
#4797=CARTESIAN_POINT('Ctrl Pts',(-1.03095624588394,-2.83027547164124,0.0804376054916231));
#4798=CARTESIAN_POINT('',(-1.05883306859958,0.8,0.00653161038504191));
#4799=CARTESIAN_POINT('Ctrl Pts',(-1.05883306859958,0.800000000000001,0.00653161038504191));
#4800=CARTESIAN_POINT('Ctrl Pts',(-1.04651540274848,0.800000000000001,0.0178768289321048));
#4801=CARTESIAN_POINT('Ctrl Pts',(-1.03095624588394,0.800000000000001,0.0541815282827061));
#4802=CARTESIAN_POINT('Ctrl Pts',(-1.03095624588394,0.800000000000001,0.0804376054916231));
#4803=CARTESIAN_POINT('',(-1.05883306859958,4.43027547164124,0.00653161038504191));
#4804=CARTESIAN_POINT('Ctrl Pts',(-1.11264181942279,4.43027547164124,-0.0194003177225304));
#4805=CARTESIAN_POINT('Ctrl Pts',(-1.11264181942279,-2.83027547164124,-0.0194003177225304));
#4806=CARTESIAN_POINT('Ctrl Pts',(-1.10000000447035,4.43027547164124,-0.0168071249117732));
#4807=CARTESIAN_POINT('Ctrl Pts',(-1.10000000447035,-2.83027547164124,-0.0168071249117732));
#4808=CARTESIAN_POINT('Ctrl Pts',(-1.07115073445067,4.43027547164124,-0.00513775726336563));
#4809=CARTESIAN_POINT('Ctrl Pts',(-1.07115073445067,-2.83027547164124,-0.00513775726336563));
#4810=CARTESIAN_POINT('Ctrl Pts',(-1.05883306859958,4.43027547164124,0.00653161038504191));
#4811=CARTESIAN_POINT('Ctrl Pts',(-1.05883306859958,-2.83027547164124,0.00653161038504191));
#4812=CARTESIAN_POINT('',(-1.11264181942279,0.8,-0.0194003177225304));
#4813=CARTESIAN_POINT('Ctrl Pts',(-1.11264181942279,0.800000000000001,-0.0194003177225304));
#4814=CARTESIAN_POINT('Ctrl Pts',(-1.10000000447035,0.800000000000001,-0.0168071249117732));
#4815=CARTESIAN_POINT('Ctrl Pts',(-1.07115073445067,0.800000000000001,-0.00513775726336563));
#4816=CARTESIAN_POINT('Ctrl Pts',(-1.05883306859958,0.800000000000001,0.00653161038504191));
#4817=CARTESIAN_POINT('',(-1.11264181942279,4.43027547164124,-0.0194003177225304));
#4818=CARTESIAN_POINT('Origin',(-1.11264181942279,4.43027547164124,-0.0194003177225304));
#4819=CARTESIAN_POINT('',(-1.11264181942279,0.8,-0.0232901069386663));
#4820=CARTESIAN_POINT('',(-1.11264181942279,0.8,-0.00970015886126522));
#4821=CARTESIAN_POINT('',(-1.11264181942279,4.43027547164124,-0.0232901069386663));
#4822=CARTESIAN_POINT('Ctrl Pts',(-1.03873582431621,4.43027547164124,-0.112755258909791));
#4823=CARTESIAN_POINT('Ctrl Pts',(-1.03873582431621,-2.83027547164124,-0.112755258909791));
#4824=CARTESIAN_POINT('Ctrl Pts',(-1.03873582431621,4.43027547164124,-0.0796920505726361));
#4825=CARTESIAN_POINT('Ctrl Pts',(-1.03873582431621,-2.83027547164124,-0.0796920505726361));
#4826=CARTESIAN_POINT('Ctrl Pts',(-1.08217180389639,4.43027547164124,-0.0297730889655594));
#4827=CARTESIAN_POINT('Ctrl Pts',(-1.08217180389639,-2.83027547164124,-0.0297730889655594));
#4828=CARTESIAN_POINT('Ctrl Pts',(-1.11264181942279,4.43027547164124,-0.0232901069386663));
#4829=CARTESIAN_POINT('Ctrl Pts',(-1.11264181942279,-2.83027547164124,-0.0232901069386663));
#4830=CARTESIAN_POINT('',(-1.03873582431621,0.8,-0.112755258909791));
#4831=CARTESIAN_POINT('Ctrl Pts',(-1.03873582431621,0.800000000000001,-0.112755258909791));
#4832=CARTESIAN_POINT('Ctrl Pts',(-1.03873582431621,0.800000000000001,-0.0796920505726361));
#4833=CARTESIAN_POINT('Ctrl Pts',(-1.08217180389639,0.800000000000001,-0.0297730889655594));
#4834=CARTESIAN_POINT('Ctrl Pts',(-1.11264181942279,0.800000000000001,-0.0232901069386663));
#4835=CARTESIAN_POINT('',(-1.03873582431621,4.43027547164124,-0.112755258909791));
#4836=CARTESIAN_POINT('Ctrl Pts',(-1.07439222546412,4.43027547164124,-0.186661254016372));
#4837=CARTESIAN_POINT('Ctrl Pts',(-1.07439222546412,-2.83027547164124,-0.186661254016372));
#4838=CARTESIAN_POINT('Ctrl Pts',(-1.05688817399151,4.43027547164124,-0.17401943906393));
#4839=CARTESIAN_POINT('Ctrl Pts',(-1.05688817399151,-2.83027547164124,-0.17401943906393));
#4840=CARTESIAN_POINT('Ctrl Pts',(-1.03873582431621,4.43027547164124,-0.137390590611985));
#4841=CARTESIAN_POINT('Ctrl Pts',(-1.03873582431621,-2.83027547164124,-0.137390590611985));
#4842=CARTESIAN_POINT('Ctrl Pts',(-1.03873582431621,4.43027547164124,-0.112755258909791));
#4843=CARTESIAN_POINT('Ctrl Pts',(-1.03873582431621,-2.83027547164124,-0.112755258909791));
#4844=CARTESIAN_POINT('',(-1.07439222546412,0.8,-0.186661254016372));
#4845=CARTESIAN_POINT('Ctrl Pts',(-1.07439222546412,0.800000000000002,-0.186661254016372));
#4846=CARTESIAN_POINT('Ctrl Pts',(-1.05688817399151,0.800000000000002,-0.17401943906393));
#4847=CARTESIAN_POINT('Ctrl Pts',(-1.03873582431621,0.800000000000002,-0.137390590611985));
#4848=CARTESIAN_POINT('Ctrl Pts',(-1.03873582431621,0.800000000000002,-0.112755258909791));
#4849=CARTESIAN_POINT('',(-1.07439222546412,4.43027547164124,-0.186661254016372));
#4850=CARTESIAN_POINT('Ctrl Pts',(-1.15867099181373,4.43027547164124,-0.209351691110498));
#4851=CARTESIAN_POINT('Ctrl Pts',(-1.15867099181373,-2.83027547164124,-0.209351691110498));
#4852=CARTESIAN_POINT('Ctrl Pts',(-1.13144246730078,4.43027547164124,-0.209351691110498));
#4853=CARTESIAN_POINT('Ctrl Pts',(-1.13144246730078,-2.83027547164124,-0.209351691110498));
#4854=CARTESIAN_POINT('Ctrl Pts',(-1.0909238296327,4.43027547164124,-0.19833062166478));
#4855=CARTESIAN_POINT('Ctrl Pts',(-1.0909238296327,-2.83027547164124,-0.19833062166478));
#4856=CARTESIAN_POINT('Ctrl Pts',(-1.07439222546412,4.43027547164124,-0.186661254016372));
#4857=CARTESIAN_POINT('Ctrl Pts',(-1.07439222546412,-2.83027547164124,-0.186661254016372));
#4858=CARTESIAN_POINT('',(-1.15867099181373,0.8,-0.209351691110498));
#4859=CARTESIAN_POINT('Ctrl Pts',(-1.15867099181373,0.800000000000001,-0.209351691110498));
#4860=CARTESIAN_POINT('Ctrl Pts',(-1.13144246730078,0.800000000000001,-0.209351691110498));
#4861=CARTESIAN_POINT('Ctrl Pts',(-1.0909238296327,0.800000000000001,-0.19833062166478));
#4862=CARTESIAN_POINT('Ctrl Pts',(-1.07439222546412,0.800000000000001,-0.186661254016372));
#4863=CARTESIAN_POINT('',(-1.15867099181373,4.43027547164124,-0.209351691110498));
#4864=CARTESIAN_POINT('Ctrl Pts',(-1.26304700244671,4.43027547164124,-0.184716359408304));
#4865=CARTESIAN_POINT('Ctrl Pts',(-1.26304700244671,-2.83027547164124,-0.184716359408304));
#4866=CARTESIAN_POINT('Ctrl Pts',(-1.2455429509741,4.43027547164124,-0.194116683347299));
#4867=CARTESIAN_POINT('Ctrl Pts',(-1.2455429509741,-2.83027547164124,-0.194116683347299));
#4868=CARTESIAN_POINT('Ctrl Pts',(-1.18557536722534,4.43027547164124,-0.209351691110498));
#4869=CARTESIAN_POINT('Ctrl Pts',(-1.18557536722534,-2.83027547164124,-0.209351691110498));
#4870=CARTESIAN_POINT('Ctrl Pts',(-1.15867099181373,4.43027547164124,-0.209351691110498));
#4871=CARTESIAN_POINT('Ctrl Pts',(-1.15867099181373,-2.83027547164124,-0.209351691110498));
#4872=CARTESIAN_POINT('',(-1.26304700244671,0.8,-0.184716359408304));
#4873=CARTESIAN_POINT('Ctrl Pts',(-1.26304700244671,0.800000000000001,-0.184716359408304));
#4874=CARTESIAN_POINT('Ctrl Pts',(-1.2455429509741,0.800000000000001,-0.194116683347299));
#4875=CARTESIAN_POINT('Ctrl Pts',(-1.18557536722534,0.800000000000001,-0.209351691110498));
#4876=CARTESIAN_POINT('Ctrl Pts',(-1.15867099181373,0.800000000000001,-0.209351691110498));
#4877=CARTESIAN_POINT('',(-1.26304700244671,4.43027547164124,-0.184716359408304));
#4878=CARTESIAN_POINT('Origin',(-1.26304700244671,4.43027547164124,-0.184716359408304));
#4879=CARTESIAN_POINT('',(-1.26304700244671,0.8,-0.12799026667299));
#4880=CARTESIAN_POINT('',(-1.26304700244671,0.8,-0.0923581797041521));
#4881=CARTESIAN_POINT('',(-1.26304700244671,4.43027547164124,-0.12799026667299));
#4882=CARTESIAN_POINT('Origin',(-1.26304700244671,4.43027547164124,-0.12799026667299));
#4883=CARTESIAN_POINT('',(-1.25980551143326,0.8,-0.12799026667299));
#4884=CARTESIAN_POINT('',(-0.631523501223355,0.8,-0.12799026667299));
#4885=CARTESIAN_POINT('',(-1.25980551143326,4.43027547164124,-0.12799026667299));
#4886=CARTESIAN_POINT('Ctrl Pts',(-1.22025932106922,4.43027547164124,-0.150356554665771));
#4887=CARTESIAN_POINT('Ctrl Pts',(-1.22025932106922,-2.83027547164124,-0.150356554665771));
#4888=CARTESIAN_POINT('Ctrl Pts',(-1.233225285123,4.43027547164124,-0.144846019942912));
#4889=CARTESIAN_POINT('Ctrl Pts',(-1.233225285123,-2.83027547164124,-0.144846019942912));
#4890=CARTESIAN_POINT('Ctrl Pts',(-1.25235008210234,4.43027547164124,-0.133176652294504));
#4891=CARTESIAN_POINT('Ctrl Pts',(-1.25235008210234,-2.83027547164124,-0.133176652294504));
#4892=CARTESIAN_POINT('Ctrl Pts',(-1.25980551143326,4.43027547164124,-0.12799026667299));
#4893=CARTESIAN_POINT('Ctrl Pts',(-1.25980551143326,-2.83027547164124,-0.12799026667299));
#4894=CARTESIAN_POINT('',(-1.22025932106922,0.8,-0.150356554665771));
#4895=CARTESIAN_POINT('Ctrl Pts',(-1.22025932106922,0.800000000000002,-0.150356554665771));
#4896=CARTESIAN_POINT('Ctrl Pts',(-1.233225285123,0.800000000000002,-0.144846019942912));
#4897=CARTESIAN_POINT('Ctrl Pts',(-1.25235008210234,0.800000000000002,-0.133176652294504));
#4898=CARTESIAN_POINT('Ctrl Pts',(-1.25980551143326,0.800000000000002,-0.12799026667299));
#4899=CARTESIAN_POINT('',(-1.22025932106922,4.43027547164124,-0.150356554665771));
#4900=CARTESIAN_POINT('Ctrl Pts',(-1.16288493013121,4.43027547164124,-0.162998369618212));
#4901=CARTESIAN_POINT('Ctrl Pts',(-1.16288493013121,-2.83027547164124,-0.162998369618212));
#4902=CARTESIAN_POINT('Ctrl Pts',(-1.17747163969172,4.43027547164124,-0.162998369618212));
#4903=CARTESIAN_POINT('Ctrl Pts',(-1.17747163969172,-2.83027547164124,-0.162998369618212));
#4904=CARTESIAN_POINT('Ctrl Pts',(-1.20632090971139,4.43027547164124,-0.15586708938863));
#4905=CARTESIAN_POINT('Ctrl Pts',(-1.20632090971139,-2.83027547164124,-0.15586708938863));
#4906=CARTESIAN_POINT('Ctrl Pts',(-1.22025932106922,4.43027547164124,-0.150356554665771));
#4907=CARTESIAN_POINT('Ctrl Pts',(-1.22025932106922,-2.83027547164124,-0.150356554665771));
#4908=CARTESIAN_POINT('Ctrl Pts',(-1.16288493013121,0.800000000000001,-0.162998369618212));
#4909=CARTESIAN_POINT('Ctrl Pts',(-1.17747163969172,0.800000000000001,-0.162998369618212));
#4910=CARTESIAN_POINT('Ctrl Pts',(-1.20632090971139,0.800000000000001,-0.15586708938863));
#4911=CARTESIAN_POINT('Ctrl Pts',(-1.22025932106922,0.800000000000001,-0.150356554665771));
#4912=CARTESIAN_POINT('Origin',(-0.64878445539859,4.43027547164124,0.199076176583767));
#4913=CARTESIAN_POINT('',(-0.584602933332348,0.8,0.199076176583767));
#4914=CARTESIAN_POINT('',(-0.64878445539859,0.8,0.199076176583767));
#4915=CARTESIAN_POINT('',(-0.324392227699295,0.8,0.199076176583767));
#4916=CARTESIAN_POINT('',(-0.584602933332348,0.79,0.199076176583767));
#4917=CARTESIAN_POINT('',(-0.584602933332348,4.43027547164124,0.199076176583767));
#4918=CARTESIAN_POINT('',(-0.64878445539859,0.79,0.199076176583767));
#4919=CARTESIAN_POINT('',(-0.324392227699295,0.79,0.199076176583767));
#4920=CARTESIAN_POINT('',(-0.64878445539859,4.43027547164124,0.199076176583767));
#4921=CARTESIAN_POINT('Origin',(-0.64878445539859,4.43027547164124,0.122576988666428));
#4922=CARTESIAN_POINT('',(-0.64878445539859,0.8,0.122576988666428));
#4923=CARTESIAN_POINT('',(-0.64878445539859,0.8,0.0612884943332141));
#4924=CARTESIAN_POINT('',(-0.64878445539859,0.79,0.122576988666428));
#4925=CARTESIAN_POINT('',(-0.64878445539859,0.79,0.0612884943332141));
#4926=CARTESIAN_POINT('',(-0.64878445539859,4.43027547164124,0.122576988666428));
#4927=CARTESIAN_POINT('Origin',(-0.584602933332348,4.43027547164124,0.199076176583767));
#4928=CARTESIAN_POINT('',(-0.584602933332348,0.8,0.122576988666428));
#4929=CARTESIAN_POINT('',(-0.584602933332348,0.8,0.099538088291883));
#4930=CARTESIAN_POINT('',(-0.584602933332348,0.79,0.122576988666428));
#4931=CARTESIAN_POINT('',(-0.584602933332348,4.43027547164124,0.122576988666428));
#4932=CARTESIAN_POINT('',(-0.584602933332348,0.79,0.099538088291883));
#4933=CARTESIAN_POINT('Origin',(-0.584602933332348,4.43027547164124,0.122576988666428));
#4934=CARTESIAN_POINT('',(-0.292301466666174,0.8,0.122576988666428));
#4935=CARTESIAN_POINT('',(-0.292301466666174,0.79,0.122576988666428));
#4936=CARTESIAN_POINT('Origin',(0.,0.79,0.));
#4937=CARTESIAN_POINT('Origin',(0.,0.79,0.));
#4938=CARTESIAN_POINT('',(-0.72398704691055,0.79,0.152722855091481));
#4939=CARTESIAN_POINT('',(-0.72398704691055,0.79,0.199076176583767));
#4940=CARTESIAN_POINT('',(-0.72398704691055,0.79,0.0995380882918833));
#4941=CARTESIAN_POINT('',(-0.92042140232541,0.79,0.152722855091481));
#4942=CARTESIAN_POINT('',(-0.361993523455275,0.79,0.152722855091481));
#4943=CARTESIAN_POINT('',(-0.814748795287053,0.79,0.0489951426611917));
#4944=CARTESIAN_POINT('Ctrl Pts',(-0.814748795287053,0.790000000000001,
0.0489951426611917));
#4945=CARTESIAN_POINT('Ctrl Pts',(-0.831604548556975,0.790000000000001,
0.0673635917373887));
#4946=CARTESIAN_POINT('Ctrl Pts',(-0.850351171584741,0.790000000000001,
0.0863803390162751));
#4947=CARTESIAN_POINT('Ctrl Pts',(-0.87098866437035,0.790000000000001,0.106045384497851));
#4948=CARTESIAN_POINT('Ctrl Pts',(-0.89162615715596,0.790000000000001,0.125710429979426));
#4949=CARTESIAN_POINT('Ctrl Pts',(-0.908103736474313,0.790000000000001,
0.14126958684397));
#4950=CARTESIAN_POINT('Ctrl Pts',(-0.92042140232541,0.790000000000001,0.152722855091481));
#4951=CARTESIAN_POINT('',(-0.761264193565185,0.79,-0.0194003177225304));
#4952=CARTESIAN_POINT('Ctrl Pts',(-0.761264193565185,0.790000000000001,
-0.0194003177225304));
#4953=CARTESIAN_POINT('Ctrl Pts',(-0.767747175592078,0.790000000000001,
-0.0077309500741228));
#4954=CARTESIAN_POINT('Ctrl Pts',(-0.775688828575022,0.790000000000001,
0.00383036787383654));
#4955=CARTESIAN_POINT('Ctrl Pts',(-0.785089152514017,0.790000000000001,
0.0152836361213476));
#4956=CARTESIAN_POINT('Ctrl Pts',(-0.794489476453012,0.790000000000001,
0.0267369043688587));
#4957=CARTESIAN_POINT('Ctrl Pts',(-0.804376024044024,0.790000000000001,
0.0379740732154734));
#4958=CARTESIAN_POINT('Ctrl Pts',(-0.814748795287053,0.790000000000001,
0.0489951426611917));
#4959=CARTESIAN_POINT('',(-0.740518651079127,0.79,-0.0994651457546599));
#4960=CARTESIAN_POINT('Ctrl Pts',(-0.740518651079127,0.790000000000001,
-0.0994651457546599));
#4961=CARTESIAN_POINT('Ctrl Pts',(-0.740518651079127,0.790000000000001,
-0.0836898894892201));
#4962=CARTESIAN_POINT('Ctrl Pts',(-0.742355495986747,0.790000000000001,
-0.0692112296291589));
#4963=CARTESIAN_POINT('Ctrl Pts',(-0.746029185801986,0.790000000000001,
-0.0560291661744763));
#4964=CARTESIAN_POINT('Ctrl Pts',(-0.749702875617225,0.790000000000001,
-0.0428471027197937));
#4965=CARTESIAN_POINT('Ctrl Pts',(-0.754781211538292,0.790000000000001,
-0.030637486569145));
#4966=CARTESIAN_POINT('Ctrl Pts',(-0.761264193565185,0.790000000000001,
-0.0194003177225304));
#4967=CARTESIAN_POINT('',(-0.85980552037396,0.79,-0.209351691110498));
#4968=CARTESIAN_POINT('Ctrl Pts',(-0.85980552037396,0.790000000000001,-0.209351691110498));
#4969=CARTESIAN_POINT('Ctrl Pts',(-0.822420324018876,0.790000000000001,
-0.209351691110498));
#4970=CARTESIAN_POINT('Ctrl Pts',(-0.793192880047633,0.790000000000001,
-0.199465143519486));
#4971=CARTESIAN_POINT('Ctrl Pts',(-0.772123188460231,0.790000000000001,
-0.179692048337462));
#4972=CARTESIAN_POINT('Ctrl Pts',(-0.751053496872828,0.790000000000001,
-0.159918953155438));
#4973=CARTESIAN_POINT('Ctrl Pts',(-0.740518651079127,0.790000000000001,
-0.133176652294504));
#4974=CARTESIAN_POINT('Ctrl Pts',(-0.740518651079127,0.790000000000001,
-0.0994651457546599));
#4975=CARTESIAN_POINT('',(-0.96223663639887,0.79,-0.185364657610993));
#4976=CARTESIAN_POINT('Ctrl Pts',(-0.96223663639887,0.790000000000001,-0.185364657610993));
#4977=CARTESIAN_POINT('Ctrl Pts',(-0.951215566953152,0.790000000000001,
-0.190767142633404));
#4978=CARTESIAN_POINT('Ctrl Pts',(-0.935818484639281,0.790000000000001,
-0.196115602805591));
#4979=CARTESIAN_POINT('Ctrl Pts',(-0.916045389457257,0.790000000000001,
-0.201410038127554));
#4980=CARTESIAN_POINT('Ctrl Pts',(-0.896272294275233,0.790000000000001,
-0.206704473449516));
#4981=CARTESIAN_POINT('Ctrl Pts',(-0.877525671247467,0.790000000000001,
-0.209351691110498));
#4982=CARTESIAN_POINT('Ctrl Pts',(-0.85980552037396,0.790000000000001,-0.209351691110498));
#4983=CARTESIAN_POINT('',(-0.96223663639887,0.79,-0.128314415774334));
#4984=CARTESIAN_POINT('',(-0.96223663639887,0.79,-0.0926823288054967));
#4985=CARTESIAN_POINT('',(-0.959319294486768,0.79,-0.128314415774334));
#4986=CARTESIAN_POINT('',(-0.481118318199435,0.79,-0.128314415774334));
#4987=CARTESIAN_POINT('',(-0.92042140232541,0.79,-0.150356554665771));
#4988=CARTESIAN_POINT('Ctrl Pts',(-0.92042140232541,0.790000000000001,-0.150356554665771));
#4989=CARTESIAN_POINT('Ctrl Pts',(-0.927984881356785,0.790000000000001,
-0.147331163053221));
#4990=CARTESIAN_POINT('Ctrl Pts',(-0.93527823613704,0.790000000000001,-0.143657473237981));
#4991=CARTESIAN_POINT('Ctrl Pts',(-0.942301466666174,0.790000000000001,
-0.139335485220052));
#4992=CARTESIAN_POINT('Ctrl Pts',(-0.949324697195308,0.790000000000001,
-0.135013497202124));
#4993=CARTESIAN_POINT('Ctrl Pts',(-0.95499730646884,0.790000000000001,-0.131339807386884));
#4994=CARTESIAN_POINT('Ctrl Pts',(-0.959319294486769,0.790000000000001,
-0.128314415774334));
#4995=CARTESIAN_POINT('',(-0.863695309590096,0.79,-0.162998369618212));
#4996=CARTESIAN_POINT('Ctrl Pts',(-0.863695309590096,0.790000000000001,
-0.162998369618212));
#4997=CARTESIAN_POINT('Ctrl Pts',(-0.873203683229539,0.790000000000001,
-0.162998369618212));
#4998=CARTESIAN_POINT('Ctrl Pts',(-0.88282010656943,0.790000000000001,-0.161809822913282));
#4999=CARTESIAN_POINT('Ctrl Pts',(-0.89254457960977,0.790000000000001,-0.159432729503421));
#5000=CARTESIAN_POINT('Ctrl Pts',(-0.902269052650109,0.790000000000001,
-0.15705563609356));
#5001=CARTESIAN_POINT('Ctrl Pts',(-0.911561326888656,0.790000000000001,
-0.15403024448101));
#5002=CARTESIAN_POINT('Ctrl Pts',(-0.92042140232541,0.790000000000001,-0.150356554665771));
#5003=CARTESIAN_POINT('',(-0.814748795287053,0.79,-0.146790914550979));
#5004=CARTESIAN_POINT('Ctrl Pts',(-0.814748795287053,0.790000000000001,
-0.146790914550979));
#5005=CARTESIAN_POINT('Ctrl Pts',(-0.821015677913049,0.790000000000001,
-0.15219339957339));
#5006=CARTESIAN_POINT('Ctrl Pts',(-0.82825500784308,0.790000000000001,-0.156245263340199));
#5007=CARTESIAN_POINT('Ctrl Pts',(-0.836466785077145,0.790000000000001,
-0.158946505851404));
#5008=CARTESIAN_POINT('Ctrl Pts',(-0.844678562311209,0.790000000000001,
-0.161647748362609));
#5009=CARTESIAN_POINT('Ctrl Pts',(-0.85375473714886,0.790000000000001,-0.162998369618212));
#5010=CARTESIAN_POINT('Ctrl Pts',(-0.863695309590096,0.790000000000001,
-0.162998369618212));
#5011=CARTESIAN_POINT('',(-0.794975700105029,0.79,-0.096547803842558));
#5012=CARTESIAN_POINT('Ctrl Pts',(-0.794975700105029,0.790000000000001,
-0.096547803842558));
#5013=CARTESIAN_POINT('Ctrl Pts',(-0.794975700105029,0.790000000000001,
-0.107784972689173));
#5014=CARTESIAN_POINT('Ctrl Pts',(-0.7967044953122,0.790000000000001,-0.117617495429961));
#5015=CARTESIAN_POINT('Ctrl Pts',(-0.800162085726543,0.790000000000001,
-0.126045372064922));
#5016=CARTESIAN_POINT('Ctrl Pts',(-0.803619676140886,0.790000000000001,
-0.134473248699883));
#5017=CARTESIAN_POINT('Ctrl Pts',(-0.808481912661056,0.790000000000001,
-0.141388429528569));
#5018=CARTESIAN_POINT('Ctrl Pts',(-0.814748795287053,0.790000000000001,
-0.146790914550979));
#5019=CARTESIAN_POINT('',(-0.874068080833124,0.79,0.0460778007490898));
#5020=CARTESIAN_POINT('Ctrl Pts',(-0.874068080833125,0.790000000000001,
0.0460778007490898));
#5021=CARTESIAN_POINT('Ctrl Pts',(-0.843598065306727,0.790000000000001,
0.0125823936101422));
#5022=CARTESIAN_POINT('Ctrl Pts',(-0.822798497970445,0.790000000000001,
-0.0142139321010159));
#5023=CARTESIAN_POINT('Ctrl Pts',(-0.811669378824279,0.790000000000001,
-0.0343111763843845));
#5024=CARTESIAN_POINT('Ctrl Pts',(-0.800540259678112,0.790000000000001,
-0.054408420667753));
#5025=CARTESIAN_POINT('Ctrl Pts',(-0.794975700105029,0.790000000000001,
-0.0751539631538109));
#5026=CARTESIAN_POINT('Ctrl Pts',(-0.794975700105029,0.790000000000001,
-0.096547803842558));
#5027=CARTESIAN_POINT('',(-0.970664513033831,0.79,0.142350083848452));
#5028=CARTESIAN_POINT('Ctrl Pts',(-0.970664513033831,0.790000000000001,
0.142350083848452));
#5029=CARTESIAN_POINT('Ctrl Pts',(-0.952944362160324,0.790000000000001,
0.125710429979426));
#5030=CARTESIAN_POINT('Ctrl Pts',(-0.93619665859085,0.790000000000001,0.109665049462866));
#5031=CARTESIAN_POINT('Ctrl Pts',(-0.92042140232541,0.790000000000001,0.0942139422987709));
#5032=CARTESIAN_POINT('Ctrl Pts',(-0.90464614605997,0.790000000000001,0.0787628351346757));
#5033=CARTESIAN_POINT('Ctrl Pts',(-0.889195038895875,0.790000000000001,
0.0627174546181153));
#5034=CARTESIAN_POINT('Ctrl Pts',(-0.874068080833125,0.790000000000001,
0.0460778007490898));
#5035=CARTESIAN_POINT('',(-0.970664513033831,0.79,0.199076176583767));
#5036=CARTESIAN_POINT('',(-0.970664513033831,0.79,0.071175041924226));
#5037=CARTESIAN_POINT('',(-0.485332256516916,0.79,0.199076176583767));
#5038=CARTESIAN_POINT('Origin',(-0.96223663639887,4.43027547164124,-0.128314415774334));
#5039=CARTESIAN_POINT('',(-0.959319294486768,0.8,-0.128314415774334));
#5040=CARTESIAN_POINT('',(-0.96223663639887,0.8,-0.128314415774334));
#5041=CARTESIAN_POINT('',(-0.481118318199435,0.8,-0.128314415774334));
#5042=CARTESIAN_POINT('',(-0.959319294486768,4.43027547164124,-0.128314415774334));
#5043=CARTESIAN_POINT('',(-0.96223663639887,4.43027547164124,-0.128314415774334));
#5044=CARTESIAN_POINT('Origin',(-0.96223663639887,4.43027547164124,-0.185364657610993));
#5045=CARTESIAN_POINT('',(-0.96223663639887,0.8,-0.185364657610993));
#5046=CARTESIAN_POINT('',(-0.96223663639887,0.8,-0.0926823288054967));
#5047=CARTESIAN_POINT('',(-0.96223663639887,4.43027547164124,-0.185364657610993));
#5048=CARTESIAN_POINT('Ctrl Pts',(-0.96223663639887,4.43027547164124,-0.185364657610993));
#5049=CARTESIAN_POINT('Ctrl Pts',(-0.96223663639887,-2.83027547164124,-0.185364657610993));
#5050=CARTESIAN_POINT('Ctrl Pts',(-0.945705032230293,4.43027547164124,-0.19346838514461));
#5051=CARTESIAN_POINT('Ctrl Pts',(-0.945705032230293,-2.83027547164124,
-0.19346838514461));
#5052=CARTESIAN_POINT('Ctrl Pts',(-0.886385746684221,4.43027547164124,-0.209351691110498));
#5053=CARTESIAN_POINT('Ctrl Pts',(-0.886385746684221,-2.83027547164124,
-0.209351691110498));
#5054=CARTESIAN_POINT('Ctrl Pts',(-0.85980552037396,4.43027547164124,-0.209351691110498));
#5055=CARTESIAN_POINT('Ctrl Pts',(-0.85980552037396,-2.83027547164124,-0.209351691110498));
#5056=CARTESIAN_POINT('',(-0.85980552037396,0.8,-0.209351691110498));
#5057=CARTESIAN_POINT('Ctrl Pts',(-0.96223663639887,0.800000000000001,-0.185364657610993));
#5058=CARTESIAN_POINT('Ctrl Pts',(-0.945705032230293,0.800000000000001,
-0.19346838514461));
#5059=CARTESIAN_POINT('Ctrl Pts',(-0.886385746684221,0.800000000000001,
-0.209351691110498));
#5060=CARTESIAN_POINT('Ctrl Pts',(-0.85980552037396,0.800000000000001,-0.209351691110498));
#5061=CARTESIAN_POINT('',(-0.85980552037396,4.43027547164124,-0.209351691110498));
#5062=CARTESIAN_POINT('Ctrl Pts',(-0.85980552037396,4.43027547164124,-0.209351691110498));
#5063=CARTESIAN_POINT('Ctrl Pts',(-0.85980552037396,-2.83027547164124,-0.209351691110498));
#5064=CARTESIAN_POINT('Ctrl Pts',(-0.803727725841335,4.43027547164124,-0.209351691110498));
#5065=CARTESIAN_POINT('Ctrl Pts',(-0.803727725841335,-2.83027547164124,
-0.209351691110498));
#5066=CARTESIAN_POINT('Ctrl Pts',(-0.740518651079127,4.43027547164124,-0.150032405564426));
#5067=CARTESIAN_POINT('Ctrl Pts',(-0.740518651079127,-2.83027547164124,
-0.150032405564426));
#5068=CARTESIAN_POINT('Ctrl Pts',(-0.740518651079127,4.43027547164124,-0.0994651457546599));
#5069=CARTESIAN_POINT('Ctrl Pts',(-0.740518651079127,-2.83027547164124,
-0.0994651457546599));
#5070=CARTESIAN_POINT('',(-0.740518651079127,0.8,-0.0994651457546599));
#5071=CARTESIAN_POINT('Ctrl Pts',(-0.85980552037396,0.800000000000001,-0.209351691110498));
#5072=CARTESIAN_POINT('Ctrl Pts',(-0.803727725841335,0.800000000000001,
-0.209351691110498));
#5073=CARTESIAN_POINT('Ctrl Pts',(-0.740518651079127,0.800000000000001,
-0.150032405564426));
#5074=CARTESIAN_POINT('Ctrl Pts',(-0.740518651079127,0.800000000000001,
-0.0994651457546599));
#5075=CARTESIAN_POINT('',(-0.740518651079127,4.43027547164124,-0.0994651457546599));
#5076=CARTESIAN_POINT('Ctrl Pts',(-0.740518651079127,4.43027547164124,-0.0994651457546599));
#5077=CARTESIAN_POINT('Ctrl Pts',(-0.740518651079127,-2.83027547164124,
-0.0994651457546599));
#5078=CARTESIAN_POINT('Ctrl Pts',(-0.740518651079127,4.43027547164124,-0.0758022613565002));
#5079=CARTESIAN_POINT('Ctrl Pts',(-0.740518651079127,-2.83027547164124,
-0.0758022613565002));
#5080=CARTESIAN_POINT('Ctrl Pts',(-0.751539720524845,4.43027547164124,-0.0362560709924524));
#5081=CARTESIAN_POINT('Ctrl Pts',(-0.751539720524845,-2.83027547164124,
-0.0362560709924524));
#5082=CARTESIAN_POINT('Ctrl Pts',(-0.761264193565185,4.43027547164124,-0.0194003177225304));
#5083=CARTESIAN_POINT('Ctrl Pts',(-0.761264193565185,-2.83027547164124,
-0.0194003177225304));
#5084=CARTESIAN_POINT('',(-0.761264193565185,0.8,-0.0194003177225304));
#5085=CARTESIAN_POINT('Ctrl Pts',(-0.740518651079127,0.800000000000001,
-0.0994651457546599));
#5086=CARTESIAN_POINT('Ctrl Pts',(-0.740518651079127,0.800000000000001,
-0.0758022613565002));
#5087=CARTESIAN_POINT('Ctrl Pts',(-0.751539720524845,0.800000000000001,
-0.0362560709924524));
#5088=CARTESIAN_POINT('Ctrl Pts',(-0.761264193565185,0.800000000000001,
-0.0194003177225304));
#5089=CARTESIAN_POINT('',(-0.761264193565185,4.43027547164124,-0.0194003177225304));
#5090=CARTESIAN_POINT('Ctrl Pts',(-0.761264193565185,4.43027547164124,-0.0194003177225304));
#5091=CARTESIAN_POINT('Ctrl Pts',(-0.761264193565185,-2.83027547164124,
-0.0194003177225304));
#5092=CARTESIAN_POINT('Ctrl Pts',(-0.770988666605524,4.43027547164124,-0.00189626624991902));
#5093=CARTESIAN_POINT('Ctrl Pts',(-0.770988666605524,-2.83027547164124,
-0.00189626624991902));
#5094=CARTESIAN_POINT('Ctrl Pts',(-0.799189638422509,4.43027547164124,0.0324635384926143));
#5095=CARTESIAN_POINT('Ctrl Pts',(-0.799189638422509,-2.83027547164124,
0.0324635384926143));
#5096=CARTESIAN_POINT('Ctrl Pts',(-0.814748795287053,4.43027547164124,0.0489951426611917));
#5097=CARTESIAN_POINT('Ctrl Pts',(-0.814748795287053,-2.83027547164124,
0.0489951426611917));
#5098=CARTESIAN_POINT('',(-0.814748795287053,0.8,0.0489951426611917));
#5099=CARTESIAN_POINT('Ctrl Pts',(-0.761264193565185,0.800000000000001,
-0.0194003177225304));
#5100=CARTESIAN_POINT('Ctrl Pts',(-0.770988666605524,0.800000000000001,
-0.00189626624991902));
#5101=CARTESIAN_POINT('Ctrl Pts',(-0.799189638422509,0.800000000000001,
0.0324635384926143));
#5102=CARTESIAN_POINT('Ctrl Pts',(-0.814748795287053,0.800000000000001,
0.0489951426611917));
#5103=CARTESIAN_POINT('',(-0.814748795287053,4.43027547164124,0.0489951426611917));
#5104=CARTESIAN_POINT('Ctrl Pts',(-0.814748795287053,4.43027547164124,0.0489951426611917));
#5105=CARTESIAN_POINT('Ctrl Pts',(-0.814748795287053,-2.83027547164124,
0.0489951426611917));
#5106=CARTESIAN_POINT('Ctrl Pts',(-0.840032425191936,4.43027547164124,0.0765478162754873));
#5107=CARTESIAN_POINT('Ctrl Pts',(-0.840032425191936,-2.83027547164124,
0.0765478162754873));
#5108=CARTESIAN_POINT('Ctrl Pts',(-0.901944903548765,4.43027547164124,0.135542952720214));
#5109=CARTESIAN_POINT('Ctrl Pts',(-0.901944903548765,-2.83027547164124,
0.135542952720214));
#5110=CARTESIAN_POINT('Ctrl Pts',(-0.92042140232541,4.43027547164124,0.152722855091481));
#5111=CARTESIAN_POINT('Ctrl Pts',(-0.92042140232541,-2.83027547164124,0.152722855091481));
#5112=CARTESIAN_POINT('',(-0.92042140232541,0.8,0.152722855091481));
#5113=CARTESIAN_POINT('Ctrl Pts',(-0.814748795287053,0.800000000000001,
0.0489951426611917));
#5114=CARTESIAN_POINT('Ctrl Pts',(-0.840032425191936,0.800000000000001,
0.0765478162754873));
#5115=CARTESIAN_POINT('Ctrl Pts',(-0.901944903548765,0.800000000000001,
0.135542952720214));
#5116=CARTESIAN_POINT('Ctrl Pts',(-0.92042140232541,0.800000000000001,0.152722855091481));
#5117=CARTESIAN_POINT('',(-0.92042140232541,4.43027547164124,0.152722855091481));
#5118=CARTESIAN_POINT('Origin',(-0.72398704691055,4.43027547164124,0.152722855091481));
#5119=CARTESIAN_POINT('',(-0.72398704691055,0.8,0.152722855091481));
#5120=CARTESIAN_POINT('',(-0.361993523455275,0.8,0.152722855091481));
#5121=CARTESIAN_POINT('',(-0.72398704691055,4.43027547164124,0.152722855091481));
#5122=CARTESIAN_POINT('Origin',(-0.72398704691055,4.43027547164124,0.199076176583767));
#5123=CARTESIAN_POINT('',(-0.72398704691055,0.8,0.199076176583767));
#5124=CARTESIAN_POINT('',(-0.72398704691055,0.8,0.0995380882918833));
#5125=CARTESIAN_POINT('',(-0.72398704691055,4.43027547164124,0.199076176583767));
#5126=CARTESIAN_POINT('Ctrl Pts',(-0.92042140232541,4.43027547164124,-0.150356554665771));
#5127=CARTESIAN_POINT('Ctrl Pts',(-0.92042140232541,-2.83027547164124,-0.150356554665771));
#5128=CARTESIAN_POINT('Ctrl Pts',(-0.931766620872473,4.43027547164124,-0.145818467246946));
#5129=CARTESIAN_POINT('Ctrl Pts',(-0.931766620872473,-2.83027547164124,
-0.145818467246946));
#5130=CARTESIAN_POINT('Ctrl Pts',(-0.952836312459875,4.43027547164124,-0.132852503193159));
#5131=CARTESIAN_POINT('Ctrl Pts',(-0.952836312459875,-2.83027547164124,
-0.132852503193159));
#5132=CARTESIAN_POINT('Ctrl Pts',(-0.959319294486769,4.43027547164124,-0.128314415774334));
#5133=CARTESIAN_POINT('Ctrl Pts',(-0.959319294486769,-2.83027547164124,
-0.128314415774334));
#5134=CARTESIAN_POINT('',(-0.92042140232541,0.8,-0.150356554665771));
#5135=CARTESIAN_POINT('Ctrl Pts',(-0.92042140232541,0.800000000000001,-0.150356554665771));
#5136=CARTESIAN_POINT('Ctrl Pts',(-0.931766620872473,0.800000000000001,
-0.145818467246946));
#5137=CARTESIAN_POINT('Ctrl Pts',(-0.952836312459875,0.800000000000001,
-0.132852503193159));
#5138=CARTESIAN_POINT('Ctrl Pts',(-0.959319294486769,0.800000000000001,
-0.128314415774334));
#5139=CARTESIAN_POINT('',(-0.92042140232541,4.43027547164124,-0.150356554665771));
#5140=CARTESIAN_POINT('Ctrl Pts',(-0.863695309590096,4.43027547164124,-0.162998369618212));
#5141=CARTESIAN_POINT('Ctrl Pts',(-0.863695309590096,-2.83027547164124,
-0.162998369618212));
#5142=CARTESIAN_POINT('Ctrl Pts',(-0.87795787004926,4.43027547164124,-0.162998369618212));
#5143=CARTESIAN_POINT('Ctrl Pts',(-0.87795787004926,-2.83027547164124,-0.162998369618212));
#5144=CARTESIAN_POINT('Ctrl Pts',(-0.907131289170279,4.43027547164124,-0.15586708938863));
#5145=CARTESIAN_POINT('Ctrl Pts',(-0.907131289170279,-2.83027547164124,
-0.15586708938863));
#5146=CARTESIAN_POINT('Ctrl Pts',(-0.92042140232541,4.43027547164124,-0.150356554665771));
#5147=CARTESIAN_POINT('Ctrl Pts',(-0.92042140232541,-2.83027547164124,-0.150356554665771));
#5148=CARTESIAN_POINT('',(-0.863695309590096,0.8,-0.162998369618212));
#5149=CARTESIAN_POINT('Ctrl Pts',(-0.863695309590096,0.800000000000001,
-0.162998369618212));
#5150=CARTESIAN_POINT('Ctrl Pts',(-0.87795787004926,0.800000000000001,-0.162998369618212));
#5151=CARTESIAN_POINT('Ctrl Pts',(-0.907131289170279,0.800000000000001,
-0.15586708938863));
#5152=CARTESIAN_POINT('Ctrl Pts',(-0.92042140232541,0.800000000000001,-0.150356554665771));
#5153=CARTESIAN_POINT('',(-0.863695309590096,4.43027547164124,-0.162998369618212));
#5154=CARTESIAN_POINT('Ctrl Pts',(-0.814748795287053,4.43027547164124,-0.146790914550979));
#5155=CARTESIAN_POINT('Ctrl Pts',(-0.814748795287053,-2.83027547164124,
-0.146790914550979));
#5156=CARTESIAN_POINT('Ctrl Pts',(-0.824149119226048,4.43027547164124,-0.154894642084596));
#5157=CARTESIAN_POINT('Ctrl Pts',(-0.824149119226048,-2.83027547164124,
-0.154894642084596));
#5158=CARTESIAN_POINT('Ctrl Pts',(-0.848784450928242,4.43027547164124,-0.162998369618212));
#5159=CARTESIAN_POINT('Ctrl Pts',(-0.848784450928242,-2.83027547164124,
-0.162998369618212));
#5160=CARTESIAN_POINT('Ctrl Pts',(-0.863695309590096,4.43027547164124,-0.162998369618212));
#5161=CARTESIAN_POINT('Ctrl Pts',(-0.863695309590096,-2.83027547164124,
-0.162998369618212));
#5162=CARTESIAN_POINT('',(-0.814748795287053,0.8,-0.146790914550979));
#5163=CARTESIAN_POINT('Ctrl Pts',(-0.814748795287053,0.800000000000001,
-0.146790914550979));
#5164=CARTESIAN_POINT('Ctrl Pts',(-0.824149119226048,0.800000000000001,
-0.154894642084596));
#5165=CARTESIAN_POINT('Ctrl Pts',(-0.848784450928242,0.800000000000001,
-0.162998369618212));
#5166=CARTESIAN_POINT('Ctrl Pts',(-0.863695309590096,0.800000000000001,
-0.162998369618212));
#5167=CARTESIAN_POINT('',(-0.814748795287053,4.43027547164124,-0.146790914550979));
#5168=CARTESIAN_POINT('Ctrl Pts',(-0.794975700105029,4.43027547164124,-0.096547803842558));
#5169=CARTESIAN_POINT('Ctrl Pts',(-0.794975700105029,-2.83027547164124,
-0.096547803842558));
#5170=CARTESIAN_POINT('Ctrl Pts',(-0.794975700105029,4.43027547164124,-0.11340355711248));
#5171=CARTESIAN_POINT('Ctrl Pts',(-0.794975700105029,-2.83027547164124,
-0.11340355711248));
#5172=CARTESIAN_POINT('Ctrl Pts',(-0.805348471348058,4.43027547164124,-0.138687187017363));
#5173=CARTESIAN_POINT('Ctrl Pts',(-0.805348471348058,-2.83027547164124,
-0.138687187017363));
#5174=CARTESIAN_POINT('Ctrl Pts',(-0.814748795287053,4.43027547164124,-0.146790914550979));
#5175=CARTESIAN_POINT('Ctrl Pts',(-0.814748795287053,-2.83027547164124,
-0.146790914550979));
#5176=CARTESIAN_POINT('',(-0.794975700105029,0.8,-0.096547803842558));
#5177=CARTESIAN_POINT('Ctrl Pts',(-0.794975700105029,0.800000000000001,
-0.096547803842558));
#5178=CARTESIAN_POINT('Ctrl Pts',(-0.794975700105029,0.800000000000001,
-0.11340355711248));
#5179=CARTESIAN_POINT('Ctrl Pts',(-0.805348471348058,0.800000000000001,
-0.138687187017363));
#5180=CARTESIAN_POINT('Ctrl Pts',(-0.814748795287053,0.800000000000001,
-0.146790914550979));
#5181=CARTESIAN_POINT('',(-0.794975700105029,4.43027547164124,-0.096547803842558));
#5182=CARTESIAN_POINT('Ctrl Pts',(-0.874068080833125,4.43027547164124,0.0460778007490898));
#5183=CARTESIAN_POINT('Ctrl Pts',(-0.874068080833125,-2.83027547164124,
0.0460778007490898));
#5184=CARTESIAN_POINT('Ctrl Pts',(-0.828363057543528,4.43027547164124,-0.00416530995933163));
#5185=CARTESIAN_POINT('Ctrl Pts',(-0.828363057543528,-2.83027547164124,
-0.00416530995933163));
#5186=CARTESIAN_POINT('Ctrl Pts',(-0.794975700105029,4.43027547164124,-0.0644570428094373));
#5187=CARTESIAN_POINT('Ctrl Pts',(-0.794975700105029,-2.83027547164124,
-0.0644570428094373));
#5188=CARTESIAN_POINT('Ctrl Pts',(-0.794975700105029,4.43027547164124,-0.096547803842558));
#5189=CARTESIAN_POINT('Ctrl Pts',(-0.794975700105029,-2.83027547164124,
-0.096547803842558));
#5190=CARTESIAN_POINT('',(-0.874068080833124,0.8,0.0460778007490898));
#5191=CARTESIAN_POINT('Ctrl Pts',(-0.874068080833125,0.800000000000001,
0.0460778007490898));
#5192=CARTESIAN_POINT('Ctrl Pts',(-0.828363057543528,0.800000000000001,
-0.00416530995933164));
#5193=CARTESIAN_POINT('Ctrl Pts',(-0.794975700105029,0.800000000000001,
-0.0644570428094373));
#5194=CARTESIAN_POINT('Ctrl Pts',(-0.794975700105029,0.800000000000001,
-0.096547803842558));
#5195=CARTESIAN_POINT('',(-0.874068080833124,4.43027547164124,0.0460778007490898));
#5196=CARTESIAN_POINT('Ctrl Pts',(-0.970664513033831,4.43027547164124,0.142350083848452));
#5197=CARTESIAN_POINT('Ctrl Pts',(-0.970664513033831,-2.83027547164124,
0.142350083848452));
#5198=CARTESIAN_POINT('Ctrl Pts',(-0.94408428672357,4.43027547164124,0.117390603044914));
#5199=CARTESIAN_POINT('Ctrl Pts',(-0.94408428672357,-2.83027547164124,0.117390603044914));
#5200=CARTESIAN_POINT('Ctrl Pts',(-0.89675851792725,4.43027547164124,0.0710372815526281));
#5201=CARTESIAN_POINT('Ctrl Pts',(-0.89675851792725,-2.83027547164124,0.0710372815526281));
#5202=CARTESIAN_POINT('Ctrl Pts',(-0.874068080833125,4.43027547164124,0.0460778007490898));
#5203=CARTESIAN_POINT('Ctrl Pts',(-0.874068080833125,-2.83027547164124,
0.0460778007490898));
#5204=CARTESIAN_POINT('',(-0.970664513033831,0.8,0.142350083848452));
#5205=CARTESIAN_POINT('Ctrl Pts',(-0.970664513033831,0.800000000000001,
0.142350083848452));
#5206=CARTESIAN_POINT('Ctrl Pts',(-0.94408428672357,0.800000000000001,0.117390603044914));
#5207=CARTESIAN_POINT('Ctrl Pts',(-0.89675851792725,0.800000000000001,0.0710372815526281));
#5208=CARTESIAN_POINT('Ctrl Pts',(-0.874068080833125,0.800000000000001,
0.0460778007490898));
#5209=CARTESIAN_POINT('',(-0.970664513033831,4.43027547164124,0.142350083848452));
#5210=CARTESIAN_POINT('Origin',(-0.970664513033831,4.43027547164124,0.142350083848452));
#5211=CARTESIAN_POINT('',(-0.970664513033831,0.8,0.199076176583767));
#5212=CARTESIAN_POINT('',(-0.970664513033831,0.8,0.071175041924226));
#5213=CARTESIAN_POINT('',(-0.970664513033831,4.43027547164124,0.199076176583767));
#5214=CARTESIAN_POINT('Origin',(-0.970664513033831,4.43027547164124,0.199076176583767));
#5215=CARTESIAN_POINT('',(-0.485332256516916,0.8,0.199076176583767));
#5216=CARTESIAN_POINT('Ctrl Pts',(0.0491085597964505,4.43027547164124,0.0694165360459051));
#5217=CARTESIAN_POINT('Ctrl Pts',(0.0491085597964505,-2.83027547164124,
0.0694165360459051));
#5218=CARTESIAN_POINT('Ctrl Pts',(0.0491085597964505,4.43027547164124,0.100210700673647));
#5219=CARTESIAN_POINT('Ctrl Pts',(0.0491085597964505,-2.83027547164124,
0.100210700673647));
#5220=CARTESIAN_POINT('Ctrl Pts',(0.0286871664117373,4.43027547164124,0.152398705990137));
#5221=CARTESIAN_POINT('Ctrl Pts',(0.0286871664117373,-2.83027547164124,
0.152398705990137));
#5222=CARTESIAN_POINT('Ctrl Pts',(0.0115072640404706,4.43027547164124,0.169902757462748));
#5223=CARTESIAN_POINT('Ctrl Pts',(0.0115072640404706,-2.83027547164124,
0.169902757462748));
#5224=CARTESIAN_POINT('',(0.0491085597964505,0.8,0.0694165360459051));
#5225=CARTESIAN_POINT('',(0.0115072640404706,0.8,0.169902757462748));
#5226=CARTESIAN_POINT('Ctrl Pts',(0.0491085597964505,0.800000000000001,
0.0694165360459051));
#5227=CARTESIAN_POINT('Ctrl Pts',(0.0491085597964505,0.800000000000001,
0.100210700673647));
#5228=CARTESIAN_POINT('Ctrl Pts',(0.0286871664117373,0.800000000000001,
0.152398705990137));
#5229=CARTESIAN_POINT('Ctrl Pts',(0.0115072640404706,0.800000000000001,
0.169902757462748));
#5230=CARTESIAN_POINT('',(0.0491085597964505,0.79,0.0694165360459051));
#5231=CARTESIAN_POINT('',(0.0491085597964505,4.43027547164124,0.0694165360459051));
#5232=CARTESIAN_POINT('',(0.0115072640404706,0.79,0.169902757462748));
#5233=CARTESIAN_POINT('Ctrl Pts',(0.0491085597964505,0.790000000000001,
0.0694165360459051));
#5234=CARTESIAN_POINT('Ctrl Pts',(0.0491085597964505,0.790000000000001,
0.0899459791310665));
#5235=CARTESIAN_POINT('Ctrl Pts',(0.0457049942323317,0.790000000000001,
0.108908701559729));
#5236=CARTESIAN_POINT('Ctrl Pts',(0.0388978631040939,0.790000000000001,
0.126304703331892));
#5237=CARTESIAN_POINT('Ctrl Pts',(0.0320907319758562,0.790000000000001,
0.143700705104055));
#5238=CARTESIAN_POINT('Ctrl Pts',(0.0229605322879818,0.790000000000001,
0.15823338981434));
#5239=CARTESIAN_POINT('Ctrl Pts',(0.0115072640404706,0.790000000000001,
0.169902757462748));
#5240=CARTESIAN_POINT('',(0.0115072640404706,4.43027547164124,0.169902757462748));
#5241=CARTESIAN_POINT('Ctrl Pts',(0.0115072640404706,4.43027547164124,0.169902757462748));
#5242=CARTESIAN_POINT('Ctrl Pts',(0.0115072640404706,-2.83027547164124,
0.169902757462748));
#5243=CARTESIAN_POINT('Ctrl Pts',(-0.00632093653348536,4.43027547164124,
0.188379256239393));
#5244=CARTESIAN_POINT('Ctrl Pts',(-0.00632093653348536,-2.83027547164124,
0.188379256239393));
#5245=CARTESIAN_POINT('Ctrl Pts',(-0.0510535125190476,4.43027547164124,
0.207504053218728));
#5246=CARTESIAN_POINT('Ctrl Pts',(-0.0510535125190476,-2.83027547164124,
0.207504053218728));
#5247=CARTESIAN_POINT('Ctrl Pts',(-0.0779578879306539,4.43027547164124,
0.207504053218728));
#5248=CARTESIAN_POINT('Ctrl Pts',(-0.0779578879306539,-2.83027547164124,
0.207504053218728));
#5249=CARTESIAN_POINT('',(-0.0779578879306539,0.8,0.207504053218728));
#5250=CARTESIAN_POINT('Ctrl Pts',(0.0115072640404706,0.800000000000001,
0.169902757462748));
#5251=CARTESIAN_POINT('Ctrl Pts',(-0.00632093653348536,0.800000000000001,
0.188379256239393));
#5252=CARTESIAN_POINT('Ctrl Pts',(-0.0510535125190476,0.800000000000001,
0.207504053218728));
#5253=CARTESIAN_POINT('Ctrl Pts',(-0.0779578879306539,0.800000000000001,
0.207504053218728));
#5254=CARTESIAN_POINT('',(-0.0779578879306539,0.79,0.207504053218728));
#5255=CARTESIAN_POINT('Ctrl Pts',(0.0115072640404706,0.790000000000001,
0.169902757462748));
#5256=CARTESIAN_POINT('Ctrl Pts',(-0.000378203008833363,0.790000000000001,
0.182220423313845));
#5257=CARTESIAN_POINT('Ctrl Pts',(-0.0137763658644124,0.790000000000001,
0.191566722402616));
#5258=CARTESIAN_POINT('Ctrl Pts',(-0.0286872245262665,0.790000000000001,
0.19794165472906));
#5259=CARTESIAN_POINT('Ctrl Pts',(-0.0435980831881206,0.790000000000001,
0.204316587055505));
#5260=CARTESIAN_POINT('Ctrl Pts',(-0.0600216376562497,0.790000000000001,
0.207504053218728));
#5261=CARTESIAN_POINT('Ctrl Pts',(-0.0779578879306539,0.790000000000001,
0.207504053218728));
#5262=CARTESIAN_POINT('',(-0.0779578879306539,4.43027547164124,0.207504053218728));
#5263=CARTESIAN_POINT('Ctrl Pts',(-0.0779578879306539,4.43027547164124,
0.207504053218728));
#5264=CARTESIAN_POINT('Ctrl Pts',(-0.0779578879306539,-2.83027547164124,
0.207504053218728));
#5265=CARTESIAN_POINT('Ctrl Pts',(-0.10486226334226,4.43027547164124,0.207504053218728));
#5266=CARTESIAN_POINT('Ctrl Pts',(-0.10486226334226,-2.83027547164124,0.207504053218728));
#5267=CARTESIAN_POINT('Ctrl Pts',(-0.149270690226478,4.43027547164124,0.189351703543427));
#5268=CARTESIAN_POINT('Ctrl Pts',(-0.149270690226478,-2.83027547164124,
0.189351703543427));
#5269=CARTESIAN_POINT('Ctrl Pts',(-0.1661264434964,4.43027547164124,0.171199353868126));
#5270=CARTESIAN_POINT('Ctrl Pts',(-0.1661264434964,-2.83027547164124,0.171199353868126));
#5271=CARTESIAN_POINT('',(-0.1661264434964,0.8,0.171199353868126));
#5272=CARTESIAN_POINT('Ctrl Pts',(-0.0779578879306539,0.800000000000001,
0.207504053218728));
#5273=CARTESIAN_POINT('Ctrl Pts',(-0.10486226334226,0.800000000000001,0.207504053218728));
#5274=CARTESIAN_POINT('Ctrl Pts',(-0.149270690226478,0.800000000000001,
0.189351703543427));
#5275=CARTESIAN_POINT('Ctrl Pts',(-0.1661264434964,0.800000000000001,0.171199353868126));
#5276=CARTESIAN_POINT('',(-0.1661264434964,0.79,0.171199353868126));
#5277=CARTESIAN_POINT('Ctrl Pts',(-0.0779578879306539,0.790000000000001,
0.207504053218728));
#5278=CARTESIAN_POINT('Ctrl Pts',(-0.0958941382050581,0.790000000000001,
0.207504053218728));
#5279=CARTESIAN_POINT('Ctrl Pts',(-0.112263667822963,0.790000000000001,
0.204478661606178));
#5280=CARTESIAN_POINT('Ctrl Pts',(-0.127066476784369,0.790000000000001,
0.198427878381077));
#5281=CARTESIAN_POINT('Ctrl Pts',(-0.141869285745775,0.790000000000001,
0.192377095155977));
#5282=CARTESIAN_POINT('Ctrl Pts',(-0.154889274649785,0.790000000000001,
0.183300920318327));
#5283=CARTESIAN_POINT('Ctrl Pts',(-0.1661264434964,0.790000000000001,0.171199353868126));
#5284=CARTESIAN_POINT('',(-0.1661264434964,4.43027547164124,0.171199353868126));
#5285=CARTESIAN_POINT('Ctrl Pts',(-0.1661264434964,4.43027547164124,0.171199353868126));
#5286=CARTESIAN_POINT('Ctrl Pts',(-0.1661264434964,-2.83027547164124,0.171199353868126));
#5287=CARTESIAN_POINT('Ctrl Pts',(-0.186871985982458,4.43027547164124,0.149481364078035));
#5288=CARTESIAN_POINT('Ctrl Pts',(-0.186871985982458,-2.83027547164124,
0.149481364078035));
#5289=CARTESIAN_POINT('Ctrl Pts',(-0.210210721279273,4.43027547164124,0.0765478162754874));
#5290=CARTESIAN_POINT('Ctrl Pts',(-0.210210721279273,-2.83027547164124,
0.0765478162754874));
#5291=CARTESIAN_POINT('Ctrl Pts',(-0.210210721279273,4.43027547164124,0.0233873636549641));
#5292=CARTESIAN_POINT('Ctrl Pts',(-0.210210721279273,-2.83027547164124,
0.0233873636549641));
#5293=CARTESIAN_POINT('',(-0.210210721279273,0.8,0.0233873636549641));
#5294=CARTESIAN_POINT('Ctrl Pts',(-0.1661264434964,0.800000000000001,0.171199353868126));
#5295=CARTESIAN_POINT('Ctrl Pts',(-0.186871985982458,0.800000000000001,
0.149481364078035));
#5296=CARTESIAN_POINT('Ctrl Pts',(-0.210210721279273,0.800000000000001,
0.0765478162754874));
#5297=CARTESIAN_POINT('Ctrl Pts',(-0.210210721279273,0.800000000000001,
0.0233873636549641));
#5298=CARTESIAN_POINT('',(-0.210210721279273,0.79,0.0233873636549641));
#5299=CARTESIAN_POINT('Ctrl Pts',(-0.1661264434964,0.790000000000001,0.171199353868126));
#5300=CARTESIAN_POINT('Ctrl Pts',(-0.179956805153772,0.790000000000001,
0.156720694008065));
#5301=CARTESIAN_POINT('Ctrl Pts',(-0.190761775198594,0.790000000000001,
0.13732577277761));
#5302=CARTESIAN_POINT('Ctrl Pts',(-0.198541353630865,0.790000000000001,
0.113014590176761));
#5303=CARTESIAN_POINT('Ctrl Pts',(-0.206320932063137,0.790000000000001,
0.0887034075759119));
#5304=CARTESIAN_POINT('Ctrl Pts',(-0.210210721279273,0.790000000000001,
0.0588276654019797));
#5305=CARTESIAN_POINT('Ctrl Pts',(-0.210210721279273,0.790000000000001,
0.0233873636549641));
#5306=CARTESIAN_POINT('',(-0.210210721279273,4.43027547164124,0.0233873636549641));
#5307=CARTESIAN_POINT('Ctrl Pts',(-0.210210721279273,4.43027547164124,0.0233873636549641));
#5308=CARTESIAN_POINT('Ctrl Pts',(-0.210210721279273,-2.83027547164124,
0.0233873636549641));
#5309=CARTESIAN_POINT('Ctrl Pts',(-0.210210721279273,4.43027547164124,-0.0288006416615252));
#5310=CARTESIAN_POINT('Ctrl Pts',(-0.210210721279273,-2.83027547164124,
-0.0288006416615252));
#5311=CARTESIAN_POINT('Ctrl Pts',(-0.188816880590526,4.43027547164124,-0.112755258909791));
#5312=CARTESIAN_POINT('Ctrl Pts',(-0.188816880590526,-2.83027547164124,
-0.112755258909791));
#5313=CARTESIAN_POINT('Ctrl Pts',(-0.166450592597744,4.43027547164124,-0.143873572638877));
#5314=CARTESIAN_POINT('Ctrl Pts',(-0.166450592597744,-2.83027547164124,
-0.143873572638877));
#5315=CARTESIAN_POINT('',(-0.166450592597744,0.8,-0.143873572638877));
#5316=CARTESIAN_POINT('Ctrl Pts',(-0.210210721279273,0.800000000000001,
0.0233873636549641));
#5317=CARTESIAN_POINT('Ctrl Pts',(-0.210210721279273,0.800000000000001,
-0.0288006416615252));
#5318=CARTESIAN_POINT('Ctrl Pts',(-0.188816880590526,0.800000000000001,
-0.112755258909791));
#5319=CARTESIAN_POINT('Ctrl Pts',(-0.166450592597744,0.800000000000001,
-0.143873572638877));
#5320=CARTESIAN_POINT('',(-0.166450592597744,0.79,-0.143873572638877));
#5321=CARTESIAN_POINT('Ctrl Pts',(-0.210210721279273,0.790000000000001,
0.0233873636549641));
#5322=CARTESIAN_POINT('Ctrl Pts',(-0.210210721279273,0.790000000000001,
-0.0114046398893621));
#5323=CARTESIAN_POINT('Ctrl Pts',(-0.206645081164482,0.790000000000001,
-0.0427930778695694));
#5324=CARTESIAN_POINT('Ctrl Pts',(-0.199513800934899,0.790000000000001,
-0.0707779502856579));
#5325=CARTESIAN_POINT('Ctrl Pts',(-0.192382520705317,0.790000000000001,
-0.0987628227017464));
#5326=CARTESIAN_POINT('Ctrl Pts',(-0.181361451259599,0.790000000000001,
-0.12312803015282));
#5327=CARTESIAN_POINT('Ctrl Pts',(-0.166450592597744,0.790000000000001,
-0.143873572638877));
#5328=CARTESIAN_POINT('',(-0.166450592597744,4.43027547164124,-0.143873572638877));
#5329=CARTESIAN_POINT('Ctrl Pts',(-0.166450592597744,4.43027547164124,-0.143873572638877));
#5330=CARTESIAN_POINT('Ctrl Pts',(-0.166450592597744,-2.83027547164124,
-0.143873572638877));
#5331=CARTESIAN_POINT('Ctrl Pts',(-0.144732602807653,4.43027547164124,-0.174343588165275));
#5332=CARTESIAN_POINT('Ctrl Pts',(-0.144732602807653,-2.83027547164124,
-0.174343588165275));
#5333=CARTESIAN_POINT('Ctrl Pts',(-0.0760129933225859,4.43027547164124,
-0.208379243806464));
#5334=CARTESIAN_POINT('Ctrl Pts',(-0.0760129933225859,-2.83027547164124,
-0.208379243806464));
#5335=CARTESIAN_POINT('Ctrl Pts',(-0.030956268235679,4.43027547164124,-0.208379243806464));
#5336=CARTESIAN_POINT('Ctrl Pts',(-0.030956268235679,-2.83027547164124,
-0.208379243806464));
#5337=CARTESIAN_POINT('',(-0.030956268235679,0.8,-0.208379243806464));
#5338=CARTESIAN_POINT('Ctrl Pts',(-0.166450592597744,0.800000000000001,
-0.143873572638877));
#5339=CARTESIAN_POINT('Ctrl Pts',(-0.144732602807653,0.800000000000001,
-0.174343588165275));
#5340=CARTESIAN_POINT('Ctrl Pts',(-0.0760129933225859,0.800000000000001,
-0.208379243806464));
#5341=CARTESIAN_POINT('Ctrl Pts',(-0.030956268235679,0.800000000000001,
-0.208379243806464));
#5342=CARTESIAN_POINT('',(-0.030956268235679,0.79,-0.208379243806464));
#5343=CARTESIAN_POINT('Ctrl Pts',(-0.166450592597744,0.790000000000001,
-0.143873572638877));
#5344=CARTESIAN_POINT('Ctrl Pts',(-0.151971932737683,0.790000000000001,
-0.164186916323142));
#5345=CARTESIAN_POINT('Ctrl Pts',(-0.133279334560141,0.790000000000001,
-0.180016197438806));
#5346=CARTESIAN_POINT('Ctrl Pts',(-0.110372798065119,0.790000000000001,
-0.191361415985869));
#5347=CARTESIAN_POINT('Ctrl Pts',(-0.087466261570097,0.790000000000001,
-0.202706634532932));
#5348=CARTESIAN_POINT('Ctrl Pts',(-0.0609940849602836,0.790000000000001,
-0.208379243806464));
#5349=CARTESIAN_POINT('Ctrl Pts',(-0.030956268235679,0.790000000000001,
-0.208379243806464));
#5350=CARTESIAN_POINT('',(-0.030956268235679,4.43027547164124,-0.208379243806464));
#5351=CARTESIAN_POINT('Ctrl Pts',(-0.030956268235679,4.43027547164124,-0.208379243806464));
#5352=CARTESIAN_POINT('Ctrl Pts',(-0.030956268235679,-2.83027547164124,
-0.208379243806464));
#5353=CARTESIAN_POINT('Ctrl Pts',(-0.0176661550805481,4.43027547164124,
-0.208379243806464));
#5354=CARTESIAN_POINT('Ctrl Pts',(-0.0176661550805481,-2.83027547164124,
-0.208379243806464));
#5355=CARTESIAN_POINT('Ctrl Pts',(0.00567258021626696,4.43027547164124,
-0.205786050995706));
#5356=CARTESIAN_POINT('Ctrl Pts',(0.00567258021626696,-2.83027547164124,
-0.205786050995706));
#5357=CARTESIAN_POINT('Ctrl Pts',(0.0144246059525726,4.43027547164124,-0.202868709083604));
#5358=CARTESIAN_POINT('Ctrl Pts',(0.0144246059525726,-2.83027547164124,
-0.202868709083604));
#5359=CARTESIAN_POINT('',(0.0144246059525726,0.8,-0.202868709083604));
#5360=CARTESIAN_POINT('Ctrl Pts',(-0.030956268235679,0.800000000000001,
-0.208379243806464));
#5361=CARTESIAN_POINT('Ctrl Pts',(-0.0176661550805481,0.800000000000001,
-0.208379243806464));
#5362=CARTESIAN_POINT('Ctrl Pts',(0.00567258021626696,0.800000000000001,
-0.205786050995706));
#5363=CARTESIAN_POINT('Ctrl Pts',(0.0144246059525726,0.800000000000001,
-0.202868709083604));
#5364=CARTESIAN_POINT('',(0.0144246059525726,0.79,-0.202868709083604));
#5365=CARTESIAN_POINT('Ctrl Pts',(-0.030956268235679,0.790000000000001,
-0.208379243806464));
#5366=CARTESIAN_POINT('Ctrl Pts',(-0.0220961927989251,0.790000000000001,
-0.208379243806464));
#5367=CARTESIAN_POINT('Ctrl Pts',(-0.0137763658644123,0.790000000000001,
-0.207947045004671));
#5368=CARTESIAN_POINT('Ctrl Pts',(-0.00599678743214059,0.790000000000001,
-0.207082647401085));
#5369=CARTESIAN_POINT('Ctrl Pts',(0.00178279100013111,0.790000000000001,
-0.206218249797499));
#5370=CARTESIAN_POINT('Ctrl Pts',(0.00858992212836885,0.790000000000001,
-0.204813603691672));
#5371=CARTESIAN_POINT('Ctrl Pts',(0.0144246059525726,0.790000000000001,
-0.202868709083604));
#5372=CARTESIAN_POINT('',(0.0144246059525726,4.43027547164124,-0.202868709083604));
#5373=CARTESIAN_POINT('Ctrl Pts',(-0.127552700436386,4.43027547164124,0.141053487443074));
#5374=CARTESIAN_POINT('Ctrl Pts',(-0.127552700436386,-2.83027547164124,
0.141053487443074));
#5375=CARTESIAN_POINT('Ctrl Pts',(-0.139870366287483,4.43027547164124,0.127763374287943));
#5376=CARTESIAN_POINT('Ctrl Pts',(-0.139870366287483,-2.83027547164124,
0.127763374287943));
#5377=CARTESIAN_POINT('Ctrl Pts',(-0.156077821354716,4.43027547164124,0.0768719653768321));
#5378=CARTESIAN_POINT('Ctrl Pts',(-0.156077821354716,-2.83027547164124,
0.0768719653768321));
#5379=CARTESIAN_POINT('Ctrl Pts',(-0.156077821354716,4.43027547164124,0.0353808804047163));
#5380=CARTESIAN_POINT('Ctrl Pts',(-0.156077821354716,-2.83027547164124,
0.0353808804047163));
#5381=CARTESIAN_POINT('',(-0.156077821354716,0.8,0.0353808804047163));
#5382=CARTESIAN_POINT('',(-0.127552700436386,0.8,0.141053487443074));
#5383=CARTESIAN_POINT('Ctrl Pts',(-0.156077821354716,0.800000000000001,
0.0353808804047163));
#5384=CARTESIAN_POINT('Ctrl Pts',(-0.156077821354716,0.800000000000001,
0.0768719653768321));
#5385=CARTESIAN_POINT('Ctrl Pts',(-0.139870366287483,0.800000000000001,
0.127763374287943));
#5386=CARTESIAN_POINT('Ctrl Pts',(-0.127552700436386,0.800000000000001,
0.141053487443074));
#5387=CARTESIAN_POINT('',(-0.156077821354716,0.79,0.0353808804047163));
#5388=CARTESIAN_POINT('',(-0.156077821354716,4.43027547164124,0.0353808804047163));
#5389=CARTESIAN_POINT('',(-0.127552700436386,0.79,0.141053487443074));
#5390=CARTESIAN_POINT('Ctrl Pts',(-0.156077821354716,0.790000000000001,
0.0353808804047163));
#5391=CARTESIAN_POINT('Ctrl Pts',(-0.156077821354716,0.790000000000001,
0.0630416037194602));
#5392=CARTESIAN_POINT('Ctrl Pts',(-0.15337657884351,0.790000000000001,0.0853538668620172));
#5393=CARTESIAN_POINT('Ctrl Pts',(-0.147974093821099,0.790000000000001,
0.102317669832387));
#5394=CARTESIAN_POINT('Ctrl Pts',(-0.142571608798688,0.790000000000001,
0.119281472802758));
#5395=CARTESIAN_POINT('Ctrl Pts',(-0.135764477670451,0.790000000000001,
0.13219341200632));
#5396=CARTESIAN_POINT('Ctrl Pts',(-0.127552700436386,0.790000000000001,
0.141053487443074));
#5397=CARTESIAN_POINT('',(-0.127552700436386,4.43027547164124,0.141053487443074));
#5398=CARTESIAN_POINT('Ctrl Pts',(-0.156077821354716,4.43027547164124,0.0353808804047163));
#5399=CARTESIAN_POINT('Ctrl Pts',(-0.156077821354716,-2.83027547164124,
0.0353808804047163));
#5400=CARTESIAN_POINT('Ctrl Pts',(-0.156077821354716,4.43027547164124,0.0269530037697553));
#5401=CARTESIAN_POINT('Ctrl Pts',(-0.156077821354716,-2.83027547164124,
0.0269530037697553));
#5402=CARTESIAN_POINT('Ctrl Pts',(-0.155429523152026,4.43027547164124,0.0159319343240371));
#5403=CARTESIAN_POINT('Ctrl Pts',(-0.155429523152026,-2.83027547164124,
0.0159319343240371));
#5404=CARTESIAN_POINT('Ctrl Pts',(-0.155105374050682,4.43027547164124,0.0100972504998333));
#5405=CARTESIAN_POINT('Ctrl Pts',(-0.155105374050682,-2.83027547164124,
0.0100972504998333));
#5406=CARTESIAN_POINT('',(-0.155105374050682,0.8,0.0100972504998333));
#5407=CARTESIAN_POINT('Ctrl Pts',(-0.155105374050682,0.800000000000002,
0.0100972504998333));
#5408=CARTESIAN_POINT('Ctrl Pts',(-0.155429523152026,0.800000000000002,
0.0159319343240371));
#5409=CARTESIAN_POINT('Ctrl Pts',(-0.156077821354716,0.800000000000002,
0.0269530037697553));
#5410=CARTESIAN_POINT('Ctrl Pts',(-0.156077821354716,0.800000000000002,
0.0353808804047163));
#5411=CARTESIAN_POINT('',(-0.155105374050682,0.79,0.0100972504998333));
#5412=CARTESIAN_POINT('',(-0.155105374050682,4.43027547164124,0.0100972504998333));
#5413=CARTESIAN_POINT('Ctrl Pts',(-0.155105374050682,0.790000000000001,
0.0100972504998333));
#5414=CARTESIAN_POINT('Ctrl Pts',(-0.155321473451578,0.790000000000001,
0.0139870397159692));
#5415=CARTESIAN_POINT('Ctrl Pts',(-0.155537572852474,0.790000000000001,
0.0177687792316568));
#5416=CARTESIAN_POINT('Ctrl Pts',(-0.155753672253371,0.790000000000001,
0.0214424690468962));
#5417=CARTESIAN_POINT('Ctrl Pts',(-0.155969771654267,0.790000000000001,
0.0251161588621356));
#5418=CARTESIAN_POINT('Ctrl Pts',(-0.156077821354716,0.790000000000001,
0.029762295981409));
#5419=CARTESIAN_POINT('Ctrl Pts',(-0.156077821354716,0.790000000000001,
0.0353808804047163));
#5420=CARTESIAN_POINT('Ctrl Pts',(-0.155105374050682,4.43027547164124,0.0100972504998333));
#5421=CARTESIAN_POINT('Ctrl Pts',(-0.155105374050682,-2.83027547164124,
0.0100972504998333));
#5422=CARTESIAN_POINT('Ctrl Pts',(-0.137925471679415,4.43027547164124,-0.000599669844540268));
#5423=CARTESIAN_POINT('Ctrl Pts',(-0.137925471679415,-2.83027547164124,
-0.000599669844540268));
#5424=CARTESIAN_POINT('Ctrl Pts',(-0.102593219632848,4.43027547164124,-0.0119448883916031));
#5425=CARTESIAN_POINT('Ctrl Pts',(-0.102593219632848,-2.83027547164124,
-0.0119448883916031));
#5426=CARTESIAN_POINT('Ctrl Pts',(-0.0837925717548577,4.43027547164124,
-0.0119448883916031));
#5427=CARTESIAN_POINT('Ctrl Pts',(-0.0837925717548577,-2.83027547164124,
-0.0119448883916031));
#5428=CARTESIAN_POINT('',(-0.0837925717548577,0.8,-0.0119448883916031));
#5429=CARTESIAN_POINT('Ctrl Pts',(-0.0837925717548577,0.800000000000001,
-0.0119448883916031));
#5430=CARTESIAN_POINT('Ctrl Pts',(-0.102593219632848,0.800000000000001,
-0.0119448883916031));
#5431=CARTESIAN_POINT('Ctrl Pts',(-0.137925471679415,0.800000000000001,
-0.000599669844540267));
#5432=CARTESIAN_POINT('Ctrl Pts',(-0.155105374050682,0.800000000000001,
0.0100972504998333));
#5433=CARTESIAN_POINT('',(-0.0837925717548577,0.79,-0.0119448883916031));
#5434=CARTESIAN_POINT('',(-0.0837925717548577,4.43027547164124,-0.0119448883916031));
#5435=CARTESIAN_POINT('Ctrl Pts',(-0.0837925717548577,0.790000000000001,
-0.0119448883916031));
#5436=CARTESIAN_POINT('Ctrl Pts',(-0.0963263370068509,0.790000000000001,
-0.0119448883916031));
#5437=CARTESIAN_POINT('Ctrl Pts',(-0.108481928307275,0.790000000000001,
-0.0100540186337593));
#5438=CARTESIAN_POINT('Ctrl Pts',(-0.120259345656131,0.790000000000001,
-0.0062722791180717));
#5439=CARTESIAN_POINT('Ctrl Pts',(-0.132036763004987,0.790000000000001,
-0.00249053960238408));
#5440=CARTESIAN_POINT('Ctrl Pts',(-0.14365210580317,0.790000000000001,0.00296597027025093));
#5441=CARTESIAN_POINT('Ctrl Pts',(-0.155105374050682,0.790000000000001,
0.0100972504998333));
#5442=CARTESIAN_POINT('Ctrl Pts',(0.00567258021626692,4.43027547164124,
-0.032690430877661));
#5443=CARTESIAN_POINT('Ctrl Pts',(0.00567258021626692,-2.83027547164124,
-0.032690430877661));
#5444=CARTESIAN_POINT('Ctrl Pts',(0.0277147191077034,4.43027547164124,-0.0161588267090836));
#5445=CARTESIAN_POINT('Ctrl Pts',(0.0277147191077034,-2.83027547164124,
-0.0161588267090836));
#5446=CARTESIAN_POINT('Ctrl Pts',(0.0491085597964505,4.43027547164124,0.0350567313033717));
#5447=CARTESIAN_POINT('Ctrl Pts',(0.0491085597964505,-2.83027547164124,
0.0350567313033717));
#5448=CARTESIAN_POINT('Ctrl Pts',(0.0491085597964505,4.43027547164124,0.0694165360459051));
#5449=CARTESIAN_POINT('Ctrl Pts',(0.0491085597964505,-2.83027547164124,
0.0694165360459051));
#5450=CARTESIAN_POINT('',(0.00567258021626692,0.8,-0.032690430877661));
#5451=CARTESIAN_POINT('Ctrl Pts',(0.00567258021626692,0.800000000000001,
-0.032690430877661));
#5452=CARTESIAN_POINT('Ctrl Pts',(0.0277147191077034,0.800000000000001,
-0.0161588267090836));
#5453=CARTESIAN_POINT('Ctrl Pts',(0.0491085597964505,0.800000000000001,
0.0350567313033717));
#5454=CARTESIAN_POINT('Ctrl Pts',(0.0491085597964505,0.800000000000001,
0.0694165360459051));
#5455=CARTESIAN_POINT('',(0.00567258021626692,0.79,-0.032690430877661));
#5456=CARTESIAN_POINT('',(0.00567258021626692,4.43027547164124,-0.032690430877661));
#5457=CARTESIAN_POINT('Ctrl Pts',(0.00567258021626692,0.790000000000001,
-0.032690430877661));
#5458=CARTESIAN_POINT('Ctrl Pts',(0.0203673394772246,0.790000000000001,
-0.0216693614319427));
#5459=CARTESIAN_POINT('Ctrl Pts',(0.0312803592224946,0.790000000000001,
-0.00762290037367439));
#5460=CARTESIAN_POINT('Ctrl Pts',(0.038411639452077,0.790000000000001,0.00944895229714406));
#5461=CARTESIAN_POINT('Ctrl Pts',(0.0455429196816593,0.790000000000001,
0.0265208049679625));
#5462=CARTESIAN_POINT('Ctrl Pts',(0.0491085597964505,0.790000000000001,
0.0465099995508829));
#5463=CARTESIAN_POINT('Ctrl Pts',(0.0491085597964505,0.790000000000001,
0.0694165360459051));
#5464=CARTESIAN_POINT('Ctrl Pts',(-0.0717990550051054,4.43027547164124,
-0.0563533152758208));
#5465=CARTESIAN_POINT('Ctrl Pts',(-0.0717990550051054,-2.83027547164124,
-0.0563533152758208));
#5466=CARTESIAN_POINT('Ctrl Pts',(-0.0484603197082903,4.43027547164124,
-0.0563533152758208));
#5467=CARTESIAN_POINT('Ctrl Pts',(-0.0484603197082903,-2.83027547164124,
-0.0563533152758208));
#5468=CARTESIAN_POINT('Ctrl Pts',(-0.0134522167630677,4.43027547164124,
-0.0469529913368258));
#5469=CARTESIAN_POINT('Ctrl Pts',(-0.0134522167630677,-2.83027547164124,
-0.0469529913368258));
#5470=CARTESIAN_POINT('Ctrl Pts',(0.00567258021626692,4.43027547164124,
-0.032690430877661));
#5471=CARTESIAN_POINT('Ctrl Pts',(0.00567258021626692,-2.83027547164124,
-0.032690430877661));
#5472=CARTESIAN_POINT('',(-0.0717990550051055,0.8,-0.0563533152758208));
#5473=CARTESIAN_POINT('Ctrl Pts',(-0.0717990550051054,0.800000000000001,
-0.0563533152758208));
#5474=CARTESIAN_POINT('Ctrl Pts',(-0.0484603197082903,0.800000000000001,
-0.0563533152758208));
#5475=CARTESIAN_POINT('Ctrl Pts',(-0.0134522167630677,0.800000000000001,
-0.0469529913368258));
#5476=CARTESIAN_POINT('Ctrl Pts',(0.00567258021626692,0.800000000000001,
-0.032690430877661));
#5477=CARTESIAN_POINT('',(-0.0717990550051055,0.79,-0.0563533152758208));
#5478=CARTESIAN_POINT('',(-0.0717990550051055,4.43027547164124,-0.0563533152758208));
#5479=CARTESIAN_POINT('Ctrl Pts',(-0.0717990550051054,0.790000000000001,
-0.0563533152758208));
#5480=CARTESIAN_POINT('Ctrl Pts',(-0.056239898140562,0.790000000000001,
-0.0563533152758208));
#5481=CARTESIAN_POINT('Ctrl Pts',(-0.0426256358840866,0.790000000000001,
-0.0547865946193216));
#5482=CARTESIAN_POINT('Ctrl Pts',(-0.030956268235679,0.790000000000001,
-0.0516531533063233));
#5483=CARTESIAN_POINT('Ctrl Pts',(-0.0192869005872714,0.790000000000001,
-0.0485197119933249));
#5484=CARTESIAN_POINT('Ctrl Pts',(-0.00707728443662281,0.790000000000001,
-0.0421988045171042));
#5485=CARTESIAN_POINT('Ctrl Pts',(0.00567258021626692,0.790000000000001,
-0.032690430877661));
#5486=CARTESIAN_POINT('Ctrl Pts',(-0.155105374050682,4.43027547164124,-0.0284764925601805));
#5487=CARTESIAN_POINT('Ctrl Pts',(-0.155105374050682,-2.83027547164124,
-0.0284764925601805));
#5488=CARTESIAN_POINT('Ctrl Pts',(-0.135980577071347,4.43027547164124,-0.0417666057153113));
#5489=CARTESIAN_POINT('Ctrl Pts',(-0.135980577071347,-2.83027547164124,
-0.0417666057153113));
#5490=CARTESIAN_POINT('Ctrl Pts',(-0.0957860885046098,4.43027547164124,
-0.0563533152758208));
#5491=CARTESIAN_POINT('Ctrl Pts',(-0.0957860885046098,-2.83027547164124,
-0.0563533152758208));
#5492=CARTESIAN_POINT('Ctrl Pts',(-0.0717990550051054,4.43027547164124,
-0.0563533152758208));
#5493=CARTESIAN_POINT('Ctrl Pts',(-0.0717990550051054,-2.83027547164124,
-0.0563533152758208));
#5494=CARTESIAN_POINT('',(-0.155105374050682,0.8,-0.0284764925601805));
#5495=CARTESIAN_POINT('Ctrl Pts',(-0.155105374050682,0.800000000000001,
-0.0284764925601805));
#5496=CARTESIAN_POINT('Ctrl Pts',(-0.135980577071347,0.800000000000001,
-0.0417666057153113));
#5497=CARTESIAN_POINT('Ctrl Pts',(-0.0957860885046098,0.800000000000001,
-0.0563533152758208));
#5498=CARTESIAN_POINT('Ctrl Pts',(-0.0717990550051054,0.800000000000001,
-0.0563533152758208));
#5499=CARTESIAN_POINT('',(-0.155105374050682,0.79,-0.0284764925601805));
#5500=CARTESIAN_POINT('',(-0.155105374050682,4.43027547164124,-0.0284764925601805));
#5501=CARTESIAN_POINT('Ctrl Pts',(-0.155105374050682,0.790000000000001,
-0.0284764925601805));
#5502=CARTESIAN_POINT('Ctrl Pts',(-0.142355509397792,0.790000000000001,
-0.0373365679969344));
#5503=CARTESIAN_POINT('Ctrl Pts',(-0.129281495643557,0.790000000000001,
-0.0441977239753962));
#5504=CARTESIAN_POINT('Ctrl Pts',(-0.115883332787978,0.790000000000001,
-0.0490599604955661));
#5505=CARTESIAN_POINT('Ctrl Pts',(-0.102485169932399,0.790000000000001,
-0.0539221970157359));
#5506=CARTESIAN_POINT('Ctrl Pts',(-0.0877904106714417,0.790000000000001,
-0.0563533152758208));
#5507=CARTESIAN_POINT('Ctrl Pts',(-0.0717990550051054,0.790000000000001,
-0.0563533152758208));
#5508=CARTESIAN_POINT('Ctrl Pts',(-0.0380875484652614,4.43027547164124,
-0.162025922314178));
#5509=CARTESIAN_POINT('Ctrl Pts',(-0.0380875484652614,-2.83027547164124,
-0.162025922314178));
#5510=CARTESIAN_POINT('Ctrl Pts',(-0.0880065100723381,4.43027547164124,
-0.162025922314178));
#5511=CARTESIAN_POINT('Ctrl Pts',(-0.0880065100723381,-2.83027547164124,
-0.162025922314178));
#5512=CARTESIAN_POINT('Ctrl Pts',(-0.149270690226478,4.43027547164124,-0.09460290923449));
#5513=CARTESIAN_POINT('Ctrl Pts',(-0.149270690226478,-2.83027547164124,
-0.09460290923449));
#5514=CARTESIAN_POINT('Ctrl Pts',(-0.155105374050682,4.43027547164124,-0.0284764925601805));
#5515=CARTESIAN_POINT('Ctrl Pts',(-0.155105374050682,-2.83027547164124,
-0.0284764925601805));
#5516=CARTESIAN_POINT('',(-0.0380875484652614,0.8,-0.162025922314178));
#5517=CARTESIAN_POINT('Ctrl Pts',(-0.0380875484652614,0.800000000000001,
-0.162025922314178));
#5518=CARTESIAN_POINT('Ctrl Pts',(-0.0880065100723381,0.800000000000001,
-0.162025922314178));
#5519=CARTESIAN_POINT('Ctrl Pts',(-0.149270690226478,0.800000000000001,
-0.09460290923449));
#5520=CARTESIAN_POINT('Ctrl Pts',(-0.155105374050682,0.800000000000001,
-0.0284764925601805));
#5521=CARTESIAN_POINT('',(-0.0380875484652614,0.79,-0.162025922314178));
#5522=CARTESIAN_POINT('',(-0.0380875484652614,4.43027547164124,-0.162025922314178));
#5523=CARTESIAN_POINT('Ctrl Pts',(-0.0380875484652614,0.790000000000001,
-0.162025922314178));
#5524=CARTESIAN_POINT('Ctrl Pts',(-0.0713668562033125,0.790000000000001,
-0.162025922314178));
#5525=CARTESIAN_POINT('Ctrl Pts',(-0.0982172067646947,0.790000000000001,
-0.150788753467563));
#5526=CARTESIAN_POINT('Ctrl Pts',(-0.118638600149408,0.790000000000001,
-0.128314415774334));
#5527=CARTESIAN_POINT('Ctrl Pts',(-0.139059993534121,0.790000000000001,
-0.105840078081105));
#5528=CARTESIAN_POINT('Ctrl Pts',(-0.151215584834546,0.790000000000001,
-0.0725607703430535));
#5529=CARTESIAN_POINT('Ctrl Pts',(-0.155105374050682,0.790000000000001,
-0.0284764925601805));
#5530=CARTESIAN_POINT('Ctrl Pts',(0.01215556224316,4.43027547164124,-0.151329001969804));
#5531=CARTESIAN_POINT('Ctrl Pts',(0.01215556224316,-2.83027547164124,-0.151329001969804));
#5532=CARTESIAN_POINT('Ctrl Pts',(0.00470013291223298,4.43027547164124,
-0.15521879118594));
#5533=CARTESIAN_POINT('Ctrl Pts',(0.00470013291223298,-2.83027547164124,
-0.15521879118594));
#5534=CARTESIAN_POINT('Ctrl Pts',(-0.022528391600718,4.43027547164124,-0.162025922314178));
#5535=CARTESIAN_POINT('Ctrl Pts',(-0.022528391600718,-2.83027547164124,
-0.162025922314178));
#5536=CARTESIAN_POINT('Ctrl Pts',(-0.0380875484652614,4.43027547164124,
-0.162025922314178));
#5537=CARTESIAN_POINT('Ctrl Pts',(-0.0380875484652614,-2.83027547164124,
-0.162025922314178));
#5538=CARTESIAN_POINT('',(0.01215556224316,0.8,-0.151329001969804));
#5539=CARTESIAN_POINT('Ctrl Pts',(0.01215556224316,0.800000000000001,-0.151329001969804));
#5540=CARTESIAN_POINT('Ctrl Pts',(0.00470013291223298,0.800000000000001,
-0.15521879118594));
#5541=CARTESIAN_POINT('Ctrl Pts',(-0.022528391600718,0.800000000000001,
-0.162025922314178));
#5542=CARTESIAN_POINT('Ctrl Pts',(-0.0380875484652614,0.800000000000001,
-0.162025922314178));
#5543=CARTESIAN_POINT('',(0.01215556224316,0.79,-0.151329001969804));
#5544=CARTESIAN_POINT('',(0.01215556224316,4.43027547164124,-0.151329001969804));
#5545=CARTESIAN_POINT('Ctrl Pts',(0.01215556224316,0.790000000000001,-0.151329001969804));
#5546=CARTESIAN_POINT('Ctrl Pts',(0.00718527602254199,0.790000000000001,
-0.153922194780562));
#5547=CARTESIAN_POINT('Ctrl Pts',(0.000162045493407814,0.790000000000001,
-0.156353313040647));
#5548=CARTESIAN_POINT('Ctrl Pts',(-0.00891412934424251,0.790000000000001,
-0.158622356750059));
#5549=CARTESIAN_POINT('Ctrl Pts',(-0.0179903041818928,0.790000000000001,
-0.160891400459472));
#5550=CARTESIAN_POINT('Ctrl Pts',(-0.0277147772222325,0.790000000000001,
-0.162025922314178));
#5551=CARTESIAN_POINT('Ctrl Pts',(-0.0380875484652614,0.790000000000001,
-0.162025922314178));
#5552=CARTESIAN_POINT('Origin',(0.01215556224316,4.43027547164124,-0.151329001969804));
#5553=CARTESIAN_POINT('',(0.0144246059525726,0.8,-0.151329001969804));
#5554=CARTESIAN_POINT('',(0.00607778112158002,0.8,-0.151329001969804));
#5555=CARTESIAN_POINT('',(0.0144246059525726,0.79,-0.151329001969804));
#5556=CARTESIAN_POINT('',(0.0144246059525726,4.43027547164124,-0.151329001969804));
#5557=CARTESIAN_POINT('',(0.00607778112158002,0.79,-0.151329001969804));
#5558=CARTESIAN_POINT('Origin',(0.0144246059525726,4.43027547164124,-0.151329001969804));
#5559=CARTESIAN_POINT('',(0.0144246059525726,0.8,-0.0756645009849022));
#5560=CARTESIAN_POINT('',(0.0144246059525726,0.79,-0.0756645009849022));
#5561=CARTESIAN_POINT('Ctrl Pts',(-0.0837925717548577,4.43027547164124,
-0.0119448883916031));
#5562=CARTESIAN_POINT('Ctrl Pts',(-0.0837925717548577,-2.83027547164124,
-0.0119448883916031));
#5563=CARTESIAN_POINT('Ctrl Pts',(-0.0698541603970375,4.43027547164124,
-0.0119448883916031));
#5564=CARTESIAN_POINT('Ctrl Pts',(-0.0698541603970375,-2.83027547164124,
-0.0119448883916031));
#5565=CARTESIAN_POINT('Ctrl Pts',(-0.0432739340867759,4.43027547164124,
-0.00643435366874401));
#5566=CARTESIAN_POINT('Ctrl Pts',(-0.0432739340867759,-2.83027547164124,
-0.00643435366874401));
#5567=CARTESIAN_POINT('Ctrl Pts',(-0.0325770137424023,4.43027547164124,
0.00199352296621702));
#5568=CARTESIAN_POINT('Ctrl Pts',(-0.0325770137424023,-2.83027547164124,
0.00199352296621702));
#5569=CARTESIAN_POINT('',(-0.0325770137424023,0.8,0.00199352296621702));
#5570=CARTESIAN_POINT('Ctrl Pts',(-0.0325770137424023,0.800000000000001,
0.00199352296621702));
#5571=CARTESIAN_POINT('Ctrl Pts',(-0.0432739340867759,0.800000000000001,
-0.00643435366874401));
#5572=CARTESIAN_POINT('Ctrl Pts',(-0.0698541603970375,0.800000000000001,
-0.0119448883916031));
#5573=CARTESIAN_POINT('Ctrl Pts',(-0.0837925717548577,0.800000000000001,
-0.0119448883916031));
#5574=CARTESIAN_POINT('',(-0.0325770137424023,0.79,0.00199352296621702));
#5575=CARTESIAN_POINT('',(-0.0325770137424023,4.43027547164124,0.00199352296621702));
#5576=CARTESIAN_POINT('Ctrl Pts',(-0.0325770137424023,0.790000000000001,
0.00199352296621702));
#5577=CARTESIAN_POINT('Ctrl Pts',(-0.0397082939719847,0.790000000000001,
-0.00362506145709033));
#5578=CARTESIAN_POINT('Ctrl Pts',(-0.0477039718051528,0.790000000000001,
-0.00735277612255386));
#5579=CARTESIAN_POINT('Ctrl Pts',(-0.0565640472419067,0.790000000000001,
-0.00918962103017357));
#5580=CARTESIAN_POINT('Ctrl Pts',(-0.0654241226786606,0.790000000000001,
-0.0110264659377933));
#5581=CARTESIAN_POINT('Ctrl Pts',(-0.0745002975163109,0.790000000000001,
-0.0119448883916031));
#5582=CARTESIAN_POINT('Ctrl Pts',(-0.0837925717548577,0.790000000000001,
-0.0119448883916031));
#5583=CARTESIAN_POINT('Ctrl Pts',(-0.0325770137424023,4.43027547164124,
0.00199352296621702));
#5584=CARTESIAN_POINT('Ctrl Pts',(-0.0325770137424023,-2.83027547164124,
0.00199352296621702));
#5585=CARTESIAN_POINT('Ctrl Pts',(-0.0183144532832375,4.43027547164124,
0.0136628906146246));
#5586=CARTESIAN_POINT('Ctrl Pts',(-0.0183144532832375,-2.83027547164124,
0.0136628906146246));
#5587=CARTESIAN_POINT('Ctrl Pts',(-0.00534848922945136,4.43027547164124,
0.0470502480531239));
#5588=CARTESIAN_POINT('Ctrl Pts',(-0.00534848922945136,-2.83027547164124,
0.0470502480531239));
#5589=CARTESIAN_POINT('Ctrl Pts',(-0.00534848922945136,4.43027547164124,
0.0716855797553177));
#5590=CARTESIAN_POINT('Ctrl Pts',(-0.00534848922945136,-2.83027547164124,
0.0716855797553177));
#5591=CARTESIAN_POINT('',(-0.00534848922945136,0.8,0.0716855797553177));
#5592=CARTESIAN_POINT('Ctrl Pts',(-0.00534848922945136,0.800000000000001,
0.0716855797553177));
#5593=CARTESIAN_POINT('Ctrl Pts',(-0.00534848922945136,0.800000000000001,
0.0470502480531239));
#5594=CARTESIAN_POINT('Ctrl Pts',(-0.0183144532832375,0.800000000000001,
0.0136628906146246));
#5595=CARTESIAN_POINT('Ctrl Pts',(-0.0325770137424023,0.800000000000001,
0.00199352296621702));
#5596=CARTESIAN_POINT('',(-0.00534848922945136,0.79,0.0716855797553177));
#5597=CARTESIAN_POINT('',(-0.00534848922945136,4.43027547164124,0.0716855797553177));
#5598=CARTESIAN_POINT('Ctrl Pts',(-0.00534848922945136,0.790000000000001,
0.0716855797553177));
#5599=CARTESIAN_POINT('Ctrl Pts',(-0.00534848922945136,0.790000000000001,
0.0552620252871885));
#5600=CARTESIAN_POINT('Ctrl Pts',(-0.00750948323841572,0.790000000000001,
0.0414856884800407));
#5601=CARTESIAN_POINT('Ctrl Pts',(-0.0118314712563444,0.790000000000001,
0.0303565693338742));
#5602=CARTESIAN_POINT('Ctrl Pts',(-0.0161534592742732,0.790000000000001,
0.0192274501877078));
#5603=CARTESIAN_POINT('Ctrl Pts',(-0.0230686401029591,0.790000000000001,
0.00977310139848871));
#5604=CARTESIAN_POINT('Ctrl Pts',(-0.0325770137424023,0.790000000000001,
0.00199352296621702));
#5605=CARTESIAN_POINT('Ctrl Pts',(-0.00534848922945136,4.43027547164124,
0.0716855797553177));
#5606=CARTESIAN_POINT('Ctrl Pts',(-0.00534848922945136,-2.83027547164124,
0.0716855797553177));
#5607=CARTESIAN_POINT('Ctrl Pts',(-0.00534848922945137,4.43027547164124,
0.117714752146259));
#5608=CARTESIAN_POINT('Ctrl Pts',(-0.00534848922945137,-2.83027547164124,
0.117714752146259));
#5609=CARTESIAN_POINT('Ctrl Pts',(-0.0452188286948439,4.43027547164124,
0.163743924537199));
#5610=CARTESIAN_POINT('Ctrl Pts',(-0.0452188286948439,-2.83027547164124,
0.163743924537199));
#5611=CARTESIAN_POINT('Ctrl Pts',(-0.0776337388293093,4.43027547164124,
0.163743924537199));
#5612=CARTESIAN_POINT('Ctrl Pts',(-0.0776337388293093,-2.83027547164124,
0.163743924537199));
#5613=CARTESIAN_POINT('',(-0.0776337388293093,0.8,0.163743924537199));
#5614=CARTESIAN_POINT('Ctrl Pts',(-0.0776337388293093,0.800000000000001,
0.163743924537199));
#5615=CARTESIAN_POINT('Ctrl Pts',(-0.0452188286948439,0.800000000000001,
0.163743924537199));
#5616=CARTESIAN_POINT('Ctrl Pts',(-0.00534848922945137,0.800000000000001,
0.117714752146259));
#5617=CARTESIAN_POINT('Ctrl Pts',(-0.00534848922945136,0.800000000000001,
0.0716855797553177));
#5618=CARTESIAN_POINT('',(-0.0776337388293093,0.79,0.163743924537199));
#5619=CARTESIAN_POINT('',(-0.0776337388293093,4.43027547164124,0.163743924537199));
#5620=CARTESIAN_POINT('Ctrl Pts',(-0.0776337388293093,0.790000000000001,
0.163743924537199));
#5621=CARTESIAN_POINT('Ctrl Pts',(-0.0560237987396657,0.790000000000001,
0.163743924537199));
#5622=CARTESIAN_POINT('Ctrl Pts',(-0.0385737721172784,0.790000000000001,
0.156072395805376));
#5623=CARTESIAN_POINT('Ctrl Pts',(-0.0252836589621476,0.790000000000001,
0.140729338341729));
#5624=CARTESIAN_POINT('Ctrl Pts',(-0.0119935458070168,0.790000000000001,
0.125386280878082));
#5625=CARTESIAN_POINT('Ctrl Pts',(-0.00534848922945137,0.790000000000001,
0.102371694682612));
#5626=CARTESIAN_POINT('Ctrl Pts',(-0.00534848922945136,0.790000000000001,
0.0716855797553177));
#5627=CARTESIAN_POINT('Ctrl Pts',(-0.0776337388293093,4.43027547164124,
0.163743924537199));
#5628=CARTESIAN_POINT('Ctrl Pts',(-0.0776337388293093,-2.83027547164124,
0.163743924537199));
#5629=CARTESIAN_POINT('Ctrl Pts',(-0.0915721501871294,4.43027547164124,
0.163743924537199));
#5630=CARTESIAN_POINT('Ctrl Pts',(-0.0915721501871294,-2.83027547164124,
0.163743924537199));
#5631=CARTESIAN_POINT('Ctrl Pts',(-0.116207481889323,4.43027547164124,0.153695302395515));
#5632=CARTESIAN_POINT('Ctrl Pts',(-0.116207481889323,-2.83027547164124,
0.153695302395515));
#5633=CARTESIAN_POINT('Ctrl Pts',(-0.127552700436386,4.43027547164124,0.141053487443074));
#5634=CARTESIAN_POINT('Ctrl Pts',(-0.127552700436386,-2.83027547164124,
0.141053487443074));
#5635=CARTESIAN_POINT('Ctrl Pts',(-0.127552700436386,0.800000000000001,
0.141053487443074));
#5636=CARTESIAN_POINT('Ctrl Pts',(-0.116207481889323,0.800000000000001,
0.153695302395515));
#5637=CARTESIAN_POINT('Ctrl Pts',(-0.0915721501871294,0.800000000000001,
0.163743924537199));
#5638=CARTESIAN_POINT('Ctrl Pts',(-0.0776337388293093,0.800000000000001,
0.163743924537199));
#5639=CARTESIAN_POINT('Ctrl Pts',(-0.127552700436386,0.790000000000001,
0.141053487443074));
#5640=CARTESIAN_POINT('Ctrl Pts',(-0.119989221405011,0.790000000000001,
0.149481364078035));
#5641=CARTESIAN_POINT('Ctrl Pts',(-0.112101593272291,0.790000000000001,
0.155370072752463));
#5642=CARTESIAN_POINT('Ctrl Pts',(-0.103889816038226,0.790000000000001,
0.158719613466357));
#5643=CARTESIAN_POINT('Ctrl Pts',(-0.0956780388041617,0.790000000000001,
0.162069154180252));
#5644=CARTESIAN_POINT('Ctrl Pts',(-0.086926013067856,0.790000000000001,
0.163743924537199));
#5645=CARTESIAN_POINT('Ctrl Pts',(-0.0776337388293093,0.790000000000001,
0.163743924537199));
#5646=CARTESIAN_POINT('Origin',(0.,0.79,0.));
#5647=CARTESIAN_POINT('Origin',(0.,0.79,0.));
#5648=CARTESIAN_POINT('',(-0.252674253555422,0.79,-0.200923814475537));
#5649=CARTESIAN_POINT('',(-0.252674253555422,0.79,-0.140956230726776));
#5650=CARTESIAN_POINT('',(-0.252674253555422,0.79,-0.0704781153633878));
#5651=CARTESIAN_POINT('',(-0.506482999908287,0.79,-0.200923814475537));
#5652=CARTESIAN_POINT('',(-0.126337126777711,0.79,-0.200923814475537));
#5653=CARTESIAN_POINT('',(-0.506482999908287,0.79,-0.153922194780562));
#5654=CARTESIAN_POINT('',(-0.506482999908287,0.79,-0.100461907237768));
#5655=CARTESIAN_POINT('',(-0.300000022351742,0.79,-0.153922194780562));
#5656=CARTESIAN_POINT('',(-0.253241499954143,0.79,-0.153922194780562));
#5657=CARTESIAN_POINT('',(-0.482820115510127,0.79,0.199076176583767));
#5658=CARTESIAN_POINT('',(-0.299704011480669,0.79,-0.154493747685879));
#5659=CARTESIAN_POINT('',(-0.425769873673468,0.79,0.199076176583767));
#5660=CARTESIAN_POINT('',(-0.241410057755063,0.79,0.199076176583767));
#5661=CARTESIAN_POINT('',(-0.341714674345886,0.79,0.0339565059945649));
#5662=CARTESIAN_POINT('Origin',(-0.506482999908287,4.43027547164124,-0.153922194780562));
#5663=CARTESIAN_POINT('',(-0.300000022351742,0.8,-0.153922194780562));
#5664=CARTESIAN_POINT('',(-0.506482999908287,0.8,-0.153922194780562));
#5665=CARTESIAN_POINT('',(-0.253241499954143,0.8,-0.153922194780562));
#5666=CARTESIAN_POINT('',(-0.300000022351742,4.43027547164124,-0.153922194780562));
#5667=CARTESIAN_POINT('',(-0.506482999908287,4.43027547164124,-0.153922194780562));
#5668=CARTESIAN_POINT('Origin',(-0.506482999908287,4.43027547164124,-0.200923814475537));
#5669=CARTESIAN_POINT('',(-0.506482999908287,0.8,-0.200923814475537));
#5670=CARTESIAN_POINT('',(-0.506482999908287,0.8,-0.100461907237768));
#5671=CARTESIAN_POINT('',(-0.506482999908287,4.43027547164124,-0.200923814475537));
#5672=CARTESIAN_POINT('Origin',(-0.252674253555422,4.43027547164124,-0.200923814475537));
#5673=CARTESIAN_POINT('',(-0.252674253555422,0.8,-0.200923814475537));
#5674=CARTESIAN_POINT('',(-0.126337126777711,0.8,-0.200923814475537));
#5675=CARTESIAN_POINT('',(-0.252674253555422,4.43027547164124,-0.200923814475537));
#5676=CARTESIAN_POINT('Origin',(-0.252674253555422,4.43027547164124,-0.140956230726776));
#5677=CARTESIAN_POINT('',(-0.252674253555422,0.8,-0.140956230726776));
#5678=CARTESIAN_POINT('',(-0.252674253555422,0.8,-0.0704781153633878));
#5679=CARTESIAN_POINT('',(-0.252674253555422,4.43027547164124,-0.140956230726776));
#5680=CARTESIAN_POINT('Origin',(-0.300000022351742,4.43027547164124,-0.153922194780562));
#5681=CARTESIAN_POINT('',(-0.482820115510127,0.8,0.199076176583767));
#5682=CARTESIAN_POINT('',(-0.299704011480669,0.8,-0.154493747685879));
#5683=CARTESIAN_POINT('',(-0.482820115510127,4.43027547164124,0.199076176583767));
#5684=CARTESIAN_POINT('Origin',(-0.482820115510127,4.43027547164124,0.199076176583767));
#5685=CARTESIAN_POINT('',(-0.425769873673468,0.8,0.199076176583767));
#5686=CARTESIAN_POINT('',(-0.241410057755063,0.8,0.199076176583767));
#5687=CARTESIAN_POINT('',(-0.425769873673468,4.43027547164124,0.199076176583767));
#5688=CARTESIAN_POINT('Origin',(-0.425769873673468,4.43027547164124,0.199076176583767));
#5689=CARTESIAN_POINT('',(-0.341714674345886,0.8,0.0339565059945649));
#5690=CARTESIAN_POINT('Ctrl Pts',(0.217341943394326,4.43027547164124,0.208152351421417));
#5691=CARTESIAN_POINT('Ctrl Pts',(0.217341943394326,-2.83027547164124,0.208152351421417));
#5692=CARTESIAN_POINT('Ctrl Pts',(0.187520226070618,4.43027547164124,0.208152351421417));
#5693=CARTESIAN_POINT('Ctrl Pts',(0.187520226070618,-2.83027547164124,0.208152351421417));
#5694=CARTESIAN_POINT('Ctrl Pts',(0.138573711767575,4.43027547164124,0.190324150847461));
#5695=CARTESIAN_POINT('Ctrl Pts',(0.138573711767575,-2.83027547164124,0.190324150847461));
#5696=CARTESIAN_POINT('Ctrl Pts',(0.121393809396308,4.43027547164124,0.173792546678884));
#5697=CARTESIAN_POINT('Ctrl Pts',(0.121393809396308,-2.83027547164124,0.173792546678884));
#5698=CARTESIAN_POINT('',(0.217341943394326,0.8,0.208152351421417));
#5699=CARTESIAN_POINT('',(0.121393809396308,0.8,0.173792546678884));
#5700=CARTESIAN_POINT('Ctrl Pts',(0.217341943394326,0.800000000000002,0.208152351421417));
#5701=CARTESIAN_POINT('Ctrl Pts',(0.187520226070618,0.800000000000002,0.208152351421417));
#5702=CARTESIAN_POINT('Ctrl Pts',(0.138573711767575,0.800000000000002,0.190324150847461));
#5703=CARTESIAN_POINT('Ctrl Pts',(0.121393809396308,0.800000000000002,0.173792546678884));
#5704=CARTESIAN_POINT('',(0.217341943394326,0.79,0.208152351421417));
#5705=CARTESIAN_POINT('',(0.217341943394326,4.43027547164124,0.208152351421417));
#5706=CARTESIAN_POINT('',(0.121393809396308,0.79,0.173792546678884));
#5707=CARTESIAN_POINT('Ctrl Pts',(0.217341943394326,0.790000000000001,0.208152351421417));
#5708=CARTESIAN_POINT('Ctrl Pts',(0.197460798511854,0.790000000000001,0.208152351421417));
#5709=CARTESIAN_POINT('Ctrl Pts',(0.179362473686777,0.790000000000001,0.205180984659091));
#5710=CARTESIAN_POINT('Ctrl Pts',(0.163046968919096,0.790000000000001,0.199238251134439));
#5711=CARTESIAN_POINT('Ctrl Pts',(0.146731464151416,0.790000000000001,0.193295517609787));
#5712=CARTESIAN_POINT('Ctrl Pts',(0.13284707764382,0.790000000000001,0.184813616124602));
#5713=CARTESIAN_POINT('Ctrl Pts',(0.121393809396308,0.790000000000001,0.173792546678884));
#5714=CARTESIAN_POINT('',(0.121393809396308,4.43027547164124,0.173792546678884));
#5715=CARTESIAN_POINT('Ctrl Pts',(0.121393809396308,4.43027547164124,0.173792546678884));
#5716=CARTESIAN_POINT('Ctrl Pts',(0.121393809396308,-2.83027547164124,0.173792546678884));
#5717=CARTESIAN_POINT('Ctrl Pts',(0.104538056126386,4.43027547164124,0.157585091611651));
#5718=CARTESIAN_POINT('Ctrl Pts',(0.104538056126386,-2.83027547164124,0.157585091611651));
#5719=CARTESIAN_POINT('Ctrl Pts',(0.0870340046537751,4.43027547164124,0.113500813828778));
#5720=CARTESIAN_POINT('Ctrl Pts',(0.0870340046537751,-2.83027547164124,
0.113500813828778));
#5721=CARTESIAN_POINT('Ctrl Pts',(0.0870340046537751,4.43027547164124,0.0885413330252397));
#5722=CARTESIAN_POINT('Ctrl Pts',(0.0870340046537751,-2.83027547164124,
0.0885413330252397));
#5723=CARTESIAN_POINT('',(0.0870340046537751,0.8,0.0885413330252397));
#5724=CARTESIAN_POINT('Ctrl Pts',(0.121393809396308,0.800000000000001,0.173792546678884));
#5725=CARTESIAN_POINT('Ctrl Pts',(0.104538056126386,0.800000000000001,0.157585091611651));
#5726=CARTESIAN_POINT('Ctrl Pts',(0.0870340046537751,0.800000000000001,
0.113500813828778));
#5727=CARTESIAN_POINT('Ctrl Pts',(0.0870340046537751,0.800000000000001,
0.0885413330252397));
#5728=CARTESIAN_POINT('',(0.0870340046537751,0.79,0.0885413330252397));
#5729=CARTESIAN_POINT('Ctrl Pts',(0.121393809396308,0.790000000000001,0.173792546678884));
#5730=CARTESIAN_POINT('Ctrl Pts',(0.110156640549694,0.790000000000001,0.162987576634062));
#5731=CARTESIAN_POINT('Ctrl Pts',(0.101620714214285,0.790000000000001,0.150237711981172));
#5732=CARTESIAN_POINT('Ctrl Pts',(0.0957860303900807,0.790000000000001,
0.135542952720215));
#5733=CARTESIAN_POINT('Ctrl Pts',(0.089951346565877,0.790000000000001,0.120848193459257));
#5734=CARTESIAN_POINT('Ctrl Pts',(0.0870340046537751,0.790000000000001,
0.105180986894265));
#5735=CARTESIAN_POINT('Ctrl Pts',(0.0870340046537751,0.790000000000001,
0.0885413330252397));
#5736=CARTESIAN_POINT('',(0.0870340046537751,4.43027547164124,0.0885413330252397));
#5737=CARTESIAN_POINT('Ctrl Pts',(0.0870340046537751,4.43027547164124,0.0885413330252397));
#5738=CARTESIAN_POINT('Ctrl Pts',(0.0870340046537751,-2.83027547164124,
0.0885413330252397));
#5739=CARTESIAN_POINT('Ctrl Pts',(0.0870340046537751,4.43027547164124,0.0561264228907743));
#5740=CARTESIAN_POINT('Ctrl Pts',(0.0870340046537751,-2.83027547164124,
0.0561264228907743));
#5741=CARTESIAN_POINT('Ctrl Pts',(0.121717958497653,4.43027547164124,0.0016693738648724));
#5742=CARTESIAN_POINT('Ctrl Pts',(0.121717958497653,-2.83027547164124,0.0016693738648724));
#5743=CARTESIAN_POINT('Ctrl Pts',(0.154781166834808,4.43027547164124,-0.0145380812023603));
#5744=CARTESIAN_POINT('Ctrl Pts',(0.154781166834808,-2.83027547164124,-0.0145380812023603));
#5745=CARTESIAN_POINT('',(0.154781166834808,0.8,-0.0145380812023603));
#5746=CARTESIAN_POINT('Ctrl Pts',(0.0870340046537751,0.800000000000002,
0.0885413330252397));
#5747=CARTESIAN_POINT('Ctrl Pts',(0.0870340046537751,0.800000000000002,
0.0561264228907743));
#5748=CARTESIAN_POINT('Ctrl Pts',(0.121717958497653,0.800000000000002,0.0016693738648724));
#5749=CARTESIAN_POINT('Ctrl Pts',(0.154781166834808,0.800000000000002,-0.0145380812023603));
#5750=CARTESIAN_POINT('',(0.154781166834808,0.79,-0.0145380812023603));
#5751=CARTESIAN_POINT('Ctrl Pts',(0.0870340046537751,0.790000000000001,
0.0885413330252397));
#5752=CARTESIAN_POINT('Ctrl Pts',(0.0870340046537751,0.790000000000001,
0.0669313929355961));
#5753=CARTESIAN_POINT('Ctrl Pts',(0.0928146636277548,0.790000000000001,
0.047050248053124));
#5754=CARTESIAN_POINT('Ctrl Pts',(0.104375981575714,0.790000000000001,0.0288978983778233));
#5755=CARTESIAN_POINT('Ctrl Pts',(0.115937299523673,0.790000000000001,0.0107455487025227));
#5756=CARTESIAN_POINT('Ctrl Pts',(0.132739027943371,0.790000000000001,-0.0037331111575385));
#5757=CARTESIAN_POINT('Ctrl Pts',(0.154781166834808,0.790000000000001,-0.0145380812023603));
#5758=CARTESIAN_POINT('',(0.154781166834808,4.43027547164124,-0.0145380812023603));
#5759=CARTESIAN_POINT('Origin',(0.154781166834808,4.43027547164124,-0.0161588267090836));
#5760=CARTESIAN_POINT('',(0.154781166834808,0.8,-0.0161588267090836));
#5761=CARTESIAN_POINT('',(0.154781166834808,0.8,-0.00807941335454179));
#5762=CARTESIAN_POINT('',(0.154781166834808,0.79,-0.0161588267090836));
#5763=CARTESIAN_POINT('',(0.154781166834808,0.79,-0.00807941335454179));
#5764=CARTESIAN_POINT('',(0.154781166834808,4.43027547164124,-0.0161588267090836));
#5765=CARTESIAN_POINT('Ctrl Pts',(0.154781166834808,4.43027547164124,-0.0161588267090836));
#5766=CARTESIAN_POINT('Ctrl Pts',(0.154781166834808,-2.83027547164124,-0.0161588267090836));
#5767=CARTESIAN_POINT('Ctrl Pts',(0.125283598612444,4.43027547164124,-0.0333387290803503));
#5768=CARTESIAN_POINT('Ctrl Pts',(0.125283598612444,-2.83027547164124,-0.0333387290803503));
#5769=CARTESIAN_POINT('Ctrl Pts',(0.0967584776941147,4.43027547164124,-0.0741815158497767));
#5770=CARTESIAN_POINT('Ctrl Pts',(0.0967584776941147,-2.83027547164124,
-0.0741815158497767));
#5771=CARTESIAN_POINT('Ctrl Pts',(0.0967584776941147,4.43027547164124,-0.104651531376174));
#5772=CARTESIAN_POINT('Ctrl Pts',(0.0967584776941147,-2.83027547164124,
-0.104651531376174));
#5773=CARTESIAN_POINT('',(0.0967584776941147,0.8,-0.104651531376174));
#5774=CARTESIAN_POINT('Ctrl Pts',(0.154781166834808,0.800000000000002,-0.0161588267090836));
#5775=CARTESIAN_POINT('Ctrl Pts',(0.125283598612444,0.800000000000002,-0.0333387290803503));
#5776=CARTESIAN_POINT('Ctrl Pts',(0.0967584776941147,0.800000000000002,
-0.0741815158497767));
#5777=CARTESIAN_POINT('Ctrl Pts',(0.0967584776941147,0.800000000000002,
-0.104651531376174));
#5778=CARTESIAN_POINT('',(0.0967584776941147,0.79,-0.104651531376174));
#5779=CARTESIAN_POINT('Ctrl Pts',(0.154781166834808,0.790000000000001,-0.0161588267090836));
#5780=CARTESIAN_POINT('Ctrl Pts',(0.135116121353232,0.790000000000001,-0.0276120949565947));
#5781=CARTESIAN_POINT('Ctrl Pts',(0.120529411792723,0.790000000000001,-0.040145860208588));
#5782=CARTESIAN_POINT('Ctrl Pts',(0.11102103815328,0.790000000000001,-0.0537601224650635));
#5783=CARTESIAN_POINT('Ctrl Pts',(0.101512664513836,0.790000000000001,-0.067374384721539));
#5784=CARTESIAN_POINT('Ctrl Pts',(0.0967584776941147,0.790000000000001,
-0.0843381876919092));
#5785=CARTESIAN_POINT('Ctrl Pts',(0.0967584776941147,0.790000000000001,
-0.104651531376174));
#5786=CARTESIAN_POINT('',(0.0967584776941147,4.43027547164124,-0.104651531376174));
#5787=CARTESIAN_POINT('Ctrl Pts',(0.217990241597015,4.43027547164124,0.168282011956025));
#5788=CARTESIAN_POINT('Ctrl Pts',(0.217990241597015,-2.83027547164124,0.168282011956025));
#5789=CARTESIAN_POINT('Ctrl Pts',(0.184927033259861,4.43027547164124,0.168282011956025));
#5790=CARTESIAN_POINT('Ctrl Pts',(0.184927033259861,-2.83027547164124,0.168282011956025));
#5791=CARTESIAN_POINT('Ctrl Pts',(0.141166904578332,4.43027547164124,0.120956243159705));
#5792=CARTESIAN_POINT('Ctrl Pts',(0.141166904578332,-2.83027547164124,0.120956243159705));
#5793=CARTESIAN_POINT('Ctrl Pts',(0.141166904578332,4.43027547164124,0.0846515438091039));
#5794=CARTESIAN_POINT('Ctrl Pts',(0.141166904578332,-2.83027547164124,0.0846515438091039));
#5795=CARTESIAN_POINT('',(0.141166904578332,0.8,0.0846515438091039));
#5796=CARTESIAN_POINT('',(0.217990241597015,0.8,0.168282011956025));
#5797=CARTESIAN_POINT('Ctrl Pts',(0.141166904578332,0.800000000000001,0.0846515438091039));
#5798=CARTESIAN_POINT('Ctrl Pts',(0.141166904578332,0.800000000000001,0.120956243159705));
#5799=CARTESIAN_POINT('Ctrl Pts',(0.184927033259861,0.800000000000001,0.168282011956025));
#5800=CARTESIAN_POINT('Ctrl Pts',(0.217990241597015,0.800000000000001,0.168282011956025));
#5801=CARTESIAN_POINT('',(0.141166904578332,0.79,0.0846515438091039));
#5802=CARTESIAN_POINT('',(0.141166904578332,4.43027547164124,0.0846515438091039));
#5803=CARTESIAN_POINT('',(0.217990241597015,0.79,0.168282011956025));
#5804=CARTESIAN_POINT('Ctrl Pts',(0.141166904578332,0.790000000000001,0.0846515438091039));
#5805=CARTESIAN_POINT('Ctrl Pts',(0.141166904578332,0.790000000000001,0.108854676709505));
#5806=CARTESIAN_POINT('Ctrl Pts',(0.148460259358587,0.790000000000001,0.128843871292425));
#5807=CARTESIAN_POINT('Ctrl Pts',(0.163046968919096,0.790000000000001,0.144619127557865));
#5808=CARTESIAN_POINT('Ctrl Pts',(0.177633678479606,0.790000000000001,0.160394383823305));
#5809=CARTESIAN_POINT('Ctrl Pts',(0.195948102705579,0.790000000000001,0.168282011956025));
#5810=CARTESIAN_POINT('Ctrl Pts',(0.217990241597015,0.790000000000001,0.168282011956025));
#5811=CARTESIAN_POINT('',(0.217990241597015,4.43027547164124,0.168282011956025));
#5812=CARTESIAN_POINT('Ctrl Pts',(0.141166904578332,4.43027547164124,0.0846515438091039));
#5813=CARTESIAN_POINT('Ctrl Pts',(0.141166904578332,-2.83027547164124,0.0846515438091039));
#5814=CARTESIAN_POINT('Ctrl Pts',(0.141166904578332,4.43027547164124,0.0570988701948082));
#5815=CARTESIAN_POINT('Ctrl Pts',(0.141166904578332,-2.83027547164124,0.0570988701948082));
#5816=CARTESIAN_POINT('Ctrl Pts',(0.164829788976492,4.43027547164124,0.0136628906146246));
#5817=CARTESIAN_POINT('Ctrl Pts',(0.164829788976492,-2.83027547164124,0.0136628906146246));
#5818=CARTESIAN_POINT('Ctrl Pts',(0.186871927867929,4.43027547164124,-0.000923818945884845));
#5819=CARTESIAN_POINT('Ctrl Pts',(0.186871927867929,-2.83027547164124,-0.000923818945884845));
#5820=CARTESIAN_POINT('',(0.186871927867929,0.8,-0.000923818945884845));
#5821=CARTESIAN_POINT('Ctrl Pts',(0.186871927867929,0.800000000000001,-0.000923818945884845));
#5822=CARTESIAN_POINT('Ctrl Pts',(0.164829788976492,0.800000000000001,0.0136628906146246));
#5823=CARTESIAN_POINT('Ctrl Pts',(0.141166904578332,0.800000000000001,0.0570988701948082));
#5824=CARTESIAN_POINT('Ctrl Pts',(0.141166904578332,0.800000000000001,0.0846515438091039));
#5825=CARTESIAN_POINT('',(0.186871927867929,0.79,-0.000923818945884845));
#5826=CARTESIAN_POINT('',(0.186871927867929,4.43027547164124,-0.000923818945884845));
#5827=CARTESIAN_POINT('Ctrl Pts',(0.186871927867929,0.790000000000001,-0.000923818945884848));
#5828=CARTESIAN_POINT('Ctrl Pts',(0.172177168606971,0.790000000000001,0.00880065409445478));
#5829=CARTESIAN_POINT('Ctrl Pts',(0.160885974910132,0.790000000000001,0.0209022205446552));
#5830=CARTESIAN_POINT('Ctrl Pts',(0.152998346777412,0.790000000000001,0.0353808804047164));
#5831=CARTESIAN_POINT('Ctrl Pts',(0.145110718644692,0.790000000000001,0.0498595402647776));
#5832=CARTESIAN_POINT('Ctrl Pts',(0.141166904578332,0.790000000000001,0.0662830947329068));
#5833=CARTESIAN_POINT('Ctrl Pts',(0.141166904578332,0.790000000000001,0.0846515438091039));
#5834=CARTESIAN_POINT('Ctrl Pts',(0.245218766109966,4.43027547164124,-0.0275040452561464));
#5835=CARTESIAN_POINT('Ctrl Pts',(0.245218766109966,-2.83027547164124,-0.0275040452561464));
#5836=CARTESIAN_POINT('Ctrl Pts',(0.231280354752146,4.43027547164124,-0.0320421326749716));
#5837=CARTESIAN_POINT('Ctrl Pts',(0.231280354752146,-2.83027547164124,-0.0320421326749716));
#5838=CARTESIAN_POINT('Ctrl Pts',(0.196920550009613,4.43027547164124,-0.0479254386408597));
#5839=CARTESIAN_POINT('Ctrl Pts',(0.196920550009613,-2.83027547164124,-0.0479254386408597));
#5840=CARTESIAN_POINT('Ctrl Pts',(0.188816822475997,4.43027547164124,-0.0524635260596849));
#5841=CARTESIAN_POINT('Ctrl Pts',(0.188816822475997,-2.83027547164124,-0.0524635260596849));
#5842=CARTESIAN_POINT('',(0.188816822475997,0.8,-0.0524635260596849));
#5843=CARTESIAN_POINT('',(0.245218766109966,0.8,-0.0275040452561464));
#5844=CARTESIAN_POINT('Ctrl Pts',(0.188816822475997,0.800000000000001,-0.0524635260596849));
#5845=CARTESIAN_POINT('Ctrl Pts',(0.196920550009613,0.800000000000001,-0.0479254386408597));
#5846=CARTESIAN_POINT('Ctrl Pts',(0.231280354752146,0.800000000000001,-0.0320421326749716));
#5847=CARTESIAN_POINT('Ctrl Pts',(0.245218766109966,0.800000000000001,-0.0275040452561464));
#5848=CARTESIAN_POINT('',(0.188816822475997,0.79,-0.0524635260596849));
#5849=CARTESIAN_POINT('',(0.188816822475997,4.43027547164124,-0.0524635260596849));
#5850=CARTESIAN_POINT('',(0.245218766109966,0.79,-0.0275040452561464));
#5851=CARTESIAN_POINT('Ctrl Pts',(0.188816822475997,0.790000000000001,-0.0524635260596849));
#5852=CARTESIAN_POINT('Ctrl Pts',(0.194219307498407,0.790000000000001,-0.0494381344471347));
#5853=CARTESIAN_POINT('Ctrl Pts',(0.202647184133368,0.790000000000001,-0.0452782209798783));
#5854=CARTESIAN_POINT('Ctrl Pts',(0.21410045238088,0.790000000000001,-0.0399837856579156));
#5855=CARTESIAN_POINT('Ctrl Pts',(0.225553720628391,0.790000000000001,-0.034689350335953));
#5856=CARTESIAN_POINT('Ctrl Pts',(0.23592649187142,0.790000000000001,-0.0305294368686966));
#5857=CARTESIAN_POINT('Ctrl Pts',(0.245218766109966,0.790000000000001,-0.0275040452561464));
#5858=CARTESIAN_POINT('',(0.245218766109966,4.43027547164124,-0.0275040452561464));
#5859=CARTESIAN_POINT('Ctrl Pts',(0.188816822475997,4.43027547164124,-0.0524635260596849));
#5860=CARTESIAN_POINT('Ctrl Pts',(0.188816822475997,-2.83027547164124,-0.0524635260596849));
#5861=CARTESIAN_POINT('Ctrl Pts',(0.169692025496662,4.43027547164124,-0.0634845955054031));
#5862=CARTESIAN_POINT('Ctrl Pts',(0.169692025496662,-2.83027547164124,-0.0634845955054031));
#5863=CARTESIAN_POINT('Ctrl Pts',(0.150567228517327,4.43027547164124,-0.0910372691196987));
#5864=CARTESIAN_POINT('Ctrl Pts',(0.150567228517327,-2.83027547164124,-0.0910372691196987));
#5865=CARTESIAN_POINT('Ctrl Pts',(0.150567228517327,4.43027547164124,-0.110810364301723));
#5866=CARTESIAN_POINT('Ctrl Pts',(0.150567228517327,-2.83027547164124,-0.110810364301723));
#5867=CARTESIAN_POINT('',(0.150567228517327,0.8,-0.110810364301723));
#5868=CARTESIAN_POINT('Ctrl Pts',(0.150567228517327,0.800000000000001,-0.110810364301723));
#5869=CARTESIAN_POINT('Ctrl Pts',(0.150567228517327,0.800000000000001,-0.0910372691196987));
#5870=CARTESIAN_POINT('Ctrl Pts',(0.169692025496662,0.800000000000001,-0.0634845955054031));
#5871=CARTESIAN_POINT('Ctrl Pts',(0.188816822475997,0.800000000000001,-0.0524635260596849));
#5872=CARTESIAN_POINT('',(0.150567228517327,0.79,-0.110810364301723));
#5873=CARTESIAN_POINT('',(0.150567228517327,4.43027547164124,-0.110810364301723));
#5874=CARTESIAN_POINT('Ctrl Pts',(0.150567228517327,0.790000000000001,-0.110810364301723));
#5875=CARTESIAN_POINT('Ctrl Pts',(0.150567228517327,0.790000000000001,-0.09762830084704));
#5876=CARTESIAN_POINT('Ctrl Pts',(0.15375469468055,0.790000000000001,-0.0864451568506494));
#5877=CARTESIAN_POINT('Ctrl Pts',(0.160129627006995,0.790000000000001,-0.0772609323125509));
#5878=CARTESIAN_POINT('Ctrl Pts',(0.166504559333439,0.790000000000001,-0.0680767077744523));
#5879=CARTESIAN_POINT('Ctrl Pts',(0.176066957823107,0.790000000000001,-0.0598109056901637));
#5880=CARTESIAN_POINT('Ctrl Pts',(0.188816822475997,0.790000000000001,-0.0524635260596849));
#5881=CARTESIAN_POINT('Ctrl Pts',(0.347649882134877,4.43027547164124,0.0875688857212058));
#5882=CARTESIAN_POINT('Ctrl Pts',(0.347649882134877,-2.83027547164124,0.0875688857212058));
#5883=CARTESIAN_POINT('Ctrl Pts',(0.347649882134877,4.43027547164124,0.138784443733661));
#5884=CARTESIAN_POINT('Ctrl Pts',(0.347649882134877,-2.83027547164124,0.138784443733661));
#5885=CARTESIAN_POINT('Ctrl Pts',(0.273095588825607,4.43027547164124,0.208152351421417));
#5886=CARTESIAN_POINT('Ctrl Pts',(0.273095588825607,-2.83027547164124,0.208152351421417));
#5887=CARTESIAN_POINT('Ctrl Pts',(0.217341943394326,4.43027547164124,0.208152351421417));
#5888=CARTESIAN_POINT('Ctrl Pts',(0.217341943394326,-2.83027547164124,0.208152351421417));
#5889=CARTESIAN_POINT('',(0.347649882134877,0.8,0.0875688857212058));
#5890=CARTESIAN_POINT('Ctrl Pts',(0.347649882134877,0.800000000000001,0.0875688857212058));
#5891=CARTESIAN_POINT('Ctrl Pts',(0.347649882134877,0.800000000000001,0.138784443733661));
#5892=CARTESIAN_POINT('Ctrl Pts',(0.273095588825607,0.800000000000001,0.208152351421417));
#5893=CARTESIAN_POINT('Ctrl Pts',(0.217341943394326,0.800000000000001,0.208152351421417));
#5894=CARTESIAN_POINT('',(0.347649882134877,0.79,0.0875688857212058));
#5895=CARTESIAN_POINT('',(0.347649882134877,4.43027547164124,0.0875688857212058));
#5896=CARTESIAN_POINT('Ctrl Pts',(0.347649882134877,0.790000000000001,0.0875688857212058));
#5897=CARTESIAN_POINT('Ctrl Pts',(0.347649882134877,0.790000000000001,0.121712591062843));
#5898=CARTESIAN_POINT('Ctrl Pts',(0.335224166583332,0.790000000000001,0.15034576168162));
#5899=CARTESIAN_POINT('Ctrl Pts',(0.310372735480242,0.790000000000001,0.173468397577539));
#5900=CARTESIAN_POINT('Ctrl Pts',(0.285521304377152,0.790000000000001,0.196591033473458));
#5901=CARTESIAN_POINT('Ctrl Pts',(0.254511040348513,0.790000000000001,0.208152351421417));
#5902=CARTESIAN_POINT('Ctrl Pts',(0.217341943394326,0.790000000000001,0.208152351421417));
#5903=CARTESIAN_POINT('Ctrl Pts',(0.276661228940398,4.43027547164124,-0.0122690374929477));
#5904=CARTESIAN_POINT('Ctrl Pts',(0.276661228940398,-2.83027547164124,-0.0122690374929477));
#5905=CARTESIAN_POINT('Ctrl Pts',(0.31166933188562,4.43027547164124,0.00393841757428501));
#5906=CARTESIAN_POINT('Ctrl Pts',(0.31166933188562,-2.83027547164124,0.00393841757428501));
#5907=CARTESIAN_POINT('Ctrl Pts',(0.347649882134877,4.43027547164124,0.0506158881679152));
#5908=CARTESIAN_POINT('Ctrl Pts',(0.347649882134877,-2.83027547164124,0.0506158881679152));
#5909=CARTESIAN_POINT('Ctrl Pts',(0.347649882134877,4.43027547164124,0.0875688857212058));
#5910=CARTESIAN_POINT('Ctrl Pts',(0.347649882134877,-2.83027547164124,0.0875688857212058));
#5911=CARTESIAN_POINT('',(0.276661228940398,0.8,-0.0122690374929477));
#5912=CARTESIAN_POINT('Ctrl Pts',(0.276661228940398,0.800000000000001,-0.0122690374929477));
#5913=CARTESIAN_POINT('Ctrl Pts',(0.31166933188562,0.800000000000001,0.00393841757428501));
#5914=CARTESIAN_POINT('Ctrl Pts',(0.347649882134877,0.800000000000001,0.0506158881679152));
#5915=CARTESIAN_POINT('Ctrl Pts',(0.347649882134877,0.800000000000001,0.0875688857212058));
#5916=CARTESIAN_POINT('',(0.276661228940398,0.79,-0.0122690374929477));
#5917=CARTESIAN_POINT('',(0.276661228940398,4.43027547164124,-0.0122690374929477));
#5918=CARTESIAN_POINT('Ctrl Pts',(0.276661228940398,0.790000000000001,-0.0122690374929477));
#5919=CARTESIAN_POINT('Ctrl Pts',(0.299999964237213,0.790000000000001,-0.00146406744812589));
#5920=CARTESIAN_POINT('Ctrl Pts',(0.317666090260497,0.790000000000001,0.0117179960065567));
#5921=CARTESIAN_POINT('Ctrl Pts',(0.329659607010249,0.790000000000001,0.0272771528711001));
#5922=CARTESIAN_POINT('Ctrl Pts',(0.341653123760001,0.790000000000001,0.0428363097356435));
#5923=CARTESIAN_POINT('Ctrl Pts',(0.347649882134877,0.790000000000001,0.0629335540190121));
#5924=CARTESIAN_POINT('Ctrl Pts',(0.347649882134877,0.790000000000001,0.0875688857212058));
#5925=CARTESIAN_POINT('Origin',(0.276661228940398,4.43027547164124,-0.0122690374929477));
#5926=CARTESIAN_POINT('',(0.276661228940398,0.8,-0.013889782999671));
#5927=CARTESIAN_POINT('',(0.276661228940398,0.8,-0.00613451874647385));
#5928=CARTESIAN_POINT('',(0.276661228940398,0.79,-0.013889782999671));
#5929=CARTESIAN_POINT('',(0.276661228940398,4.43027547164124,-0.013889782999671));
#5930=CARTESIAN_POINT('',(0.276661228940398,0.79,-0.00613451874647385));
#5931=CARTESIAN_POINT('Ctrl Pts',(0.337601259993193,4.43027547164124,-0.108217171490965));
#5932=CARTESIAN_POINT('Ctrl Pts',(0.337601259993193,-2.83027547164124,-0.108217171490965));
#5933=CARTESIAN_POINT('Ctrl Pts',(0.337601259993193,4.43027547164124,-0.081312796079359));
#5934=CARTESIAN_POINT('Ctrl Pts',(0.337601259993193,-2.83027547164124,-0.081312796079359));
#5935=CARTESIAN_POINT('Ctrl Pts',(0.306158797162761,4.43027547164124,-0.0288006416615251));
#5936=CARTESIAN_POINT('Ctrl Pts',(0.306158797162761,-2.83027547164124,-0.0288006416615251));
#5937=CARTESIAN_POINT('Ctrl Pts',(0.276661228940398,4.43027547164124,-0.013889782999671));
#5938=CARTESIAN_POINT('Ctrl Pts',(0.276661228940398,-2.83027547164124,-0.013889782999671));
#5939=CARTESIAN_POINT('',(0.337601259993193,0.8,-0.108217171490965));
#5940=CARTESIAN_POINT('Ctrl Pts',(0.337601259993193,0.800000000000001,-0.108217171490965));
#5941=CARTESIAN_POINT('Ctrl Pts',(0.337601259993193,0.800000000000001,-0.081312796079359));
#5942=CARTESIAN_POINT('Ctrl Pts',(0.306158797162761,0.800000000000001,-0.0288006416615251));
#5943=CARTESIAN_POINT('Ctrl Pts',(0.276661228940398,0.800000000000001,-0.013889782999671));
#5944=CARTESIAN_POINT('',(0.337601259993193,0.79,-0.108217171490965));
#5945=CARTESIAN_POINT('',(0.337601259993193,4.43027547164124,-0.108217171490965));
#5946=CARTESIAN_POINT('Ctrl Pts',(0.337601259993193,0.790000000000001,-0.108217171490965));
#5947=CARTESIAN_POINT('Ctrl Pts',(0.337601259993193,0.790000000000001,-0.0902809212165611));
#5948=CARTESIAN_POINT('Ctrl Pts',(0.332360849521454,0.790000000000001,-0.0725607703430534));
#5949=CARTESIAN_POINT('Ctrl Pts',(0.321880028577977,0.790000000000001,-0.055056718870442));
#5950=CARTESIAN_POINT('Ctrl Pts',(0.3113992076345,0.790000000000001,-0.0375526673978307));
#5951=CARTESIAN_POINT('Ctrl Pts',(0.296326274421974,0.790000000000001,-0.023830355440907));
#5952=CARTESIAN_POINT('Ctrl Pts',(0.276661228940398,0.790000000000001,-0.013889782999671));
#5953=CARTESIAN_POINT('Ctrl Pts',(0.217341943394326,4.43027547164124,-0.209999989313187));
#5954=CARTESIAN_POINT('Ctrl Pts',(0.217341943394326,-2.83027547164124,-0.209999989313187));
#5955=CARTESIAN_POINT('Ctrl Pts',(0.271798992420228,4.43027547164124,-0.209999989313187));
#5956=CARTESIAN_POINT('Ctrl Pts',(0.271798992420228,-2.83027547164124,-0.209999989313187));
#5957=CARTESIAN_POINT('Ctrl Pts',(0.337601259993193,4.43027547164124,-0.152949747476528));
#5958=CARTESIAN_POINT('Ctrl Pts',(0.337601259993193,-2.83027547164124,-0.152949747476528));
#5959=CARTESIAN_POINT('Ctrl Pts',(0.337601259993193,4.43027547164124,-0.108217171490965));
#5960=CARTESIAN_POINT('Ctrl Pts',(0.337601259993193,-2.83027547164124,-0.108217171490965));
#5961=CARTESIAN_POINT('',(0.217341943394326,0.8,-0.209999989313187));
#5962=CARTESIAN_POINT('Ctrl Pts',(0.217341943394326,0.800000000000001,-0.209999989313187));
#5963=CARTESIAN_POINT('Ctrl Pts',(0.271798992420228,0.800000000000001,-0.209999989313187));
#5964=CARTESIAN_POINT('Ctrl Pts',(0.337601259993193,0.800000000000001,-0.152949747476528));
#5965=CARTESIAN_POINT('Ctrl Pts',(0.337601259993193,0.800000000000001,-0.108217171490965));
#5966=CARTESIAN_POINT('',(0.217341943394326,0.79,-0.209999989313187));
#5967=CARTESIAN_POINT('',(0.217341943394326,4.43027547164124,-0.209999989313187));
#5968=CARTESIAN_POINT('Ctrl Pts',(0.217341943394326,0.790000000000001,-0.209999989313187));
#5969=CARTESIAN_POINT('Ctrl Pts',(0.253646642744927,0.790000000000001,-0.209999989313187));
#5970=CARTESIAN_POINT('Ctrl Pts',(0.282766037015722,0.790000000000001,-0.200491615673744));
#5971=CARTESIAN_POINT('Ctrl Pts',(0.30470012620671,0.790000000000001,-0.181474868394857));
#5972=CARTESIAN_POINT('Ctrl Pts',(0.326634215397699,0.790000000000001,-0.162458121115971));
#5973=CARTESIAN_POINT('Ctrl Pts',(0.337601259993193,0.790000000000001,-0.138038888814674));
#5974=CARTESIAN_POINT('Ctrl Pts',(0.337601259993193,0.790000000000001,-0.108217171490965));
#5975=CARTESIAN_POINT('Ctrl Pts',(0.0967584776941147,4.43027547164124,-0.104651531376174));
#5976=CARTESIAN_POINT('Ctrl Pts',(0.0967584776941147,-2.83027547164124,
-0.104651531376174));
#5977=CARTESIAN_POINT('Ctrl Pts',(0.0967584776941148,4.43027547164124,-0.149708256463081));
#5978=CARTESIAN_POINT('Ctrl Pts',(0.0967584776941148,-2.83027547164124,
-0.149708256463081));
#5979=CARTESIAN_POINT('Ctrl Pts',(0.164829788976492,4.43027547164124,-0.209999989313187));
#5980=CARTESIAN_POINT('Ctrl Pts',(0.164829788976492,-2.83027547164124,-0.209999989313187));
#5981=CARTESIAN_POINT('Ctrl Pts',(0.217341943394326,4.43027547164124,-0.209999989313187));
#5982=CARTESIAN_POINT('Ctrl Pts',(0.217341943394326,-2.83027547164124,-0.209999989313187));
#5983=CARTESIAN_POINT('Ctrl Pts',(0.0967584776941147,0.800000000000001,
-0.104651531376174));
#5984=CARTESIAN_POINT('Ctrl Pts',(0.0967584776941148,0.800000000000001,
-0.149708256463081));
#5985=CARTESIAN_POINT('Ctrl Pts',(0.164829788976492,0.800000000000001,-0.209999989313187));
#5986=CARTESIAN_POINT('Ctrl Pts',(0.217341943394326,0.800000000000001,-0.209999989313187));
#5987=CARTESIAN_POINT('Ctrl Pts',(0.0967584776941147,0.790000000000001,
-0.104651531376174));
#5988=CARTESIAN_POINT('Ctrl Pts',(0.0967584776941148,0.790000000000001,
-0.134689348100779));
#5989=CARTESIAN_POINT('Ctrl Pts',(0.108103696241178,0.790000000000001,-0.159756878604765));
#5990=CARTESIAN_POINT('Ctrl Pts',(0.130794133335303,0.790000000000001,-0.179854122888134));
#5991=CARTESIAN_POINT('Ctrl Pts',(0.153484570429429,0.790000000000001,-0.199951367171502));
#5992=CARTESIAN_POINT('Ctrl Pts',(0.182333840449103,0.790000000000001,-0.209999989313187));
#5993=CARTESIAN_POINT('Ctrl Pts',(0.217341943394326,0.790000000000001,-0.209999989313187));
#5994=CARTESIAN_POINT('Ctrl Pts',(0.186871927867929,4.43027547164124,-0.000923818945884845));
#5995=CARTESIAN_POINT('Ctrl Pts',(0.186871927867929,-2.83027547164124,-0.000923818945884845));
#5996=CARTESIAN_POINT('Ctrl Pts',(0.205996724847263,4.43027547164124,0.00685575948638687));
#5997=CARTESIAN_POINT('Ctrl Pts',(0.205996724847263,-2.83027547164124,0.00685575948638687));
#5998=CARTESIAN_POINT('Ctrl Pts',(0.236466740373661,4.43027547164124,0.0188492762361391));
#5999=CARTESIAN_POINT('Ctrl Pts',(0.236466740373661,-2.83027547164124,0.0188492762361391));
#6000=CARTESIAN_POINT('Ctrl Pts',(0.245542915211311,4.43027547164124,0.0240356618576536));
#6001=CARTESIAN_POINT('Ctrl Pts',(0.245542915211311,-2.83027547164124,0.0240356618576536));
#6002=CARTESIAN_POINT('',(0.245542915211311,0.8,0.0240356618576536));
#6003=CARTESIAN_POINT('Ctrl Pts',(0.245542915211311,0.800000000000001,0.0240356618576536));
#6004=CARTESIAN_POINT('Ctrl Pts',(0.236466740373661,0.800000000000001,0.0188492762361391));
#6005=CARTESIAN_POINT('Ctrl Pts',(0.205996724847263,0.800000000000001,0.00685575948638687));
#6006=CARTESIAN_POINT('Ctrl Pts',(0.186871927867929,0.800000000000001,-0.000923818945884845));
#6007=CARTESIAN_POINT('',(0.245542915211311,0.79,0.0240356618576536));
#6008=CARTESIAN_POINT('',(0.245542915211311,4.43027547164124,0.0240356618576536));
#6009=CARTESIAN_POINT('Ctrl Pts',(0.245542915211311,0.790000000000001,0.0240356618576536));
#6010=CARTESIAN_POINT('Ctrl Pts',(0.239492131986211,0.790000000000001,0.0205780714433106));
#6011=CARTESIAN_POINT('Ctrl Pts',(0.231388404452594,0.790000000000001,0.016850356777847));
#6012=CARTESIAN_POINT('Ctrl Pts',(0.221231732610462,0.790000000000001,0.012852517861263));
#6013=CARTESIAN_POINT('Ctrl Pts',(0.211075060768329,0.790000000000001,0.00885467894467891));
#6014=CARTESIAN_POINT('Ctrl Pts',(0.199621792520818,0.790000000000001,0.00426256667562963));
#6015=CARTESIAN_POINT('Ctrl Pts',(0.186871927867929,0.790000000000001,-0.000923818945884845));
#6016=CARTESIAN_POINT('Ctrl Pts',(0.245542915211311,4.43027547164124,0.0240356618576536));
#6017=CARTESIAN_POINT('Ctrl Pts',(0.245542915211311,-2.83027547164124,0.0240356618576536));
#6018=CARTESIAN_POINT('Ctrl Pts',(0.273095588825607,4.43027547164124,0.0389465205195076));
#6019=CARTESIAN_POINT('Ctrl Pts',(0.273095588825607,-2.83027547164124,0.0389465205195076));
#6020=CARTESIAN_POINT('Ctrl Pts',(0.292544534906286,4.43027547164124,0.0681199396405265));
#6021=CARTESIAN_POINT('Ctrl Pts',(0.292544534906286,-2.83027547164124,0.0681199396405265));
#6022=CARTESIAN_POINT('Ctrl Pts',(0.292544534906286,4.43027547164124,0.0927552713427202));
#6023=CARTESIAN_POINT('Ctrl Pts',(0.292544534906286,-2.83027547164124,0.0927552713427202));
#6024=CARTESIAN_POINT('',(0.292544534906286,0.8,0.0927552713427202));
#6025=CARTESIAN_POINT('Ctrl Pts',(0.292544534906286,0.800000000000001,0.0927552713427202));
#6026=CARTESIAN_POINT('Ctrl Pts',(0.292544534906286,0.800000000000001,0.0681199396405265));
#6027=CARTESIAN_POINT('Ctrl Pts',(0.273095588825607,0.800000000000001,0.0389465205195076));
#6028=CARTESIAN_POINT('Ctrl Pts',(0.245542915211311,0.800000000000001,0.0240356618576536));
#6029=CARTESIAN_POINT('',(0.292544534906286,0.79,0.0927552713427202));
#6030=CARTESIAN_POINT('',(0.292544534906286,4.43027547164124,0.0927552713427202));
#6031=CARTESIAN_POINT('Ctrl Pts',(0.292544534906286,0.790000000000001,0.0927552713427202));
#6032=CARTESIAN_POINT('Ctrl Pts',(0.292544534906286,0.790000000000001,0.0763317168745911));
#6033=CARTESIAN_POINT('Ctrl Pts',(0.289303043892839,0.790000000000001,0.0632577031203567));
#6034=CARTESIAN_POINT('Ctrl Pts',(0.282820061865946,0.790000000000001,0.0535332300800171));
#6035=CARTESIAN_POINT('Ctrl Pts',(0.276337079839053,0.790000000000001,0.0438087570396775));
#6036=CARTESIAN_POINT('Ctrl Pts',(0.263911364287508,0.790000000000001,0.0339762342988896));
#6037=CARTESIAN_POINT('Ctrl Pts',(0.245542915211311,0.790000000000001,0.0240356618576536));
#6038=CARTESIAN_POINT('Ctrl Pts',(0.292544534906286,4.43027547164124,0.0927552713427202));
#6039=CARTESIAN_POINT('Ctrl Pts',(0.292544534906286,-2.83027547164124,0.0927552713427202));
#6040=CARTESIAN_POINT('Ctrl Pts',(0.292544534906286,4.43027547164124,0.127763374287943));
#6041=CARTESIAN_POINT('Ctrl Pts',(0.292544534906286,-2.83027547164124,0.127763374287943));
#6042=CARTESIAN_POINT('Ctrl Pts',(0.251701748136859,4.43027547164124,0.168282011956025));
#6043=CARTESIAN_POINT('Ctrl Pts',(0.251701748136859,-2.83027547164124,0.168282011956025));
#6044=CARTESIAN_POINT('Ctrl Pts',(0.217990241597015,4.43027547164124,0.168282011956025));
#6045=CARTESIAN_POINT('Ctrl Pts',(0.217990241597015,-2.83027547164124,0.168282011956025));
#6046=CARTESIAN_POINT('Ctrl Pts',(0.217990241597015,0.800000000000001,0.168282011956025));
#6047=CARTESIAN_POINT('Ctrl Pts',(0.251701748136859,0.800000000000001,0.168282011956025));
#6048=CARTESIAN_POINT('Ctrl Pts',(0.292544534906286,0.800000000000001,0.127763374287943));
#6049=CARTESIAN_POINT('Ctrl Pts',(0.292544534906286,0.800000000000001,0.0927552713427202));
#6050=CARTESIAN_POINT('Ctrl Pts',(0.217990241597015,0.790000000000001,0.168282011956025));
#6051=CARTESIAN_POINT('Ctrl Pts',(0.240464579290245,0.790000000000001,0.168282011956025));
#6052=CARTESIAN_POINT('Ctrl Pts',(0.258508879265097,0.790000000000001,0.161528905678011));
#6053=CARTESIAN_POINT('Ctrl Pts',(0.272123141521573,0.790000000000001,0.148022693121984));
#6054=CARTESIAN_POINT('Ctrl Pts',(0.285737403778048,0.790000000000001,0.134516480565957));
#6055=CARTESIAN_POINT('Ctrl Pts',(0.292544534906286,0.790000000000001,0.116094006639535));
#6056=CARTESIAN_POINT('Ctrl Pts',(0.292544534906286,0.790000000000001,0.0927552713427202));
#6057=CARTESIAN_POINT('Ctrl Pts',(0.150567228517327,4.43027547164124,-0.110810364301723));
#6058=CARTESIAN_POINT('Ctrl Pts',(0.150567228517327,-2.83027547164124,-0.110810364301723));
#6059=CARTESIAN_POINT('Ctrl Pts',(0.150567228517327,4.43027547164124,-0.138363037916018));
#6060=CARTESIAN_POINT('Ctrl Pts',(0.150567228517327,-2.83027547164124,-0.138363037916018));
#6061=CARTESIAN_POINT('Ctrl Pts',(0.187844375171963,4.43027547164124,-0.170453798949139));
#6062=CARTESIAN_POINT('Ctrl Pts',(0.187844375171963,-2.83027547164124,-0.170453798949139));
#6063=CARTESIAN_POINT('Ctrl Pts',(0.217017794292981,4.43027547164124,-0.170453798949139));
#6064=CARTESIAN_POINT('Ctrl Pts',(0.217017794292981,-2.83027547164124,-0.170453798949139));
#6065=CARTESIAN_POINT('',(0.217017794292981,0.8,-0.170453798949139));
#6066=CARTESIAN_POINT('Ctrl Pts',(0.217017794292981,0.800000000000001,-0.170453798949139));
#6067=CARTESIAN_POINT('Ctrl Pts',(0.187844375171963,0.800000000000001,-0.170453798949139));
#6068=CARTESIAN_POINT('Ctrl Pts',(0.150567228517327,0.800000000000001,-0.138363037916018));
#6069=CARTESIAN_POINT('Ctrl Pts',(0.150567228517327,0.800000000000001,-0.110810364301723));
#6070=CARTESIAN_POINT('',(0.217017794292981,0.79,-0.170453798949139));
#6071=CARTESIAN_POINT('',(0.217017794292981,4.43027547164124,-0.170453798949139));
#6072=CARTESIAN_POINT('Ctrl Pts',(0.217017794292981,0.790000000000001,-0.170453798949139));
#6073=CARTESIAN_POINT('Ctrl Pts',(0.197568848212302,0.790000000000001,-0.170453798949139));
#6074=CARTESIAN_POINT('Ctrl Pts',(0.18163151739619,0.790000000000001,-0.165105338776952));
#6075=CARTESIAN_POINT('Ctrl Pts',(0.169205801844645,0.790000000000001,-0.154408418432579));
#6076=CARTESIAN_POINT('Ctrl Pts',(0.1567800862931,0.790000000000001,-0.143711498088205));
#6077=CARTESIAN_POINT('Ctrl Pts',(0.150567228517327,0.790000000000001,-0.12917881337792));
#6078=CARTESIAN_POINT('Ctrl Pts',(0.150567228517327,0.790000000000001,-0.110810364301723));
#6079=CARTESIAN_POINT('Ctrl Pts',(0.217017794292981,4.43027547164124,-0.170453798949139));
#6080=CARTESIAN_POINT('Ctrl Pts',(0.217017794292981,-2.83027547164124,-0.170453798949139));
#6081=CARTESIAN_POINT('Ctrl Pts',(0.249108555326102,4.43027547164124,-0.170453798949139));
#6082=CARTESIAN_POINT('Ctrl Pts',(0.249108555326102,-2.83027547164124,-0.170453798949139));
#6083=CARTESIAN_POINT('Ctrl Pts',(0.285089105575359,4.43027547164124,-0.134473248699882));
#6084=CARTESIAN_POINT('Ctrl Pts',(0.285089105575359,-2.83027547164124,-0.134473248699882));
#6085=CARTESIAN_POINT('Ctrl Pts',(0.285089105575359,4.43027547164124,-0.107568873288276));
#6086=CARTESIAN_POINT('Ctrl Pts',(0.285089105575359,-2.83027547164124,-0.107568873288276));
#6087=CARTESIAN_POINT('',(0.285089105575359,0.8,-0.107568873288276));
#6088=CARTESIAN_POINT('Ctrl Pts',(0.285089105575359,0.800000000000001,-0.107568873288276));
#6089=CARTESIAN_POINT('Ctrl Pts',(0.285089105575359,0.800000000000001,-0.134473248699882));
#6090=CARTESIAN_POINT('Ctrl Pts',(0.249108555326102,0.800000000000001,-0.170453798949139));
#6091=CARTESIAN_POINT('Ctrl Pts',(0.217017794292981,0.800000000000001,-0.170453798949139));
#6092=CARTESIAN_POINT('',(0.285089105575359,0.79,-0.107568873288276));
#6093=CARTESIAN_POINT('',(0.285089105575359,4.43027547164124,-0.107568873288276));
#6094=CARTESIAN_POINT('Ctrl Pts',(0.285089105575359,0.790000000000001,-0.107568873288276));
#6095=CARTESIAN_POINT('Ctrl Pts',(0.285089105575359,0.790000000000001,-0.12550512356268));
#6096=CARTESIAN_POINT('Ctrl Pts',(0.279092347200483,0.790000000000001,-0.140470007074758));
#6097=CARTESIAN_POINT('Ctrl Pts',(0.267098830450731,0.790000000000001,-0.152463523824511));
#6098=CARTESIAN_POINT('Ctrl Pts',(0.255105313700978,0.790000000000001,-0.164457040574263));
#6099=CARTESIAN_POINT('Ctrl Pts',(0.238411634981729,0.790000000000001,-0.170453798949139));
#6100=CARTESIAN_POINT('Ctrl Pts',(0.217017794292981,0.790000000000001,-0.170453798949139));
#6101=CARTESIAN_POINT('Ctrl Pts',(0.285089105575359,4.43027547164124,-0.107568873288276));
#6102=CARTESIAN_POINT('Ctrl Pts',(0.285089105575359,-2.83027547164124,-0.107568873288276));
#6103=CARTESIAN_POINT('Ctrl Pts',(0.285089105575359,4.43027547164124,-0.083257690687427));
#6104=CARTESIAN_POINT('Ctrl Pts',(0.285089105575359,-2.83027547164124,-0.083257690687427));
#6105=CARTESIAN_POINT('Ctrl Pts',(0.268557501406781,4.43027547164124,-0.0453322458301024));
#6106=CARTESIAN_POINT('Ctrl Pts',(0.268557501406781,-2.83027547164124,-0.0453322458301024));
#6107=CARTESIAN_POINT('Ctrl Pts',(0.245218766109966,4.43027547164124,-0.0275040452561464));
#6108=CARTESIAN_POINT('Ctrl Pts',(0.245218766109966,-2.83027547164124,-0.0275040452561464));
#6109=CARTESIAN_POINT('Ctrl Pts',(0.245218766109966,0.800000000000001,-0.0275040452561464));
#6110=CARTESIAN_POINT('Ctrl Pts',(0.268557501406781,0.800000000000001,-0.0453322458301024));
#6111=CARTESIAN_POINT('Ctrl Pts',(0.285089105575359,0.800000000000001,-0.083257690687427));
#6112=CARTESIAN_POINT('Ctrl Pts',(0.285089105575359,0.800000000000001,-0.107568873288276));
#6113=CARTESIAN_POINT('Ctrl Pts',(0.245218766109966,0.790000000000001,-0.0275040452561464));
#6114=CARTESIAN_POINT('Ctrl Pts',(0.26077792297451,0.790000000000001,-0.0393895123054504));
#6115=CARTESIAN_POINT('Ctrl Pts',(0.271312768768211,0.790000000000001,-0.0516531533063232));
#6116=CARTESIAN_POINT('Ctrl Pts',(0.27682330349107,0.790000000000001,-0.0642949682587647));
#6117=CARTESIAN_POINT('Ctrl Pts',(0.282333838213929,0.790000000000001,-0.0769367832112062));
#6118=CARTESIAN_POINT('Ctrl Pts',(0.285089105575359,0.790000000000001,-0.0913614182210433));
#6119=CARTESIAN_POINT('Ctrl Pts',(0.285089105575359,0.790000000000001,-0.107568873288276));
#6120=CARTESIAN_POINT('Origin',(0.,0.79,0.));
#6121=CARTESIAN_POINT('Origin',(0.,0.79,0.));
#6122=CARTESIAN_POINT('',(0.524311142367714,0.79,-0.0223176596346319));
#6123=CARTESIAN_POINT('',(0.699675806195171,0.79,0.199076176583767));
#6124=CARTESIAN_POINT('',(0.516356484363934,0.79,-0.0323602315691628));
#6125=CARTESIAN_POINT('',(0.689951333154832,0.79,-0.200923814475536));
#6126=CARTESIAN_POINT('',(0.39752979475722,0.79,0.114387863914061));
#6127=CARTESIAN_POINT('',(0.625121512885901,0.79,-0.200923814475536));
#6128=CARTESIAN_POINT('',(0.344975666577416,0.79,-0.200923814475537));
#6129=CARTESIAN_POINT('',(0.461102067605506,0.79,-0.0171312740131175));
#6130=CARTESIAN_POINT('',(0.436645640937574,0.79,0.0102734570554939));
#6131=CARTESIAN_POINT('',(0.461102067605506,0.79,-0.200923814475536));
#6132=CARTESIAN_POINT('',(0.461102067605506,0.79,-0.00856563700655866));
#6133=CARTESIAN_POINT('',(0.407941614984983,0.79,-0.200923814475536));
#6134=CARTESIAN_POINT('',(0.230551033802753,0.79,-0.200923814475536));
#6135=CARTESIAN_POINT('',(0.407941614984983,0.79,0.199076176583767));
#6136=CARTESIAN_POINT('',(0.407941614984983,0.79,-0.100461907237768));
#6137=CARTESIAN_POINT('',(0.461102067605506,0.79,0.199076176583767));
#6138=CARTESIAN_POINT('',(0.203970807492491,0.79,0.199076176583767));
#6139=CARTESIAN_POINT('',(0.461102067605506,0.79,0.0392706696208523));
#6140=CARTESIAN_POINT('',(0.461102067605506,0.79,0.0995380882918835));
#6141=CARTESIAN_POINT('',(0.484440802902321,0.79,0.0130145924119354));
#6142=CARTESIAN_POINT('',(0.369091570660502,0.79,0.142782478683981));
#6143=CARTESIAN_POINT('',(0.63063204760876,0.79,0.199076176583767));
#6144=CARTESIAN_POINT('',(0.388823161920272,0.79,-0.108680587019763));
#6145=CARTESIAN_POINT('',(0.31531602380438,0.79,0.199076176583767));
#6146=CARTESIAN_POINT('Origin',(0.461102067605506,4.43027547164124,-0.200923814475536));
#6147=CARTESIAN_POINT('',(0.407941614984983,0.8,-0.200923814475536));
#6148=CARTESIAN_POINT('',(0.461102067605506,0.8,-0.200923814475536));
#6149=CARTESIAN_POINT('',(0.230551033802753,0.8,-0.200923814475536));
#6150=CARTESIAN_POINT('',(0.407941614984983,4.43027547164124,-0.200923814475536));
#6151=CARTESIAN_POINT('',(0.461102067605506,4.43027547164124,-0.200923814475536));
#6152=CARTESIAN_POINT('Origin',(0.461102067605506,4.43027547164124,-0.0171312740131175));
#6153=CARTESIAN_POINT('',(0.461102067605506,0.8,-0.0171312740131175));
#6154=CARTESIAN_POINT('',(0.461102067605506,0.8,-0.00856563700655866));
#6155=CARTESIAN_POINT('',(0.461102067605506,4.43027547164124,-0.0171312740131175));
#6156=CARTESIAN_POINT('Origin',(0.625121512885901,4.43027547164124,-0.200923814475536));
#6157=CARTESIAN_POINT('',(0.625121512885901,0.8,-0.200923814475536));
#6158=CARTESIAN_POINT('',(0.436645640937574,0.8,0.0102734570554939));
#6159=CARTESIAN_POINT('',(0.625121512885901,4.43027547164124,-0.200923814475536));
#6160=CARTESIAN_POINT('Origin',(0.689951333154832,4.43027547164124,-0.200923814475536));
#6161=CARTESIAN_POINT('',(0.689951333154832,0.8,-0.200923814475536));
#6162=CARTESIAN_POINT('',(0.344975666577416,0.8,-0.200923814475537));
#6163=CARTESIAN_POINT('',(0.689951333154832,4.43027547164124,-0.200923814475536));
#6164=CARTESIAN_POINT('Origin',(0.524311142367714,4.43027547164124,-0.0223176596346319));
#6165=CARTESIAN_POINT('',(0.524311142367714,0.8,-0.0223176596346319));
#6166=CARTESIAN_POINT('',(0.39752979475722,0.8,0.114387863914061));
#6167=CARTESIAN_POINT('',(0.524311142367714,4.43027547164124,-0.0223176596346319));
#6168=CARTESIAN_POINT('Origin',(0.699675806195171,4.43027547164124,0.199076176583767));
#6169=CARTESIAN_POINT('',(0.699675806195171,0.8,0.199076176583767));
#6170=CARTESIAN_POINT('',(0.516356484363934,0.8,-0.0323602315691628));
#6171=CARTESIAN_POINT('',(0.699675806195171,4.43027547164124,0.199076176583767));
#6172=CARTESIAN_POINT('Origin',(0.407941614984983,4.43027547164124,-0.200923814475536));
#6173=CARTESIAN_POINT('',(0.407941614984983,0.8,0.199076176583767));
#6174=CARTESIAN_POINT('',(0.407941614984983,0.8,-0.100461907237768));
#6175=CARTESIAN_POINT('',(0.407941614984983,4.43027547164124,0.199076176583767));
#6176=CARTESIAN_POINT('Origin',(0.407941614984983,4.43027547164124,0.199076176583767));
#6177=CARTESIAN_POINT('',(0.461102067605506,0.8,0.199076176583767));
#6178=CARTESIAN_POINT('',(0.203970807492491,0.8,0.199076176583767));
#6179=CARTESIAN_POINT('',(0.461102067605506,4.43027547164124,0.199076176583767));
#6180=CARTESIAN_POINT('Origin',(0.461102067605506,4.43027547164124,0.199076176583767));
#6181=CARTESIAN_POINT('',(0.461102067605506,0.8,0.0392706696208523));
#6182=CARTESIAN_POINT('',(0.461102067605506,0.8,0.0995380882918835));
#6183=CARTESIAN_POINT('',(0.461102067605506,4.43027547164124,0.0392706696208523));
#6184=CARTESIAN_POINT('Origin',(0.461102067605506,4.43027547164124,0.0392706696208523));
#6185=CARTESIAN_POINT('',(0.484440802902321,0.8,0.0130145924119354));
#6186=CARTESIAN_POINT('',(0.369091570660502,0.8,0.142782478683981));
#6187=CARTESIAN_POINT('',(0.484440802902321,4.43027547164124,0.0130145924119354));
#6188=CARTESIAN_POINT('Origin',(0.484440802902321,4.43027547164124,0.0130145924119354));
#6189=CARTESIAN_POINT('',(0.63063204760876,0.8,0.199076176583767));
#6190=CARTESIAN_POINT('',(0.388823161920272,0.8,-0.108680587019763));
#6191=CARTESIAN_POINT('',(0.63063204760876,4.43027547164124,0.199076176583767));
#6192=CARTESIAN_POINT('Origin',(0.63063204760876,4.43027547164124,0.199076176583767));
#6193=CARTESIAN_POINT('',(0.31531602380438,0.8,0.199076176583767));
#6194=CARTESIAN_POINT('Origin',(0.968719560311234,4.43027547164124,0.199076176583767));
#6195=CARTESIAN_POINT('',(1.02188001293176,0.8,0.199076176583767));
#6196=CARTESIAN_POINT('',(0.968719560311234,0.8,0.199076176583767));
#6197=CARTESIAN_POINT('',(0.484359780155617,0.8,0.199076176583767));
#6198=CARTESIAN_POINT('',(1.02188001293176,0.79,0.199076176583767));
#6199=CARTESIAN_POINT('',(1.02188001293176,4.43027547164124,0.199076176583767));
#6200=CARTESIAN_POINT('',(0.968719560311234,0.79,0.199076176583767));
#6201=CARTESIAN_POINT('',(0.484359780155617,0.79,0.199076176583767));
#6202=CARTESIAN_POINT('',(0.968719560311234,4.43027547164124,0.199076176583767));
#6203=CARTESIAN_POINT('Origin',(0.968719560311234,4.43027547164124,0.00329011937159587));
#6204=CARTESIAN_POINT('',(0.968719560311234,0.8,0.00329011937159587));
#6205=CARTESIAN_POINT('',(0.968719560311234,0.8,0.00164505968579793));
#6206=CARTESIAN_POINT('',(0.968719560311234,0.79,0.00329011937159587));
#6207=CARTESIAN_POINT('',(0.968719560311234,0.79,0.00164505968579793));
#6208=CARTESIAN_POINT('',(0.968719560311234,4.43027547164124,0.00329011937159587));
#6209=CARTESIAN_POINT('Origin',(0.784602870747471,4.43027547164124,0.00329011937159582));
#6210=CARTESIAN_POINT('',(0.784602870747471,0.8,0.00329011937159582));
#6211=CARTESIAN_POINT('',(0.392301435373735,0.8,0.00329011937159572));
#6212=CARTESIAN_POINT('',(0.784602870747471,0.79,0.00329011937159582));
#6213=CARTESIAN_POINT('',(0.392301435373735,0.79,0.00329011937159572));
#6214=CARTESIAN_POINT('',(0.784602870747471,4.43027547164124,0.00329011937159582));
#6215=CARTESIAN_POINT('Origin',(0.784602870747471,4.43027547164124,0.199076176583767));
#6216=CARTESIAN_POINT('',(0.784602870747471,0.8,0.199076176583767));
#6217=CARTESIAN_POINT('',(0.784602870747471,0.8,0.0995380882918835));
#6218=CARTESIAN_POINT('',(0.784602870747471,0.79,0.199076176583767));
#6219=CARTESIAN_POINT('',(0.784602870747471,0.79,0.0995380882918835));
#6220=CARTESIAN_POINT('',(0.784602870747471,4.43027547164124,0.199076176583767));
#6221=CARTESIAN_POINT('Origin',(0.731442418126948,4.43027547164124,0.199076176583767));
#6222=CARTESIAN_POINT('',(0.731442418126948,0.8,0.199076176583767));
#6223=CARTESIAN_POINT('',(0.365721209063474,0.8,0.199076176583767));
#6224=CARTESIAN_POINT('',(0.731442418126948,0.79,0.199076176583767));
#6225=CARTESIAN_POINT('',(0.365721209063474,0.79,0.199076176583767));
#6226=CARTESIAN_POINT('',(0.731442418126948,4.43027547164124,0.199076176583767));
#6227=CARTESIAN_POINT('Origin',(0.731442418126948,4.43027547164124,-0.200923814475536));
#6228=CARTESIAN_POINT('',(0.731442418126948,0.8,-0.200923814475536));
#6229=CARTESIAN_POINT('',(0.731442418126948,0.8,-0.100461907237768));
#6230=CARTESIAN_POINT('',(0.731442418126948,0.79,-0.200923814475536));
#6231=CARTESIAN_POINT('',(0.731442418126948,0.79,-0.100461907237768));
#6232=CARTESIAN_POINT('',(0.731442418126948,4.43027547164124,-0.200923814475536));
#6233=CARTESIAN_POINT('Origin',(1.02188001293176,4.43027547164124,0.199076176583767));
#6234=CARTESIAN_POINT('',(1.02188001293176,0.8,-0.200923814475536));
#6235=CARTESIAN_POINT('',(1.02188001293176,0.8,0.0995380882918835));
#6236=CARTESIAN_POINT('',(1.02188001293176,0.79,-0.200923814475536));
#6237=CARTESIAN_POINT('',(1.02188001293176,4.43027547164124,-0.200923814475536));
#6238=CARTESIAN_POINT('',(1.02188001293176,0.79,0.0995380882918835));
#6239=CARTESIAN_POINT('Origin',(1.02188001293176,4.43027547164124,-0.200923814475536));
#6240=CARTESIAN_POINT('',(0.968719560311234,0.8,-0.200923814475536));
#6241=CARTESIAN_POINT('',(0.510940006465879,0.8,-0.200923814475536));
#6242=CARTESIAN_POINT('',(0.968719560311234,0.79,-0.200923814475536));
#6243=CARTESIAN_POINT('',(0.968719560311234,4.43027547164124,-0.200923814475536));
#6244=CARTESIAN_POINT('',(0.510940006465879,0.79,-0.200923814475536));
#6245=CARTESIAN_POINT('Origin',(0.968719560311234,4.43027547164124,-0.200923814475536));
#6246=CARTESIAN_POINT('',(0.968719560311234,0.8,-0.0440356494247236));
#6247=CARTESIAN_POINT('',(0.968719560311234,0.8,-0.100461907237768));
#6248=CARTESIAN_POINT('',(0.968719560311234,0.79,-0.0440356494247236));
#6249=CARTESIAN_POINT('',(0.968719560311234,4.43027547164124,-0.0440356494247236));
#6250=CARTESIAN_POINT('',(0.968719560311234,0.79,-0.100461907237768));
#6251=CARTESIAN_POINT('Origin',(0.968719560311234,4.43027547164124,-0.0440356494247236));
#6252=CARTESIAN_POINT('',(0.784602870747471,0.8,-0.0440356494247237));
#6253=CARTESIAN_POINT('',(0.484359780155617,0.8,-0.0440356494247238));
#6254=CARTESIAN_POINT('',(0.784602870747471,0.79,-0.0440356494247237));
#6255=CARTESIAN_POINT('',(0.784602870747471,4.43027547164124,-0.0440356494247237));
#6256=CARTESIAN_POINT('',(0.484359780155617,0.79,-0.0440356494247238));
#6257=CARTESIAN_POINT('Origin',(0.784602870747471,4.43027547164124,-0.0440356494247237));
#6258=CARTESIAN_POINT('',(0.784602870747471,0.8,-0.200923814475536));
#6259=CARTESIAN_POINT('',(0.784602870747471,0.8,-0.0220178247123618));
#6260=CARTESIAN_POINT('',(0.784602870747471,0.79,-0.200923814475536));
#6261=CARTESIAN_POINT('',(0.784602870747471,4.43027547164124,-0.200923814475536));
#6262=CARTESIAN_POINT('',(0.784602870747471,0.79,-0.0220178247123618));
#6263=CARTESIAN_POINT('Origin',(0.784602870747471,4.43027547164124,-0.200923814475536));
#6264=CARTESIAN_POINT('',(0.392301435373736,0.8,-0.200923814475537));
#6265=CARTESIAN_POINT('',(0.392301435373736,0.79,-0.200923814475537));
#6266=CARTESIAN_POINT('Origin',(0.,0.79,0.));
#6267=CARTESIAN_POINT('Origin',(0.,0.8,0.));
#6268=CARTESIAN_POINT('Origin',(0.,0.8,0.));
#6269=CARTESIAN_POINT('Origin',(0.,0.8,0.));
#6270=CARTESIAN_POINT('Origin',(-0.975,0.,0.525));
#6271=CARTESIAN_POINT('',(-1.1,-0.03,0.65));
#6272=CARTESIAN_POINT('',(-0.85,-0.03,0.4));
#6273=CARTESIAN_POINT('',(-0.90625,-0.03,0.45625));
#6274=CARTESIAN_POINT('',(-0.85,0.,0.4));
#6275=CARTESIAN_POINT('',(-0.85,0.,0.4));
#6276=CARTESIAN_POINT('',(-1.1,0.,0.65));
#6277=CARTESIAN_POINT('',(-0.6,0.,0.15));
#6278=CARTESIAN_POINT('',(-1.1,0.,0.65));
#6279=CARTESIAN_POINT('Origin',(-0.85,0.,0.65));
#6280=CARTESIAN_POINT('',(-1.4,0.,0.65));
#6281=CARTESIAN_POINT('',(-0.425,0.,0.65));
#6282=CARTESIAN_POINT('',(-1.4,-0.03,0.65));
#6283=CARTESIAN_POINT('',(-1.4,0.,0.65));
#6284=CARTESIAN_POINT('',(-0.85,-0.03,0.65));
#6285=CARTESIAN_POINT('Origin',(0.85,0.,-0.65));
#6286=CARTESIAN_POINT('',(0.85,0.,-0.65));
#6287=CARTESIAN_POINT('',(0.85,0.,0.65));
#6288=CARTESIAN_POINT('',(0.85,0.,-0.325));
#6289=CARTESIAN_POINT('',(0.85,-0.03,-0.65));
#6290=CARTESIAN_POINT('',(0.85,0.,-0.65));
#6291=CARTESIAN_POINT('',(0.85,-0.03,0.65));
#6292=CARTESIAN_POINT('',(0.85,-0.03,-0.65));
#6293=CARTESIAN_POINT('',(0.85,0.,0.65));
#6294=CARTESIAN_POINT('Origin',(1.4,0.,-0.65));
#6295=CARTESIAN_POINT('',(1.4,0.,-0.65));
#6296=CARTESIAN_POINT('',(0.7,0.,-0.65));
#6297=CARTESIAN_POINT('',(1.4,-0.03,-0.65));
#6298=CARTESIAN_POINT('',(1.4,0.,-0.65));
#6299=CARTESIAN_POINT('',(1.55,-0.03,-0.65));
#6300=CARTESIAN_POINT('Origin',(1.5,0.,-0.750000000000001));
#6301=CARTESIAN_POINT('',(1.5,0.,-0.750000000000001));
#6302=CARTESIAN_POINT('',(0.937499999999999,0.,-0.187500000000001));
#6303=CARTESIAN_POINT('',(1.5,-0.03,-0.750000000000001));
#6304=CARTESIAN_POINT('',(1.5,0.,-0.750000000000001));
#6305=CARTESIAN_POINT('',(1.5,-0.03,-0.750000000000001));
#6306=CARTESIAN_POINT('Origin',(1.55,0.,-0.6));
#6307=CARTESIAN_POINT('',(1.55,0.,-0.6));
#6308=CARTESIAN_POINT('',(1.6,0.,-0.65));
#6309=CARTESIAN_POINT('',(1.0125,0.,-0.0624999999999992));
#6310=CARTESIAN_POINT('',(1.55,-0.03,-0.6));
#6311=CARTESIAN_POINT('',(1.55,0.,-0.6));
#6312=CARTESIAN_POINT('',(1.6,-0.03,-0.65));
#6313=CARTESIAN_POINT('',(1.55,-0.03,-0.6));
#6314=CARTESIAN_POINT('',(1.6,0.,-0.65));
#6315=CARTESIAN_POINT('Origin',(1.55,0.,0.600000000000001));
#6316=CARTESIAN_POINT('',(1.55,0.,0.600000000000001));
#6317=CARTESIAN_POINT('',(1.55,0.,0.3));
#6318=CARTESIAN_POINT('',(1.55,-0.03,0.600000000000001));
#6319=CARTESIAN_POINT('',(1.55,0.,0.600000000000001));
#6320=CARTESIAN_POINT('',(1.55,-0.03,0.65));
#6321=CARTESIAN_POINT('Origin',(1.6,0.,0.650000000000001));
#6322=CARTESIAN_POINT('',(1.6,0.,0.65));
#6323=CARTESIAN_POINT('',(1.0375,0.,0.0875000000000009));
#6324=CARTESIAN_POINT('',(1.6,-0.03,0.650000000000001));
#6325=CARTESIAN_POINT('',(1.6,0.,0.650000000000001));
#6326=CARTESIAN_POINT('',(1.6,-0.03,0.650000000000001));
#6327=CARTESIAN_POINT('Origin',(1.4,0.,0.65));
#6328=CARTESIAN_POINT('',(1.4,0.,0.65));
#6329=CARTESIAN_POINT('',(1.5,0.,0.750000000000001));
#6330=CARTESIAN_POINT('',(0.887500000000001,0.,0.1375));
#6331=CARTESIAN_POINT('',(1.4,-0.03,0.65));
#6332=CARTESIAN_POINT('',(1.4,0.,0.65));
#6333=CARTESIAN_POINT('',(1.5,-0.03,0.750000000000001));
#6334=CARTESIAN_POINT('',(1.4,-0.03,0.65));
#6335=CARTESIAN_POINT('',(1.5,0.,0.750000000000001));
#6336=CARTESIAN_POINT('Origin',(0.85,0.,0.65));
#6337=CARTESIAN_POINT('',(0.425,0.,0.65));
#6338=CARTESIAN_POINT('',(0.85,-0.03,0.65));
#6339=CARTESIAN_POINT('Origin',(1.225,-0.03,0.));
#6340=CARTESIAN_POINT('Origin',(1.6,-0.03,-0.75));
#6341=CARTESIAN_POINT('Origin',(1.6,-0.03,0.75));
#6342=CARTESIAN_POINT('Origin',(0.,0.,0.));
#6343=CARTESIAN_POINT('',(-1.5,0.,0.750000000000001));
#6344=CARTESIAN_POINT('',(-1.6,0.,0.750000000000001));
#6345=CARTESIAN_POINT('',(-0.887500000000001,0.,0.1375));
#6346=CARTESIAN_POINT('',(-0.85,0.,-0.65));
#6347=CARTESIAN_POINT('',(-0.85,0.,-0.325));
#6348=CARTESIAN_POINT('',(-1.4,0.,-0.65));
#6349=CARTESIAN_POINT('',(-0.7,0.,-0.65));
#6350=CARTESIAN_POINT('',(-1.5,0.,-0.750000000000001));
#6351=CARTESIAN_POINT('',(-0.937499999999999,0.,-0.187500000000001));
#6352=CARTESIAN_POINT('',(1.6,0.,-0.750000000000001));
#6353=CARTESIAN_POINT('Origin',(0.,0.,0.));
#6354=CARTESIAN_POINT('',(1.6,0.,0.75));
#6355=CARTESIAN_POINT('Origin',(-0.85,0.,-0.65));
#6356=CARTESIAN_POINT('',(-0.85,-0.03,-0.65));
#6357=CARTESIAN_POINT('',(-0.85,-0.03,-0.65));
#6358=CARTESIAN_POINT('',(-0.85,0.,-0.65));
#6359=CARTESIAN_POINT('Origin',(-1.4,0.,-0.65));
#6360=CARTESIAN_POINT('',(-1.4,-0.03,-0.65));
#6361=CARTESIAN_POINT('',(-1.55,-0.03,-0.65));
#6362=CARTESIAN_POINT('',(-1.4,0.,-0.65));
#6363=CARTESIAN_POINT('Origin',(-1.5,0.,-0.750000000000001));
#6364=CARTESIAN_POINT('',(-1.5,-0.03,-0.750000000000001));
#6365=CARTESIAN_POINT('',(-1.5,-0.03,-0.750000000000001));
#6366=CARTESIAN_POINT('',(-1.5,0.,-0.750000000000001));
#6367=CARTESIAN_POINT('Origin',(-1.55,0.,-0.6));
#6368=CARTESIAN_POINT('',(-1.6,0.,-0.65));
#6369=CARTESIAN_POINT('',(-1.55,0.,-0.6));
#6370=CARTESIAN_POINT('',(-1.0125,0.,-0.0624999999999992));
#6371=CARTESIAN_POINT('',(-1.6,-0.03,-0.65));
#6372=CARTESIAN_POINT('',(-1.6,0.,-0.65));
#6373=CARTESIAN_POINT('',(-1.55,-0.03,-0.6));
#6374=CARTESIAN_POINT('',(-1.55,-0.03,-0.6));
#6375=CARTESIAN_POINT('',(-1.55,0.,-0.6));
#6376=CARTESIAN_POINT('Origin',(-1.55,0.,0.600000000000001));
#6377=CARTESIAN_POINT('',(-1.55,0.,0.600000000000001));
#6378=CARTESIAN_POINT('',(-1.55,0.,0.3));
#6379=CARTESIAN_POINT('',(-1.55,-0.03,0.600000000000001));
#6380=CARTESIAN_POINT('',(-1.55,-0.03,0.65));
#6381=CARTESIAN_POINT('',(-1.55,0.,0.600000000000001));
#6382=CARTESIAN_POINT('Origin',(-1.6,0.,0.650000000000001));
#6383=CARTESIAN_POINT('',(-1.6,0.,0.650000000000001));
#6384=CARTESIAN_POINT('',(-1.0375,0.,0.0875000000000009));
#6385=CARTESIAN_POINT('',(-1.6,-0.03,0.650000000000001));
#6386=CARTESIAN_POINT('',(-1.6,-0.03,0.650000000000001));
#6387=CARTESIAN_POINT('',(-1.6,0.,0.650000000000001));
#6388=CARTESIAN_POINT('Origin',(-1.4,0.,0.65));
#6389=CARTESIAN_POINT('',(-1.5,-0.03,0.750000000000001));
#6390=CARTESIAN_POINT('',(-1.5,0.,0.750000000000001));
#6391=CARTESIAN_POINT('',(-1.4,-0.03,0.65));
#6392=CARTESIAN_POINT('Origin',(-1.225,-0.03,0.));
#6393=CARTESIAN_POINT('Origin',(-1.6,-0.03,0.75));
#6394=CARTESIAN_POINT('Origin',(-1.6,-0.03,-0.75));
#6395=CARTESIAN_POINT('Origin',(0.,0.,0.));
#6396=CARTESIAN_POINT('',(-1.6,0.,-0.750000000000001));
#6397=CARTESIAN_POINT('Origin',(-0.7,0.7,0.550000000000001));
#6398=CARTESIAN_POINT('',(-1.4,0.8,0.550000000000001));
#6399=CARTESIAN_POINT('',(-1.4,0.7,0.650000000000001));
#6400=CARTESIAN_POINT('Origin',(-1.4,0.7,0.550000000000001));
#6401=CARTESIAN_POINT('',(1.4,0.7,0.650000000000001));
#6402=CARTESIAN_POINT('',(-0.7,0.7,0.650000000000001));
#6403=CARTESIAN_POINT('',(1.4,0.8,0.550000000000001));
#6404=CARTESIAN_POINT('Origin',(1.4,0.7,0.550000000000001));
#6405=CARTESIAN_POINT('',(-0.7,0.8,0.550000000000001));
#6406=CARTESIAN_POINT('Origin',(1.4,0.7,0.275));
#6407=CARTESIAN_POINT('',(1.5,0.7,0.550000000000001));
#6408=CARTESIAN_POINT('Origin',(1.4,0.7,0.550000000000001));
#6409=CARTESIAN_POINT('',(1.5,0.7,-0.550000000000001));
#6410=CARTESIAN_POINT('',(1.5,0.7,0.275));
#6411=CARTESIAN_POINT('',(1.4,0.8,-0.550000000000001));
#6412=CARTESIAN_POINT('Origin',(1.4,0.7,-0.550000000000001));
#6413=CARTESIAN_POINT('',(1.4,0.8,0.275));
#6414=CARTESIAN_POINT('Origin',(1.4,0.7,0.550000000000001));
#6415=CARTESIAN_POINT('Origin',(1.4,0.7,0.550000000000001));
#6416=CARTESIAN_POINT('Origin',(0.7,0.7,-0.550000000000001));
#6417=CARTESIAN_POINT('',(1.4,0.7,-0.650000000000001));
#6418=CARTESIAN_POINT('Origin',(1.4,0.7,-0.550000000000001));
#6419=CARTESIAN_POINT('',(-1.4,0.7,-0.650000000000001));
#6420=CARTESIAN_POINT('',(0.7,0.7,-0.650000000000001));
#6421=CARTESIAN_POINT('',(-1.4,0.8,-0.550000000000001));
#6422=CARTESIAN_POINT('Origin',(-1.4,0.7,-0.550000000000001));
#6423=CARTESIAN_POINT('',(0.7,0.8,-0.550000000000001));
#6424=CARTESIAN_POINT('Origin',(1.4,0.7,-0.550000000000001));
#6425=CARTESIAN_POINT('Origin',(1.4,0.7,-0.550000000000001));
#6426=CARTESIAN_POINT('Origin',(-1.4,0.7,-0.275));
#6427=CARTESIAN_POINT('',(-1.5,0.7,-0.550000000000001));
#6428=CARTESIAN_POINT('Origin',(-1.4,0.7,-0.550000000000001));
#6429=CARTESIAN_POINT('',(-1.5,0.7,0.550000000000001));
#6430=CARTESIAN_POINT('',(-1.5,0.7,-0.275));
#6431=CARTESIAN_POINT('Origin',(-1.4,0.7,0.550000000000001));
#6432=CARTESIAN_POINT('',(-1.4,0.8,-0.275));
#6433=CARTESIAN_POINT('Origin',(-1.4,0.7,-0.550000000000001));
#6434=CARTESIAN_POINT('Origin',(-1.4,0.7,-0.550000000000001));
#6435=CARTESIAN_POINT('Origin',(-1.4,0.7,0.550000000000001));
#6436=CARTESIAN_POINT('Origin',(-1.4,0.7,0.550000000000001));
#6437=CARTESIAN_POINT('Origin',(1.4,0.5,0.550000000000001));
#6438=CARTESIAN_POINT('',(1.4,0.5,0.650000000000001));
#6439=CARTESIAN_POINT('',(1.4,0.5,0.650000000000001));
#6440=CARTESIAN_POINT('',(1.5,0.5,0.550000000000001));
#6441=CARTESIAN_POINT('Origin',(1.4,0.5,0.550000000000001));
#6442=CARTESIAN_POINT('',(1.5,0.5,0.550000000000001));
#6443=CARTESIAN_POINT('Origin',(-1.4,0.5,0.650000000000001));
#6444=CARTESIAN_POINT('',(-1.4,0.5,0.650000000000001));
#6445=CARTESIAN_POINT('',(-1.4,0.5,0.650000000000001));
#6446=CARTESIAN_POINT('',(-0.7,0.5,0.650000000000001));
#6447=CARTESIAN_POINT('Origin',(-1.4,0.5,0.550000000000001));
#6448=CARTESIAN_POINT('',(-1.5,0.5,0.550000000000001));
#6449=CARTESIAN_POINT('',(-1.5,0.5,0.550000000000001));
#6450=CARTESIAN_POINT('Origin',(-1.4,0.5,0.550000000000001));
#6451=CARTESIAN_POINT('Origin',(-1.5,0.5,-0.550000000000001));
#6452=CARTESIAN_POINT('',(-1.5,0.5,-0.550000000000001));
#6453=CARTESIAN_POINT('',(-1.5,0.5,-0.550000000000001));
#6454=CARTESIAN_POINT('',(-1.5,0.5,-0.275));
#6455=CARTESIAN_POINT('Origin',(0.,0.8,0.));
#6456=CARTESIAN_POINT('Origin',(-1.4,0.5,-0.550000000000001));
#6457=CARTESIAN_POINT('',(-1.4,0.5,-0.650000000000001));
#6458=CARTESIAN_POINT('',(-1.4,0.5,-0.650000000000001));
#6459=CARTESIAN_POINT('Origin',(-1.4,0.5,-0.550000000000001));
#6460=CARTESIAN_POINT('Origin',(1.4,0.5,-0.650000000000001));
#6461=CARTESIAN_POINT('',(1.4,0.5,-0.650000000000001));
#6462=CARTESIAN_POINT('',(1.4,0.5,-0.650000000000001));
#6463=CARTESIAN_POINT('',(0.7,0.5,-0.650000000000001));
#6464=CARTESIAN_POINT('Origin',(1.4,0.5,-0.550000000000001));
#6465=CARTESIAN_POINT('',(1.5,0.5,-0.550000000000001));
#6466=CARTESIAN_POINT('',(1.5,0.5,-0.550000000000001));
#6467=CARTESIAN_POINT('Origin',(1.4,0.5,-0.550000000000001));
#6468=CARTESIAN_POINT('Origin',(1.5,0.5,0.550000000000001));
#6469=CARTESIAN_POINT('',(1.5,0.5,0.275));
#6470=CARTESIAN_POINT('Origin',(-1.6,0.,-0.75));
#6471=CARTESIAN_POINT('',(-1.6,0.5,-0.65));
#6472=CARTESIAN_POINT('',(-1.6,0.,-0.65));
#6473=CARTESIAN_POINT('',(-1.5,0.5,-0.750000000000001));
#6474=CARTESIAN_POINT('Origin',(-1.6,0.5,-0.75));
#6475=CARTESIAN_POINT('',(-1.5,0.,-0.750000000000001));
#6476=CARTESIAN_POINT('Origin',(1.5,0.,-0.750000000000001));
#6477=CARTESIAN_POINT('',(1.5,0.5,-0.750000000000001));
#6478=CARTESIAN_POINT('',(1.6,0.5,-0.750000000000001));
#6479=CARTESIAN_POINT('',(1.5,0.,-0.750000000000001));
#6480=CARTESIAN_POINT('Origin',(1.6,0.,-0.75));
#6481=CARTESIAN_POINT('',(1.6,0.5,-0.65));
#6482=CARTESIAN_POINT('Origin',(1.6,0.5,-0.75));
#6483=CARTESIAN_POINT('',(1.6,0.,-0.65));
#6484=CARTESIAN_POINT('Origin',(1.6,0.,0.65));
#6485=CARTESIAN_POINT('',(1.6,0.5,0.65));
#6486=CARTESIAN_POINT('',(1.6,0.5,0.75));
#6487=CARTESIAN_POINT('',(1.6,0.,0.65));
#6488=CARTESIAN_POINT('Origin',(1.6,0.,0.75));
#6489=CARTESIAN_POINT('',(1.5,0.5,0.750000000000001));
#6490=CARTESIAN_POINT('Origin',(1.6,0.5,0.75));
#6491=CARTESIAN_POINT('',(1.5,0.,0.750000000000001));
#6492=CARTESIAN_POINT('Origin',(-1.5,0.,0.750000000000001));
#6493=CARTESIAN_POINT('',(-1.5,0.5,0.750000000000001));
#6494=CARTESIAN_POINT('',(-1.6,0.5,0.750000000000001));
#6495=CARTESIAN_POINT('',(-1.5,0.,0.750000000000001));
#6496=CARTESIAN_POINT('Origin',(-1.6,0.,0.75));
#6497=CARTESIAN_POINT('',(-1.6,0.5,0.650000000000001));
#6498=CARTESIAN_POINT('Origin',(-1.6,0.5,0.75));
#6499=CARTESIAN_POINT('',(-1.6,0.,0.650000000000001));
#6500=CARTESIAN_POINT('Origin',(-1.6,0.,-0.65));
#6501=CARTESIAN_POINT('',(-1.6,0.5,-0.750000000000001));
#6502=CARTESIAN_POINT('Origin',(0.,0.5,0.));
#6503=UNCERTAINTY_MEASURE_WITH_UNIT(LENGTH_MEASURE(0.01),#6507,
'DISTANCE_ACCURACY_VALUE',
'Maximum model space distance between geometric entities at asserted c
onnectivities');
#6504=UNCERTAINTY_MEASURE_WITH_UNIT(LENGTH_MEASURE(0.01),#6507,
'DISTANCE_ACCURACY_VALUE',
'Maximum model space distance between geometric entities at asserted c
onnectivities');
#6505=(
GEOMETRIC_REPRESENTATION_CONTEXT(3)
GLOBAL_UNCERTAINTY_ASSIGNED_CONTEXT((#6503))
GLOBAL_UNIT_ASSIGNED_CONTEXT((#6507,#6509,#6510))
REPRESENTATION_CONTEXT('','3D')
);
#6506=(
GEOMETRIC_REPRESENTATION_CONTEXT(3)
GLOBAL_UNCERTAINTY_ASSIGNED_CONTEXT((#6504))
GLOBAL_UNIT_ASSIGNED_CONTEXT((#6507,#6509,#6510))
REPRESENTATION_CONTEXT('','3D')
);
#6507=(
LENGTH_UNIT()
NAMED_UNIT(*)
SI_UNIT(.MILLI.,.METRE.)
);
#6508=(
LENGTH_UNIT()
NAMED_UNIT(*)
SI_UNIT(.CENTI.,.METRE.)
);
#6509=(
NAMED_UNIT(*)
PLANE_ANGLE_UNIT()
SI_UNIT($,.RADIAN.)
);
#6510=(
NAMED_UNIT(*)
SI_UNIT($,.STERADIAN.)
SOLID_ANGLE_UNIT()
);
#6511=SHAPE_DEFINITION_REPRESENTATION(#6512,#6513);
#6512=PRODUCT_DEFINITION_SHAPE('',$,#6515);
#6513=SHAPE_REPRESENTATION('',(#3591),#6505);
#6514=PRODUCT_DEFINITION_CONTEXT('part definition',#6519,'design');
#6515=PRODUCT_DEFINITION('SO3215','SO3215',#6516,#6514);
#6516=PRODUCT_DEFINITION_FORMATION('',$,#6521);
#6517=PRODUCT_RELATED_PRODUCT_CATEGORY('SO3215','SO3215',(#6521));
#6518=APPLICATION_PROTOCOL_DEFINITION('international standard',
'automotive_design',2009,#6519);
#6519=APPLICATION_CONTEXT(
'Core Data for Automotive Mechanical Design Process');
#6520=PRODUCT_CONTEXT('part definition',#6519,'mechanical');
#6521=PRODUCT('SO3215','SO3215',$,(#6520));
#6522=PRESENTATION_STYLE_ASSIGNMENT((#6525));
#6523=PRESENTATION_STYLE_ASSIGNMENT((#6526));
#6524=PRESENTATION_STYLE_ASSIGNMENT((#6527));
#6525=SURFACE_STYLE_USAGE(.BOTH.,#6534);
#6526=SURFACE_STYLE_USAGE(.BOTH.,#6535);
#6527=SURFACE_STYLE_USAGE(.BOTH.,#6536);
#6528=SURFACE_STYLE_RENDERING_WITH_PROPERTIES($,#6546,(#6531));
#6529=SURFACE_STYLE_RENDERING_WITH_PROPERTIES($,#6547,(#6532));
#6530=SURFACE_STYLE_RENDERING_WITH_PROPERTIES($,#6548,(#6533));
#6531=SURFACE_STYLE_TRANSPARENT(0.);
#6532=SURFACE_STYLE_TRANSPARENT(0.);
#6533=SURFACE_STYLE_TRANSPARENT(0.);
#6534=SURFACE_SIDE_STYLE('',(#6537,#6528));
#6535=SURFACE_SIDE_STYLE('',(#6538,#6529));
#6536=SURFACE_SIDE_STYLE('',(#6539,#6530));
#6537=SURFACE_STYLE_FILL_AREA(#6540);
#6538=SURFACE_STYLE_FILL_AREA(#6541);
#6539=SURFACE_STYLE_FILL_AREA(#6542);
#6540=FILL_AREA_STYLE('',(#6543));
#6541=FILL_AREA_STYLE('',(#6544));
#6542=FILL_AREA_STYLE('',(#6545));
#6543=FILL_AREA_STYLE_COLOUR('',#6546);
#6544=FILL_AREA_STYLE_COLOUR('',#6547);
#6545=FILL_AREA_STYLE_COLOUR('',#6548);
#6546=COLOUR_RGB('',0.313725490196078,0.313725490196078,0.313725490196078);
#6547=COLOUR_RGB('',0.745098039215686,0.737254901960784,0.729411764705882);
#6548=COLOUR_RGB('',0.701960784313725,0.552941176470588,0.00392156862745098);
ENDSEC;
END-ISO-10303-21;
