ISO-10303-21;
HEADER;
FILE_DESCRIPTION (( 'STEP AP214' ),
    '1' );
FILE_NAME ('DIO_JEDEC_DO-218AC.STEP',
    '2016-02-08T08:31:36',
    ( 'pomocnik' ),
    ( '' ),
    'SwSTEP 2.0',
    'SolidWorks 2012',
    '' );
FILE_SCHEMA (( 'AUTOMOTIVE_DESIGN' ));
ENDSEC;

DATA;
#1 = CARTESIAN_POINT ( 'NONE',  ( 0.4865607054827850200, -3.694897433965180800, 0.5499999999999994900 ) ) ;
#2 = CARTESIAN_POINT ( 'NONE',  ( 0.2885070910277593400, -3.616358874601460500, 0.7221653798079855600 ) ) ;
#3 = SURFACE_SIDE_STYLE ('',( #2697 ) ) ;
#4 = FILL_AREA_STYLE ('',( #140 ) ) ;
#5 = CARTESIAN_POINT ( 'NONE',  ( 13.50000000000000000, 1.500000000000000000, 0.6999999999999999600 ) ) ;
#6 = SURFACE_SIDE_STYLE ('',( #2013 ) ) ;
#7 = FILL_AREA_STYLE ('',( #15 ) ) ;
#8 = DIRECTION ( 'NONE',  ( 0.0000000000000000000, 0.0000000000000000000, -1.000000000000000000 ) ) ;
#9 =( NAMED_UNIT ( * ) SI_UNIT ( $, .STERADIAN. ) SOLID_ANGLE_UNIT ( ) );
#10 =( NAMED_UNIT ( * ) PLANE_ANGLE_UNIT ( ) SI_UNIT ( $, .RADIAN. ) );
#11 =( LENGTH_UNIT ( ) NAMED_UNIT ( * ) SI_UNIT ( .MILLI., .METRE. ) );
#12 = SURFACE_STYLE_USAGE ( .BOTH. , #3 ) ;
#13 = SURFACE_SIDE_STYLE ('',( #2701 ) ) ;
#14 = FILL_AREA_STYLE ('',( #21 ) ) ;
#15 = FILL_AREA_STYLE_COLOUR ( '', #2015 ) ;
#16 = CARTESIAN_POINT ( 'NONE',  ( 0.4865607047760733800, -3.616358874601460500, 0.5499999999999994900 ) ) ;
#17 = CARTESIAN_POINT ( 'NONE',  ( 0.4865607047760734400, 4.400000000000000400, 0.7499999999999993300 ) ) ;
#18 = DIRECTION ( 'NONE',  ( 0.0000000000000000000, -0.0000000000000000000, 1.000000000000000000 ) ) ;
#19 = DIRECTION ( 'NONE',  ( 1.000000000000000000, 0.0000000000000000000, -0.0000000000000000000 ) ) ;
#20 = CARTESIAN_POINT ( 'NONE',  ( 0.5259378664624789800, -4.056899098161777900, 0.7110116771160618400 ) ) ;
#21 = FILL_AREA_STYLE_COLOUR ( '', #2700 ) ;
#22 =( NAMED_UNIT ( * ) SI_UNIT ( $, .STERADIAN. ) SOLID_ANGLE_UNIT ( ) );
#23 =( NAMED_UNIT ( * ) PLANE_ANGLE_UNIT ( ) SI_UNIT ( $, .RADIAN. ) );
#24 =( LENGTH_UNIT ( ) NAMED_UNIT ( * ) SI_UNIT ( .MILLI., .METRE. ) );
#25 = SURFACE_STYLE_USAGE ( .BOTH. , #13 ) ;
#26 = CARTESIAN_POINT ( 'NONE',  ( 0.3127033572128286600, 3.913439295223932300, 0.7499999999999994400 ) ) ;
#27 = CARTESIAN_POINT ( 'NONE',  ( 13.31343929522393300, 3.616358874601461400, 0.5499999999999994900 ) ) ;
#28 = DIRECTION ( 'NONE',  ( 0.0000000000000000000, -1.000000000000000000, 0.0000000000000000000 ) ) ;
#29 = DIRECTION ( 'NONE',  ( 1.000000000000000000, 0.0000000000000000000, 0.0000000000000000000 ) ) ;
#30 =( LENGTH_UNIT ( ) NAMED_UNIT ( * ) SI_UNIT ( .MILLI., .METRE. ) );
#31 = CARTESIAN_POINT ( 'NONE',  ( 13.51049811076627300, 3.746250883945673800, 0.7150870227733080500 ) ) ;
#32 = DIRECTION ( 'NONE',  ( -1.000000000000000000, 0.0000000000000000000, -0.0000000000000000000 ) ) ;
#33 = FILL_AREA_STYLE_COLOUR ( '', #2083 ) ;
#34 = FILL_AREA_STYLE_COLOUR ( '', #1716 ) ;
#35 = CARTESIAN_POINT ( 'NONE',  ( 13.42830484143181000, 3.857398959270147200, 0.5500000000000583300 ) ) ;
#36 = FILL_AREA_STYLE_COLOUR ( '', #2082 ) ;
#37 = CARTESIAN_POINT ( 'NONE',  ( 13.01635887460146200, -3.913439295223933200, 0.5499999999999994900 ) ) ;
#38 = DIRECTION ( 'NONE',  ( -0.0000000000000000000, -1.000000000000000000, -0.0000000000000000000 ) ) ;
#39 = CARTESIAN_POINT ( 'NONE',  ( 13.31343929522393300, 4.400000000000000400, 0.7499999999999994400 ) ) ;
#40 = CARTESIAN_POINT ( 'NONE',  ( 0.3716951585682761700, -3.857398959270137900, 0.5499999999999992700 ) ) ;
#41 = CARTESIAN_POINT ( 'NONE',  ( 0.7836411253985440300, -4.111492908972246100, 0.7221653798079869000 ) ) ;
#42 = CARTESIAN_POINT ( 'NONE',  ( 0.3188786988492248700, -3.738018729140873300, 0.5499999999999994900 ) ) ;
#43 = CARTESIAN_POINT ( 'NONE',  ( 0.5426010407298791400, -4.028304841431720200, 0.5499999999999992700 ) ) ;
#44 =( NAMED_UNIT ( * ) SI_UNIT ( $, .STERADIAN. ) SOLID_ANGLE_UNIT ( ) );
#45 = CARTESIAN_POINT ( 'NONE',  ( 0.6280786396250979100, -3.881623539149457300, 0.5499999999999994900 ) ) ;
#46 = DIRECTION ( 'NONE',  ( 0.0000000000000000000, 0.0000000000000000000, -1.000000000000000000 ) ) ;
#47 = CARTESIAN_POINT ( 'NONE',  ( 0.3431009018382289400, -3.874062133537524900, 0.7110116771160537300 ) ) ;
#48 = SURFACE_STYLE_USAGE ( .BOTH. , #6 ) ;
#49 = CARTESIAN_POINT ( 'NONE',  ( 0.3127033572128287100, -3.616358874601460500, 0.5499999999999994900 ) ) ;
#50 = CARTESIAN_POINT ( 'NONE',  ( 0.2895018892337286000, -3.746250883945664500, 0.7150870227733492300 ) ) ;
#51 = CARTESIAN_POINT ( 'NONE',  ( 0.5183764608505472300, -3.771921360374907100, 0.5499999999999994900 ) ) ;
#52 = CARTESIAN_POINT ( 'NONE',  ( 13.01635887460146200, -4.111492908972247800, 0.7221653798079872300 ) ) ;
#53 = CARTESIAN_POINT ( 'NONE',  ( 13.48729664278717700, -3.616358874601464500, 0.5499999999999994900 ) ) ;
#54 = CARTESIAN_POINT ( 'NONE',  ( 13.31343929522393300, -3.616358874601463700, 0.5499999999999994900 ) ) ;
#55 = CARTESIAN_POINT ( 'NONE',  ( 13.13801872914087100, -4.081121301150727900, 0.5499999999999994900 ) ) ;
#56 = CARTESIAN_POINT ( 'NONE',  ( 13.09489743396518500, -3.913439294517312600, 0.5499999999999994900 ) ) ;
#57 = FILL_AREA_STYLE ('',( #36 ) ) ;
#58 = FILL_AREA_STYLE ('',( #33 ) ) ;
#59 = SURFACE_STYLE_USAGE ( .BOTH. , #170 ) ;
#60 = FILL_AREA_STYLE_COLOUR ( '', #2092 ) ;
#61 = CARTESIAN_POINT ( 'NONE',  ( 13.31343929451704100, -3.694897433965189200, 0.5499999999999994900 ) ) ;
#62 =( LENGTH_UNIT ( ) NAMED_UNIT ( * ) SI_UNIT ( .MILLI., .METRE. ) );
#63 = CARTESIAN_POINT ( 'NONE',  ( 13.51049811076627100, -3.746250883945674700, 0.7150870227733003800 ) ) ;
#64 = CARTESIAN_POINT ( 'NONE',  ( 13.48112130115073400, -3.738018729140866200, 0.5500000000000581100 ) ) ;
#65 = CARTESIAN_POINT ( 'NONE',  ( 16.00000000000000000, 1.500000000000000000, 1.000000000000000000 ) ) ;
#66 = DIRECTION ( 'NONE',  ( -1.000000000000000000, 0.0000000000000000000, 0.0000000000000000000 ) ) ;
#67 = DIRECTION ( 'NONE',  ( 0.0000000000000000000, 0.0000000000000000000, 1.000000000000000000 ) ) ;
#68 = CARTESIAN_POINT ( 'NONE',  ( 13.09489743396518000, 3.913439294517175900, 0.5499999999999994900 ) ) ;
#69 = CARTESIAN_POINT ( 'NONE',  ( 13.51149290897224700, 3.616358874601461400, 0.7221653798079862300 ) ) ;
#70 = DIRECTION ( 'NONE',  ( 1.000000000000000000, 0.0000000000000000000, 0.0000000000000000000 ) ) ;
#71 = DIRECTION ( 'NONE',  ( 0.0000000000000000000, 0.0000000000000000000, -1.000000000000000000 ) ) ;
#72 = CARTESIAN_POINT ( 'NONE',  ( 15.00000000000000000, 1.500000000000000000, 1.000000000000000000 ) ) ;
#73 = CARTESIAN_POINT ( 'NONE',  ( 0.7836411253985450200, -3.913439295223933200, 5.700000000000000200 ) ) ;
#74 = CARTESIAN_POINT ( 'NONE',  ( 13.50000000000000000, 1.500000000000000000, 0.6999999999999999600 ) ) ;
#75 = FILL_AREA_STYLE ('',( #60 ) ) ;
#76 = SURFACE_SIDE_STYLE ('',( #2102 ) ) ;
#77 = SURFACE_STYLE_USAGE ( .BOTH. , #76 ) ;
#78 =( LENGTH_UNIT ( ) NAMED_UNIT ( * ) SI_UNIT ( .MILLI., .METRE. ) );
#79 =( NAMED_UNIT ( * ) PLANE_ANGLE_UNIT ( ) SI_UNIT ( $, .RADIAN. ) );
#80 =( NAMED_UNIT ( * ) SI_UNIT ( $, .STERADIAN. ) SOLID_ANGLE_UNIT ( ) );
#81 = CARTESIAN_POINT ( 'NONE',  ( 0.7836411253985452500, -4.087296642787179300, 5.700000000000001100 ) ) ;
#82 = CARTESIAN_POINT ( 'NONE',  ( 0.6537491160543392700, -4.110498110766277700, 0.7150870227733594500 ) ) ;
#83 = CARTESIAN_POINT ( 'NONE',  ( 0.7836411253985451400, -4.111492908972247800, 5.527834620192012800 ) ) ;
#84 = CARTESIAN_POINT ( 'NONE',  ( 0.7051025660348239100, -3.913439294517176800, 5.700000000000000200 ) ) ;
#85 = CARTESIAN_POINT ( 'NONE',  ( 0.6619812708591245000, -4.081121301150705700, 5.700000000000000200 ) ) ;
#86 = CARTESIAN_POINT ( 'NONE',  ( 0.6537491160543333900, -4.110498110766280400, 5.534912977226635900 ) ) ;
#87 = CARTESIAN_POINT ( 'NONE',  ( 0.6280786396251015800, -3.881623539149466700, 5.700000000000000200 ) ) ;
#88 = CARTESIAN_POINT ( 'NONE',  ( 0.5426010407298881300, -4.028304841431733500, 5.699999999999999300 ) ) ;
#89 = CARTESIAN_POINT ( 'NONE',  ( 0.5259378664624893000, -4.056899098161787600, 5.538988322883940700 ) ) ;
#90 = CARTESIAN_POINT ( 'NONE',  ( 0.3716951585682665700, -3.857398959270128100, 5.699999999999999300 ) ) ;
#91 = CARTESIAN_POINT ( 'NONE',  ( 0.5183764608505446700, -3.771921360374901300, 5.700000000000000200 ) ) ;
#92 = CARTESIAN_POINT ( 'NONE',  ( 0.3431009018382201200, -3.874062133537518300, 5.538988322883942500 ) ) ;
#93 = CARTESIAN_POINT ( 'NONE',  ( 0.7836411253985442500, -3.913439295223931400, 0.5499999999999994900 ) ) ;
#94 = SURFACE_SIDE_STYLE ('',( #2070 ) ) ;
#95 = CARTESIAN_POINT ( 'NONE',  ( 0.6619812708591221700, -4.081121301150873600, 0.5499999999999994900 ) ) ;
#96 = CARTESIAN_POINT ( 'NONE',  ( 0.7836411253985440300, -4.087296642787177500, 0.5499999999999994900 ) ) ;
#97 = PLANE ( 'NONE',  #1877 ) ;
#98 = PLANE ( 'NONE',  #1891 ) ;
#99 = CARTESIAN_POINT ( 'NONE',  ( 0.7051025660348241300, -3.913439294517310900, 0.5499999999999994900 ) ) ;
#100 = DIRECTION ( 'NONE',  ( 0.0000000000000000000, -1.000000000000000000, 0.0000000000000000000 ) ) ;
#101 = CARTESIAN_POINT ( 'NONE',  ( 0.4865607054827788500, -3.694897433965187900, 5.700000000000000200 ) ) ;
#102 = SURFACE_SIDE_STYLE ('',( #2080 ) ) ;
#103 = FILL_AREA_STYLE ('',( #184 ) ) ;
#104 = CARTESIAN_POINT ( 'NONE',  ( 0.3188786988492934300, -3.738018729140877300, 5.699999999999999300 ) ) ;
#105 = DIRECTION ( 'NONE',  ( -0.0000000000000000000, -1.000000000000000000, -0.0000000000000000000 ) ) ;
#106 = DIRECTION ( 'NONE',  ( 0.0000000000000000000, 0.0000000000000000000, -1.000000000000000000 ) ) ;
#107 = DIRECTION ( 'NONE',  ( 0.0000000000000000000, -1.000000000000000000, -0.0000000000000000000 ) ) ;
#108 =( NAMED_UNIT ( * ) SI_UNIT ( $, .STERADIAN. ) SOLID_ANGLE_UNIT ( ) );
#109 = CARTESIAN_POINT ( 'NONE',  ( 0.2895018892337425900, -3.746250883945670300, 5.534912977226746000 ) ) ;
#110 = DIRECTION ( 'NONE',  ( 0.0000000000000000000, 0.0000000000000000000, -1.000000000000000000 ) ) ;
#111 = CARTESIAN_POINT ( 'NONE',  ( 13.42830484143171100, -3.857398959270115200, 0.5499999999999616300 ) ) ;
#112 = PLANE ( 'NONE',  #1889 ) ;
#113 = DIRECTION ( 'NONE',  ( 0.0000000000000000000, 0.0000000000000000000, -1.000000000000000000 ) ) ;
#114 = SURFACE_STYLE_USAGE ( .BOTH. , #129 ) ;
#115 = SURFACE_STYLE_USAGE ( .BOTH. , #151 ) ;
#116 =( NAMED_UNIT ( * ) PLANE_ANGLE_UNIT ( ) SI_UNIT ( $, .RADIAN. ) );
#117 = CARTESIAN_POINT ( 'NONE',  ( 15.00000000000000000, 1.500000000000000000, 1.000000000000000000 ) ) ;
#118 =( NAMED_UNIT ( * ) SI_UNIT ( $, .STERADIAN. ) SOLID_ANGLE_UNIT ( ) );
#119 = DIRECTION ( 'NONE',  ( 0.0000000000000000000, 0.0000000000000000000, -1.000000000000000000 ) ) ;
#120 = PLANE ( 'NONE',  #1882 ) ;
#121 = CARTESIAN_POINT ( 'NONE',  ( 0.4865607047760736000, -3.616358874601462300, 5.700000000000000200 ) ) ;
#122 = CARTESIAN_POINT ( 'NONE',  ( 0.3127033572128283800, -3.616358874601463200, 5.700000000000000200 ) ) ;
#123 = CARTESIAN_POINT ( 'NONE',  ( 15.00000000000000000, -1.500000000000000000, 2.475166858996722800 ) ) ;
#124 = CARTESIAN_POINT ( 'NONE',  ( 13.14625088394567400, -4.110498110766278600, 0.7150870227733487900 ) ) ;
#125 = DIRECTION ( 'NONE',  ( 0.0000000000000000000, 0.0000000000000000000, -1.000000000000000000 ) ) ;
#126 = CARTESIAN_POINT ( 'NONE',  ( 13.28162353914946600, -3.771921360374902200, 0.5499999999999994900 ) ) ;
#127 = CARTESIAN_POINT ( 'NONE',  ( 0.2885070910277595700, -3.616358874601462300, 5.527834620192013700 ) ) ;
#128 = CARTESIAN_POINT ( 'NONE',  ( 13.01635887460146400, 4.111492908972247000, 0.7221653798079869000 ) ) ;
#129 = SURFACE_SIDE_STYLE ('',( #2085 ) ) ;
#130 = CARTESIAN_POINT ( 'NONE',  ( 13.14625088394567600, 4.110498110766275000, 0.7150870227733362400 ) ) ;
#131 = CARTESIAN_POINT ( 'NONE',  ( 13.28162353914946600, 3.771921360374900400, 0.5499999999999994900 ) ) ;
#132 = CARTESIAN_POINT ( 'NONE',  ( 13.17192136037490100, 3.881623539149465800, 0.5499999999999994900 ) ) ;
#133 = PLANE ( 'NONE',  #1898 ) ;
#134 = CARTESIAN_POINT ( 'NONE',  ( 13.25739895927000400, 4.028304841431753000, 0.5499999999999406500 ) ) ;
#135 =( NAMED_UNIT ( * ) PLANE_ANGLE_UNIT ( ) SI_UNIT ( $, .RADIAN. ) );
#136 = CARTESIAN_POINT ( 'NONE',  ( 13.31343929451704100, 3.694897433965185200, 0.5499999999999994900 ) ) ;
#137 = FILL_AREA_STYLE ('',( #34 ) ) ;
#138 = CARTESIAN_POINT ( 'NONE',  ( 13.27406213353751400, 4.056899098161789400, 0.7110116771160582800 ) ) ;
#139 = CARTESIAN_POINT ( 'NONE',  ( 13.48112130115074200, 3.738018729140905300, 0.5500000000000623300 ) ) ;
#140 = FILL_AREA_STYLE_COLOUR ( '', #2696 ) ;
#141 = CARTESIAN_POINT ( 'NONE',  ( 15.00000000000000000, 1.500000000000000000, 2.775166858996722700 ) ) ;
#142 = DIRECTION ( 'NONE',  ( -0.0000000000000000000, -1.000000000000000000, -0.0000000000000000000 ) ) ;
#143 = CARTESIAN_POINT ( 'NONE',  ( 13.45689909816179000, 3.874062133537514700, 0.7110116771160580600 ) ) ;
#144 = DIRECTION ( 'NONE',  ( 1.000000000000000000, 0.0000000000000000000, 0.0000000000000000000 ) ) ;
#145 = CARTESIAN_POINT ( 'NONE',  ( 13.01635887460146400, 3.913439295223932300, 0.5499999999999994900 ) ) ;
#146 =( LENGTH_UNIT ( ) NAMED_UNIT ( * ) SI_UNIT ( .MILLI., .METRE. ) );
#147 = CARTESIAN_POINT ( 'NONE',  ( 13.01635887460146500, 4.087296642787178400, 0.5499999999999994900 ) ) ;
#148 = CARTESIAN_POINT ( 'NONE',  ( 13.45689909816179000, -3.874062133537516100, 0.7110116771160585000 ) ) ;
#149 = CARTESIAN_POINT ( 'NONE',  ( 13.27406213353751400, -4.056899098161791200, 0.7110116771160585000 ) ) ;
#150 = DIRECTION ( 'NONE',  ( -1.000000000000000000, 0.0000000000000000000, -0.0000000000000000000 ) ) ;
#151 = SURFACE_SIDE_STYLE ('',( #2107 ) ) ;
#152 = DIRECTION ( 'NONE',  ( 0.0000000000000000000, 0.0000000000000000000, -1.000000000000000000 ) ) ;
#153 = CARTESIAN_POINT ( 'NONE',  ( 0.3127033572128286600, 3.913439295223932300, 0.7499999999999994400 ) ) ;
#154 = DIRECTION ( 'NONE',  ( 0.0000000000000000000, 0.0000000000000000000, -1.000000000000000000 ) ) ;
#155 = CARTESIAN_POINT ( 'NONE',  ( 15.00000000000000000, 1.500000000000000000, 3.475166858996722800 ) ) ;
#156 = PLANE ( 'NONE',  #1884 ) ;
#157 = DIRECTION ( 'NONE',  ( 0.0000000000000000000, -0.0000000000000000000, 1.000000000000000000 ) ) ;
#158 = CARTESIAN_POINT ( 'NONE',  ( 0.3127033572128286600, -3.913439295223932300, 0.7499999999999994400 ) ) ;
#159 = CARTESIAN_POINT ( 'NONE',  ( 15.00000000000000000, 1.500000000000000000, 2.475166858996722800 ) ) ;
#160 = CARTESIAN_POINT ( 'NONE',  ( 15.30000000000000100, 1.500000000000000000, 1.000000000000000000 ) ) ;
#161 =( LENGTH_UNIT ( ) NAMED_UNIT ( * ) SI_UNIT ( .MILLI., .METRE. ) );
#162 = PLANE ( 'NONE',  #1875 ) ;
#163 = CARTESIAN_POINT ( 'NONE',  ( 13.50000000000000000, 1.500000000000000000, 0.0000000000000000000 ) ) ;
#164 = FILL_AREA_STYLE ('',( #176 ) ) ;
#165 =( LENGTH_UNIT ( ) NAMED_UNIT ( * ) SI_UNIT ( .MILLI., .METRE. ) );
#166 = DIRECTION ( 'NONE',  ( 1.000000000000000000, 0.0000000000000000000, -0.0000000000000000000 ) ) ;
#167 = SURFACE_STYLE_USAGE ( .BOTH. , #102 ) ;
#168 = DIRECTION ( 'NONE',  ( -0.0000000000000000000, -1.000000000000000000, -0.0000000000000000000 ) ) ;
#169 = DIRECTION ( 'NONE',  ( 1.000000000000000000, 0.0000000000000000000, 0.0000000000000000000 ) ) ;
#170 = SURFACE_SIDE_STYLE ('',( #2371 ) ) ;
#171 = CARTESIAN_POINT ( 'NONE',  ( 13.01635887460146400, -4.087296642787181100, 0.5499999999999994900 ) ) ;
#172 = CARTESIAN_POINT ( 'NONE',  ( 15.00000000000000000, 1.500000000000000000, 2.475166858996722800 ) ) ;
#173 = SURFACE_STYLE_USAGE ( .BOTH. , #94 ) ;
#174 = DIRECTION ( 'NONE',  ( -0.0000000000000000000, 0.0000000000000000000, -1.000000000000000000 ) ) ;
#175 =( NAMED_UNIT ( * ) PLANE_ANGLE_UNIT ( ) SI_UNIT ( $, .RADIAN. ) );
#176 = FILL_AREA_STYLE_COLOUR ( '', #2074 ) ;
#177 =( NAMED_UNIT ( * ) SI_UNIT ( $, .STERADIAN. ) SOLID_ANGLE_UNIT ( ) );
#178 =( NAMED_UNIT ( * ) PLANE_ANGLE_UNIT ( ) SI_UNIT ( $, .RADIAN. ) );
#179 = CARTESIAN_POINT ( 'NONE',  ( 13.48729664278717700, 3.616358874601461400, 0.5499999999999994900 ) ) ;
#180 = DIRECTION ( 'NONE',  ( 0.0000000000000000000, 0.0000000000000000000, -1.000000000000000000 ) ) ;
#181 = CARTESIAN_POINT ( 'NONE',  ( 13.13801872914092400, 4.081121301150699500, 0.5499999999999996000 ) ) ;
#182 = DIRECTION ( 'NONE',  ( 1.000000000000000000, 0.0000000000000000000, 0.0000000000000000000 ) ) ;
#183 =( NAMED_UNIT ( * ) PLANE_ANGLE_UNIT ( ) SI_UNIT ( $, .RADIAN. ) );
#184 = FILL_AREA_STYLE_COLOUR ( '', #2096 ) ;
#185 =( NAMED_UNIT ( * ) SI_UNIT ( $, .STERADIAN. ) SOLID_ANGLE_UNIT ( ) );
#186 =( NAMED_UNIT ( * ) PLANE_ANGLE_UNIT ( ) SI_UNIT ( $, .RADIAN. ) );
#187 = CARTESIAN_POINT ( 'NONE',  ( 13.17192136037490100, -3.881623539149467600, 0.5499999999999994900 ) ) ;
#188 =( NAMED_UNIT ( * ) SI_UNIT ( $, .STERADIAN. ) SOLID_ANGLE_UNIT ( ) );
#189 = CARTESIAN_POINT ( 'NONE',  ( 13.25739895927017500, -4.028304841431719300, 0.5500000000000372400 ) ) ;
#190 = CARTESIAN_POINT ( 'NONE',  ( 13.51149290897224700, -3.616358874601464500, 0.7221653798079862300 ) ) ;
#191 =( LENGTH_UNIT ( ) NAMED_UNIT ( * ) SI_UNIT ( .MILLI., .METRE. ) );
#192 = CARTESIAN_POINT ( 'NONE',  ( 0.7836411253985446900, 3.913439295223932300, 0.5499999999999993800 ) ) ;
#193 = PLANE ( 'NONE',  #1913 ) ;
#194 = FILL_AREA_STYLE_COLOUR ( '', #2064 ) ;
#195 = DIRECTION ( 'NONE',  ( 0.0000000000000000000, 0.0000000000000000000, -1.000000000000000000 ) ) ;
#196 = DIRECTION ( 'NONE',  ( -1.000000000000000000, 0.0000000000000000000, -0.0000000000000000000 ) ) ;
#197 = DIRECTION ( 'NONE',  ( -1.000000000000000000, 0.0000000000000000000, 0.0000000000000000000 ) ) ;
#198 = FILL_AREA_STYLE ('',( #223 ) ) ;
#199 = FILL_AREA_STYLE ('',( #194 ) ) ;
#200 = SURFACE_SIDE_STYLE ('',( #2066 ) ) ;
#201 = SURFACE_STYLE_USAGE ( .BOTH. , #200 ) ;
#202 =( LENGTH_UNIT ( ) NAMED_UNIT ( * ) SI_UNIT ( .MILLI., .METRE. ) );
#203 =( NAMED_UNIT ( * ) PLANE_ANGLE_UNIT ( ) SI_UNIT ( $, .RADIAN. ) );
#204 =( NAMED_UNIT ( * ) SI_UNIT ( $, .STERADIAN. ) SOLID_ANGLE_UNIT ( ) );
#205 = CARTESIAN_POINT ( 'NONE',  ( 0.7836411253985448000, 4.087296642787179300, 0.5499999999999994900 ) ) ;
#206 = CARTESIAN_POINT ( 'NONE',  ( 0.7836411253985446900, 4.111492908972247000, 0.7221653798079870100 ) ) ;
#207 = CARTESIAN_POINT ( 'NONE',  ( 0.7051025660348242400, 3.913439294517311800, 0.5499999999999993800 ) ) ;
#208 = CARTESIAN_POINT ( 'NONE',  ( 0.6619812708591202900, 4.081121301150873600, 0.5499999999999826100 ) ) ;
#209 = CARTESIAN_POINT ( 'NONE',  ( 0.6537491160543402700, 4.110498110766276800, 0.7150870227733494600 ) ) ;
#210 = CARTESIAN_POINT ( 'NONE',  ( 0.6280786396250983600, 3.881623539149458700, 0.5499999999999993800 ) ) ;
#211 = CARTESIAN_POINT ( 'NONE',  ( 0.5426010407298811300, 4.028304841431720200, 0.5499999999999909400 ) ) ;
#212 = CARTESIAN_POINT ( 'NONE',  ( 0.5259378664624804200, 4.056899098161777900, 0.7110116771160576200 ) ) ;
#213 = CARTESIAN_POINT ( 'NONE',  ( 0.5183764608505474500, 3.771921360374908400, 0.5499999999999993800 ) ) ;
#214 = CARTESIAN_POINT ( 'NONE',  ( 0.3716951585682738400, 3.857398959270137400, 0.5500000000000078200 ) ) ;
#215 = CARTESIAN_POINT ( 'NONE',  ( 0.3431009018382288300, 3.874062133537526700, 0.7110116771160576200 ) ) ;
#216 = CARTESIAN_POINT ( 'NONE',  ( 0.4865607054827957300, 3.694897433965181700, 0.5499999999999993800 ) ) ;
#217 = CARTESIAN_POINT ( 'NONE',  ( 0.3188786988491999500, 3.738018729140874200, 0.5499999999999992700 ) ) ;
#218 = CARTESIAN_POINT ( 'NONE',  ( 0.2895018892337260000, 3.746250883945667200, 0.7150870227733711100 ) ) ;
#219 = CARTESIAN_POINT ( 'NONE',  ( 0.4865607047760734900, 3.616358874601461900, 0.5499999999999993800 ) ) ;
#220 = CARTESIAN_POINT ( 'NONE',  ( 0.3127033572128287700, 3.616358874601462300, 0.5499999999999992700 ) ) ;
#221 = CARTESIAN_POINT ( 'NONE',  ( 0.2885070910277595100, 3.616358874601462300, 0.7221653798079855600 ) ) ;
#222 = FILL_AREA_STYLE_COLOUR ( '', #1349 ) ;
#223 = FILL_AREA_STYLE_COLOUR ( '', #1346 ) ;
#224 = CARTESIAN_POINT ( 'NONE',  ( 13.48729664278717900, -3.913439295223932300, 5.500000000000000900 ) ) ;
#225 = SURFACE_SIDE_STYLE ('',( #1347 ) ) ;
#226 = SURFACE_STYLE_USAGE ( .BOTH. , #225 ) ;
#227 =( LENGTH_UNIT ( ) NAMED_UNIT ( * ) SI_UNIT ( .MILLI., .METRE. ) );
#228 =( NAMED_UNIT ( * ) PLANE_ANGLE_UNIT ( ) SI_UNIT ( $, .RADIAN. ) );
#229 =( NAMED_UNIT ( * ) SI_UNIT ( $, .STERADIAN. ) SOLID_ANGLE_UNIT ( ) );
#230 = DIRECTION ( 'NONE',  ( 0.0000000000000000000, 0.0000000000000000000, 1.000000000000000000 ) ) ;
#231 = CARTESIAN_POINT ( 'NONE',  ( 13.31343929522393300, -3.616358874601460500, 5.700000000000000200 ) ) ;
#232 = FILL_AREA_STYLE_COLOUR ( '', #1356 ) ;
#233 = FILL_AREA_STYLE ('',( #222 ) ) ;
#234 = SURFACE_SIDE_STYLE ('',( #1352 ) ) ;
#235 = SURFACE_STYLE_USAGE ( .BOTH. , #234 ) ;
#236 =( LENGTH_UNIT ( ) NAMED_UNIT ( * ) SI_UNIT ( .MILLI., .METRE. ) );
#237 =( NAMED_UNIT ( * ) PLANE_ANGLE_UNIT ( ) SI_UNIT ( $, .RADIAN. ) );
#238 =( NAMED_UNIT ( * ) SI_UNIT ( $, .STERADIAN. ) SOLID_ANGLE_UNIT ( ) );
#239 = CARTESIAN_POINT ( 'NONE',  ( 13.48729664278717700, -3.616358874601460500, 5.700000000000000200 ) ) ;
#240 = CARTESIAN_POINT ( 'NONE',  ( 13.51149290897224700, -3.616358874601460500, 5.527834620192013700 ) ) ;
#241 = CARTESIAN_POINT ( 'NONE',  ( 13.31343929451704100, -3.694897433965180800, 5.700000000000000200 ) ) ;
#242 = CARTESIAN_POINT ( 'NONE',  ( 13.48112130115080700, -3.738018729140864400, 5.699999999999933600 ) ) ;
#243 = CARTESIAN_POINT ( 'NONE',  ( 13.51049811076628000, -3.746250883945660100, 5.534912977226652800 ) ) ;
#244 = CARTESIAN_POINT ( 'NONE',  ( 13.28162353914945900, -3.771921360374907600, 5.700000000000000200 ) ) ;
#245 = CARTESIAN_POINT ( 'NONE',  ( 13.42830484143169500, -3.857398959270131700, 5.699999999999999300 ) ) ;
#246 = CARTESIAN_POINT ( 'NONE',  ( 13.45689909816177700, -3.874062133537526300, 5.538988322883941600 ) ) ;
#247 = CARTESIAN_POINT ( 'NONE',  ( 13.17192136037490800, -3.881623539149458700, 5.700000000000000200 ) ) ;
#248 = CARTESIAN_POINT ( 'NONE',  ( 13.25739895927017800, -4.028304841431713100, 5.700000000000001100 ) ) ;
#249 = CARTESIAN_POINT ( 'NONE',  ( 13.27406213353752700, -4.056899098161777900, 5.538988322883941600 ) ) ;
#250 = CARTESIAN_POINT ( 'NONE',  ( 13.09489743396517800, -3.913439294517310900, 5.700000000000000200 ) ) ;
#251 = CARTESIAN_POINT ( 'NONE',  ( 13.13801872914085300, -4.081121301150827400, 5.700000000000000200 ) ) ;
#252 = CARTESIAN_POINT ( 'NONE',  ( 13.14625088394566200, -4.110498110766282100, 5.534912977226613700 ) ) ;
#253 = CARTESIAN_POINT ( 'NONE',  ( 13.01635887460146200, -3.913439295223931400, 5.700000000000000200 ) ) ;
#254 = CARTESIAN_POINT ( 'NONE',  ( 13.01635887460146400, -4.087296642787177500, 5.700000000000001100 ) ) ;
#255 = CARTESIAN_POINT ( 'NONE',  ( 13.01635887460146200, -4.111492908972246100, 5.527834620192012800 ) ) ;
#256 = CARTESIAN_POINT ( 'NONE',  ( 0.4865607047760730500, 4.400000000000000400, 5.500000000000000900 ) ) ;
#257 = DIRECTION ( 'NONE',  ( 0.0000000000000000000, -1.000000000000000000, 0.0000000000000000000 ) ) ;
#258 = FILL_AREA_STYLE_COLOUR ( '', #1358 ) ;
#259 = FILL_AREA_STYLE ('',( #232 ) ) ;
#260 = SURFACE_SIDE_STYLE ('',( #1355 ) ) ;
#261 = SURFACE_STYLE_USAGE ( .BOTH. , #260 ) ;
#262 =( LENGTH_UNIT ( ) NAMED_UNIT ( * ) SI_UNIT ( .MILLI., .METRE. ) );
#263 =( NAMED_UNIT ( * ) PLANE_ANGLE_UNIT ( ) SI_UNIT ( $, .RADIAN. ) );
#264 =( NAMED_UNIT ( * ) SI_UNIT ( $, .STERADIAN. ) SOLID_ANGLE_UNIT ( ) );
#265 = DIRECTION ( 'NONE',  ( 0.0000000000000000000, 0.0000000000000000000, -1.000000000000000000 ) ) ;
#266 = CARTESIAN_POINT ( 'NONE',  ( 13.01635887460146200, 3.913439295223932300, 5.700000000000000200 ) ) ;
#267 = FILL_AREA_STYLE_COLOUR ( '', #1365 ) ;
#268 = FILL_AREA_STYLE ('',( #258 ) ) ;
#269 = SURFACE_SIDE_STYLE ('',( #1361 ) ) ;
#270 = SURFACE_STYLE_USAGE ( .BOTH. , #269 ) ;
#271 =( LENGTH_UNIT ( ) NAMED_UNIT ( * ) SI_UNIT ( .MILLI., .METRE. ) );
#272 =( NAMED_UNIT ( * ) PLANE_ANGLE_UNIT ( ) SI_UNIT ( $, .RADIAN. ) );
#273 =( NAMED_UNIT ( * ) SI_UNIT ( $, .STERADIAN. ) SOLID_ANGLE_UNIT ( ) );
#274 = CARTESIAN_POINT ( 'NONE',  ( 13.01635887460145800, 4.087296642787179300, 5.700000000000001100 ) ) ;
#275 = CARTESIAN_POINT ( 'NONE',  ( 13.01635887460146000, 4.111492908972247000, 5.527834620192012800 ) ) ;
#276 = CARTESIAN_POINT ( 'NONE',  ( 13.09489743396518500, 3.913439294517278000, 5.700000000000000200 ) ) ;
#277 = CARTESIAN_POINT ( 'NONE',  ( 13.13801872914085700, 4.081121301150803400, 5.700000000000000200 ) ) ;
#278 = CARTESIAN_POINT ( 'NONE',  ( 13.14625088394566700, 4.110498110766283900, 5.534912977226607500 ) ) ;
#279 = CARTESIAN_POINT ( 'NONE',  ( 13.17192136037490800, 3.881623539149459600, 5.700000000000000200 ) ) ;
#280 = CARTESIAN_POINT ( 'NONE',  ( 13.25739895927018500, 4.028304841431707800, 5.699999999999967300 ) ) ;
#281 = CARTESIAN_POINT ( 'NONE',  ( 13.27406213353752700, 4.056899098161777900, 5.538988322883942500 ) ) ;
#282 = CARTESIAN_POINT ( 'NONE',  ( 13.28162353914945900, 3.771921360374908400, 5.700000000000000200 ) ) ;
#283 = CARTESIAN_POINT ( 'NONE',  ( 13.42830484143169800, 3.857398959270125400, 5.700000000000033000 ) ) ;
#284 = CARTESIAN_POINT ( 'NONE',  ( 13.45689909816177700, 3.874062133537527600, 5.538988322883942500 ) ) ;
#285 = CARTESIAN_POINT ( 'NONE',  ( 13.31343929451704100, 3.694897433965180300, 5.700000000000000200 ) ) ;
#286 = CARTESIAN_POINT ( 'NONE',  ( 13.48112130115081400, 3.738018729140858600, 5.699999999999933600 ) ) ;
#287 = CARTESIAN_POINT ( 'NONE',  ( 13.51049811076628000, 3.746250883945669400, 5.534912977226650100 ) ) ;
#288 = CARTESIAN_POINT ( 'NONE',  ( 13.31343929522393300, 3.616358874601461900, 5.700000000000000200 ) ) ;
#289 = CARTESIAN_POINT ( 'NONE',  ( 13.48729664278717700, 3.616358874601461900, 5.700000000000000200 ) ) ;
#290 = CARTESIAN_POINT ( 'NONE',  ( 13.51149290897224700, 3.616358874601461900, 5.527834620192013700 ) ) ;
#291 = CARTESIAN_POINT ( 'NONE',  ( 13.48729664278717900, 3.913439295223932300, 5.500000000000000900 ) ) ;
#292 = DIRECTION ( 'NONE',  ( -1.000000000000000000, 0.0000000000000000000, 0.0000000000000000000 ) ) ;
#293 = FILL_AREA_STYLE_COLOUR ( '', #1367 ) ;
#294 = FILL_AREA_STYLE ('',( #267 ) ) ;
#295 = SURFACE_SIDE_STYLE ('',( #1364 ) ) ;
#296 = SURFACE_STYLE_USAGE ( .BOTH. , #295 ) ;
#297 =( LENGTH_UNIT ( ) NAMED_UNIT ( * ) SI_UNIT ( .MILLI., .METRE. ) );
#298 =( NAMED_UNIT ( * ) PLANE_ANGLE_UNIT ( ) SI_UNIT ( $, .RADIAN. ) );
#299 =( NAMED_UNIT ( * ) SI_UNIT ( $, .STERADIAN. ) SOLID_ANGLE_UNIT ( ) );
#300 = DIRECTION ( 'NONE',  ( 0.0000000000000000000, 0.0000000000000000000, 1.000000000000000000 ) ) ;
#301 = CARTESIAN_POINT ( 'NONE',  ( 13.31343929522393300, 4.400000000000000400, 5.500000000000000900 ) ) ;
#302 = DIRECTION ( 'NONE',  ( 0.0000000000000000000, -1.000000000000000000, 0.0000000000000000000 ) ) ;
#303 = FILL_AREA_STYLE_COLOUR ( '', #1372 ) ;
#304 = FILL_AREA_STYLE ('',( #293 ) ) ;
#305 = SURFACE_SIDE_STYLE ('',( #1370 ) ) ;
#306 = SURFACE_STYLE_USAGE ( .BOTH. , #305 ) ;
#307 =( LENGTH_UNIT ( ) NAMED_UNIT ( * ) SI_UNIT ( .MILLI., .METRE. ) );
#308 =( NAMED_UNIT ( * ) PLANE_ANGLE_UNIT ( ) SI_UNIT ( $, .RADIAN. ) );
#309 =( NAMED_UNIT ( * ) SI_UNIT ( $, .STERADIAN. ) SOLID_ANGLE_UNIT ( ) );
#310 = DIRECTION ( 'NONE',  ( 0.0000000000000000000, 0.0000000000000000000, -1.000000000000000000 ) ) ;
#311 = CARTESIAN_POINT ( 'NONE',  ( 0.4865607047760736000, 3.616358874601461900, 5.700000000000000200 ) ) ;
#312 = FILL_AREA_STYLE ('',( #303 ) ) ;
#313 = SURFACE_SIDE_STYLE ('',( #1375 ) ) ;
#314 = SURFACE_STYLE_USAGE ( .BOTH. , #313 ) ;
#315 = LINE ( 'NONE', #665, #316 ) ;
#316 = VECTOR ( 'NONE', #671, 1000.000000000000000 ) ;
#317 = LINE ( 'NONE', #678, #320 ) ;
#318 = LINE ( 'NONE', #659, #319 ) ;
#319 = VECTOR ( 'NONE', #673, 1000.000000000000100 ) ;
#320 = VECTOR ( 'NONE', #682, 1000.000000000000000 ) ;
#321 = LINE ( 'NONE', #683, #326 ) ;
#322 = LINE ( 'NONE', #704, #333 ) ;
#323 = LINE ( 'NONE', #676, #324 ) ;
#324 = VECTOR ( 'NONE', #685, 1000.000000000000000 ) ;
#325 = LINE ( 'NONE', #688, #328 ) ;
#326 = VECTOR ( 'NONE', #687, 1000.000000000000100 ) ;
#327 = LINE ( 'NONE', #690, #330 ) ;
#328 = VECTOR ( 'NONE', #689, 1000.000000000000000 ) ;
#329 = LINE ( 'NONE', #692, #331 ) ;
#330 = VECTOR ( 'NONE', #691, 1000.000000000000000 ) ;
#331 = VECTOR ( 'NONE', #693, 1000.000000000000000 ) ;
#332 = LINE ( 'NONE', #710, #334 ) ;
#333 = VECTOR ( 'NONE', #707, 1000.000000000000000 ) ;
#334 = VECTOR ( 'NONE', #720, 1000.000000000000000 ) ;
#335 = COLOUR_RGB ( '',0.7921568627450980000, 0.8196078431372548800, 0.9333333333333333500 ) ;
#336 = SURFACE_STYLE_FILL_AREA ( #712 ) ;
#337 = PRESENTATION_STYLE_ASSIGNMENT (( #714 ) ) ;
#338 = LINE ( 'NONE', #733, #339 ) ;
#339 = VECTOR ( 'NONE', #735, 1000.000000000000000 ) ;
#340 = LINE ( 'NONE', #727, #342 ) ;
#341 = LINE ( 'NONE', #743, #344 ) ;
#342 = VECTOR ( 'NONE', #736, 1000.000000000000000 ) ;
#343 = LINE ( 'NONE', #741, #349 ) ;
#344 = VECTOR ( 'NONE', #745, 1000.000000000000000 ) ;
#345 = LINE ( 'NONE', #747, #347 ) ;
#346 = LINE ( 'NONE', #746, #351 ) ;
#347 = VECTOR ( 'NONE', #749, 1000.000000000000000 ) ;
#348 = LINE ( 'NONE', #748, #355 ) ;
#349 = VECTOR ( 'NONE', #750, 1000.000000000000000 ) ;
#350 = LINE ( 'NONE', #753, #353 ) ;
#351 = VECTOR ( 'NONE', #752, 1000.000000000000000 ) ;
#352 = LINE ( 'NONE', #758, #356 ) ;
#353 = VECTOR ( 'NONE', #755, 1000.000000000000000 ) ;
#354 = LINE ( 'NONE', #751, #359 ) ;
#355 = VECTOR ( 'NONE', #756, 1000.000000000000000 ) ;
#356 = VECTOR ( 'NONE', #761, 1000.000000000000000 ) ;
#357 = LINE ( 'NONE', #773, #362 ) ;
#358 = LINE ( 'NONE', #765, #361 ) ;
#359 = VECTOR ( 'NONE', #764, 1000.000000000000100 ) ;
#360 = LINE ( 'NONE', #767, #363 ) ;
#361 = VECTOR ( 'NONE', #766, 1000.000000000000000 ) ;
#362 = VECTOR ( 'NONE', #775, 1000.000000000000000 ) ;
#363 = VECTOR ( 'NONE', #768, 1000.000000000000000 ) ;
#364 = VECTOR ( 'NONE', #875, 1000.000000000000100 ) ;
#365 = LINE ( 'NONE', #945, #377 ) ;
#366 = LINE ( 'NONE', #947, #379 ) ;
#367 = LINE ( 'NONE', #876, #372 ) ;
#368 = LINE ( 'NONE', #937, #376 ) ;
#369 = LINE ( 'NONE', #874, #364 ) ;
#370 = VECTOR ( 'NONE', #946, 1000.000000000000200 ) ;
#371 = VECTOR ( 'NONE', #944, 1000.000000000000100 ) ;
#372 = VECTOR ( 'NONE', #879, 1000.000000000000000 ) ;
#373 = LINE ( 'NONE', #936, #370 ) ;
#374 = LINE ( 'NONE', #941, #371 ) ;
#375 = LINE ( 'NONE', #949, #380 ) ;
#376 = VECTOR ( 'NONE', #948, 1000.000000000000100 ) ;
#377 = VECTOR ( 'NONE', #950, 1000.000000000000000 ) ;
#378 = LINE ( 'NONE', #951, #382 ) ;
#379 = VECTOR ( 'NONE', #952, 1000.000000000000000 ) ;
#380 = VECTOR ( 'NONE', #953, 1000.000000000000200 ) ;
#381 = LINE ( 'NONE', #956, #384 ) ;
#382 = VECTOR ( 'NONE', #955, 999.9999999999998900 ) ;
#383 = LINE ( 'NONE', #959, #394 ) ;
#384 = VECTOR ( 'NONE', #958, 1000.000000000000000 ) ;
#385 = LINE ( 'NONE', #962, #387 ) ;
#386 = LINE ( 'NONE', #964, #389 ) ;
#387 = VECTOR ( 'NONE', #963, 1000.000000000000000 ) ;
#388 = LINE ( 'NONE', #966, #391 ) ;
#389 = VECTOR ( 'NONE', #965, 1000.000000000000000 ) ;
#390 = LINE ( 'NONE', #968, #392 ) ;
#391 = VECTOR ( 'NONE', #967, 1000.000000000000000 ) ;
#392 = VECTOR ( 'NONE', #970, 1000.000000000000000 ) ;
#393 = LINE ( 'NONE', #985, #409 ) ;
#394 = VECTOR ( 'NONE', #971, 1000.000000000000000 ) ;
#395 = LINE ( 'NONE', #977, #397 ) ;
#396 = LINE ( 'NONE', #979, #399 ) ;
#397 = VECTOR ( 'NONE', #978, 1000.000000000000000 ) ;
#398 = LINE ( 'NONE', #981, #401 ) ;
#399 = VECTOR ( 'NONE', #980, 1000.000000000000000 ) ;
#400 = LINE ( 'NONE', #983, #402 ) ;
#401 = VECTOR ( 'NONE', #982, 1000.000000000000000 ) ;
#402 = VECTOR ( 'NONE', #984, 1000.000000000000000 ) ;
#403 = LINE ( 'NONE', #989, #405 ) ;
#404 = LINE ( 'NONE', #991, #407 ) ;
#405 = VECTOR ( 'NONE', #990, 1000.000000000000000 ) ;
#406 = LINE ( 'NONE', #1026, #438 ) ;
#407 = VECTOR ( 'NONE', #993, 1000.000000000000000 ) ;
#408 = LINE ( 'NONE', #995, #411 ) ;
#409 = VECTOR ( 'NONE', #994, 1000.000000000000000 ) ;
#410 = LINE ( 'NONE', #997, #413 ) ;
#411 = VECTOR ( 'NONE', #996, 1000.000000000000000 ) ;
#412 = LINE ( 'NONE', #999, #415 ) ;
#413 = VECTOR ( 'NONE', #998, 1000.000000000000000 ) ;
#414 = CIRCLE ( 'NONE', #2888, 0.2000000000000000900 ) ;
#415 = VECTOR ( 'NONE', #1000, 1000.000000000000000 ) ;
#416 = LINE ( 'NONE', #992, #418 ) ;
#417 = LINE ( 'NONE', #1004, #420 ) ;
#418 = VECTOR ( 'NONE', #986, 1000.000000000000000 ) ;
#419 = LINE ( 'NONE', #1006, #422 ) ;
#420 = VECTOR ( 'NONE', #1005, 1000.000000000000000 ) ;
#421 = LINE ( 'NONE', #1008, #424 ) ;
#422 = VECTOR ( 'NONE', #1007, 999.9999999999998900 ) ;
#423 = LINE ( 'NONE', #1010, #426 ) ;
#424 = VECTOR ( 'NONE', #1009, 1000.000000000000000 ) ;
#425 = CIRCLE ( 'NONE', #1937, 0.1999999999999999800 ) ;
#426 = VECTOR ( 'NONE', #1011, 1000.000000000000000 ) ;
#427 = CIRCLE ( 'NONE', #1938, 0.2999999999999999300 ) ;
#428 = LINE ( 'NONE', #1012, #430 ) ;
#429 = CIRCLE ( 'NONE', #1939, 0.2999999999999999300 ) ;
#430 = VECTOR ( 'NONE', #1013, 1000.000000000000000 ) ;
#431 = CIRCLE ( 'NONE', #1940, 1.000000000000000400 ) ;
#432 = LINE ( 'NONE', #1020, #434 ) ;
#433 = LINE ( 'NONE', #1030, #436 ) ;
#434 = VECTOR ( 'NONE', #1021, 1000.000000000000000 ) ;
#435 = LINE ( 'NONE', #1069, #459 ) ;
#436 = VECTOR ( 'NONE', #1032, 1000.000000000000000 ) ;
#437 = CIRCLE ( 'NONE', #1941, 0.1999999999999996500 ) ;
#438 = VECTOR ( 'NONE', #1033, 1000.000000000000000 ) ;
#439 = LINE ( 'NONE', #1031, #441 ) ;
#440 = LINE ( 'NONE', #1037, #443 ) ;
#441 = VECTOR ( 'NONE', #1025, 1000.000000000000000 ) ;
#442 = CIRCLE ( 'NONE', #1942, 0.2999999999999999300 ) ;
#443 = VECTOR ( 'NONE', #1038, 1000.000000000000000 ) ;
#444 = CIRCLE ( 'NONE', #1943, 0.1999999999999999800 ) ;
#445 = CIRCLE ( 'NONE', #1944, 0.2999999999999999300 ) ;
#446 = LINE ( 'NONE', #1042, #448 ) ;
#447 = CIRCLE ( 'NONE', #1945, 1.000000000000000400 ) ;
#448 = VECTOR ( 'NONE', #1043, 1000.000000000000000 ) ;
#449 = CIRCLE ( 'NONE', #1946, 1.000000000000000400 ) ;
#450 = CIRCLE ( 'NONE', #1947, 1.000000000000000400 ) ;
#451 = LINE ( 'NONE', #1053, #452 ) ;
#452 = VECTOR ( 'NONE', #1054, 1000.000000000000000 ) ;
#453 = LINE ( 'NONE', #1067, #454 ) ;
#454 = VECTOR ( 'NONE', #1068, 1000.000000000000000 ) ;
#455 = LINE ( 'NONE', #1073, #457 ) ;
#456 = LINE ( 'NONE', #1070, #467 ) ;
#457 = VECTOR ( 'NONE', #1075, 1000.000000000000000 ) ;
#458 = LINE ( 'NONE', #1077, #461 ) ;
#459 = VECTOR ( 'NONE', #1076, 1000.000000000000000 ) ;
#460 = LINE ( 'NONE', #1079, #463 ) ;
#461 = VECTOR ( 'NONE', #1078, 1000.000000000000000 ) ;
#462 = LINE ( 'NONE', #1081, #465 ) ;
#463 = VECTOR ( 'NONE', #1080, 1000.000000000000000 ) ;
#464 = LINE ( 'NONE', #1090, #472 ) ;
#465 = VECTOR ( 'NONE', #1083, 1000.000000000000000 ) ;
#466 = LINE ( 'NONE', #1085, #469 ) ;
#467 = VECTOR ( 'NONE', #1084, 1000.000000000000000 ) ;
#468 = LINE ( 'NONE', #1087, #470 ) ;
#469 = VECTOR ( 'NONE', #1086, 1000.000000000000000 ) ;
#470 = VECTOR ( 'NONE', #1088, 1000.000000000000000 ) ;
#471 = LINE ( 'NONE', #1101, #480 ) ;
#472 = VECTOR ( 'NONE', #1094, 1000.000000000000000 ) ;
#473 = LINE ( 'NONE', #1099, #474 ) ;
#474 = VECTOR ( 'NONE', #1100, 1000.000000000000000 ) ;
#475 = LINE ( 'NONE', #1105, #477 ) ;
#476 = LINE ( 'NONE', #1107, #479 ) ;
#477 = VECTOR ( 'NONE', #1106, 1000.000000000000000 ) ;
#478 = LINE ( 'NONE', #1111, #486 ) ;
#479 = VECTOR ( 'NONE', #1109, 1000.000000000000000 ) ;
#480 = VECTOR ( 'NONE', #1110, 1000.000000000000200 ) ;
#481 = LINE ( 'NONE', #1115, #483 ) ;
#482 = LINE ( 'NONE', #1117, #484 ) ;
#483 = VECTOR ( 'NONE', #1116, 1000.000000000000200 ) ;
#484 = VECTOR ( 'NONE', #1118, 1000.000000000000000 ) ;
#485 = LINE ( 'NONE', #1120, #488 ) ;
#486 = VECTOR ( 'NONE', #1119, 1000.000000000000000 ) ;
#487 = LINE ( 'NONE', #1122, #490 ) ;
#488 = VECTOR ( 'NONE', #1121, 1000.000000000000200 ) ;
#489 = LINE ( 'NONE', #1124, #492 ) ;
#490 = VECTOR ( 'NONE', #1123, 1000.000000000000000 ) ;
#491 = LINE ( 'NONE', #1126, #494 ) ;
#492 = VECTOR ( 'NONE', #1125, 1000.000000000000000 ) ;
#493 = LINE ( 'NONE', #1128, #496 ) ;
#494 = VECTOR ( 'NONE', #1127, 1000.000000000000000 ) ;
#495 = LINE ( 'NONE', #1130, #498 ) ;
#496 = VECTOR ( 'NONE', #1129, 1000.000000000000000 ) ;
#497 = LINE ( 'NONE', #1132, #500 ) ;
#498 = VECTOR ( 'NONE', #1131, 1000.000000000000100 ) ;
#499 = LINE ( 'NONE', #1134, #502 ) ;
#500 = VECTOR ( 'NONE', #1133, 1000.000000000000200 ) ;
#501 = LINE ( 'NONE', #1136, #504 ) ;
#502 = VECTOR ( 'NONE', #1135, 1000.000000000000000 ) ;
#503 = CIRCLE ( 'NONE', #1948, 0.1999999999999996500 ) ;
#504 = VECTOR ( 'NONE', #1137, 1000.000000000000200 ) ;
#505 = LINE ( 'NONE', #1146, #507 ) ;
#506 = LINE ( 'NONE', #1148, #509 ) ;
#507 = VECTOR ( 'NONE', #1147, 1000.000000000000000 ) ;
#508 = LINE ( 'NONE', #1150, #510 ) ;
#509 = VECTOR ( 'NONE', #1149, 1000.000000000000000 ) ;
#510 = VECTOR ( 'NONE', #1151, 1000.000000000000100 ) ;
#511 = LINE ( 'NONE', #1156, #512 ) ;
#512 = VECTOR ( 'NONE', #1157, 1000.000000000000000 ) ;
#513 = LINE ( 'NONE', #1162, #515 ) ;
#514 = LINE ( 'NONE', #1164, #516 ) ;
#515 = VECTOR ( 'NONE', #1163, 1000.000000000000000 ) ;
#516 = VECTOR ( 'NONE', #1165, 1000.000000000000000 ) ;
#517 = CIRCLE ( 'NONE', #1949, 0.2000000000000000900 ) ;
#518 = LINE ( 'NONE', #1167, #519 ) ;
#519 = VECTOR ( 'NONE', #1166, 1000.000000000000000 ) ;
#520 = LINE ( 'NONE', #1177, #522 ) ;
#521 = LINE ( 'NONE', #1179, #524 ) ;
#522 = VECTOR ( 'NONE', #1178, 1000.000000000000000 ) ;
#523 = LINE ( 'NONE', #1181, #526 ) ;
#524 = VECTOR ( 'NONE', #1180, 1000.000000000000000 ) ;
#525 = LINE ( 'NONE', #1183, #528 ) ;
#526 = VECTOR ( 'NONE', #1182, 1000.000000000000200 ) ;
#527 = LINE ( 'NONE', #1185, #530 ) ;
#528 = VECTOR ( 'NONE', #1184, 1000.000000000000000 ) ;
#529 = COLOUR_RGB ( '',0.7921568627450980000, 0.8196078431372548800, 0.9333333333333333500 ) ;
#530 = VECTOR ( 'NONE', #1186, 1000.000000000000000 ) ;
#531 = SURFACE_STYLE_FILL_AREA ( #1193 ) ;
#532 = PRESENTATION_STYLE_ASSIGNMENT (( #1195 ) ) ;
#533 = SHAPE_DEFINITION_REPRESENTATION ( #2706, #1236 ) ;
#534 = ADVANCED_FACE ( 'NONE', ( #2367 ), #2081, .T. ) ;
#535 = ADVANCED_FACE ( 'NONE', ( #2078 ), #2061, .T. ) ;
#536 = ADVANCED_FACE ( 'NONE', ( #2072, #2090 ), #2086, .T. ) ;
#537 = ADVANCED_FACE ( 'NONE', ( #2069 ), #162, .F. ) ;
#538 = ADVANCED_FACE ( 'NONE', ( #2084 ), #2089, .T. ) ;
#539 = ADVANCED_FACE ( 'NONE', ( #2076 ), #97, .T. ) ;
#540 = ADVANCED_FACE ( 'NONE', ( #2088 ), #2075, .T. ) ;
#541 = ADVANCED_FACE ( 'NONE', ( #2073 ), #120, .T. ) ;
#542 = ADVANCED_FACE ( 'NONE', ( #2079 ), #156, .T. ) ;
#543 = ADVANCED_FACE ( 'NONE', ( #2099 ), #2103, .T. ) ;
#544 = ADVANCED_FACE ( 'NONE', ( #2094 ), #2008, .T. ) ;
#545 = ADVANCED_FACE ( 'NONE', ( #2101 ), #112, .T. ) ;
#546 = ADVANCED_FACE ( 'NONE', ( #2093 ), #98, .T. ) ;
#547 = ADVANCED_FACE ( 'NONE', ( #2106 ), #2097, .F. ) ;
#548 = ADVANCED_FACE ( 'NONE', ( #2104 ), #2100, .F. ) ;
#549 = ADVANCED_FACE ( 'NONE', ( #2095 ), #2019, .T. ) ;
#550 = ADVANCED_FACE ( 'NONE', ( #2704 ), #133, .F. ) ;
#551 = ADVANCED_FACE ( 'NONE', ( #2703 ), #2699, .T. ) ;
#552 = ADVANCED_FACE ( 'NONE', ( #2695 ), #2045, .T. ) ;
#553 = ADVANCED_FACE ( 'NONE', ( #2014 ), #2213, .T. ) ;
#554 = ADVANCED_FACE ( 'NONE', ( #2067 ), #193, .F. ) ;
#555 = ADVANCED_FACE ( 'NONE', ( #2065 ), #2327, .T. ) ;
#556 = SURFACE_SIDE_STYLE ('',( #1292 ) ) ;
#557 = SURFACE_STYLE_USAGE ( .BOTH. , #556 ) ;
#558 =( LENGTH_UNIT ( ) NAMED_UNIT ( * ) SI_UNIT ( .MILLI., .METRE. ) );
#559 =( NAMED_UNIT ( * ) PLANE_ANGLE_UNIT ( ) SI_UNIT ( $, .RADIAN. ) );
#560 =( NAMED_UNIT ( * ) SI_UNIT ( $, .STERADIAN. ) SOLID_ANGLE_UNIT ( ) );
#561 = DIRECTION ( 'NONE',  ( 0.1378445374916294800, -0.1378445374916254200, 0.9808148484639895900 ) ) ;
#562 = DIRECTION ( 'NONE',  ( 0.9902680687415702500, 0.0000000000000000000, -0.1391731009600662700 ) ) ;
#563 = CARTESIAN_POINT ( 'NONE',  ( 0.9596974045231980700, -3.440302595476817200, 6.710953587631131300 ) ) ;
#564 = DIRECTION ( 'NONE',  ( -0.1378445374916320000, -0.1378445374916253700, -0.9808148484639892500 ) ) ;
#565 = FILL_AREA_STYLE_COLOUR ( '', #1299 ) ;
#566 = FILL_AREA_STYLE ('',( #2010 ) ) ;
#567 = SURFACE_SIDE_STYLE ('',( #1297 ) ) ;
#568 = SURFACE_STYLE_USAGE ( .BOTH. , #567 ) ;
#569 =( LENGTH_UNIT ( ) NAMED_UNIT ( * ) SI_UNIT ( .MILLI., .METRE. ) );
#570 =( NAMED_UNIT ( * ) PLANE_ANGLE_UNIT ( ) SI_UNIT ( $, .RADIAN. ) );
#571 =( NAMED_UNIT ( * ) SI_UNIT ( $, .STERADIAN. ) SOLID_ANGLE_UNIT ( ) );
#572 = DIRECTION ( 'NONE',  ( -0.9902680687415698100, 0.0000000000000000000, 0.1391731009600695200 ) ) ;
#573 = CARTESIAN_POINT ( 'NONE',  ( 0.5000000000000000000, -3.899999999999999900, 3.474999999999999600 ) ) ;
#574 = DIRECTION ( 'NONE',  ( 5.808225693231324600E-017, 0.0000000000000000000, -1.000000000000000000 ) ) ;
#575 = FILL_AREA_STYLE_COLOUR ( '', #1304 ) ;
#576 = FILL_AREA_STYLE ('',( #565 ) ) ;
#577 = SURFACE_SIDE_STYLE ('',( #1302 ) ) ;
#578 = SURFACE_STYLE_USAGE ( .BOTH. , #577 ) ;
#579 =( LENGTH_UNIT ( ) NAMED_UNIT ( * ) SI_UNIT ( .MILLI., .METRE. ) );
#580 =( NAMED_UNIT ( * ) PLANE_ANGLE_UNIT ( ) SI_UNIT ( $, .RADIAN. ) );
#581 =( NAMED_UNIT ( * ) SI_UNIT ( $, .STERADIAN. ) SOLID_ANGLE_UNIT ( ) );
#582 = DIRECTION ( 'NONE',  ( -1.000000000000000000, 0.0000000000000000000, 0.0000000000000000000 ) ) ;
#583 = CARTESIAN_POINT ( 'NONE',  ( 0.6529357602358022400, -3.747064239764196900, 1.721768928120144500 ) ) ;
#584 = DIRECTION ( 'NONE',  ( 0.1378445374916319700, 0.1378445374916253700, -0.9808148484639892500 ) ) ;
#585 = CARTESIAN_POINT ( 'NONE',  ( 15.00000000000000000, 1.500000000000000000, 2.475166858996722800 ) ) ;
#586 = FILL_AREA_STYLE ('',( #575 ) ) ;
#587 = SURFACE_SIDE_STYLE ('',( #1307 ) ) ;
#588 = SURFACE_STYLE_USAGE ( .BOTH. , #587 ) ;
#589 =( LENGTH_UNIT ( ) NAMED_UNIT ( * ) SI_UNIT ( .MILLI., .METRE. ) );
#590 =( NAMED_UNIT ( * ) PLANE_ANGLE_UNIT ( ) SI_UNIT ( $, .RADIAN. ) );
#591 =( NAMED_UNIT ( * ) SI_UNIT ( $, .STERADIAN. ) SOLID_ANGLE_UNIT ( ) );
#592 = DIRECTION ( 'NONE',  ( -0.9902680687415698100, 0.0000000000000000000, -0.1391731009600686600 ) ) ;
#593 = DIRECTION ( 'NONE',  ( 1.000000000000000000, 0.0000000000000000000, 0.0000000000000000000 ) ) ;
#594 = PLANE ( 'NONE',  #2863 ) ;
#595 = FILL_AREA_STYLE_COLOUR ( '', #1314 ) ;
#596 = DIRECTION ( 'NONE',  ( 0.0000000000000000000, -1.000000000000000000, -0.0000000000000000000 ) ) ;
#597 = DIRECTION ( 'NONE',  ( -1.000000000000000000, 0.0000000000000000000, -0.0000000000000000000 ) ) ;
#598 = CARTESIAN_POINT ( 'NONE',  ( 0.3127033572128286600, -3.913439295223932300, 0.7499999999999994400 ) ) ;
#599 = FILL_AREA_STYLE ('',( #595 ) ) ;
#600 = SURFACE_SIDE_STYLE ('',( #1311 ) ) ;
#601 = SURFACE_STYLE_USAGE ( .BOTH. , #600 ) ;
#602 =( LENGTH_UNIT ( ) NAMED_UNIT ( * ) SI_UNIT ( .MILLI., .METRE. ) );
#603 =( NAMED_UNIT ( * ) PLANE_ANGLE_UNIT ( ) SI_UNIT ( $, .RADIAN. ) );
#604 =( NAMED_UNIT ( * ) SI_UNIT ( $, .STERADIAN. ) SOLID_ANGLE_UNIT ( ) );
#605 = DIRECTION ( 'NONE',  ( 0.0000000000000000000, 0.0000000000000000000, -1.000000000000000000 ) ) ;
#606 = DIRECTION ( 'NONE',  ( -0.0000000000000000000, -1.000000000000000000, -0.0000000000000000000 ) ) ;
#607 = CARTESIAN_POINT ( 'NONE',  ( 15.00000000000000000, 1.500000000000000000, 3.475166858996723300 ) ) ;
#608 = DIRECTION ( 'NONE',  ( -0.0000000000000000000, -1.000000000000000000, -0.0000000000000000000 ) ) ;
#609 = CARTESIAN_POINT ( 'NONE',  ( 0.4865607047760734900, 3.616358874601461400, 5.500000000000000900 ) ) ;
#610 = DIRECTION ( 'NONE',  ( 0.0000000000000000000, 1.000000000000000000, 0.0000000000000000000 ) ) ;
#611 = DIRECTION ( 'NONE',  ( 0.0000000000000000000, 0.0000000000000000000, 1.000000000000000000 ) ) ;
#612 = CARTESIAN_POINT ( 'NONE',  ( 13.31343929522393300, 3.616358874601461000, 0.7499999999999995600 ) ) ;
#613 = DIRECTION ( 'NONE',  ( 0.0000000000000000000, 1.000000000000000000, 0.0000000000000000000 ) ) ;
#614 = DIRECTION ( 'NONE',  ( 0.0000000000000000000, 0.0000000000000000000, 1.000000000000000000 ) ) ;
#615 = CARTESIAN_POINT ( 'NONE',  ( 16.00000000000000000, 1.500000000000000000, 2.475166858996722800 ) ) ;
#616 = CARTESIAN_POINT ( 'NONE',  ( 0.4865607047760736000, -3.616358874601462300, 5.500000000000000000 ) ) ;
#617 = DIRECTION ( 'NONE',  ( 0.0000000000000000000, 1.000000000000000000, -0.0000000000000000000 ) ) ;
#618 = DIRECTION ( 'NONE',  ( 0.0000000000000000000, 0.0000000000000000000, 1.000000000000000000 ) ) ;
#619 = DIRECTION ( 'NONE',  ( -0.0000000000000000000, -1.000000000000000000, -0.0000000000000000000 ) ) ;
#620 = CARTESIAN_POINT ( 'NONE',  ( 0.4865607047760734400, 3.616358874601461400, 0.7499999999999994400 ) ) ;
#621 = DIRECTION ( 'NONE',  ( 0.0000000000000000000, 1.000000000000000000, 0.0000000000000000000 ) ) ;
#622 = DIRECTION ( 'NONE',  ( 0.0000000000000000000, 0.0000000000000000000, 1.000000000000000000 ) ) ;
#623 = CARTESIAN_POINT ( 'NONE',  ( 0.7836411253985445800, -3.913439295223932300, 0.7499999999999994400 ) ) ;
#624 = DIRECTION ( 'NONE',  ( -1.000000000000000000, 0.0000000000000000000, -0.0000000000000000000 ) ) ;
#625 = DIRECTION ( 'NONE',  ( 0.0000000000000000000, 0.0000000000000000000, 1.000000000000000000 ) ) ;
#626 = CARTESIAN_POINT ( 'NONE',  ( 0.7836411253985446900, 3.913439295223932300, 0.7499999999999994400 ) ) ;
#627 = DIRECTION ( 'NONE',  ( 1.000000000000000000, 0.0000000000000000000, 0.0000000000000000000 ) ) ;
#628 = DIRECTION ( 'NONE',  ( 0.0000000000000000000, 0.0000000000000000000, -1.000000000000000000 ) ) ;
#629 = CARTESIAN_POINT ( 'NONE',  ( 0.7836411253985449100, -3.913439295223933200, 5.500000000000000900 ) ) ;
#630 = DIRECTION ( 'NONE',  ( 1.000000000000000000, 0.0000000000000000000, -0.0000000000000000000 ) ) ;
#631 = DIRECTION ( 'NONE',  ( 0.0000000000000000000, 0.0000000000000000000, -1.000000000000000000 ) ) ;
#632 = CARTESIAN_POINT ( 'NONE',  ( 13.01635887460146200, -3.913439295223933200, 0.7499999999999993300 ) ) ;
#633 = DIRECTION ( 'NONE',  ( 1.000000000000000000, 0.0000000000000000000, 0.0000000000000000000 ) ) ;
#634 = DIRECTION ( 'NONE',  ( 0.0000000000000000000, 0.0000000000000000000, -1.000000000000000000 ) ) ;
#635 = CARTESIAN_POINT ( 'NONE',  ( 13.31343929522393300, -3.616358874601462800, 0.7499999999999995600 ) ) ;
#636 = DIRECTION ( 'NONE',  ( 0.0000000000000000000, 1.000000000000000000, 0.0000000000000000000 ) ) ;
#637 = DIRECTION ( 'NONE',  ( 0.0000000000000000000, 0.0000000000000000000, 1.000000000000000000 ) ) ;
#638 = CARTESIAN_POINT ( 'NONE',  ( 0.4865607047760734400, -3.616358874601460500, 0.7499999999999994400 ) ) ;
#639 = DIRECTION ( 'NONE',  ( 0.0000000000000000000, 1.000000000000000000, 0.0000000000000000000 ) ) ;
#640 = DIRECTION ( 'NONE',  ( 0.0000000000000000000, 0.0000000000000000000, 1.000000000000000000 ) ) ;
#641 = CARTESIAN_POINT ( 'NONE',  ( 13.01635887460146400, 3.913439295223932300, 0.7499999999999994400 ) ) ;
#642 = DIRECTION ( 'NONE',  ( -1.000000000000000000, 0.0000000000000000000, 0.0000000000000000000 ) ) ;
#643 = DIRECTION ( 'NONE',  ( 0.0000000000000000000, 0.0000000000000000000, 1.000000000000000000 ) ) ;
#644 = CARTESIAN_POINT ( 'NONE',  ( 15.30000000000000100, 1.500000000000000000, 1.000000000000000000 ) ) ;
#645 = CARTESIAN_POINT ( 'NONE',  ( 13.01635887460146200, -3.913439295223932300, 5.500000000000000900 ) ) ;
#646 = DIRECTION ( 'NONE',  ( 1.000000000000000000, 0.0000000000000000000, -0.0000000000000000000 ) ) ;
#647 = DIRECTION ( 'NONE',  ( 0.0000000000000000000, 0.0000000000000000000, -1.000000000000000000 ) ) ;
#648 = DIRECTION ( 'NONE',  ( -0.0000000000000000000, -1.000000000000000000, -0.0000000000000000000 ) ) ;
#649 = CARTESIAN_POINT ( 'NONE',  ( 15.29999999999999900, 1.500000000000000000, 2.475166858996722800 ) ) ;
#650 = CARTESIAN_POINT ( 'NONE',  ( 13.31343929522393300, 3.616358874601461900, 5.500000000000000900 ) ) ;
#651 = DIRECTION ( 'NONE',  ( 0.0000000000000000000, 1.000000000000000000, 0.0000000000000000000 ) ) ;
#652 = DIRECTION ( 'NONE',  ( 0.0000000000000000000, 0.0000000000000000000, 1.000000000000000000 ) ) ;
#653 = DIRECTION ( 'NONE',  ( -0.0000000000000000000, -1.000000000000000000, -0.0000000000000000000 ) ) ;
#654 = CARTESIAN_POINT ( 'NONE',  ( 15.00000000000000000, 1.500000000000000000, 0.0000000000000000000 ) ) ;
#655 = CARTESIAN_POINT ( 'NONE',  ( 16.00000000000000000, 1.500000000000000000, 1.000000000000000000 ) ) ;
#656 = CARTESIAN_POINT ( 'NONE',  ( 0.7836411253985448000, 3.913439295223932300, 5.500000000000000900 ) ) ;
#657 = DIRECTION ( 'NONE',  ( 1.000000000000000000, 0.0000000000000000000, 0.0000000000000000000 ) ) ;
#658 = DIRECTION ( 'NONE',  ( 0.0000000000000000000, 0.0000000000000000000, -1.000000000000000000 ) ) ;
#659 = CARTESIAN_POINT ( 'NONE',  ( 13.00157070789464900, -4.096704742265434800, 5.633057893827240600 ) ) ;
#660 = DIRECTION ( 'NONE',  ( -0.0000000000000000000, -1.000000000000000000, -0.0000000000000000000 ) ) ;
#661 = DIRECTION ( 'NONE',  ( -1.000000000000000000, -0.0000000000000000000, -0.0000000000000000000 ) ) ;
#662 = CARTESIAN_POINT ( 'NONE',  ( 13.01635887460146400, 3.913439295223932300, 5.500000000000000900 ) ) ;
#663 = DIRECTION ( 'NONE',  ( 1.000000000000000000, 0.0000000000000000000, 0.0000000000000000000 ) ) ;
#664 = DIRECTION ( 'NONE',  ( 0.0000000000000000000, 0.0000000000000000000, -1.000000000000000000 ) ) ;
#665 = CARTESIAN_POINT ( 'NONE',  ( 0.8078373915836150100, -4.111492908972247800, 5.527834620192012800 ) ) ;
#666 = CARTESIAN_POINT ( 'NONE',  ( 0.8078373915836140100, 4.111492908972247000, 0.7221653798079869000 ) ) ;
#667 = CARTESIAN_POINT ( 'NONE',  ( 13.31343929522393300, -3.616358874601460500, 5.500000000000000900 ) ) ;
#668 = DIRECTION ( 'NONE',  ( 0.0000000000000000000, 1.000000000000000000, 0.0000000000000000000 ) ) ;
#669 = DIRECTION ( 'NONE',  ( 0.0000000000000000000, 0.0000000000000000000, 1.000000000000000000 ) ) ;
#670 = CARTESIAN_POINT ( 'NONE',  ( 0.4967716124194827600, -4.399992183104670200, 2.774944379899700200 ) ) ;
#671 = DIRECTION ( 'NONE',  ( -1.000000000000000000, -0.0000000000000000000, -0.0000000000000000000 ) ) ;
#672 = CARTESIAN_POINT ( 'NONE',  ( 0.4983857967462158000, -4.399999999999999500, 2.775000000000049600 ) ) ;
#673 = DIRECTION ( 'NONE',  ( -0.1378445374916294200, 0.1378445374916254000, 0.9808148484639893600 ) ) ;
#674 = CARTESIAN_POINT ( 'NONE',  ( 0.2907202971713793700, 3.905339891403020000, 0.7064175998242797600 ) ) ;
#675 = CARTESIAN_POINT ( 'NONE',  ( 0.4999999999999987200, -4.400000000000000400, 2.775000000000052800 ) ) ;
#676 = CARTESIAN_POINT ( 'NONE',  ( 12.99216260841639300, 4.111492908972247000, 5.527834620192012800 ) ) ;
#677 = CARTESIAN_POINT ( 'NONE',  ( 0.4951574848734551800, -4.399976549497323800, 2.774833141003328200 ) ) ;
#678 = CARTESIAN_POINT ( 'NONE',  ( 13.50000000000000000, 1.500000000000000000, 0.6999999999999999600 ) ) ;
#679 = CARTESIAN_POINT ( 'NONE',  ( 0.4946601085969858900, 4.109279702828627200, 0.7064175998242803200 ) ) ;
#680 = CARTESIAN_POINT ( 'NONE',  ( 0.7836411253985446900, 4.111492908972247000, 0.7221653798079861200 ) ) ;
#681 = CARTESIAN_POINT ( 'NONE',  ( 0.2885070910277594000, 3.616358874601461400, 0.7221653798079855600 ) ) ;
#682 = DIRECTION ( 'NONE',  ( 1.000000000000000000, 0.0000000000000000000, 0.0000000000000000000 ) ) ;
#683 = CARTESIAN_POINT ( 'NONE',  ( 0.4857259348925294700, -4.409408099478248700, 3.408057893827239200 ) ) ;
#684 = CARTESIAN_POINT ( 'NONE',  ( 13.30322838758052100, 4.399992183104671100, 2.774944379899703300 ) ) ;
#685 = DIRECTION ( 'NONE',  ( 1.000000000000000000, -0.0000000000000000000, -0.0000000000000000000 ) ) ;
#686 = CARTESIAN_POINT ( 'NONE',  ( 13.30161420325378600, 4.400000000000000400, 2.775000000000053200 ) ) ;
#687 = DIRECTION ( 'NONE',  ( -0.1378445374916319700, -0.1378445374916253700, -0.9808148484639890300 ) ) ;
#688 = CARTESIAN_POINT ( 'NONE',  ( 13.31427406510747200, 4.409408099478248700, 3.408057893827239700 ) ) ;
#689 = DIRECTION ( 'NONE',  ( 0.1378445374916294500, 0.1378445374916257600, -0.9808148484639893600 ) ) ;
#690 = CARTESIAN_POINT ( 'NONE',  ( 10.30000000000000100, 4.111492908972247000, 0.7221653798079869000 ) ) ;
#691 = DIRECTION ( 'NONE',  ( -1.000000000000000000, -0.0000000000000000000, -0.0000000000000000000 ) ) ;
#692 = CARTESIAN_POINT ( 'NONE',  ( 13.00157070789465100, 4.096704742265433900, 0.6169421061727583500 ) ) ;
#693 = DIRECTION ( 'NONE',  ( -0.1378445374916294800, -0.1378445374916257600, -0.9808148484639893600 ) ) ;
#694 = CARTESIAN_POINT ( 'NONE',  ( 0.2067565645750859500, 4.397183246850511700, 2.754957759924756100 ) ) ;
#695 = CARTESIAN_POINT ( 'NONE',  ( 13.30000000000000200, 4.400000000000000400, 2.775000000000052800 ) ) ;
#696 = CARTESIAN_POINT ( 'NONE',  ( 0.002816753149480604900, 4.193243435424904000, 2.754957759924756100 ) ) ;
#697 = CARTESIAN_POINT ( 'NONE',  ( 13.30484251512654800, 4.399976549497323800, 2.774833141003330000 ) ) ;
#698 = CARTESIAN_POINT ( 'NONE',  ( 0.4967716124194826400, 4.399992183104671100, 2.774944379899703800 ) ) ;
#699 = CARTESIAN_POINT ( 'NONE',  ( 0.4951574848734548500, 4.399976549497323800, 2.774833141003330900 ) ) ;
#700 = CARTESIAN_POINT ( 'NONE',  ( 13.30322838758052000, 4.399992183104671100, 3.475055620100295300 ) ) ;
#701 = CARTESIAN_POINT ( 'NONE',  ( 2.345050267692086800E-005, 3.904842515126531100, 2.774833141003277200 ) ) ;
#702 = CARTESIAN_POINT ( 'NONE',  ( 13.30161420325378400, 4.400000000000000400, 3.474999999999945900 ) ) ;
#703 = CARTESIAN_POINT ( 'NONE',  ( 0.4951574848734548500, 4.399976549497323800, 2.774833141003330900 ) ) ;
#704 = CARTESIAN_POINT ( 'NONE',  ( 0.4857259348925293000, 4.409408099478248700, 2.841942106172760800 ) ) ;
#705 = CARTESIAN_POINT ( 'NONE',  ( 0.4983857967462164700, 4.400000000000000400, 2.775000000000053200 ) ) ;
#706 = CARTESIAN_POINT ( 'NONE',  ( 0.5000000000000000000, 4.400000000000000400, 2.775000000000052800 ) ) ;
#707 = DIRECTION ( 'NONE',  ( -0.1378445374916319500, 0.1378445374916257000, 0.9808148484639890300 ) ) ;
#708 = FILL_AREA_STYLE_COLOUR ( '', #335 ) ;
#709 = CARTESIAN_POINT ( 'NONE',  ( 13.30484251512654700, 4.399976549497323800, 3.475166858996669500 ) ) ;
#710 = CARTESIAN_POINT ( 'NONE',  ( 12.99216260841639100, -4.111492908972247800, 0.7221653798079869000 ) ) ;
#711 = CARTESIAN_POINT ( 'NONE',  ( 13.30000000000000200, 4.400000000000000400, 3.474999999999946800 ) ) ;
#712 = FILL_AREA_STYLE ('',( #708 ) ) ;
#713 = SURFACE_SIDE_STYLE ('',( #336 ) ) ;
#714 = SURFACE_STYLE_USAGE ( .BOTH. , #713 ) ;
#715 =( LENGTH_UNIT ( ) NAMED_UNIT ( * ) SI_UNIT ( .MILLI., .METRE. ) );
#716 =( NAMED_UNIT ( * ) PLANE_ANGLE_UNIT ( ) SI_UNIT ( $, .RADIAN. ) );
#717 =( NAMED_UNIT ( * ) SI_UNIT ( $, .STERADIAN. ) SOLID_ANGLE_UNIT ( ) );
#718 = CARTESIAN_POINT ( 'NONE',  ( 13.59324343542491700, 4.397183246850510800, 2.754957759924756100 ) ) ;
#719 = CARTESIAN_POINT ( 'NONE',  ( 13.30484251512654800, 4.399976549497323800, 2.774833141003330000 ) ) ;
#720 = DIRECTION ( 'NONE',  ( 1.000000000000000000, -0.0000000000000000000, -0.0000000000000000000 ) ) ;
#721 = CARTESIAN_POINT ( 'NONE',  ( 13.59324343542491700, 4.397183246850511700, 3.495042240075246100 ) ) ;
#722 = CARTESIAN_POINT ( 'NONE',  ( 13.30322838758051800, -4.399992183104670200, 3.475055620100299800 ) ) ;
#723 = CARTESIAN_POINT ( 'NONE',  ( 0.4983857967462165800, -4.399999999999999500, 3.474999999999950800 ) ) ;
#724 = CARTESIAN_POINT ( 'NONE',  ( 13.79718324685052300, 4.193243435424902200, 2.754957759924756100 ) ) ;
#725 = CARTESIAN_POINT ( 'NONE',  ( 13.79997654949732500, 3.904842515126529800, 2.774833141003275800 ) ) ;
#726 = CARTESIAN_POINT ( 'NONE',  ( 13.30484251512654700, 4.399976549497323800, 3.475166858996669500 ) ) ;
#727 = CARTESIAN_POINT ( 'NONE',  ( 1.000000000000000200, -4.111492908972247800, 0.7221653798079869000 ) ) ;
#728 = CARTESIAN_POINT ( 'NONE',  ( 13.79718324685052100, 4.193243435424904000, 3.495042240075246600 ) ) ;
#729 = CARTESIAN_POINT ( 'NONE',  ( 13.79997654949732500, 3.904842515126531100, 3.475166858996723700 ) ) ;
#730 = CARTESIAN_POINT ( 'NONE',  ( 0.4967716124194829800, -4.399992183104670200, 3.475055620100299800 ) ) ;
#731 = CARTESIAN_POINT ( 'NONE',  ( 0.4951574848734554000, -4.399976549497323800, 3.475166858996671800 ) ) ;
#732 = CARTESIAN_POINT ( 'NONE',  ( 0.5000000000000000000, -4.400000000000000400, 3.474999999999946800 ) ) ;
#733 = CARTESIAN_POINT ( 'NONE',  ( 13.50000000000000000, 1.500000000000000000, 0.0000000000000000000 ) ) ;
#734 = CARTESIAN_POINT ( 'NONE',  ( 13.30161420325378300, -4.399999999999999500, 3.474999999999949900 ) ) ;
#735 = DIRECTION ( 'NONE',  ( -0.0000000000000000000, -1.000000000000000000, -0.0000000000000000000 ) ) ;
#736 = DIRECTION ( 'NONE',  ( 1.000000000000000000, -0.0000000000000000000, -0.0000000000000000000 ) ) ;
#737 = CARTESIAN_POINT ( 'NONE',  ( 13.30533989140301700, 4.109279702828626300, 5.543582400175719000 ) ) ;
#738 = CARTESIAN_POINT ( 'NONE',  ( 13.30000000000000100, -4.400000000000000400, 3.474999999999946800 ) ) ;
#739 = CARTESIAN_POINT ( 'NONE',  ( 13.50927970282862700, 3.905339891403018200, 5.543582400175719900 ) ) ;
#740 = CARTESIAN_POINT ( 'NONE',  ( 13.30484251512654500, -4.399976549497322900, 3.475166858996671800 ) ) ;
#741 = CARTESIAN_POINT ( 'NONE',  ( 15.00000000000000000, 1.500000000000000000, 2.775166858996722700 ) ) ;
#742 = CARTESIAN_POINT ( 'NONE',  ( 13.01635887460146400, 4.111492908972247000, 5.527834620192013700 ) ) ;
#743 = CARTESIAN_POINT ( 'NONE',  ( 15.00000000000000000, 1.500000000000000000, 2.775166858996722700 ) ) ;
#744 = CARTESIAN_POINT ( 'NONE',  ( 13.51149290897224700, 3.616358874601461400, 5.527834620192013700 ) ) ;
#745 = DIRECTION ( 'NONE',  ( -1.000000000000000000, -0.0000000000000000000, -0.0000000000000000000 ) ) ;
#746 = CARTESIAN_POINT ( 'NONE',  ( 13.50000000000000000, 1.500000000000000000, 0.6999999999999999600 ) ) ;
#747 = CARTESIAN_POINT ( 'NONE',  ( 13.50000000000000000, 0.0000000000000000000, 0.6779229340673640400 ) ) ;
#748 = CARTESIAN_POINT ( 'NONE',  ( 13.50708846253430600, 0.0000000000000000000, 0.6999999999999999600 ) ) ;
#749 = DIRECTION ( 'NONE',  ( 0.0000000000000000000, -1.000000000000000000, 0.0000000000000000000 ) ) ;
#750 = DIRECTION ( 'NONE',  ( -0.0000000000000000000, -1.000000000000000000, -0.0000000000000000000 ) ) ;
#751 = CARTESIAN_POINT ( 'NONE',  ( 0.7984292921053579600, -4.096704742265434800, 0.6169421061727599100 ) ) ;
#752 = DIRECTION ( 'NONE',  ( 0.0000000000000000000, 0.0000000000000000000, -1.000000000000000000 ) ) ;
#753 = CARTESIAN_POINT ( 'NONE',  ( 13.50000000000000000, -1.500000000000000000, 0.6999999999999999600 ) ) ;
#754 = CARTESIAN_POINT ( 'NONE',  ( 7.816895329428486800E-006, -3.903228387580509400, 3.475055620100350400 ) ) ;
#755 = DIRECTION ( 'NONE',  ( 0.0000000000000000000, 0.0000000000000000000, -1.000000000000000000 ) ) ;
#756 = DIRECTION ( 'NONE',  ( 0.0000000000000000000, -1.000000000000000000, 0.0000000000000000000 ) ) ;
#757 = CARTESIAN_POINT ( 'NONE',  ( 1.140206098072056400E-016, -3.901614203253779900, 3.475000000000000500 ) ) ;
#758 = CARTESIAN_POINT ( 'NONE',  ( 15.00000000000000000, 1.500000000000000000, 0.6999999999999995100 ) ) ;
#759 = CARTESIAN_POINT ( 'NONE',  ( -4.065758146820641600E-017, -3.900000000000001700, 3.474999999999999600 ) ) ;
#760 = CARTESIAN_POINT ( 'NONE',  ( 2.345050267659560700E-005, -3.904842515126531100, 3.475166858996720600 ) ) ;
#761 = DIRECTION ( 'NONE',  ( -0.0000000000000000000, -1.000000000000000000, -0.0000000000000000000 ) ) ;
#762 = CARTESIAN_POINT ( 'NONE',  ( 1.086179001333417700E-016, 3.901614203253779100, 3.474999999999999600 ) ) ;
#763 = CARTESIAN_POINT ( 'NONE',  ( 7.816895329429088200E-006, 3.903228387580508500, 3.475055620100349500 ) ) ;
#764 = DIRECTION ( 'NONE',  ( 0.1378445374916319200, 0.1378445374916253700, -0.9808148484639890300 ) ) ;
#765 = CARTESIAN_POINT ( 'NONE',  ( 13.50000000000000000, -1.500000000000000000, 0.6999999999999999600 ) ) ;
#766 = DIRECTION ( 'NONE',  ( 1.000000000000000000, 0.0000000000000000000, 0.0000000000000000000 ) ) ;
#767 = CARTESIAN_POINT ( 'NONE',  ( 15.00000000000000000, -1.500000000000000000, 2.775166858996722700 ) ) ;
#768 = DIRECTION ( 'NONE',  ( -1.000000000000000000, -0.0000000000000000000, -0.0000000000000000000 ) ) ;
#769 = CARTESIAN_POINT ( 'NONE',  ( 0.4951574848734551800, -4.399976549497323800, 2.774833141003328200 ) ) ;
#770 = CARTESIAN_POINT ( 'NONE',  ( 2.345050267676625100E-005, 3.904842515126531100, 3.475166858996721100 ) ) ;
#771 = CARTESIAN_POINT ( 'NONE',  ( 0.2067565645750862000, -4.397183246850511700, 2.754957759924746800 ) ) ;
#772 = CARTESIAN_POINT ( 'NONE',  ( -4.065758146820641600E-017, 3.900000000000000400, 3.474999999999999600 ) ) ;
#773 = CARTESIAN_POINT ( 'NONE',  ( 15.00000000000000000, 1.500000000000000000, 3.475166858996722800 ) ) ;
#774 = CARTESIAN_POINT ( 'NONE',  ( 0.2907202971713789300, 3.905339891403020800, 5.543582400175720800 ) ) ;
#775 = DIRECTION ( 'NONE',  ( -1.000000000000000000, 0.0000000000000000000, 0.0000000000000000000 ) ) ;
#776 = CARTESIAN_POINT ( 'NONE',  ( 0.2067565645750859000, 4.397183246850511700, 3.495042240075247400 ) ) ;
#777 = CARTESIAN_POINT ( 'NONE',  ( 0.2885070910277595100, 3.616358874601461400, 5.527834620192014500 ) ) ;
#778 = CARTESIAN_POINT ( 'NONE',  ( 0.4946601085969858900, 4.109279702828627200, 5.543582400175720800 ) ) ;
#779 = CARTESIAN_POINT ( 'NONE',  ( 0.7836411253985448000, 4.111492908972246100, 5.527834620192012800 ) ) ;
#780 = CARTESIAN_POINT ( 'NONE',  ( 0.4946601085969862800, -4.109279702828628100, 5.543582400175719900 ) ) ;
#781 = CARTESIAN_POINT ( 'NONE',  ( 0.2907202971713793200, -3.905339891403020800, 5.543582400175719900 ) ) ;
#782 = CARTESIAN_POINT ( 'NONE',  ( 0.002816753149480466600, -4.193243435424902200, 2.754957759924746300 ) ) ;
#783 = CARTESIAN_POINT ( 'NONE',  ( 2.345050267680000300E-005, -3.904842515126529400, 2.774833141003278500 ) ) ;
#784 = CARTESIAN_POINT ( 'NONE',  ( 0.4951574848734549600, 4.399976549497323800, 3.475166858996668700 ) ) ;
#785 = CARTESIAN_POINT ( 'NONE',  ( 0.4946601085969860600, -4.109279702828626300, 0.7064175998242805400 ) ) ;
#786 = CARTESIAN_POINT ( 'NONE',  ( 0.002816753149480309600, 4.193243435424904000, 3.495042240075248300 ) ) ;
#787 = CARTESIAN_POINT ( 'NONE',  ( 2.345050267676625100E-005, 3.904842515126531100, 3.475166858996721100 ) ) ;
#788 = CARTESIAN_POINT ( 'NONE',  ( 0.7836411253985449100, -4.111492908972247800, 5.527834620192012800 ) ) ;
#789 = CARTESIAN_POINT ( 'NONE',  ( 0.5000000000000000000, 4.400000000000000400, 3.474999999999946800 ) ) ;
#790 = CARTESIAN_POINT ( 'NONE',  ( 0.2885070910277595100, -3.616358874601461900, 5.527834620192014500 ) ) ;
#791 = CARTESIAN_POINT ( 'NONE',  ( 0.4983857967462166900, 4.400000000000000400, 3.474999999999945900 ) ) ;
#792 = CARTESIAN_POINT ( 'NONE',  ( 0.2907202971713794300, -3.905339891403020000, 0.7064175998242799800 ) ) ;
#793 = CARTESIAN_POINT ( 'NONE',  ( 0.2885070910277595100, -3.616358874601460500, 0.7221653798079852300 ) ) ;
#794 = CARTESIAN_POINT ( 'NONE',  ( 0.7836411253985445800, -4.111492908972247000, 0.7221653798079870100 ) ) ;
#795 = CARTESIAN_POINT ( 'NONE',  ( 0.4951574848734554000, -4.399976549497323800, 3.475166858996671800 ) ) ;
#796 = CARTESIAN_POINT ( 'NONE',  ( 13.50927970282863000, 3.905339891403019100, 0.7064175998242803200 ) ) ;
#797 = CARTESIAN_POINT ( 'NONE',  ( 0.2067565645750861200, -4.397183246850512500, 3.495042240075243900 ) ) ;
#798 = CARTESIAN_POINT ( 'NONE',  ( 0.4967716124194830900, 4.399992183104671100, 3.475055620100295300 ) ) ;
#799 = CARTESIAN_POINT ( 'NONE',  ( 0.4951574848734549600, 4.399976549497323800, 3.475166858996668700 ) ) ;
#800 = CARTESIAN_POINT ( 'NONE',  ( 13.79718324685051900, -4.193243435424903100, 2.754957759924730400 ) ) ;
#801 = CARTESIAN_POINT ( 'NONE',  ( 13.30533989140302100, 4.109279702828625400, 0.7064175998242805400 ) ) ;
#802 = CARTESIAN_POINT ( 'NONE',  ( 0.002816753149480466600, -4.193243435424904000, 3.495042240075243900 ) ) ;
#803 = CARTESIAN_POINT ( 'NONE',  ( 2.345050267659560700E-005, -3.904842515126531100, 3.475166858996720600 ) ) ;
#804 = CARTESIAN_POINT ( 'NONE',  ( 13.59324343542491300, -4.397183246850510800, 2.754957759924730800 ) ) ;
#805 = CARTESIAN_POINT ( 'NONE',  ( 13.51149290897224700, 3.616358874601461000, 0.7221653798079865600 ) ) ;
#806 = CARTESIAN_POINT ( 'NONE',  ( 13.01635887460146400, 4.111492908972247000, 0.7221653798079870100 ) ) ;
#807 = CARTESIAN_POINT ( 'NONE',  ( 13.30322838758051800, -4.399992183104670200, 2.774944379899699300 ) ) ;
#808 = CARTESIAN_POINT ( 'NONE',  ( 13.79997654949732500, -3.904842515126531100, 2.774833141003275800 ) ) ;
#809 = CARTESIAN_POINT ( 'NONE',  ( 13.79997654949732500, -3.904842515126528900, 3.475166858996723300 ) ) ;
#810 = CARTESIAN_POINT ( 'NONE',  ( 13.30484251512654500, -4.399976549497323800, 2.774833141003328200 ) ) ;
#811 = CARTESIAN_POINT ( 'NONE',  ( 13.79718324685052300, -4.193243435424904000, 3.495042240075238100 ) ) ;
#812 = CARTESIAN_POINT ( 'NONE',  ( 13.30484251512654500, -4.399976549497323800, 2.774833141003328200 ) ) ;
#813 = CARTESIAN_POINT ( 'NONE',  ( 13.50927970282863000, -3.905339891403022600, 0.7064175998242799800 ) ) ;
#814 = CARTESIAN_POINT ( 'NONE',  ( 13.30161420325378300, -4.399999999999999500, 2.775000000000049200 ) ) ;
#815 = CARTESIAN_POINT ( 'NONE',  ( 13.30000000000000100, -4.400000000000000400, 2.775000000000052800 ) ) ;
#816 = CARTESIAN_POINT ( 'NONE',  ( 0.7836411253985448000, 3.913439295223932300, 5.700000000000000200 ) ) ;
#817 = CARTESIAN_POINT ( 'NONE',  ( 0.4865607047760736000, 3.616358874601461400, 5.700000000000000200 ) ) ;
#818 = CARTESIAN_POINT ( 'NONE',  ( 13.59324343542491300, -4.397183246850511700, 3.495042240075237700 ) ) ;
#819 = CARTESIAN_POINT ( 'NONE',  ( 13.30484251512654500, -4.399976549497322900, 3.475166858996671800 ) ) ;
#820 = CARTESIAN_POINT ( 'NONE',  ( 13.30533989140302100, -4.109279702828629000, 0.7064175998242805400 ) ) ;
#821 = CARTESIAN_POINT ( 'NONE',  ( 13.01635887460146200, -4.111492908972247800, 0.7221653798079870100 ) ) ;
#822 = CARTESIAN_POINT ( 'NONE',  ( 13.51149290897224600, -3.616358874601462800, 0.7221653798079865600 ) ) ;
#823 = CARTESIAN_POINT ( 'NONE',  ( 0.4865607047760730500, -3.616358874601462300, 5.700000000000000200 ) ) ;
#824 = CARTESIAN_POINT ( 'NONE',  ( 16.00000000000000000, 1.500000000000000000, 2.475166858996722800 ) ) ;
#825 = CARTESIAN_POINT ( 'NONE',  ( 13.30484251512654800, 4.399976549497323800, 2.774833141003330000 ) ) ;
#826 = CARTESIAN_POINT ( 'NONE',  ( 0.4951574848734548500, 4.399976549497323800, 2.774833141003330900 ) ) ;
#827 = CARTESIAN_POINT ( 'NONE',  ( 13.31343929522393300, 3.616358874601461900, 5.700000000000000200 ) ) ;
#828 = CARTESIAN_POINT ( 'NONE',  ( -1.615587133892632200E-024, 3.900000000000000400, 2.774999999999999500 ) ) ;
#829 = CARTESIAN_POINT ( 'NONE',  ( 13.01635887460146200, -3.913439295223932300, 5.700000000000000200 ) ) ;
#830 = CARTESIAN_POINT ( 'NONE',  ( 0.2885070910277594000, 3.616358874601461400, 0.7221653798079855600 ) ) ;
#831 = CARTESIAN_POINT ( 'NONE',  ( 13.50000000000000000, -1.500000000000000000, 0.0000000000000000000 ) ) ;
#832 = CARTESIAN_POINT ( 'NONE',  ( 13.30000000000000100, -4.400000000000000400, 3.474999999999946800 ) ) ;
#833 = CARTESIAN_POINT ( 'NONE',  ( 0.4951574848734554000, -4.399976549497323800, 3.475166858996671800 ) ) ;
#834 = CARTESIAN_POINT ( 'NONE',  ( 13.01635887460146400, 4.111492908972247000, 0.7221653798079870100 ) ) ;
#835 = CARTESIAN_POINT ( 'NONE',  ( 13.50000000000000000, -1.500000000000000000, 0.6779229340673640400 ) ) ;
#836 = CARTESIAN_POINT ( 'NONE',  ( 0.2885070910277595100, -3.616358874601460500, 0.7221653798079852300 ) ) ;
#837 = CARTESIAN_POINT ( 'NONE',  ( 0.7836411253985449100, -4.111492908972247800, 5.527834620192012800 ) ) ;
#838 = CARTESIAN_POINT ( 'NONE',  ( 15.00000000000000000, -1.500000000000000000, 0.0000000000000000000 ) ) ;
#839 = CARTESIAN_POINT ( 'NONE',  ( 15.00000000000000000, 1.500000000000000000, 2.775166858996722700 ) ) ;
#840 = CARTESIAN_POINT ( 'NONE',  ( 15.29999999999999900, 1.500000000000000000, 2.475166858996722800 ) ) ;
#841 = CARTESIAN_POINT ( 'NONE',  ( 13.30484251512654700, 4.399976549497323800, 3.475166858996669500 ) ) ;
#842 = CARTESIAN_POINT ( 'NONE',  ( 13.01635887460146400, 4.111492908972247000, 5.527834620192013700 ) ) ;
#843 = CARTESIAN_POINT ( 'NONE',  ( 13.50708846253430600, 1.500000000000000000, 0.6999999999999999600 ) ) ;
#844 = CARTESIAN_POINT ( 'NONE',  ( 13.50000000000000000, 1.500000000000000000, 0.0000000000000000000 ) ) ;
#845 = CARTESIAN_POINT ( 'NONE',  ( 15.00000000000000000, -1.500000000000000000, 2.775166858996722700 ) ) ;
#846 = CARTESIAN_POINT ( 'NONE',  ( 13.50708846253430600, -1.500000000000000000, 0.6999999999999999600 ) ) ;
#847 = CARTESIAN_POINT ( 'NONE',  ( 15.00000000000000000, 1.500000000000000000, 0.6999999999999995100 ) ) ;
#848 = CARTESIAN_POINT ( 'NONE',  ( 16.00000000000000000, 1.500000000000000000, 1.000000000000000000 ) ) ;
#849 = CARTESIAN_POINT ( 'NONE',  ( 15.29999999999999900, -1.500000000000000000, 2.475166858996722800 ) ) ;
#850 = CARTESIAN_POINT ( 'NONE',  ( 0.2885070910277595100, -3.616358874601461900, 5.527834620192014500 ) ) ;
#851 = CARTESIAN_POINT ( 'NONE',  ( 2.345050267680000300E-005, -3.904842515126529400, 2.774833141003278500 ) ) ;
#852 = CARTESIAN_POINT ( 'NONE',  ( 2.345050267659560700E-005, -3.904842515126531100, 3.475166858996720600 ) ) ;
#853 = CARTESIAN_POINT ( 'NONE',  ( 13.50000000000000000, 1.500000000000000000, 0.6779229340673640400 ) ) ;
#854 = CARTESIAN_POINT ( 'NONE',  ( 2.345050267692086800E-005, 3.904842515126531100, 2.774833141003277200 ) ) ;
#855 = CARTESIAN_POINT ( 'NONE',  ( 0.7836411253985445800, -4.111492908972247000, 0.7221653798079870100 ) ) ;
#856 = CARTESIAN_POINT ( 'NONE',  ( 0.2885070910277595100, 3.616358874601461400, 5.527834620192014500 ) ) ;
#857 = CARTESIAN_POINT ( 'NONE',  ( 15.00000000000000000, 1.500000000000000000, 0.0000000000000000000 ) ) ;
#858 = CARTESIAN_POINT ( 'NONE',  ( 16.00000000000000000, -1.500000000000000000, 2.475166858996722800 ) ) ;
#859 = CARTESIAN_POINT ( 'NONE',  ( 13.01635887460146400, 3.913439295223932300, 5.700000000000000200 ) ) ;
#860 = CARTESIAN_POINT ( 'NONE',  ( 13.30484251512654500, -4.399976549497322900, 3.475166858996671800 ) ) ;
#861 = CARTESIAN_POINT ( 'NONE',  ( 15.30000000000000100, -1.500000000000000000, 1.000000000000000000 ) ) ;
#862 = CARTESIAN_POINT ( 'NONE',  ( 16.00000000000000000, -1.500000000000000000, 1.000000000000000000 ) ) ;
#863 = CARTESIAN_POINT ( 'NONE',  ( 15.00000000000000000, -1.500000000000000000, 3.475166858996723300 ) ) ;
#864 = CARTESIAN_POINT ( 'NONE',  ( 15.30000000000000100, 1.500000000000000000, 1.000000000000000000 ) ) ;
#865 = CARTESIAN_POINT ( 'NONE',  ( -1.615587133892632200E-024, -3.900000000000001700, 2.774999999999999500 ) ) ;
#866 = CARTESIAN_POINT ( 'NONE',  ( 15.00000000000000000, -1.500000000000000000, 0.6999999999999995100 ) ) ;
#867 = CARTESIAN_POINT ( 'NONE',  ( 0.5000000000000000000, -4.400000000000000400, 3.474999999999946800 ) ) ;
#868 = CARTESIAN_POINT ( 'NONE',  ( 15.00000000000000000, 1.500000000000000000, 3.475166858996723300 ) ) ;
#869 = CARTESIAN_POINT ( 'NONE',  ( 0.4951574848734549600, 4.399976549497323800, 3.475166858996668700 ) ) ;
#870 = CARTESIAN_POINT ( 'NONE',  ( 13.30484251512654500, -4.399976549497323800, 2.774833141003328200 ) ) ;
#871 = CARTESIAN_POINT ( 'NONE',  ( 13.01635887460146200, -4.111492908972247800, 0.7221653798079870100 ) ) ;
#872 = CARTESIAN_POINT ( 'NONE',  ( 2.345050267676625100E-005, 3.904842515126531100, 3.475166858996721100 ) ) ;
#873 = CARTESIAN_POINT ( 'NONE',  ( 10.30000000000000100, 3.913439295223932300, 0.5499999999999994900 ) ) ;
#874 = CARTESIAN_POINT ( 'NONE',  ( 13.31427406510747100, -4.409408099478248700, 2.841942106172759000 ) ) ;
#875 = DIRECTION ( 'NONE',  ( 0.1378445374916294200, -0.1378445374916254000, 0.9808148484639893600 ) ) ;
#876 = CARTESIAN_POINT ( 'NONE',  ( 0.7984292921053581800, 4.096704742265433900, 5.633057893827239800 ) ) ;
#877 = CARTESIAN_POINT ( 'NONE',  ( 13.31343929522393300, -3.616358874601462800, 0.5499999999999994900 ) ) ;
#878 = CARTESIAN_POINT ( 'NONE',  ( 10.30000000000000100, 4.111492908972247000, 0.7221653798079867800 ) ) ;
#879 = DIRECTION ( 'NONE',  ( 0.1378445374916320000, -0.1378445374916257000, 0.9808148484639890300 ) ) ;
#880 = CARTESIAN_POINT ( 'NONE',  ( 0.7836411253985445800, -3.913439295223932300, 0.5499999999999994900 ) ) ;
#881 = CARTESIAN_POINT ( 'NONE',  ( 10.30000000000000100, 5.250000000000003600, 0.0000000000000000000 ) ) ;
#882 = CARTESIAN_POINT ( 'NONE',  ( 13.01635887460146200, -4.111492908972247000, 5.527834620192012800 ) ) ;
#883 = CARTESIAN_POINT ( 'NONE',  ( 10.30000000000000200, -5.249999999999998200, 2.000000000000000000 ) ) ;
#884 = CARTESIAN_POINT ( 'NONE',  ( 0.7836411253985449100, -3.913439295223933200, 5.700000000000000200 ) ) ;
#885 = CARTESIAN_POINT ( 'NONE',  ( -4.065758146820641600E-017, -3.900000000000001700, 3.474999999999999600 ) ) ;
#886 = CARTESIAN_POINT ( 'NONE',  ( 13.30000000000000100, -4.400000000000000400, 2.775000000000052800 ) ) ;
#887 = CARTESIAN_POINT ( 'NONE',  ( 13.79997654949732500, 3.904842515126531100, 3.475166858996723700 ) ) ;
#888 = CARTESIAN_POINT ( 'NONE',  ( 13.31343929522393300, 3.616358874601461000, 0.5499999999999994900 ) ) ;
#889 = CARTESIAN_POINT ( 'NONE',  ( 10.30000000000000200, -4.291080853105642100, 2.000000000000000000 ) ) ;
#890 = CARTESIAN_POINT ( 'NONE',  ( 0.4865607047760734400, 3.616358874601461400, 0.5499999999999994900 ) ) ;
#891 = CARTESIAN_POINT ( 'NONE',  ( 13.80000000000000100, 1.500000000000000000, 3.474999999999999200 ) ) ;
#892 = CARTESIAN_POINT ( 'NONE',  ( 1.000000000000000200, -4.111492908972247000, 0.7221653798079870100 ) ) ;
#893 = CARTESIAN_POINT ( 'NONE',  ( 0.4865607047760734400, -3.616358874601460500, 0.5499999999999994900 ) ) ;
#894 = CARTESIAN_POINT ( 'NONE',  ( 13.51149290897224700, 3.616358874601461400, 5.527834620192013700 ) ) ;
#895 = CARTESIAN_POINT ( 'NONE',  ( 0.4999999999999987200, -4.400000000000000400, 2.775000000000052800 ) ) ;
#896 = CARTESIAN_POINT ( 'NONE',  ( 13.79997654949732500, 1.500000000000000000, 3.475166858996722800 ) ) ;
#897 = CARTESIAN_POINT ( 'NONE',  ( 13.51149290897224700, -3.616358874601460500, 5.527834620192014500 ) ) ;
#898 = CARTESIAN_POINT ( 'NONE',  ( 13.01635887460146400, 3.913439295223932300, 0.5499999999999994900 ) ) ;
#899 = CARTESIAN_POINT ( 'NONE',  ( 10.30000000000000200, -4.111492908972247000, 0.7221653798079870100 ) ) ;
#900 = CARTESIAN_POINT ( 'NONE',  ( 13.30000000000000200, 4.400000000000000400, 2.775000000000052800 ) ) ;
#901 = CARTESIAN_POINT ( 'NONE',  ( 10.30000000000000200, -5.249999999999998200, 0.0000000000000000000 ) ) ;
#902 = CARTESIAN_POINT ( 'NONE',  ( 0.7836411253985448000, 4.111492908972246100, 5.527834620192012800 ) ) ;
#903 = CARTESIAN_POINT ( 'NONE',  ( 0.4951574848734551800, -4.399976549497323800, 2.774833141003328200 ) ) ;
#904 = CARTESIAN_POINT ( 'NONE',  ( 0.7836411253985446900, 3.913439295223932300, 0.5499999999999994900 ) ) ;
#905 = CARTESIAN_POINT ( 'NONE',  ( 10.30000000000000100, 4.291080853105642100, 2.000000000000000000 ) ) ;
#906 = CARTESIAN_POINT ( 'NONE',  ( 13.01635887460146200, -3.913439295223932300, 0.5499999999999994900 ) ) ;
#907 = CARTESIAN_POINT ( 'NONE',  ( 13.79997654949732500, -3.904842515126528900, 3.475166858996723300 ) ) ;
#908 = CARTESIAN_POINT ( 'NONE',  ( 13.79997654949732500, 3.904842515126529800, 2.774833141003275800 ) ) ;
#909 = CARTESIAN_POINT ( 'NONE',  ( 0.9999999999999993300, 3.913439295223932300, 0.5499999999999994900 ) ) ;
#910 = CARTESIAN_POINT ( 'NONE',  ( 0.9999999999999991100, 5.250000000000001800, 2.000000000000000000 ) ) ;
#911 = CARTESIAN_POINT ( 'NONE',  ( 0.5000000000000000000, 4.400000000000000400, 2.775000000000052800 ) ) ;
#912 = CARTESIAN_POINT ( 'NONE',  ( 1.000000000000000200, -4.291080853105638600, 2.000000000000000000 ) ) ;
#913 = CARTESIAN_POINT ( 'NONE',  ( 13.80000000000000100, -3.900000000000001700, 3.474999999999999200 ) ) ;
#914 = CARTESIAN_POINT ( 'NONE',  ( 10.30000000000000200, -3.913439295223932300, 0.5499999999999994900 ) ) ;
#915 = CARTESIAN_POINT ( 'NONE',  ( 0.9999999999999993300, 4.291080853105642100, 2.000000000000000000 ) ) ;
#916 = CARTESIAN_POINT ( 'NONE',  ( 0.5000000000000000000, 4.400000000000000400, 3.474999999999946800 ) ) ;
#917 = CARTESIAN_POINT ( 'NONE',  ( 13.30000000000000200, 4.400000000000000400, 3.474999999999946800 ) ) ;
#918 = CARTESIAN_POINT ( 'NONE',  ( 13.31343929522393300, -3.616358874601460500, 5.700000000000000200 ) ) ;
#919 = CARTESIAN_POINT ( 'NONE',  ( 1.000000000000000200, -3.913439295223932300, 0.5499999999999994900 ) ) ;
#920 = CARTESIAN_POINT ( 'NONE',  ( 10.30000000000000100, 5.250000000000003600, 2.000000000000000000 ) ) ;
#921 = CARTESIAN_POINT ( 'NONE',  ( 13.51149290897224600, -3.616358874601462800, 0.7221653798079865600 ) ) ;
#922 = CARTESIAN_POINT ( 'NONE',  ( 13.79997654949732500, -1.500000000000000000, 3.475166858996722800 ) ) ;
#923 = CARTESIAN_POINT ( 'NONE',  ( 13.80000000000000100, 3.900000000000000400, 3.474999999999999200 ) ) ;
#924 = CARTESIAN_POINT ( 'NONE',  ( 13.80000000000000100, -3.900000000000001700, 2.774999999999999500 ) ) ;
#925 = CARTESIAN_POINT ( 'NONE',  ( 13.51149290897224700, 3.616358874601461000, 0.7221653798079865600 ) ) ;
#926 = CARTESIAN_POINT ( 'NONE',  ( 1.000000000000000400, -5.249999999999998200, 0.0000000000000000000 ) ) ;
#927 = CARTESIAN_POINT ( 'NONE',  ( 0.9999999999999993300, 4.111492908972246100, 0.7221653798079870100 ) ) ;
#928 = CARTESIAN_POINT ( 'NONE',  ( 0.9999999999999991100, 5.250000000000001800, 0.0000000000000000000 ) ) ;
#929 = CARTESIAN_POINT ( 'NONE',  ( 1.000000000000000400, -5.249999999999998200, 2.000000000000000000 ) ) ;
#930 = CARTESIAN_POINT ( 'NONE',  ( 13.80000000000000100, 1.500000000000000000, 2.775166858996722700 ) ) ;
#931 = CARTESIAN_POINT ( 'NONE',  ( 13.80000000000000100, 3.900000000000000400, 2.774999999999999500 ) ) ;
#932 = CARTESIAN_POINT ( 'NONE',  ( 13.80000000000000100, -1.500000000000000400, 3.474999999999999200 ) ) ;
#933 = CARTESIAN_POINT ( 'NONE',  ( 13.80000000000000100, -1.500000000000000000, 2.775166858996722700 ) ) ;
#934 = CARTESIAN_POINT ( 'NONE',  ( -4.065758146820641600E-017, 3.900000000000000400, 3.474999999999999600 ) ) ;
#935 = CARTESIAN_POINT ( 'NONE',  ( 13.51149290897224700, -3.616358874601460500, 5.527834620192014500 ) ) ;
#936 = CARTESIAN_POINT ( 'NONE',  ( 13.80940809947825800, -3.914274065107461500, 3.408057893827241400 ) ) ;
#937 = CARTESIAN_POINT ( 'NONE',  ( 10.30000000000000200, -4.106278207523304900, 0.6850608510069107200 ) ) ;
#938 = CARTESIAN_POINT ( 'NONE',  ( 13.79997654949732500, -3.904842515126531100, 2.774833141003275800 ) ) ;
#939 = CARTESIAN_POINT ( 'NONE',  ( 0.7836411253985446900, 4.111492908972247000, 0.7221653798079861200 ) ) ;
#940 = CARTESIAN_POINT ( 'NONE',  ( 13.50927970282862800, -3.905339891403020800, 5.543582400175719000 ) ) ;
#941 = CARTESIAN_POINT ( 'NONE',  ( 1.000000000000000200, -4.106278207523304900, 0.6850608510069109400 ) ) ;
#942 = CARTESIAN_POINT ( 'NONE',  ( 13.30533989140302100, -4.109279702828627200, 5.543582400175719000 ) ) ;
#943 = CARTESIAN_POINT ( 'NONE',  ( 13.01635887460146200, -4.111492908972247000, 5.527834620192012800 ) ) ;
#944 = DIRECTION ( 'NONE',  ( -1.724477467570787400E-017, 0.1391731009600621900, -0.9902680687415707000 ) ) ;
#945 = CARTESIAN_POINT ( 'NONE',  ( 0.8078373915836140100, -3.913439295223932300, 0.5499999999999994900 ) ) ;
#946 = DIRECTION ( 'NONE',  ( 0.1378445374916293700, -0.1378445374916254000, -0.9808148484639893600 ) ) ;
#947 = CARTESIAN_POINT ( 'NONE',  ( 0.0000000000000000000, 4.291080853105642100, 2.000000000000000000 ) ) ;
#948 = DIRECTION ( 'NONE',  ( 2.299303290094382200E-017, -0.1391731009600621900, 0.9902680687415707000 ) ) ;
#949 = CARTESIAN_POINT ( 'NONE',  ( 13.49670474226543200, -3.601570707894649700, 0.6169421061727555800 ) ) ;
#950 = DIRECTION ( 'NONE',  ( -1.000000000000000000, 0.0000000000000000000, 0.0000000000000000000 ) ) ;
#951 = CARTESIAN_POINT ( 'NONE',  ( 13.80000000000000100, 1.500000000000000000, 3.474999999999999200 ) ) ;
#952 = DIRECTION ( 'NONE',  ( 1.000000000000000000, -0.0000000000000000000, -0.0000000000000000000 ) ) ;
#953 = DIRECTION ( 'NONE',  ( -0.1378445374916294200, 0.1378445374916254000, -0.9808148484639893600 ) ) ;
#954 = CARTESIAN_POINT ( 'NONE',  ( 0.4865607047760733800, 3.791075408368568000, 0.5499999999999993800 ) ) ;
#955 = DIRECTION ( 'NONE',  ( -0.1391731009600662200, 0.0000000000000000000, 0.9902680687415702500 ) ) ;
#956 = CARTESIAN_POINT ( 'NONE',  ( 13.80000000000000100, 4.400000000000000400, 3.474999999999999200 ) ) ;
#957 = CARTESIAN_POINT ( 'NONE',  ( 0.4865607047760734400, 3.616358874601461400, 0.5499999999999994900 ) ) ;
#958 = DIRECTION ( 'NONE',  ( -0.0000000000000000000, -1.000000000000000000, -0.0000000000000000000 ) ) ;
#959 = CARTESIAN_POINT ( 'NONE',  ( 12.99216260841639300, 3.913439295223932300, 0.5499999999999994900 ) ) ;
#960 = CARTESIAN_POINT ( 'NONE',  ( 0.6089245916314376400, 3.913439295223932300, 0.5499999999999993800 ) ) ;
#961 = CARTESIAN_POINT ( 'NONE',  ( 0.7836411253985446900, 3.913439295223932300, 0.5499999999999994900 ) ) ;
#962 = CARTESIAN_POINT ( 'NONE',  ( 13.80000000000000100, 3.900000000000000400, 2.774999999999999500 ) ) ;
#963 = DIRECTION ( 'NONE',  ( -0.0000000000000000000, -0.0000000000000000000, 1.000000000000000000 ) ) ;
#964 = CARTESIAN_POINT ( 'NONE',  ( 13.51149290897224700, 4.400000000000000400, 0.7221653798079863400 ) ) ;
#965 = DIRECTION ( 'NONE',  ( -0.0000000000000000000, 1.000000000000000000, -0.0000000000000000000 ) ) ;
#966 = CARTESIAN_POINT ( 'NONE',  ( 10.30000000000000100, 5.250000000000003600, 2.000000000000000000 ) ) ;
#967 = DIRECTION ( 'NONE',  ( -1.652117596168387300E-016, 1.000000000000000000, -0.0000000000000000000 ) ) ;
#968 = CARTESIAN_POINT ( 'NONE',  ( 1.000000000000000400, -5.249999999999998200, 2.000000000000000000 ) ) ;
#969 = CARTESIAN_POINT ( 'NONE',  ( 13.80000000000000100, -3.901614203253779900, 2.774999999999997200 ) ) ;
#970 = DIRECTION ( 'NONE',  ( -0.0000000000000000000, -0.0000000000000000000, -1.000000000000000000 ) ) ;
#971 = DIRECTION ( 'NONE',  ( 1.000000000000000000, -0.0000000000000000000, -0.0000000000000000000 ) ) ;
#972 = CARTESIAN_POINT ( 'NONE',  ( 13.80000000000000100, -3.900000000000001700, 2.774999999999999500 ) ) ;
#973 = CARTESIAN_POINT ( 'NONE',  ( 0.7836411253985445800, -3.913439295223932300, 0.5499999999999994900 ) ) ;
#974 = CARTESIAN_POINT ( 'NONE',  ( 0.6089245916314374200, -3.913439295223931400, 0.5499999999999994900 ) ) ;
#975 = CARTESIAN_POINT ( 'NONE',  ( 13.79999218310467200, -3.903228387580509400, 2.774944379899647400 ) ) ;
#976 = CARTESIAN_POINT ( 'NONE',  ( 13.79997654949732500, -3.904842515126531100, 2.774833141003275800 ) ) ;
#977 = CARTESIAN_POINT ( 'NONE',  ( 0.9999999999999993300, 3.913439295223932300, 0.5499999999999994900 ) ) ;
#978 = DIRECTION ( 'NONE',  ( 1.000000000000000000, -0.0000000000000000000, -0.0000000000000000000 ) ) ;
#979 = CARTESIAN_POINT ( 'NONE',  ( 13.80000000000000100, 4.400000000000000400, 3.474999999999999200 ) ) ;
#980 = DIRECTION ( 'NONE',  ( -0.0000000000000000000, -1.000000000000000000, -0.0000000000000000000 ) ) ;
#981 = CARTESIAN_POINT ( 'NONE',  ( 10.30000000000000200, -5.249999999999998200, 0.0000000000000000000 ) ) ;
#982 = DIRECTION ( 'NONE',  ( 1.000000000000000000, -0.0000000000000000000, -0.0000000000000000000 ) ) ;
#983 = CARTESIAN_POINT ( 'NONE',  ( 13.80000000000000100, 4.400000000000000400, 2.774999999999999500 ) ) ;
#984 = DIRECTION ( 'NONE',  ( -0.0000000000000000000, -1.000000000000000000, -0.0000000000000000000 ) ) ;
#985 = CARTESIAN_POINT ( 'NONE',  ( 13.80000000000000100, -1.500000000000000400, 2.774999999999999500 ) ) ;
#986 = DIRECTION ( 'NONE',  ( 0.0000000000000000000, 0.0000000000000000000, -1.000000000000000000 ) ) ;
#987 = CARTESIAN_POINT ( 'NONE',  ( 0.4865607047760731600, -3.791075408368567600, 0.5499999999999994900 ) ) ;
#988 = CARTESIAN_POINT ( 'NONE',  ( 0.4865607047760734400, -3.616358874601460500, 0.5499999999999994900 ) ) ;
#989 = CARTESIAN_POINT ( 'NONE',  ( 13.80000000000000100, 4.400000000000000400, 2.775166858996722700 ) ) ;
#990 = DIRECTION ( 'NONE',  ( 0.0000000000000000000, 1.000000000000000000, 0.0000000000000000000 ) ) ;
#991 = CARTESIAN_POINT ( 'NONE',  ( 10.30000000000000100, 5.250000000000003600, 2.000000000000000000 ) ) ;
#992 = CARTESIAN_POINT ( 'NONE',  ( 13.80000000000000100, -3.899999999999999900, 2.774999999999999500 ) ) ;
#993 = DIRECTION ( 'NONE',  ( -0.0000000000000000000, -0.0000000000000000000, -1.000000000000000000 ) ) ;
#994 = DIRECTION ( 'NONE',  ( 0.0000000000000000000, 0.0000000000000000000, 1.000000000000000000 ) ) ;
#995 = CARTESIAN_POINT ( 'NONE',  ( 15.00000000000000000, -1.500000000000000000, 3.475166858996722800 ) ) ;
#996 = DIRECTION ( 'NONE',  ( -1.000000000000000000, 0.0000000000000000000, 0.0000000000000000000 ) ) ;
#997 = CARTESIAN_POINT ( 'NONE',  ( 0.9999999999999991100, 5.250000000000001800, 0.5499999999999994900 ) ) ;
#998 = DIRECTION ( 'NONE',  ( 1.239088197126291100E-016, -1.000000000000000000, 0.0000000000000000000 ) ) ;
#999 = CARTESIAN_POINT ( 'NONE',  ( 13.79997654949732500, 1.500000000000000000, 3.475166858996722800 ) ) ;
#1000 = DIRECTION ( 'NONE',  ( -0.0000000000000000000, -1.000000000000000000, -0.0000000000000000000 ) ) ;
#1001 = CARTESIAN_POINT ( 'NONE',  ( 1.000000000000000200, -3.913439295223932300, 0.7499999999999994400 ) ) ;
#1002 = DIRECTION ( 'NONE',  ( 1.000000000000000000, 1.239088197126291100E-016, -0.0000000000000000000 ) ) ;
#1003 = DIRECTION ( 'NONE',  ( 0.0000000000000000000, 1.000000000000000000, 0.0000000000000000000 ) ) ;
#1004 = CARTESIAN_POINT ( 'NONE',  ( 0.9999999999999991100, 5.250000000000001800, 0.0000000000000000000 ) ) ;
#1005 = DIRECTION ( 'NONE',  ( 1.239088197126290800E-016, -1.000000000000000000, 0.0000000000000000000 ) ) ;
#1006 = CARTESIAN_POINT ( 'NONE',  ( 13.80000000000000100, -1.500000000000000400, 3.474999999999999200 ) ) ;
#1007 = DIRECTION ( 'NONE',  ( -0.1391731009600662200, 0.0000000000000000000, 0.9902680687415702500 ) ) ;
#1008 = CARTESIAN_POINT ( 'NONE',  ( 13.50000000000000000, 1.500000000000000000, 0.0000000000000000000 ) ) ;
#1009 = DIRECTION ( 'NONE',  ( 1.000000000000000000, 0.0000000000000000000, 0.0000000000000000000 ) ) ;
#1010 = CARTESIAN_POINT ( 'NONE',  ( 15.30000000000000100, 1.500000000000000000, 1.000000000000000000 ) ) ;
#1011 = DIRECTION ( 'NONE',  ( -0.0000000000000000000, -0.0000000000000000000, 1.000000000000000000 ) ) ;
#1012 = CARTESIAN_POINT ( 'NONE',  ( 16.00000000000000000, 1.500000000000000000, 1.000000000000000000 ) ) ;
#1013 = DIRECTION ( 'NONE',  ( 0.0000000000000000000, 0.0000000000000000000, 1.000000000000000000 ) ) ;
#1014 = CARTESIAN_POINT ( 'NONE',  ( 13.31343929522393300, 1.500000000000000000, 0.7499999999999994400 ) ) ;
#1015 = DIRECTION ( 'NONE',  ( 0.0000000000000000000, -1.000000000000000000, 0.0000000000000000000 ) ) ;
#1016 = DIRECTION ( 'NONE',  ( 0.0000000000000000000, 0.0000000000000000000, -1.000000000000000000 ) ) ;
#1017 = CARTESIAN_POINT ( 'NONE',  ( 15.00000000000000000, -1.500000000000000000, 2.475166858996722800 ) ) ;
#1018 = DIRECTION ( 'NONE',  ( -0.0000000000000000000, -1.000000000000000000, -0.0000000000000000000 ) ) ;
#1019 = DIRECTION ( 'NONE',  ( 1.000000000000000000, 0.0000000000000000000, 0.0000000000000000000 ) ) ;
#1020 = CARTESIAN_POINT ( 'NONE',  ( 16.00000000000000000, -1.500000000000000000, 1.000000000000000000 ) ) ;
#1021 = DIRECTION ( 'NONE',  ( 0.0000000000000000000, 0.0000000000000000000, 1.000000000000000000 ) ) ;
#1022 = CARTESIAN_POINT ( 'NONE',  ( 15.00000000000000000, -1.500000000000000000, 1.000000000000000000 ) ) ;
#1023 = DIRECTION ( 'NONE',  ( -0.0000000000000000000, -1.000000000000000000, -0.0000000000000000000 ) ) ;
#1024 = DIRECTION ( 'NONE',  ( 1.000000000000000000, 0.0000000000000000000, 0.0000000000000000000 ) ) ;
#1025 = DIRECTION ( 'NONE',  ( 1.000000000000000000, 0.0000000000000000000, 0.0000000000000000000 ) ) ;
#1026 = CARTESIAN_POINT ( 'NONE',  ( 0.0000000000000000000, -4.291080853105643000, 2.000000000000000000 ) ) ;
#1027 = CARTESIAN_POINT ( 'NONE',  ( 15.00000000000000000, 1.500000000000000000, 1.000000000000000000 ) ) ;
#1028 = DIRECTION ( 'NONE',  ( 0.0000000000000000000, -1.000000000000000000, 0.0000000000000000000 ) ) ;
#1029 = DIRECTION ( 'NONE',  ( 0.0000000000000000000, 0.0000000000000000000, -1.000000000000000000 ) ) ;
#1030 = CARTESIAN_POINT ( 'NONE',  ( 0.9999999999999991100, 5.250000000000001800, 2.000000000000000000 ) ) ;
#1031 = CARTESIAN_POINT ( 'NONE',  ( 13.50000000000000000, -1.500000000000000000, 0.0000000000000000000 ) ) ;
#1032 = DIRECTION ( 'NONE',  ( 1.239088197126290800E-016, -1.000000000000000000, 0.0000000000000000000 ) ) ;
#1033 = DIRECTION ( 'NONE',  ( -1.000000000000000000, 0.0000000000000000000, 0.0000000000000000000 ) ) ;
#1034 = CARTESIAN_POINT ( 'NONE',  ( 0.9999999999999993300, 3.913439295223932300, 0.7499999999999994400 ) ) ;
#1035 = DIRECTION ( 'NONE',  ( 1.000000000000000000, 1.239088197126291100E-016, -0.0000000000000000000 ) ) ;
#1036 = DIRECTION ( 'NONE',  ( 0.0000000000000000000, 1.000000000000000000, 0.0000000000000000000 ) ) ;
#1037 = CARTESIAN_POINT ( 'NONE',  ( 15.30000000000000100, -1.500000000000000000, 1.000000000000000000 ) ) ;
#1038 = DIRECTION ( 'NONE',  ( -0.0000000000000000000, -0.0000000000000000000, 1.000000000000000000 ) ) ;
#1039 = CARTESIAN_POINT ( 'NONE',  ( 15.00000000000000000, 1.500000000000000000, 2.475166858996722800 ) ) ;
#1040 = DIRECTION ( 'NONE',  ( -0.0000000000000000000, -1.000000000000000000, -0.0000000000000000000 ) ) ;
#1041 = DIRECTION ( 'NONE',  ( 1.000000000000000000, 0.0000000000000000000, 0.0000000000000000000 ) ) ;
#1042 = CARTESIAN_POINT ( 'NONE',  ( 0.9999999999999991100, 5.250000000000001800, 2.000000000000000000 ) ) ;
#1043 = DIRECTION ( 'NONE',  ( 1.239088197126290800E-016, -1.000000000000000000, 0.0000000000000000000 ) ) ;
#1044 = CARTESIAN_POINT ( 'NONE',  ( 13.31343929522393300, -1.500000000000000400, 0.7499999999999994400 ) ) ;
#1045 = DIRECTION ( 'NONE',  ( 0.0000000000000000000, -1.000000000000000000, 0.0000000000000000000 ) ) ;
#1046 = DIRECTION ( 'NONE',  ( 0.0000000000000000000, 0.0000000000000000000, -1.000000000000000000 ) ) ;
#1047 = CARTESIAN_POINT ( 'NONE',  ( 15.00000000000000000, 1.500000000000000000, 1.000000000000000000 ) ) ;
#1048 = DIRECTION ( 'NONE',  ( -0.0000000000000000000, -1.000000000000000000, -0.0000000000000000000 ) ) ;
#1049 = DIRECTION ( 'NONE',  ( 1.000000000000000000, 0.0000000000000000000, 0.0000000000000000000 ) ) ;
#1050 = CARTESIAN_POINT ( 'NONE',  ( 15.00000000000000000, -1.500000000000000000, 2.475166858996722800 ) ) ;
#1051 = DIRECTION ( 'NONE',  ( 0.0000000000000000000, -1.000000000000000000, 0.0000000000000000000 ) ) ;
#1052 = DIRECTION ( 'NONE',  ( 0.0000000000000000000, 0.0000000000000000000, -1.000000000000000000 ) ) ;
#1053 = CARTESIAN_POINT ( 'NONE',  ( 13.31343929522393300, 4.400000000000000400, 0.5499999999999994900 ) ) ;
#1054 = DIRECTION ( 'NONE',  ( 0.0000000000000000000, -1.000000000000000000, 0.0000000000000000000 ) ) ;
#1055 = CARTESIAN_POINT ( 'NONE',  ( 15.00000000000000000, -1.500000000000000000, 1.000000000000000000 ) ) ;
#1056 = DIRECTION ( 'NONE',  ( 0.0000000000000000000, -1.000000000000000000, 0.0000000000000000000 ) ) ;
#1057 = DIRECTION ( 'NONE',  ( 0.0000000000000000000, 0.0000000000000000000, -1.000000000000000000 ) ) ;
#1058 = CARTESIAN_POINT ( 'NONE',  ( 13.01635887460146400, 3.913439295223932300, 0.5499999999999994900 ) ) ;
#1059 = CARTESIAN_POINT ( 'NONE',  ( 13.19107540836857100, 3.913439295223932300, 0.5499999999999994900 ) ) ;
#1060 = CARTESIAN_POINT ( 'NONE',  ( 15.00000000000000000, 1.500000000000000000, 2.475166858996722800 ) ) ;
#1061 = DIRECTION ( 'NONE',  ( 0.0000000000000000000, -1.000000000000000000, 0.0000000000000000000 ) ) ;
#1062 = DIRECTION ( 'NONE',  ( 0.0000000000000000000, 0.0000000000000000000, -1.000000000000000000 ) ) ;
#1063 = CARTESIAN_POINT ( 'NONE',  ( 13.31343929522393300, -3.791075408368570700, 0.5499999999999994900 ) ) ;
#1064 = CARTESIAN_POINT ( 'NONE',  ( 13.31343929522393300, -3.616358874601462800, 0.5499999999999994900 ) ) ;
#1065 = CARTESIAN_POINT ( 'NONE',  ( 13.31343929522393100, 3.791075408368567600, 0.5499999999999994900 ) ) ;
#1066 = CARTESIAN_POINT ( 'NONE',  ( 13.31343929522393300, 3.616358874601461000, 0.5499999999999994900 ) ) ;
#1067 = CARTESIAN_POINT ( 'NONE',  ( 10.30000000000000200, -3.913439295223932300, 0.5499999999999994900 ) ) ;
#1068 = DIRECTION ( 'NONE',  ( -1.000000000000000000, 0.0000000000000000000, 0.0000000000000000000 ) ) ;
#1069 = CARTESIAN_POINT ( 'NONE',  ( 0.0000000000000000000, 4.400000000000000400, 2.775000000000052800 ) ) ;
#1070 = CARTESIAN_POINT ( 'NONE',  ( 13.48729664278717900, -4.400000000000000400, 2.775000000000052800 ) ) ;
#1071 = CARTESIAN_POINT ( 'NONE',  ( 13.19107540836856700, -3.913439295223934100, 0.5499999999999994900 ) ) ;
#1072 = CARTESIAN_POINT ( 'NONE',  ( 13.01635887460146200, -3.913439295223932300, 0.5499999999999994900 ) ) ;
#1073 = CARTESIAN_POINT ( 'NONE',  ( 0.5000000000000002200, 4.400000000000000400, 2.904112846615663600E-017 ) ) ;
#1074 = CARTESIAN_POINT ( 'NONE',  ( 13.31343929522393300, 3.791075408368568900, 5.699999999999998400 ) ) ;
#1075 = DIRECTION ( 'NONE',  ( -5.808225693231324600E-017, 0.0000000000000000000, 1.000000000000000000 ) ) ;
#1076 = DIRECTION ( 'NONE',  ( -1.000000000000000000, 0.0000000000000000000, 0.0000000000000000000 ) ) ;
#1077 = CARTESIAN_POINT ( 'NONE',  ( 13.30000000000000100, 4.400000000000000400, 0.0000000000000000000 ) ) ;
#1078 = DIRECTION ( 'NONE',  ( 0.0000000000000000000, 0.0000000000000000000, -1.000000000000000000 ) ) ;
#1079 = CARTESIAN_POINT ( 'NONE',  ( 0.0000000000000000000, 4.400000000000000400, 3.474999999999946800 ) ) ;
#1080 = DIRECTION ( 'NONE',  ( 1.000000000000000000, 0.0000000000000000000, 0.0000000000000000000 ) ) ;
#1081 = CARTESIAN_POINT ( 'NONE',  ( 13.30000000000000100, -4.400000000000000400, 3.474999999999999200 ) ) ;
#1082 = CARTESIAN_POINT ( 'NONE',  ( 13.31343929522393300, 3.616358874601461900, 5.700000000000000200 ) ) ;
#1083 = DIRECTION ( 'NONE',  ( -0.0000000000000000000, -0.0000000000000000000, 1.000000000000000000 ) ) ;
#1084 = DIRECTION ( 'NONE',  ( 1.000000000000000000, 0.0000000000000000000, 0.0000000000000000000 ) ) ;
#1085 = CARTESIAN_POINT ( 'NONE',  ( 0.5000000000000000000, -4.400000000000000400, 2.774999999999999500 ) ) ;
#1086 = DIRECTION ( 'NONE',  ( 5.808225693231324600E-017, -0.0000000000000000000, -1.000000000000000000 ) ) ;
#1087 = CARTESIAN_POINT ( 'NONE',  ( 0.3127033572128286600, -4.400000000000000400, 3.474999999999946800 ) ) ;
#1088 = DIRECTION ( 'NONE',  ( -1.000000000000000000, 0.0000000000000000000, 0.0000000000000000000 ) ) ;
#1089 = CARTESIAN_POINT ( 'NONE',  ( 0.7836411253985448000, 3.913439295223932300, 5.700000000000000200 ) ) ;
#1090 = CARTESIAN_POINT ( 'NONE',  ( 13.31343929522393300, 4.400000000000000400, 5.700000000000000200 ) ) ;
#1091 = CARTESIAN_POINT ( 'NONE',  ( 0.6089245916314378600, 3.913439295223932300, 5.700000000000000200 ) ) ;
#1092 = CARTESIAN_POINT ( 'NONE',  ( 13.19107540836857200, 3.913439295223931000, 5.699999999999998400 ) ) ;
#1093 = CARTESIAN_POINT ( 'NONE',  ( 13.01635887460146400, 3.913439295223932300, 5.700000000000000200 ) ) ;
#1094 = DIRECTION ( 'NONE',  ( -0.0000000000000000000, 1.000000000000000000, -0.0000000000000000000 ) ) ;
#1095 = CARTESIAN_POINT ( 'NONE',  ( 0.4865607047760737700, -3.791075408368568900, 5.700000000000000200 ) ) ;
#1096 = CARTESIAN_POINT ( 'NONE',  ( 0.4865607047760730500, -3.616358874601462300, 5.700000000000000200 ) ) ;
#1097 = CARTESIAN_POINT ( 'NONE',  ( 0.4865607047760734400, 3.791075408368568000, 5.700000000000000200 ) ) ;
#1098 = CARTESIAN_POINT ( 'NONE',  ( 0.4865607047760736000, 3.616358874601461400, 5.700000000000000200 ) ) ;
#1099 = CARTESIAN_POINT ( 'NONE',  ( 0.8078373915836150100, 3.913439295223932300, 5.700000000000000200 ) ) ;
#1100 = DIRECTION ( 'NONE',  ( -1.000000000000000000, -0.0000000000000000000, -0.0000000000000000000 ) ) ;
#1101 = CARTESIAN_POINT ( 'NONE',  ( 0.3032952577345730000, 3.601570707894648800, 0.6169421061727563500 ) ) ;
#1102 = CARTESIAN_POINT ( 'NONE',  ( 7.816895329443409800E-006, -3.903228387580507600, 2.774944379899649100 ) ) ;
#1103 = CARTESIAN_POINT ( 'NONE',  ( 0.6089245916314379700, -3.913439295223933200, 5.700000000000000200 ) ) ;
#1104 = CARTESIAN_POINT ( 'NONE',  ( 0.7836411253985449100, -3.913439295223933200, 5.700000000000000200 ) ) ;
#1105 = CARTESIAN_POINT ( 'NONE',  ( 0.4865607047760730500, 4.400000000000000400, 5.700000000000000200 ) ) ;
#1106 = DIRECTION ( 'NONE',  ( 0.0000000000000000000, -1.000000000000000000, 0.0000000000000000000 ) ) ;
#1107 = CARTESIAN_POINT ( 'NONE',  ( 0.2885070910277593400, 4.400000000000000400, 0.7221653798079856700 ) ) ;
#1108 = CARTESIAN_POINT ( 'NONE',  ( 2.345050267680000300E-005, -3.904842515126529400, 2.774833141003278500 ) ) ;
#1109 = DIRECTION ( 'NONE',  ( 0.0000000000000000000, -1.000000000000000000, 0.0000000000000000000 ) ) ;
#1110 = DIRECTION ( 'NONE',  ( 0.1378445374916319700, -0.1378445374916257000, -0.9808148484639890300 ) ) ;
#1111 = CARTESIAN_POINT ( 'NONE',  ( -4.065758146820641600E-017, 4.400000000000000400, 3.474999999999999600 ) ) ;
#1112 = CARTESIAN_POINT ( 'NONE',  ( 13.01635887460146200, -3.913439295223932300, 5.700000000000000200 ) ) ;
#1113 = CARTESIAN_POINT ( 'NONE',  ( 1.143527021134018600E-016, -3.901614203253779100, 2.774999999999999000 ) ) ;
#1114 = CARTESIAN_POINT ( 'NONE',  ( -1.615587133892632200E-024, -3.900000000000001700, 2.774999999999999500 ) ) ;
#1115 = CARTESIAN_POINT ( 'NONE',  ( -0.009408099478255696800, -3.914274065107461500, 2.841942106172757200 ) ) ;
#1116 = DIRECTION ( 'NONE',  ( -0.1378445374916319700, -0.1378445374916253100, 0.9808148484639890300 ) ) ;
#1117 = CARTESIAN_POINT ( 'NONE',  ( -4.065758146820641600E-017, 3.900000000000000400, 3.474999999999999600 ) ) ;
#1118 = DIRECTION ( 'NONE',  ( 5.808225693231324600E-017, -0.0000000000000000000, -1.000000000000000000 ) ) ;
#1119 = DIRECTION ( 'NONE',  ( -0.0000000000000000000, -1.000000000000000000, -0.0000000000000000000 ) ) ;
#1120 = CARTESIAN_POINT ( 'NONE',  ( 0.3032952577345731600, -3.601570707894649300, 5.633057893827244200 ) ) ;
#1121 = DIRECTION ( 'NONE',  ( 0.1378445374916320000, 0.1378445374916253400, 0.9808148484639890300 ) ) ;
#1122 = CARTESIAN_POINT ( 'NONE',  ( -4.065758146820641600E-017, -3.899999999999999900, 3.474999999999999600 ) ) ;
#1123 = DIRECTION ( 'NONE',  ( -5.808225693231324600E-017, 0.0000000000000000000, 1.000000000000000000 ) ) ;
#1124 = CARTESIAN_POINT ( 'NONE',  ( 10.30000000000000200, -5.249999999999998200, 2.000000000000000000 ) ) ;
#1125 = DIRECTION ( 'NONE',  ( 1.000000000000000000, -0.0000000000000000000, -0.0000000000000000000 ) ) ;
#1126 = CARTESIAN_POINT ( 'NONE',  ( 0.2885070910277595100, 4.400000000000000400, 5.527834620192014500 ) ) ;
#1127 = DIRECTION ( 'NONE',  ( -0.0000000000000000000, 1.000000000000000000, -0.0000000000000000000 ) ) ;
#1128 = CARTESIAN_POINT ( 'NONE',  ( 13.51149290897224700, 4.400000000000000400, 5.527834620192012800 ) ) ;
#1129 = DIRECTION ( 'NONE',  ( 0.0000000000000000000, -1.000000000000000000, 0.0000000000000000000 ) ) ;
#1130 = CARTESIAN_POINT ( 'NONE',  ( 0.9999999999999993300, 4.309654303847121800, 2.132156969046124400 ) ) ;
#1131 = DIRECTION ( 'NONE',  ( -1.724477467570792600E-017, 0.1391731009600626100, 0.9902680687415707000 ) ) ;
#1132 = CARTESIAN_POINT ( 'NONE',  ( -0.009408099478255849500, 3.914274065107463200, 3.408057893827241900 ) ) ;
#1133 = DIRECTION ( 'NONE',  ( -0.1378445374916320000, 0.1378445374916257000, -0.9808148484639890300 ) ) ;
#1134 = CARTESIAN_POINT ( 'NONE',  ( 0.9999999999999991100, 5.250000000000001800, 2.000000000000000000 ) ) ;
#1135 = DIRECTION ( 'NONE',  ( -0.0000000000000000000, -0.0000000000000000000, -1.000000000000000000 ) ) ;
#1136 = CARTESIAN_POINT ( 'NONE',  ( 13.80940809947825800, 3.914274065107462300, 2.841942106172757200 ) ) ;
#1137 = DIRECTION ( 'NONE',  ( 0.1378445374916294200, 0.1378445374916257300, 0.9808148484639893600 ) ) ;
#1138 = CARTESIAN_POINT ( 'NONE',  ( 13.79997654949732500, -3.904842515126528900, 3.475166858996723300 ) ) ;
#1139 = CARTESIAN_POINT ( 'NONE',  ( 13.79999218310467200, -3.903228387580507200, 3.475055620100350900 ) ) ;
#1140 = CARTESIAN_POINT ( 'NONE',  ( 10.30000000000000200, -3.913439295223932300, 0.7499999999999994400 ) ) ;
#1141 = DIRECTION ( 'NONE',  ( -1.000000000000000000, -1.652117596168387300E-016, 0.0000000000000000000 ) ) ;
#1142 = DIRECTION ( 'NONE',  ( 0.0000000000000000000, -1.000000000000000000, 0.0000000000000000000 ) ) ;
#1143 = CARTESIAN_POINT ( 'NONE',  ( 13.19107540836857100, -3.913439295223931900, 5.700000000000000200 ) ) ;
#1144 = CARTESIAN_POINT ( 'NONE',  ( 13.80000000000000100, -3.901614203253779100, 3.475000000000001400 ) ) ;
#1145 = CARTESIAN_POINT ( 'NONE',  ( 13.80000000000000100, -3.900000000000001700, 3.474999999999999200 ) ) ;
#1146 = CARTESIAN_POINT ( 'NONE',  ( 10.30000000000000100, 5.250000000000003600, 0.0000000000000000000 ) ) ;
#1147 = DIRECTION ( 'NONE',  ( -1.652117596168387300E-016, 1.000000000000000000, -0.0000000000000000000 ) ) ;
#1148 = CARTESIAN_POINT ( 'NONE',  ( 0.4865607047760734400, 4.400000000000000400, 0.5499999999999994900 ) ) ;
#1149 = DIRECTION ( 'NONE',  ( -0.0000000000000000000, 1.000000000000000000, -0.0000000000000000000 ) ) ;
#1150 = CARTESIAN_POINT ( 'NONE',  ( 10.30000000000000100, 4.309654303847122700, 2.132156969046124800 ) ) ;
#1151 = DIRECTION ( 'NONE',  ( 2.299303290094389000E-017, -0.1391731009600626100, -0.9902680687415707000 ) ) ;
#1152 = CARTESIAN_POINT ( 'NONE',  ( 1.084202172485504400E-016, 3.901614203253779100, 2.774999999999999000 ) ) ;
#1153 = CARTESIAN_POINT ( 'NONE',  ( -1.615587133892632200E-024, 3.900000000000000400, 2.774999999999999500 ) ) ;
#1154 = CARTESIAN_POINT ( 'NONE',  ( 13.31343929522393500, -3.791075408368568500, 5.700000000000000200 ) ) ;
#1155 = CARTESIAN_POINT ( 'NONE',  ( 13.31343929522393300, -3.616358874601460500, 5.700000000000000200 ) ) ;
#1156 = CARTESIAN_POINT ( 'NONE',  ( 12.99216260841639100, -3.913439295223932300, 5.700000000000000200 ) ) ;
#1157 = DIRECTION ( 'NONE',  ( 1.000000000000000000, 0.0000000000000000000, 0.0000000000000000000 ) ) ;
#1158 = CARTESIAN_POINT ( 'NONE',  ( 13.80000000000000100, 3.901614203253779100, 3.475000000000002300 ) ) ;
#1159 = CARTESIAN_POINT ( 'NONE',  ( 13.80000000000000100, 3.900000000000000400, 3.474999999999999200 ) ) ;
#1160 = CARTESIAN_POINT ( 'NONE',  ( 7.816895329425678100E-006, 3.903228387580508900, 2.774944379899649100 ) ) ;
#1161 = CARTESIAN_POINT ( 'NONE',  ( 2.345050267692086800E-005, 3.904842515126531100, 2.774833141003277200 ) ) ;
#1162 = CARTESIAN_POINT ( 'NONE',  ( -1.615587133892632200E-024, 4.400000000000000400, 2.774999999999999500 ) ) ;
#1163 = DIRECTION ( 'NONE',  ( -0.0000000000000000000, -1.000000000000000000, -0.0000000000000000000 ) ) ;
#1164 = CARTESIAN_POINT ( 'NONE',  ( 10.30000000000000100, 5.250000000000003600, 0.5499999999999994900 ) ) ;
#1165 = DIRECTION ( 'NONE',  ( -1.652117596168387300E-016, 1.000000000000000000, 0.0000000000000000000 ) ) ;
#1166 = DIRECTION ( 'NONE',  ( -1.000000000000000000, -1.865294060190115000E-016, 0.0000000000000000000 ) ) ;
#1167 = CARTESIAN_POINT ( 'NONE',  ( 10.30000000000000100, 5.250000000000003600, 2.000000000000000000 ) ) ;
#1168 = CARTESIAN_POINT ( 'NONE',  ( 13.79999218310467200, 3.903228387580508900, 3.475055620100352200 ) ) ;
#1169 = CARTESIAN_POINT ( 'NONE',  ( 13.79997654949732500, 3.904842515126531100, 3.475166858996723700 ) ) ;
#1170 = CARTESIAN_POINT ( 'NONE',  ( 13.79997654949732500, 3.904842515126529800, 2.774833141003275800 ) ) ;
#1171 = CARTESIAN_POINT ( 'NONE',  ( 13.79999218310467200, 3.903228387580507600, 2.774944379899647800 ) ) ;
#1172 = CARTESIAN_POINT ( 'NONE',  ( 10.30000000000000100, 3.913439295223932300, 0.7499999999999994400 ) ) ;
#1173 = DIRECTION ( 'NONE',  ( -1.000000000000000000, -1.652117596168387300E-016, 0.0000000000000000000 ) ) ;
#1174 = DIRECTION ( 'NONE',  ( 0.0000000000000000000, -1.000000000000000000, 0.0000000000000000000 ) ) ;
#1175 = CARTESIAN_POINT ( 'NONE',  ( 13.80000000000000100, 3.901614203253778600, 2.774999999999997700 ) ) ;
#1176 = CARTESIAN_POINT ( 'NONE',  ( 13.80000000000000100, 3.900000000000000400, 2.774999999999999500 ) ) ;
#1177 = CARTESIAN_POINT ( 'NONE',  ( 10.30000000000000200, -5.249999999999998200, 2.000000000000000000 ) ) ;
#1178 = DIRECTION ( 'NONE',  ( -0.0000000000000000000, -0.0000000000000000000, -1.000000000000000000 ) ) ;
#1179 = CARTESIAN_POINT ( 'NONE',  ( 13.80000000000000100, 1.500000000000000000, 2.774999999999999500 ) ) ;
#1180 = DIRECTION ( 'NONE',  ( 0.0000000000000000000, 0.0000000000000000000, 1.000000000000000000 ) ) ;
#1181 = CARTESIAN_POINT ( 'NONE',  ( 13.49670474226543400, 3.601570707894648800, 5.633057893827243300 ) ) ;
#1182 = DIRECTION ( 'NONE',  ( -0.1378445374916293700, -0.1378445374916257300, 0.9808148484639893600 ) ) ;
#1183 = CARTESIAN_POINT ( 'NONE',  ( 10.30000000000000100, 5.250000000000003600, 0.0000000000000000000 ) ) ;
#1184 = DIRECTION ( 'NONE',  ( -1.000000000000000000, -1.865294060190115000E-016, 0.0000000000000000000 ) ) ;
#1185 = CARTESIAN_POINT ( 'NONE',  ( 10.30000000000000100, 5.250000000000003600, 2.000000000000000000 ) ) ;
#1186 = DIRECTION ( 'NONE',  ( -1.652117596168387300E-016, 1.000000000000000000, -0.0000000000000000000 ) ) ;
#1187 =( LENGTH_UNIT ( ) NAMED_UNIT ( * ) SI_UNIT ( .MILLI., .METRE. ) );
#1188 =( NAMED_UNIT ( * ) PLANE_ANGLE_UNIT ( ) SI_UNIT ( $, .RADIAN. ) );
#1189 =( NAMED_UNIT ( * ) SI_UNIT ( $, .STERADIAN. ) SOLID_ANGLE_UNIT ( ) );
#1190 = APPLICATION_PROTOCOL_DEFINITION ( 'draft international standard', 'automotive_design', 1998, #1191 ) ;
#1191 = APPLICATION_CONTEXT ( 'automotive_design' ) ;
#1192 = FILL_AREA_STYLE_COLOUR ( '', #529 ) ;
#1193 = FILL_AREA_STYLE ('',( #1192 ) ) ;
#1194 = SURFACE_SIDE_STYLE ('',( #531 ) ) ;
#1195 = SURFACE_STYLE_USAGE ( .BOTH. , #1194 ) ;
#1196 =( LENGTH_UNIT ( ) NAMED_UNIT ( * ) SI_UNIT ( .MILLI., .METRE. ) );
#1197 =( NAMED_UNIT ( * ) PLANE_ANGLE_UNIT ( ) SI_UNIT ( $, .RADIAN. ) );
#1198 =( NAMED_UNIT ( * ) SI_UNIT ( $, .STERADIAN. ) SOLID_ANGLE_UNIT ( ) );
#1199 = CARTESIAN_POINT ( 'NONE',  ( 0.0000000000000000000, 0.0000000000000000000, 0.0000000000000000000 ) ) ;
#1200 = DIRECTION ( 'NONE',  ( 0.0000000000000000000, 0.0000000000000000000, 1.000000000000000000 ) ) ;
#1201 = DIRECTION ( 'NONE',  ( 1.000000000000000000, 0.0000000000000000000, 0.0000000000000000000 ) ) ;
#1202 = PRODUCT_CONTEXT ( 'NONE', #1191, 'mechanical' ) ;
#1203 = APPLICATION_CONTEXT ( 'automotive_design' ) ;
#1204 = APPLICATION_PROTOCOL_DEFINITION ( 'draft international standard', 'automotive_design', 1998, #1203 ) ;
#1205 =( BOUNDED_CURVE ( )  B_SPLINE_CURVE ( 3, ( #742, #737, #739, #744 ),
 .UNSPECIFIED., .F., .T. ) 
 B_SPLINE_CURVE_WITH_KNOTS ( ( 4, 4 ),
 ( 2.365879671860801700, 3.917305635318758700 ),
 .UNSPECIFIED. ) 
 CURVE ( )  GEOMETRIC_REPRESENTATION_ITEM ( )  RATIONAL_B_SPLINE_CURVE ( ( 1.000000000000000000, 0.8092813118237101000, 0.8092813118237101000, 1.000000000000000000 ) ) 
 REPRESENTATION_ITEM ( '' )  );
#1206 =( BOUNDED_CURVE ( )  B_SPLINE_CURVE ( 3, ( #759, #757, #754, #760 ),
 .UNSPECIFIED., .F., .T. ) 
 B_SPLINE_CURVE_WITH_KNOTS ( ( 4, 4 ),
 ( 3.469446951953575900E-015, 0.009685181668456204600 ),
 .UNSPECIFIED. ) 
 CURVE ( )  GEOMETRIC_REPRESENTATION_ITEM ( )  RATIONAL_B_SPLINE_CURVE ( ( 1.000000000000000000, 0.9999921831199466400, 0.9999921831199466400, 1.000000000000000000 ) ) 
 REPRESENTATION_ITEM ( '' )  );
#1207 =( BOUNDED_CURVE ( )  B_SPLINE_CURVE ( 3, ( #770, #763, #762, #772 ),
 .UNSPECIFIED., .F., .T. ) 
 B_SPLINE_CURVE_WITH_KNOTS ( ( 4, 4 ),
 ( 3.131907471921338900, 3.141592653589793100 ),
 .UNSPECIFIED. ) 
 CURVE ( )  GEOMETRIC_REPRESENTATION_ITEM ( )  RATIONAL_B_SPLINE_CURVE ( ( 1.000000000000000000, 0.9999921831199466400, 0.9999921831199466400, 1.000000000000000000 ) ) 
 REPRESENTATION_ITEM ( '' )  );
#1208 =( BOUNDED_CURVE ( )  B_SPLINE_CURVE ( 3, ( #777, #774, #778, #779 ),
 .UNSPECIFIED., .F., .T. ) 
 B_SPLINE_CURVE_WITH_KNOTS ( ( 4, 4 ),
 ( 5.507472325450628100, 7.058898288908588700 ),
 .UNSPECIFIED. ) 
 CURVE ( )  GEOMETRIC_REPRESENTATION_ITEM ( )  RATIONAL_B_SPLINE_CURVE ( ( 1.000000000000000000, 0.8092813118237094400, 0.8092813118237094400, 1.000000000000000000 ) ) 
 REPRESENTATION_ITEM ( '' )  );
#1209 =( BOUNDED_CURVE ( )  B_SPLINE_CURVE ( 3, ( #769, #771, #782, #783 ),
 .UNSPECIFIED., .F., .T. ) 
 B_SPLINE_CURVE_WITH_KNOTS ( ( 4, 4 ),
 ( 5.507472325450589100, 7.058898288908550500 ),
 .UNSPECIFIED. ) 
 CURVE ( )  GEOMETRIC_REPRESENTATION_ITEM ( )  RATIONAL_B_SPLINE_CURVE ( ( 1.000000000000000000, 0.8092813118237091000, 0.8092813118237091000, 1.000000000000000000 ) ) 
 REPRESENTATION_ITEM ( '' )  );
#1210 =( BOUNDED_CURVE ( )  B_SPLINE_CURVE ( 3, ( #784, #776, #786, #787 ),
 .UNSPECIFIED., .F., .T. ) 
 B_SPLINE_CURVE_WITH_KNOTS ( ( 4, 4 ),
 ( 5.507472325450590800, 7.058898288908550500 ),
 .UNSPECIFIED. ) 
 CURVE ( )  GEOMETRIC_REPRESENTATION_ITEM ( )  RATIONAL_B_SPLINE_CURVE ( ( 1.000000000000000000, 0.8092813118237095500, 0.8092813118237095500, 1.000000000000000000 ) ) 
 REPRESENTATION_ITEM ( '' )  );
#1211 =( BOUNDED_CURVE ( )  B_SPLINE_CURVE ( 3, ( #788, #780, #781, #790 ),
 .UNSPECIFIED., .F., .T. ) 
 B_SPLINE_CURVE_WITH_KNOTS ( ( 4, 4 ),
 ( 5.507472325450582900, 7.058898288908542500 ),
 .UNSPECIFIED. ) 
 CURVE ( )  GEOMETRIC_REPRESENTATION_ITEM ( )  RATIONAL_B_SPLINE_CURVE ( ( 1.000000000000000000, 0.8092813118237095500, 0.8092813118237095500, 1.000000000000000000 ) ) 
 REPRESENTATION_ITEM ( '' )  );
#1212 =( BOUNDED_CURVE ( )  B_SPLINE_CURVE ( 3, ( #793, #792, #785, #794 ),
 .UNSPECIFIED., .F., .T. ) 
 B_SPLINE_CURVE_WITH_KNOTS ( ( 4, 4 ),
 ( 2.365879671860837700, 3.917305635318796500 ),
 .UNSPECIFIED. ) 
 CURVE ( )  GEOMETRIC_REPRESENTATION_ITEM ( )  RATIONAL_B_SPLINE_CURVE ( ( 1.000000000000000000, 0.8092813118237096600, 0.8092813118237096600, 1.000000000000000000 ) ) 
 REPRESENTATION_ITEM ( '' )  );
#1213 =( BOUNDED_CURVE ( )  B_SPLINE_CURVE ( 3, ( #789, #791, #798, #799 ),
 .UNSPECIFIED., .F., .T. ) 
 B_SPLINE_CURVE_WITH_KNOTS ( ( 4, 4 ),
 ( 3.141592653589793100, 3.151277835258275800 ),
 .UNSPECIFIED. ) 
 CURVE ( )  GEOMETRIC_REPRESENTATION_ITEM ( )  RATIONAL_B_SPLINE_CURVE ( ( 1.000000000000000000, 0.9999921831199466400, 0.9999921831199466400, 1.000000000000000000 ) ) 
 REPRESENTATION_ITEM ( '' )  );
#1214 =( BOUNDED_CURVE ( )  B_SPLINE_CURVE ( 3, ( #795, #797, #802, #803 ),
 .UNSPECIFIED., .F., .T. ) 
 B_SPLINE_CURVE_WITH_KNOTS ( ( 4, 4 ),
 ( 5.507472325450589100, 7.058898288908547900 ),
 .UNSPECIFIED. ) 
 CURVE ( )  GEOMETRIC_REPRESENTATION_ITEM ( )  RATIONAL_B_SPLINE_CURVE ( ( 1.000000000000000000, 0.8092813118237096600, 0.8092813118237096600, 1.000000000000000000 ) ) 
 REPRESENTATION_ITEM ( '' )  );
#1215 =( BOUNDED_CURVE ( )  B_SPLINE_CURVE ( 3, ( #805, #796, #801, #806 ),
 .UNSPECIFIED., .F., .T. ) 
 B_SPLINE_CURVE_WITH_KNOTS ( ( 4, 4 ),
 ( 5.507472325450620200, 7.058898288908579800 ),
 .UNSPECIFIED. ) 
 CURVE ( )  GEOMETRIC_REPRESENTATION_ITEM ( )  RATIONAL_B_SPLINE_CURVE ( ( 1.000000000000000000, 0.8092813118237095500, 0.8092813118237095500, 1.000000000000000000 ) ) 
 REPRESENTATION_ITEM ( '' )  );
#1216 =( BOUNDED_CURVE ( )  B_SPLINE_CURVE ( 3, ( #808, #800, #804, #810 ),
 .UNSPECIFIED., .F., .T. ) 
 B_SPLINE_CURVE_WITH_KNOTS ( ( 4, 4 ),
 ( 2.365879671860821700, 3.917305635318783200 ),
 .UNSPECIFIED. ) 
 CURVE ( )  GEOMETRIC_REPRESENTATION_ITEM ( )  RATIONAL_B_SPLINE_CURVE ( ( 1.000000000000000000, 0.8092813118237091000, 0.8092813118237091000, 1.000000000000000000 ) ) 
 REPRESENTATION_ITEM ( '' )  );
#1217 =( BOUNDED_CURVE ( )  B_SPLINE_CURVE ( 3, ( #812, #807, #814, #815 ),
 .UNSPECIFIED., .F., .T. ) 
 B_SPLINE_CURVE_WITH_KNOTS ( ( 4, 4 ),
 ( 6.273500125511106700, 6.283185307179586200 ),
 .UNSPECIFIED. ) 
 CURVE ( )  GEOMETRIC_REPRESENTATION_ITEM ( )  RATIONAL_B_SPLINE_CURVE ( ( 1.000000000000000000, 0.9999921831199466400, 0.9999921831199466400, 1.000000000000000000 ) ) 
 REPRESENTATION_ITEM ( '' )  );
#1218 =( BOUNDED_CURVE ( )  B_SPLINE_CURVE ( 3, ( #809, #811, #818, #819 ),
 .UNSPECIFIED., .F., .T. ) 
 B_SPLINE_CURVE_WITH_KNOTS ( ( 4, 4 ),
 ( 2.365879671860818600, 3.917305635318783200 ),
 .UNSPECIFIED. ) 
 CURVE ( )  GEOMETRIC_REPRESENTATION_ITEM ( )  RATIONAL_B_SPLINE_CURVE ( ( 1.000000000000000000, 0.8092813118237083300, 0.8092813118237083300, 1.000000000000000000 ) ) 
 REPRESENTATION_ITEM ( '' )  );
#1219 =( BOUNDED_CURVE ( )  B_SPLINE_CURVE ( 3, ( #821, #820, #813, #822 ),
 .UNSPECIFIED., .F., .F. ) 
 B_SPLINE_CURVE_WITH_KNOTS ( ( 4, 4 ),
 ( 5.507472325450588200, 7.058898288908550500 ),
 .UNSPECIFIED. ) 
 CURVE ( )  GEOMETRIC_REPRESENTATION_ITEM ( )  RATIONAL_B_SPLINE_CURVE ( ( 1.000000000000000000, 0.8092813118237087700, 0.8092813118237087700, 1.000000000000000000 ) ) 
 REPRESENTATION_ITEM ( '' )  );
#1220 =( BOUNDED_CURVE ( )  B_SPLINE_CURVE ( 3, ( #935, #940, #942, #943 ),
 .UNSPECIFIED., .F., .T. ) 
 B_SPLINE_CURVE_WITH_KNOTS ( ( 4, 4 ),
 ( 2.365879671860829700, 3.917305635318791600 ),
 .UNSPECIFIED. ) 
 CURVE ( )  GEOMETRIC_REPRESENTATION_ITEM ( )  RATIONAL_B_SPLINE_CURVE ( ( 1.000000000000000000, 0.8092813118237091000, 0.8092813118237091000, 1.000000000000000000 ) ) 
 REPRESENTATION_ITEM ( '' )  );
#1221 =( BOUNDED_CURVE ( )  B_SPLINE_CURVE ( 3, ( #957, #954, #960, #961 ),
 .UNSPECIFIED., .F., .T. ) 
 B_SPLINE_CURVE_WITH_KNOTS ( ( 4, 4 ),
 ( 2.365879671860835500, 3.917305635318795200 ),
 .UNSPECIFIED. ) 
 CURVE ( )  GEOMETRIC_REPRESENTATION_ITEM ( )  RATIONAL_B_SPLINE_CURVE ( ( 1.000000000000000000, 0.8092813118237095500, 0.8092813118237095500, 1.000000000000000000 ) ) 
 REPRESENTATION_ITEM ( '' )  );
#1222 =( BOUNDED_CURVE ( )  B_SPLINE_CURVE ( 3, ( #972, #969, #975, #976 ),
 .UNSPECIFIED., .F., .T. ) 
 B_SPLINE_CURVE_WITH_KNOTS ( ( 4, 4 ),
 ( 3.469446951953575100E-015, 0.009685181668456095300 ),
 .UNSPECIFIED. ) 
 CURVE ( )  GEOMETRIC_REPRESENTATION_ITEM ( )  RATIONAL_B_SPLINE_CURVE ( ( 1.000000000000000000, 0.9999921831199466400, 0.9999921831199466400, 1.000000000000000000 ) ) 
 REPRESENTATION_ITEM ( '' )  );
#1223 =( BOUNDED_CURVE ( )  B_SPLINE_CURVE ( 3, ( #973, #974, #987, #988 ),
 .UNSPECIFIED., .F., .T. ) 
 B_SPLINE_CURVE_WITH_KNOTS ( ( 4, 4 ),
 ( 2.365879671860790200, 3.917305635318749400 ),
 .UNSPECIFIED. ) 
 CURVE ( )  GEOMETRIC_REPRESENTATION_ITEM ( )  RATIONAL_B_SPLINE_CURVE ( ( 1.000000000000000000, 0.8092813118237096600, 0.8092813118237096600, 1.000000000000000000 ) ) 
 REPRESENTATION_ITEM ( '' )  );
#1224 =( BOUNDED_CURVE ( )  B_SPLINE_CURVE ( 3, ( #1058, #1059, #1065, #1066 ),
 .UNSPECIFIED., .F., .F. ) 
 B_SPLINE_CURVE_WITH_KNOTS ( ( 4, 4 ),
 ( 5.507472325450595300, 7.058898288908553200 ),
 .UNSPECIFIED. ) 
 CURVE ( )  GEOMETRIC_REPRESENTATION_ITEM ( )  RATIONAL_B_SPLINE_CURVE ( ( 1.000000000000000000, 0.8092813118237099900, 0.8092813118237099900, 1.000000000000000000 ) ) 
 REPRESENTATION_ITEM ( '' )  );
#1225 =( BOUNDED_CURVE ( )  B_SPLINE_CURVE ( 3, ( #1064, #1063, #1071, #1072 ),
 .UNSPECIFIED., .F., .F. ) 
 B_SPLINE_CURVE_WITH_KNOTS ( ( 4, 4 ),
 ( 5.507472325450621900, 7.058898288908584300 ),
 .UNSPECIFIED. ) 
 CURVE ( )  GEOMETRIC_REPRESENTATION_ITEM ( )  RATIONAL_B_SPLINE_CURVE ( ( 1.000000000000000000, 0.8092813118237087700, 0.8092813118237087700, 1.000000000000000000 ) ) 
 REPRESENTATION_ITEM ( '' )  );
#1226 =( BOUNDED_CURVE ( )  B_SPLINE_CURVE ( 3, ( #1082, #1074, #1092, #1093 ),
 .UNSPECIFIED., .F., .F. ) 
 B_SPLINE_CURVE_WITH_KNOTS ( ( 4, 4 ),
 ( 2.365879671860827900, 3.917305635318783600 ),
 .UNSPECIFIED. ) 
 CURVE ( )  GEOMETRIC_REPRESENTATION_ITEM ( )  RATIONAL_B_SPLINE_CURVE ( ( 1.000000000000000000, 0.8092813118237104400, 0.8092813118237104400, 1.000000000000000000 ) ) 
 REPRESENTATION_ITEM ( '' )  );
#1227 =( BOUNDED_CURVE ( )  B_SPLINE_CURVE ( 3, ( #1089, #1091, #1097, #1098 ),
 .UNSPECIFIED., .F., .F. ) 
 B_SPLINE_CURVE_WITH_KNOTS ( ( 4, 4 ),
 ( 5.507472325450583700, 7.058898288908544300 ),
 .UNSPECIFIED. ) 
 CURVE ( )  GEOMETRIC_REPRESENTATION_ITEM ( )  RATIONAL_B_SPLINE_CURVE ( ( 1.000000000000000000, 0.8092813118237094400, 0.8092813118237094400, 1.000000000000000000 ) ) 
 REPRESENTATION_ITEM ( '' )  );
#1228 =( BOUNDED_CURVE ( )  B_SPLINE_CURVE ( 3, ( #1096, #1095, #1103, #1104 ),
 .UNSPECIFIED., .F., .F. ) 
 B_SPLINE_CURVE_WITH_KNOTS ( ( 4, 4 ),
 ( 5.507472325450631700, 7.058898288908590500 ),
 .UNSPECIFIED. ) 
 CURVE ( )  GEOMETRIC_REPRESENTATION_ITEM ( )  RATIONAL_B_SPLINE_CURVE ( ( 1.000000000000000000, 0.8092813118237096600, 0.8092813118237096600, 1.000000000000000000 ) ) 
 REPRESENTATION_ITEM ( '' )  );
#1229 =( BOUNDED_CURVE ( )  B_SPLINE_CURVE ( 3, ( #1108, #1102, #1113, #1114 ),
 .UNSPECIFIED., .F., .F. ) 
 B_SPLINE_CURVE_WITH_KNOTS ( ( 4, 4 ),
 ( 3.131907471921341600, 3.141592653589789600 ),
 .UNSPECIFIED. ) 
 CURVE ( )  GEOMETRIC_REPRESENTATION_ITEM ( )  RATIONAL_B_SPLINE_CURVE ( ( 1.000000000000000000, 0.9999921831199466400, 0.9999921831199466400, 1.000000000000000000 ) ) 
 REPRESENTATION_ITEM ( '' )  );
#1230 =( BOUNDED_CURVE ( )  B_SPLINE_CURVE ( 3, ( #1138, #1139, #1144, #1145 ),
 .UNSPECIFIED., .F., .F. ) 
 B_SPLINE_CURVE_WITH_KNOTS ( ( 4, 4 ),
 ( 3.131907471921342900, 3.141592653589789600 ),
 .UNSPECIFIED. ) 
 CURVE ( )  GEOMETRIC_REPRESENTATION_ITEM ( )  RATIONAL_B_SPLINE_CURVE ( ( 1.000000000000000000, 0.9999921831199466400, 0.9999921831199466400, 1.000000000000000000 ) ) 
 REPRESENTATION_ITEM ( '' )  );
#1231 =( BOUNDED_CURVE ( )  B_SPLINE_CURVE ( 3, ( #1112, #1143, #1154, #1155 ),
 .UNSPECIFIED., .F., .F. ) 
 B_SPLINE_CURVE_WITH_KNOTS ( ( 4, 4 ),
 ( 2.365879671860795500, 3.917305635318758700 ),
 .UNSPECIFIED. ) 
 CURVE ( )  GEOMETRIC_REPRESENTATION_ITEM ( )  RATIONAL_B_SPLINE_CURVE ( ( 1.000000000000000000, 0.8092813118237086600, 0.8092813118237086600, 1.000000000000000000 ) ) 
 REPRESENTATION_ITEM ( '' )  );
#1232 =( BOUNDED_CURVE ( )  B_SPLINE_CURVE ( 3, ( #1153, #1152, #1160, #1161 ),
 .UNSPECIFIED., .F., .F. ) 
 B_SPLINE_CURVE_WITH_KNOTS ( ( 4, 4 ),
 ( 0.0000000000000000000, 0.009685181668455337300 ),
 .UNSPECIFIED. ) 
 CURVE ( )  GEOMETRIC_REPRESENTATION_ITEM ( )  RATIONAL_B_SPLINE_CURVE ( ( 1.000000000000000000, 0.9999921831199466400, 0.9999921831199466400, 1.000000000000000000 ) ) 
 REPRESENTATION_ITEM ( '' )  );
#1233 =( BOUNDED_CURVE ( )  B_SPLINE_CURVE ( 3, ( #1159, #1158, #1168, #1169 ),
 .UNSPECIFIED., .F., .F. ) 
 B_SPLINE_CURVE_WITH_KNOTS ( ( 4, 4 ),
 ( 0.0000000000000000000, 0.009685181668455229700 ),
 .UNSPECIFIED. ) 
 CURVE ( )  GEOMETRIC_REPRESENTATION_ITEM ( )  RATIONAL_B_SPLINE_CURVE ( ( 1.000000000000000000, 0.9999921831199466400, 0.9999921831199466400, 1.000000000000000000 ) ) 
 REPRESENTATION_ITEM ( '' )  );
#1234 =( BOUNDED_CURVE ( )  B_SPLINE_CURVE ( 3, ( #1170, #1171, #1175, #1176 ),
 .UNSPECIFIED., .F., .F. ) 
 B_SPLINE_CURVE_WITH_KNOTS ( ( 4, 4 ),
 ( 3.131907471921341600, 3.141592653589793100 ),
 .UNSPECIFIED. ) 
 CURVE ( )  GEOMETRIC_REPRESENTATION_ITEM ( )  RATIONAL_B_SPLINE_CURVE ( ( 1.000000000000000000, 0.9999921831199466400, 0.9999921831199466400, 1.000000000000000000 ) ) 
 REPRESENTATION_ITEM ( '' )  );
#1235 = UNCERTAINTY_MEASURE_WITH_UNIT (LENGTH_MEASURE( 1.000000000000000100E-005 ), #1187, 'distance_accuracy_value', 'NONE');
#1236 = ADVANCED_BREP_SHAPE_REPRESENTATION ( 'DIO_JEDEC_DO-218AC', ( #2058, #1955 ), #1950 ) ;
#1237 = UNCERTAINTY_MEASURE_WITH_UNIT (LENGTH_MEASURE( 1.000000000000000100E-005 ), #1196, 'distance_accuracy_value', 'NONE');
#1238 = FACE_OUTER_BOUND ( 'NONE', #1670, .T. ) ;
#1239 = PRESENTATION_STYLE_ASSIGNMENT (( #2406 ) ) ;
#1240 = SURFACE_STYLE_FILL_AREA ( #2160 ) ;
#1241 = COLOUR_RGB ( '',0.2509803921568627400, 0.2509803921568627400, 0.2509803921568627400 ) ;
#1242 = FACE_OUTER_BOUND ( 'NONE', #1685, .T. ) ;
#1243 = PRESENTATION_STYLE_ASSIGNMENT (( #2416 ) ) ;
#1244 = SURFACE_STYLE_FILL_AREA ( #2437 ) ;
#1245 = COLOUR_RGB ( '',0.2509803921568627400, 0.2509803921568627400, 0.2509803921568627400 ) ;
#1246 = FACE_OUTER_BOUND ( 'NONE', #1701, .T. ) ;
#1247 = PRESENTATION_STYLE_ASSIGNMENT (( #2410 ) ) ;
#1248 = SURFACE_STYLE_FILL_AREA ( #2402 ) ;
#1249 = COLOUR_RGB ( '',0.2509803921568627400, 0.2509803921568627400, 0.2509803921568627400 ) ;
#1250 = FACE_OUTER_BOUND ( 'NONE', #1669, .T. ) ;
#1251 = PRESENTATION_STYLE_ASSIGNMENT (( #2396 ) ) ;
#1252 = SURFACE_STYLE_FILL_AREA ( #2399 ) ;
#1253 = COLOUR_RGB ( '',0.2509803921568627400, 0.2509803921568627400, 0.2509803921568627400 ) ;
#1254 = COLOUR_RGB ( '',0.2509803921568627400, 0.2509803921568627400, 0.2509803921568627400 ) ;
#1255 = FACE_OUTER_BOUND ( 'NONE', #1678, .T. ) ;
#1256 = PRESENTATION_STYLE_ASSIGNMENT (( #2428 ) ) ;
#1257 = SURFACE_STYLE_FILL_AREA ( #2442 ) ;
#1258 = CYLINDRICAL_SURFACE ( 'NONE', #1532, 0.5000000000000001100 ) ;
#1259 = COLOUR_RGB ( '',0.2509803921568627400, 0.2509803921568627400, 0.2509803921568627400 ) ;
#1260 = FACE_OUTER_BOUND ( 'NONE', #1704, .T. ) ;
#1261 = PRESENTATION_STYLE_ASSIGNMENT (( #2390 ) ) ;
#1262 = SURFACE_STYLE_FILL_AREA ( #2397 ) ;
#1263 = CYLINDRICAL_SURFACE ( 'NONE', #2813, 0.5000000000000000000 ) ;
#1264 = COLOUR_RGB ( '',0.2509803921568627400, 0.2509803921568627400, 0.2509803921568627400 ) ;
#1265 = FACE_OUTER_BOUND ( 'NONE', #1673, .T. ) ;
#1266 = PRESENTATION_STYLE_ASSIGNMENT (( #2463 ) ) ;
#1267 = SURFACE_STYLE_FILL_AREA ( #2462 ) ;
#1268 = CYLINDRICAL_SURFACE ( 'NONE', #2818, 0.5000000000000001100 ) ;
#1269 = COLOUR_RGB ( '',0.2509803921568627400, 0.2509803921568627400, 0.2509803921568627400 ) ;
#1270 = FACE_OUTER_BOUND ( 'NONE', #1663, .T. ) ;
#1271 = PRESENTATION_STYLE_ASSIGNMENT (( #2473 ) ) ;
#1272 = SURFACE_STYLE_FILL_AREA ( #2471 ) ;
#1273 = CYLINDRICAL_SURFACE ( 'NONE', #2823, 0.5000000000000001100 ) ;
#1274 = COLOUR_RGB ( '',0.2509803921568627400, 0.2509803921568627400, 0.2509803921568627400 ) ;
#1275 = FACE_OUTER_BOUND ( 'NONE', #1690, .T. ) ;
#1276 = PRESENTATION_STYLE_ASSIGNMENT (( #2451 ) ) ;
#1277 = SURFACE_STYLE_FILL_AREA ( #2453 ) ;
#1278 = CYLINDRICAL_SURFACE ( 'NONE', #2828, 0.5000000000000004400 ) ;
#1279 = COLOUR_RGB ( '',0.2509803921568627400, 0.2509803921568627400, 0.2509803921568627400 ) ;
#1280 = FACE_OUTER_BOUND ( 'NONE', #1696, .T. ) ;
#1281 = PRESENTATION_STYLE_ASSIGNMENT (( #2038 ) ) ;
#1282 = SURFACE_STYLE_FILL_AREA ( #2034 ) ;
#1283 = CYLINDRICAL_SURFACE ( 'NONE', #2833, 0.5000000000000001100 ) ;
#1284 = COLOUR_RGB ( '',0.2509803921568627400, 0.2509803921568627400, 0.2509803921568627400 ) ;
#1285 = FACE_OUTER_BOUND ( 'NONE', #1647, .T. ) ;
#1286 = PRESENTATION_STYLE_ASSIGNMENT (( #2028 ) ) ;
#1287 = SURFACE_STYLE_FILL_AREA ( #2024 ) ;
#1288 = CYLINDRICAL_SURFACE ( 'NONE', #2838, 0.5000000000000001100 ) ;
#1289 = COLOUR_RGB ( '',0.2509803921568627400, 0.2509803921568627400, 0.2509803921568627400 ) ;
#1290 = FACE_OUTER_BOUND ( 'NONE', #1729, .T. ) ;
#1291 = PRESENTATION_STYLE_ASSIGNMENT (( #557 ) ) ;
#1292 = SURFACE_STYLE_FILL_AREA ( #2016 ) ;
#1293 = CYLINDRICAL_SURFACE ( 'NONE', #2843, 0.5000000000000004400 ) ;
#1294 = COLOUR_RGB ( '',0.2509803921568627400, 0.2509803921568627400, 0.2509803921568627400 ) ;
#1295 = FACE_OUTER_BOUND ( 'NONE', #1686, .T. ) ;
#1296 = PRESENTATION_STYLE_ASSIGNMENT (( #568 ) ) ;
#1297 = SURFACE_STYLE_FILL_AREA ( #566 ) ;
#1298 = CYLINDRICAL_SURFACE ( 'NONE', #2848, 0.5000000000000001100 ) ;
#1299 = COLOUR_RGB ( '',0.2509803921568627400, 0.2509803921568627400, 0.2509803921568627400 ) ;
#1300 = FACE_OUTER_BOUND ( 'NONE', #1684, .T. ) ;
#1301 = PRESENTATION_STYLE_ASSIGNMENT (( #578 ) ) ;
#1302 = SURFACE_STYLE_FILL_AREA ( #576 ) ;
#1303 = CYLINDRICAL_SURFACE ( 'NONE', #2853, 0.5000000000000001100 ) ;
#1304 = COLOUR_RGB ( '',0.2509803921568627400, 0.2509803921568627400, 0.2509803921568627400 ) ;
#1305 = FACE_OUTER_BOUND ( 'NONE', #1705, .T. ) ;
#1306 = PRESENTATION_STYLE_ASSIGNMENT (( #588 ) ) ;
#1307 = SURFACE_STYLE_FILL_AREA ( #586 ) ;
#1308 = CYLINDRICAL_SURFACE ( 'NONE', #2858, 0.5000000000000000000 ) ;
#1309 = FACE_OUTER_BOUND ( 'NONE', #1697, .T. ) ;
#1310 = FACE_OUTER_BOUND ( 'NONE', #1683, .T. ) ;
#1311 = SURFACE_STYLE_FILL_AREA ( #599 ) ;
#1312 = PRESENTATION_STYLE_ASSIGNMENT (( #601 ) ) ;
#1313 = CYLINDRICAL_SURFACE ( 'NONE', #2862, 0.5000000000000001100 ) ;
#1314 = COLOUR_RGB ( '',0.2509803921568627400, 0.2509803921568627400, 0.2509803921568627400 ) ;
#1315 = LINE ( 'NONE', #607, #1317 ) ;
#1316 = CIRCLE ( 'NONE', #2868, 0.1999999999999996500 ) ;
#1317 = VECTOR ( 'NONE', #608, 1000.000000000000000 ) ;
#1318 = CIRCLE ( 'NONE', #2867, 0.1999999999999999800 ) ;
#1319 = CYLINDRICAL_SURFACE ( 'NONE', #2869, 0.1999999999999999800 ) ;
#1320 = CIRCLE ( 'NONE', #2870, 0.1999999999999996500 ) ;
#1321 = LINE ( 'NONE', #615, #1324 ) ;
#1322 = CIRCLE ( 'NONE', #2871, 0.1999999999999999800 ) ;
#1323 = CIRCLE ( 'NONE', #2872, 0.1999999999999999800 ) ;
#1324 = VECTOR ( 'NONE', #606, 1000.000000000000000 ) ;
#1325 = CIRCLE ( 'NONE', #2873, 0.1999999999999999800 ) ;
#1326 = CIRCLE ( 'NONE', #2874, 0.1999999999999996500 ) ;
#1327 = CIRCLE ( 'NONE', #2875, 0.1999999999999999800 ) ;
#1328 = CIRCLE ( 'NONE', #2876, 0.1999999999999999800 ) ;
#1329 = CIRCLE ( 'NONE', #2877, 0.1999999999999999800 ) ;
#1330 = CIRCLE ( 'NONE', #2878, 0.1999999999999999800 ) ;
#1331 = CIRCLE ( 'NONE', #2879, 0.1999999999999996500 ) ;
#1332 = LINE ( 'NONE', #644, #1335 ) ;
#1333 = CIRCLE ( 'NONE', #2880, 0.1999999999999996500 ) ;
#1334 = LINE ( 'NONE', #649, #1338 ) ;
#1335 = VECTOR ( 'NONE', #619, 1000.000000000000000 ) ;
#1336 = CIRCLE ( 'NONE', #2881, 0.1999999999999996500 ) ;
#1337 = LINE ( 'NONE', #655, #1341 ) ;
#1338 = VECTOR ( 'NONE', #648, 1000.000000000000000 ) ;
#1339 = LINE ( 'NONE', #654, #1343 ) ;
#1340 = CIRCLE ( 'NONE', #2882, 0.1999999999999996500 ) ;
#1341 = VECTOR ( 'NONE', #653, 1000.000000000000000 ) ;
#1342 = LINE ( 'NONE', #666, #1345 ) ;
#1343 = VECTOR ( 'NONE', #660, 1000.000000000000000 ) ;
#1344 = CIRCLE ( 'NONE', #2883, 0.1999999999999996500 ) ;
#1345 = VECTOR ( 'NONE', #661, 1000.000000000000000 ) ;
#1346 = COLOUR_RGB ( '',0.2509803921568627400, 0.2509803921568627400, 0.2509803921568627400 ) ;
#1347 = SURFACE_STYLE_FILL_AREA ( #198 ) ;
#1348 = PRESENTATION_STYLE_ASSIGNMENT (( #226 ) ) ;
#1349 = COLOUR_RGB ( '',0.2509803921568627400, 0.2509803921568627400, 0.2509803921568627400 ) ;
#1350 = FACE_OUTER_BOUND ( 'NONE', #1688, .T. ) ;
#1351 = PRESENTATION_STYLE_ASSIGNMENT (( #235 ) ) ;
#1352 = SURFACE_STYLE_FILL_AREA ( #233 ) ;
#1353 = CYLINDRICAL_SURFACE ( 'NONE', #1923, 0.1999999999999996500 ) ;
#1354 = PRESENTATION_STYLE_ASSIGNMENT (( #261 ) ) ;
#1355 = SURFACE_STYLE_FILL_AREA ( #259 ) ;
#1356 = COLOUR_RGB ( '',0.2509803921568627400, 0.2509803921568627400, 0.2509803921568627400 ) ;
#1357 = FACE_OUTER_BOUND ( 'NONE', #1720, .T. ) ;
#1358 = COLOUR_RGB ( '',0.2509803921568627400, 0.2509803921568627400, 0.2509803921568627400 ) ;
#1359 = FACE_OUTER_BOUND ( 'NONE', #1645, .T. ) ;
#1360 = PRESENTATION_STYLE_ASSIGNMENT (( #270 ) ) ;
#1361 = SURFACE_STYLE_FILL_AREA ( #268 ) ;
#1362 = CYLINDRICAL_SURFACE ( 'NONE', #1932, 0.1999999999999996500 ) ;
#1363 = PRESENTATION_STYLE_ASSIGNMENT (( #296 ) ) ;
#1364 = SURFACE_STYLE_FILL_AREA ( #294 ) ;
#1365 = COLOUR_RGB ( '',0.2509803921568627400, 0.2509803921568627400, 0.2509803921568627400 ) ;
#1366 = FACE_OUTER_BOUND ( 'NONE', #1727, .T. ) ;
#1367 = COLOUR_RGB ( '',0.2509803921568627400, 0.2509803921568627400, 0.2509803921568627400 ) ;
#1368 = FACE_OUTER_BOUND ( 'NONE', #1646, .T. ) ;
#1369 = PRESENTATION_STYLE_ASSIGNMENT (( #306 ) ) ;
#1370 = SURFACE_STYLE_FILL_AREA ( #304 ) ;
#1371 = CYLINDRICAL_SURFACE ( 'NONE', #1436, 0.1999999999999996500 ) ;
#1372 = COLOUR_RGB ( '',0.2509803921568627400, 0.2509803921568627400, 0.2509803921568627400 ) ;
#1373 = FACE_OUTER_BOUND ( 'NONE', #1687, .T. ) ;
#1374 = PRESENTATION_STYLE_ASSIGNMENT (( #314 ) ) ;
#1375 = SURFACE_STYLE_FILL_AREA ( #312 ) ;
#1376 = CYLINDRICAL_SURFACE ( 'NONE', #1441, 0.1999999999999996500 ) ;
#1377 = FACE_OUTER_BOUND ( 'NONE', #1659, .T. ) ;
#1378 = PRESENTATION_STYLE_ASSIGNMENT (( #2297 ) ) ;
#1379 = SURFACE_STYLE_FILL_AREA ( #2299 ) ;
#1380 = FACE_OUTER_BOUND ( 'NONE', #1672, .T. ) ;
#1381 = FACE_OUTER_BOUND ( 'NONE', #1674, .T. ) ;
#1382 = COLOUR_RGB ( '',0.2509803921568627400, 0.2509803921568627400, 0.2509803921568627400 ) ;
#1383 = FACE_OUTER_BOUND ( 'NONE', #1658, .T. ) ;
#1384 = PRESENTATION_STYLE_ASSIGNMENT (( #2274 ) ) ;
#1385 = SURFACE_STYLE_FILL_AREA ( #2278 ) ;
#1386 = FACE_OUTER_BOUND ( 'NONE', #1679, .T. ) ;
#1387 = FACE_OUTER_BOUND ( 'NONE', #1655, .T. ) ;
#1388 = COLOUR_RGB ( '',0.2509803921568627400, 0.2509803921568627400, 0.2509803921568627400 ) ;
#1389 = FACE_OUTER_BOUND ( 'NONE', #1706, .T. ) ;
#1390 = PRESENTATION_STYLE_ASSIGNMENT (( #2259 ) ) ;
#1391 = SURFACE_STYLE_FILL_AREA ( #2261 ) ;
#1392 = COLOUR_RGB ( '',0.2509803921568627400, 0.2509803921568627400, 0.2509803921568627400 ) ;
#1393 = FACE_OUTER_BOUND ( 'NONE', #1660, .T. ) ;
#1394 = SURFACE_STYLE_FILL_AREA ( #2235 ) ;
#1395 = PRESENTATION_STYLE_ASSIGNMENT (( #2233 ) ) ;
#1396 = FACE_OUTER_BOUND ( 'NONE', #1695, .T. ) ;
#1397 = FACE_OUTER_BOUND ( 'NONE', #1702, .T. ) ;
#1398 = FACE_OUTER_BOUND ( 'NONE', #1794, .T. ) ;
#1399 = COLOUR_RGB ( '',0.2509803921568627400, 0.2509803921568627400, 0.2509803921568627400 ) ;
#1400 = FACE_OUTER_BOUND ( 'NONE', #1666, .T. ) ;
#1401 = PRESENTATION_STYLE_ASSIGNMENT (( #2220 ) ) ;
#1402 = SURFACE_STYLE_FILL_AREA ( #2223 ) ;
#1403 = COLOUR_RGB ( '',0.2509803921568627400, 0.2509803921568627400, 0.2509803921568627400 ) ;
#1404 = FACE_OUTER_BOUND ( 'NONE', #1654, .T. ) ;
#1405 = PRESENTATION_STYLE_ASSIGNMENT (( #2184 ) ) ;
#1406 = SURFACE_STYLE_FILL_AREA ( #2208 ) ;
#1407 = COLOUR_RGB ( '',0.2509803921568627400, 0.2509803921568627400, 0.2509803921568627400 ) ;
#1408 = FACE_OUTER_BOUND ( 'NONE', #1680, .T. ) ;
#1409 = PRESENTATION_STYLE_ASSIGNMENT (( #2164 ) ) ;
#1410 = SURFACE_STYLE_FILL_AREA ( #2166 ) ;
#1411 = COLOUR_RGB ( '',0.2509803921568627400, 0.2509803921568627400, 0.2509803921568627400 ) ;
#1412 = FACE_OUTER_BOUND ( 'NONE', #1662, .T. ) ;
#1413 = PRESENTATION_STYLE_ASSIGNMENT (( #2151 ) ) ;
#1414 = SURFACE_STYLE_FILL_AREA ( #2153 ) ;
#1415 = COLOUR_RGB ( '',0.2509803921568627400, 0.2509803921568627400, 0.2509803921568627400 ) ;
#1416 = FACE_OUTER_BOUND ( 'NONE', #1651, .T. ) ;
#1417 = PRESENTATION_STYLE_ASSIGNMENT (( #2139 ) ) ;
#1418 = SURFACE_STYLE_FILL_AREA ( #2142 ) ;
#1419 = COLOUR_RGB ( '',0.2509803921568627400, 0.2509803921568627400, 0.2509803921568627400 ) ;
#1420 = FACE_OUTER_BOUND ( 'NONE', #1648, .T. ) ;
#1421 = PRESENTATION_STYLE_ASSIGNMENT (( #2119 ) ) ;
#1422 = SURFACE_STYLE_FILL_AREA ( #2123 ) ;
#1423 = COLOUR_RGB ( '',0.2509803921568627400, 0.2509803921568627400, 0.2509803921568627400 ) ;
#1424 = FACE_OUTER_BOUND ( 'NONE', #1793, .T. ) ;
#1425 = PRESENTATION_STYLE_ASSIGNMENT (( #2170 ) ) ;
#1426 = SURFACE_STYLE_FILL_AREA ( #2296 ) ;
#1427 = COLOUR_RGB ( '',0.2509803921568627400, 0.2509803921568627400, 0.2509803921568627400 ) ;
#1428 = FACE_OUTER_BOUND ( 'NONE', #1689, .T. ) ;
#1429 = PRESENTATION_STYLE_ASSIGNMENT (( #2257 ) ) ;
#1430 = SURFACE_STYLE_FILL_AREA ( #2126 ) ;
#1431 = COLOUR_RGB ( '',0.2509803921568627400, 0.2509803921568627400, 0.2509803921568627400 ) ;
#1432 = MECHANICAL_DESIGN_GEOMETRIC_PRESENTATION_REPRESENTATION (  '', ( #1935 ), #1433 ) ;
#1433 =( GEOMETRIC_REPRESENTATION_CONTEXT ( 3 ) GLOBAL_UNCERTAINTY_ASSIGNED_CONTEXT ( ( #1962 ) ) GLOBAL_UNIT_ASSIGNED_CONTEXT ( ( #297, #298, #299 ) ) REPRESENTATION_CONTEXT ( 'NONE', 'WORKASPACE' ) );
#1434 = PRESENTATION_LAYER_ASSIGNMENT (  '', '', ( #1435 ) ) ;
#1435 = STYLED_ITEM ( 'NONE', ( #1369 ), #1800 ) ;
#1436 = AXIS2_PLACEMENT_3D ( 'NONE', #291, #292, #300 ) ;
#1437 = MECHANICAL_DESIGN_GEOMETRIC_PRESENTATION_REPRESENTATION (  '', ( #1435 ), #1438 ) ;
#1438 =( GEOMETRIC_REPRESENTATION_CONTEXT ( 3 ) GLOBAL_UNCERTAINTY_ASSIGNED_CONTEXT ( ( #1963 ) ) GLOBAL_UNIT_ASSIGNED_CONTEXT ( ( #307, #308, #309 ) ) REPRESENTATION_CONTEXT ( 'NONE', 'WORKASPACE' ) );
#1439 = PRESENTATION_LAYER_ASSIGNMENT (  '', '', ( #1440 ) ) ;
#1440 = STYLED_ITEM ( 'NONE', ( #1374 ), #1801 ) ;
#1441 = AXIS2_PLACEMENT_3D ( 'NONE', #301, #302, #310 ) ;
#1442 = MECHANICAL_DESIGN_GEOMETRIC_PRESENTATION_REPRESENTATION (  '', ( #1440 ), #1443 ) ;
#1443 =( GEOMETRIC_REPRESENTATION_CONTEXT ( 3 ) GLOBAL_UNCERTAINTY_ASSIGNED_CONTEXT ( ( #1964 ) ) GLOBAL_UNIT_ASSIGNED_CONTEXT ( ( #2179, #2180, #2173 ) ) REPRESENTATION_CONTEXT ( 'NONE', 'WORKASPACE' ) );
#1444 = AXIS2_PLACEMENT_3D ( 'NONE', #2203, #2206, #2202 ) ;
#1445 = STYLED_ITEM ( 'NONE', ( #1378 ), #1804 ) ;
#1446 = AXIS2_PLACEMENT_3D ( 'NONE', #2205, #2188, #2127 ) ;
#1447 = PRESENTATION_LAYER_ASSIGNMENT (  '', '', ( #1445 ) ) ;
#1448 = MECHANICAL_DESIGN_GEOMETRIC_PRESENTATION_REPRESENTATION (  '', ( #1445 ), #1449 ) ;
#1449 =( GEOMETRIC_REPRESENTATION_CONTEXT ( 3 ) GLOBAL_UNCERTAINTY_ASSIGNED_CONTEXT ( ( #1966 ) ) GLOBAL_UNIT_ASSIGNED_CONTEXT ( ( #2295, #2294, #2293 ) ) REPRESENTATION_CONTEXT ( 'NONE', 'WORKASPACE' ) );
#1450 = AXIS2_PLACEMENT_3D ( 'NONE', #2292, #2291, #2290 ) ;
#1451 = AXIS2_PLACEMENT_3D ( 'NONE', #2300, #2286, #2285 ) ;
#1452 = STYLED_ITEM ( 'NONE', ( #1384 ), #1807 ) ;
#1453 = AXIS2_PLACEMENT_3D ( 'NONE', #2287, #2282, #2281 ) ;
#1454 = PRESENTATION_LAYER_ASSIGNMENT (  '', '', ( #1452 ) ) ;
#1455 = MECHANICAL_DESIGN_GEOMETRIC_PRESENTATION_REPRESENTATION (  '', ( #1452 ), #1456 ) ;
#1456 =( GEOMETRIC_REPRESENTATION_CONTEXT ( 3 ) GLOBAL_UNCERTAINTY_ASSIGNED_CONTEXT ( ( #1967 ) ) GLOBAL_UNIT_ASSIGNED_CONTEXT ( ( #2273, #2271, #2270 ) ) REPRESENTATION_CONTEXT ( 'NONE', 'WORKASPACE' ) );
#1457 = STYLED_ITEM ( 'NONE', ( #1390 ), #1808 ) ;
#1458 = AXIS2_PLACEMENT_3D ( 'NONE', #2268, #2267, #2266 ) ;
#1459 = PRESENTATION_LAYER_ASSIGNMENT (  '', '', ( #1457 ) ) ;
#1460 = MECHANICAL_DESIGN_GEOMETRIC_PRESENTATION_REPRESENTATION (  '', ( #1457 ), #1461 ) ;
#1461 =( GEOMETRIC_REPRESENTATION_CONTEXT ( 3 ) GLOBAL_UNCERTAINTY_ASSIGNED_CONTEXT ( ( #1968 ) ) GLOBAL_UNIT_ASSIGNED_CONTEXT ( ( #2256, #2255, #2254 ) ) REPRESENTATION_CONTEXT ( 'NONE', 'WORKASPACE' ) );
#1462 = AXIS2_PLACEMENT_3D ( 'NONE', #2252, #2251, #2250 ) ;
#1463 = AXIS2_PLACEMENT_3D ( 'NONE', #2264, #2247, #2246 ) ;
#1464 = AXIS2_PLACEMENT_3D ( 'NONE', #2248, #2243, #2242 ) ;
#1465 = STYLED_ITEM ( 'NONE', ( #1395 ), #1812 ) ;
#1466 = AXIS2_PLACEMENT_3D ( 'NONE', #2244, #2239, #2238 ) ;
#1467 = PRESENTATION_LAYER_ASSIGNMENT (  '', '', ( #1465 ) ) ;
#1468 = MECHANICAL_DESIGN_GEOMETRIC_PRESENTATION_REPRESENTATION (  '', ( #1465 ), #1469 ) ;
#1469 =( GEOMETRIC_REPRESENTATION_CONTEXT ( 3 ) GLOBAL_UNCERTAINTY_ASSIGNED_CONTEXT ( ( #1969 ) ) GLOBAL_UNIT_ASSIGNED_CONTEXT ( ( #2232, #2231, #2230 ) ) REPRESENTATION_CONTEXT ( 'NONE', 'WORKASPACE' ) );
#1470 = STYLED_ITEM ( 'NONE', ( #1401 ), #1813 ) ;
#1471 = AXIS2_PLACEMENT_3D ( 'NONE', #2228, #2227, #2226 ) ;
#1472 = PRESENTATION_LAYER_ASSIGNMENT (  '', '', ( #1470 ) ) ;
#1473 = MECHANICAL_DESIGN_GEOMETRIC_PRESENTATION_REPRESENTATION (  '', ( #1470 ), #1474 ) ;
#1474 =( GEOMETRIC_REPRESENTATION_CONTEXT ( 3 ) GLOBAL_UNCERTAINTY_ASSIGNED_CONTEXT ( ( #1970 ) ) GLOBAL_UNIT_ASSIGNED_CONTEXT ( ( #2219, #2218, #2217 ) ) REPRESENTATION_CONTEXT ( 'NONE', 'WORKASPACE' ) );
#1475 = STYLED_ITEM ( 'NONE', ( #1405 ), #1814 ) ;
#1476 = AXIS2_PLACEMENT_3D ( 'NONE', #2215, #2214, #2212 ) ;
#1477 = PRESENTATION_LAYER_ASSIGNMENT (  '', '', ( #1475 ) ) ;
#1478 = MECHANICAL_DESIGN_GEOMETRIC_PRESENTATION_REPRESENTATION (  '', ( #1475 ), #1479 ) ;
#1479 =( GEOMETRIC_REPRESENTATION_CONTEXT ( 3 ) GLOBAL_UNCERTAINTY_ASSIGNED_CONTEXT ( ( #1971 ) ) GLOBAL_UNIT_ASSIGNED_CONTEXT ( ( #2182, #2181, #2177 ) ) REPRESENTATION_CONTEXT ( 'NONE', 'WORKASPACE' ) );
#1480 = STYLED_ITEM ( 'NONE', ( #1409 ), #1815 ) ;
#1481 = AXIS2_PLACEMENT_3D ( 'NONE', #2176, #2174, #2172 ) ;
#1482 = PRESENTATION_LAYER_ASSIGNMENT (  '', '', ( #1480 ) ) ;
#1483 = MECHANICAL_DESIGN_GEOMETRIC_PRESENTATION_REPRESENTATION (  '', ( #1480 ), #1484 ) ;
#1484 =( GEOMETRIC_REPRESENTATION_CONTEXT ( 3 ) GLOBAL_UNCERTAINTY_ASSIGNED_CONTEXT ( ( #1972 ) ) GLOBAL_UNIT_ASSIGNED_CONTEXT ( ( #2163, #2162, #2161 ) ) REPRESENTATION_CONTEXT ( 'NONE', 'WORKASPACE' ) );
#1485 = STYLED_ITEM ( 'NONE', ( #1413 ), #1816 ) ;
#1486 = AXIS2_PLACEMENT_3D ( 'NONE', #2158, #2157, #2156 ) ;
#1487 = PRESENTATION_LAYER_ASSIGNMENT (  '', '', ( #1485 ) ) ;
#1488 = MECHANICAL_DESIGN_GEOMETRIC_PRESENTATION_REPRESENTATION (  '', ( #1485 ), #1489 ) ;
#1489 =( GEOMETRIC_REPRESENTATION_CONTEXT ( 3 ) GLOBAL_UNCERTAINTY_ASSIGNED_CONTEXT ( ( #1973 ) ) GLOBAL_UNIT_ASSIGNED_CONTEXT ( ( #2150, #2149, #2148 ) ) REPRESENTATION_CONTEXT ( 'NONE', 'WORKASPACE' ) );
#1490 = STYLED_ITEM ( 'NONE', ( #1417 ), #1817 ) ;
#1491 = AXIS2_PLACEMENT_3D ( 'NONE', #2147, #2146, #2145 ) ;
#1492 = PRESENTATION_LAYER_ASSIGNMENT (  '', '', ( #1490 ) ) ;
#1493 = MECHANICAL_DESIGN_GEOMETRIC_PRESENTATION_REPRESENTATION (  '', ( #1490 ), #1494 ) ;
#1494 =( GEOMETRIC_REPRESENTATION_CONTEXT ( 3 ) GLOBAL_UNCERTAINTY_ASSIGNED_CONTEXT ( ( #1974 ) ) GLOBAL_UNIT_ASSIGNED_CONTEXT ( ( #2138, #2137, #2136 ) ) REPRESENTATION_CONTEXT ( 'NONE', 'WORKASPACE' ) );
#1495 = STYLED_ITEM ( 'NONE', ( #1421 ), #1818 ) ;
#1496 = AXIS2_PLACEMENT_3D ( 'NONE', #2132, #2131, #2130 ) ;
#1497 = PRESENTATION_LAYER_ASSIGNMENT (  '', '', ( #1495 ) ) ;
#1498 = MECHANICAL_DESIGN_GEOMETRIC_PRESENTATION_REPRESENTATION (  '', ( #1495 ), #1499 ) ;
#1499 =( GEOMETRIC_REPRESENTATION_CONTEXT ( 3 ) GLOBAL_UNCERTAINTY_ASSIGNED_CONTEXT ( ( #1975 ) ) GLOBAL_UNIT_ASSIGNED_CONTEXT ( ( #2118, #2117, #2116 ) ) REPRESENTATION_CONTEXT ( 'NONE', 'WORKASPACE' ) );
#1500 = STYLED_ITEM ( 'NONE', ( #1425 ), #1819 ) ;
#1501 = AXIS2_PLACEMENT_3D ( 'NONE', #2115, #2121, #2122 ) ;
#1502 = PRESENTATION_LAYER_ASSIGNMENT (  '', '', ( #1500 ) ) ;
#1503 = MECHANICAL_DESIGN_GEOMETRIC_PRESENTATION_REPRESENTATION (  '', ( #1500 ), #1504 ) ;
#1504 =( GEOMETRIC_REPRESENTATION_CONTEXT ( 3 ) GLOBAL_UNCERTAINTY_ASSIGNED_CONTEXT ( ( #1976 ) ) GLOBAL_UNIT_ASSIGNED_CONTEXT ( ( #2128, #2258, #2288 ) ) REPRESENTATION_CONTEXT ( 'NONE', 'WORKASPACE' ) );
#1505 = STYLED_ITEM ( 'NONE', ( #1429 ), #1820 ) ;
#1506 = AXIS2_PLACEMENT_3D ( 'NONE', #2134, #2159, #2169 ) ;
#1507 = PRESENTATION_LAYER_ASSIGNMENT (  '', '', ( #1505 ) ) ;
#1508 = MECHANICAL_DESIGN_GEOMETRIC_PRESENTATION_REPRESENTATION (  '', ( #1505 ), #1509 ) ;
#1509 =( GEOMETRIC_REPRESENTATION_CONTEXT ( 3 ) GLOBAL_UNCERTAINTY_ASSIGNED_CONTEXT ( ( #1977 ) ) GLOBAL_UNIT_ASSIGNED_CONTEXT ( ( #2272, #2269, #2133 ) ) REPRESENTATION_CONTEXT ( 'NONE', 'WORKASPACE' ) );
#1510 = STYLED_ITEM ( 'NONE', ( #1239 ), #1821 ) ;
#1511 = AXIS2_PLACEMENT_3D ( 'NONE', #2168, #2262, #2277 ) ;
#1512 = PRESENTATION_LAYER_ASSIGNMENT (  '', '', ( #1510 ) ) ;
#1513 = MECHANICAL_DESIGN_GEOMETRIC_PRESENTATION_REPRESENTATION (  '', ( #1510 ), #1514 ) ;
#1514 =( GEOMETRIC_REPRESENTATION_CONTEXT ( 3 ) GLOBAL_UNCERTAINTY_ASSIGNED_CONTEXT ( ( #1978 ) ) GLOBAL_UNIT_ASSIGNED_CONTEXT ( ( #2401, #2420, #2407 ) ) REPRESENTATION_CONTEXT ( 'NONE', 'WORKASPACE' ) );
#1515 = STYLED_ITEM ( 'NONE', ( #1243 ), #1822 ) ;
#1516 = AXIS2_PLACEMENT_3D ( 'NONE', #2438, #2398, #2417 ) ;
#1517 = PRESENTATION_LAYER_ASSIGNMENT (  '', '', ( #1515 ) ) ;
#1518 = MECHANICAL_DESIGN_GEOMETRIC_PRESENTATION_REPRESENTATION (  '', ( #1515 ), #1519 ) ;
#1519 =( GEOMETRIC_REPRESENTATION_CONTEXT ( 3 ) GLOBAL_UNCERTAINTY_ASSIGNED_CONTEXT ( ( #1979 ) ) GLOBAL_UNIT_ASSIGNED_CONTEXT ( ( #2409, #2423, #2425 ) ) REPRESENTATION_CONTEXT ( 'NONE', 'WORKASPACE' ) );
#1520 = STYLED_ITEM ( 'NONE', ( #1247 ), #1823 ) ;
#1521 = AXIS2_PLACEMENT_3D ( 'NONE', #2395, #2441, #2419 ) ;
#1522 = PRESENTATION_LAYER_ASSIGNMENT (  '', '', ( #1520 ) ) ;
#1523 = MECHANICAL_DESIGN_GEOMETRIC_PRESENTATION_REPRESENTATION (  '', ( #1520 ), #1524 ) ;
#1524 =( GEOMETRIC_REPRESENTATION_CONTEXT ( 3 ) GLOBAL_UNCERTAINTY_ASSIGNED_CONTEXT ( ( #1980 ) ) GLOBAL_UNIT_ASSIGNED_CONTEXT ( ( #2421, #2418, #2443 ) ) REPRESENTATION_CONTEXT ( 'NONE', 'WORKASPACE' ) );
#1525 = STYLED_ITEM ( 'NONE', ( #1251 ), #1824 ) ;
#1526 = AXIS2_PLACEMENT_3D ( 'NONE', #2403, #2440, #2432 ) ;
#1527 = PRESENTATION_LAYER_ASSIGNMENT (  '', '', ( #1525 ) ) ;
#1528 = MECHANICAL_DESIGN_GEOMETRIC_PRESENTATION_REPRESENTATION (  '', ( #1525 ), #1529 ) ;
#1529 =( GEOMETRIC_REPRESENTATION_CONTEXT ( 3 ) GLOBAL_UNCERTAINTY_ASSIGNED_CONTEXT ( ( #1981 ) ) GLOBAL_UNIT_ASSIGNED_CONTEXT ( ( #2445, #2446, #2434 ) ) REPRESENTATION_CONTEXT ( 'NONE', 'WORKASPACE' ) );
#1530 = PRESENTATION_LAYER_ASSIGNMENT (  '', '', ( #1531 ) ) ;
#1531 = STYLED_ITEM ( 'NONE', ( #1256 ), #1825 ) ;
#1532 = AXIS2_PLACEMENT_3D ( 'NONE', #2430, #2415, #2413 ) ;
#1533 = ORIENTED_EDGE ( 'NONE', *, *, #2763, .F. ) ;
#1534 = ORIENTED_EDGE ( 'NONE', *, *, #2710, .F. ) ;
#1535 = ORIENTED_EDGE ( 'NONE', *, *, #1844, .T. ) ;
#1536 = ORIENTED_EDGE ( 'NONE', *, *, #2319, .F. ) ;
#1537 = ORIENTED_EDGE ( 'NONE', *, *, #2738, .F. ) ;
#1538 = ORIENTED_EDGE ( 'NONE', *, *, #1852, .T. ) ;
#1539 = ORIENTED_EDGE ( 'NONE', *, *, #2740, .T. ) ;
#1540 = ORIENTED_EDGE ( 'NONE', *, *, #2304, .F. ) ;
#1541 = ORIENTED_EDGE ( 'NONE', *, *, #2750, .F. ) ;
#1542 = ORIENTED_EDGE ( 'NONE', *, *, #1854, .T. ) ;
#1543 = ORIENTED_EDGE ( 'NONE', *, *, #2733, .F. ) ;
#1544 = ORIENTED_EDGE ( 'NONE', *, *, #2112, .F. ) ;
#1545 = ORIENTED_EDGE ( 'NONE', *, *, #1844, .F. ) ;
#1546 = ORIENTED_EDGE ( 'NONE', *, *, #2111, .F. ) ;
#1547 = ORIENTED_EDGE ( 'NONE', *, *, #2737, .T. ) ;
#1548 = ORIENTED_EDGE ( 'NONE', *, *, #1857, .T. ) ;
#1549 = ORIENTED_EDGE ( 'NONE', *, *, #2742, .T. ) ;
#1550 = ORIENTED_EDGE ( 'NONE', *, *, #1852, .F. ) ;
#1551 = ORIENTED_EDGE ( 'NONE', *, *, #2752, .F. ) ;
#1552 = ORIENTED_EDGE ( 'NONE', *, *, #2309, .T. ) ;
#1553 = ORIENTED_EDGE ( 'NONE', *, *, #2749, .T. ) ;
#1554 = ORIENTED_EDGE ( 'NONE', *, *, #1854, .F. ) ;
#1555 = ORIENTED_EDGE ( 'NONE', *, *, #2744, .F. ) ;
#1556 = ORIENTED_EDGE ( 'NONE', *, *, #1856, .F. ) ;
#1557 = ORIENTED_EDGE ( 'NONE', *, *, #2741, .T. ) ;
#1558 = ORIENTED_EDGE ( 'NONE', *, *, #1842, .T. ) ;
#1559 = ORIENTED_EDGE ( 'NONE', *, *, #2755, .F. ) ;
#1560 = ORIENTED_EDGE ( 'NONE', *, *, #1857, .F. ) ;
#1561 = ORIENTED_EDGE ( 'NONE', *, *, #2743, .T. ) ;
#1562 = ORIENTED_EDGE ( 'NONE', *, *, #1856, .T. ) ;
#1563 = ORIENTED_EDGE ( 'NONE', *, *, #2748, .F. ) ;
#1564 = ORIENTED_EDGE ( 'NONE', *, *, #2730, .T. ) ;
#1565 = ORIENTED_EDGE ( 'NONE', *, *, #2730, .F. ) ;
#1566 = ORIENTED_EDGE ( 'NONE', *, *, #1838, .F. ) ;
#1567 = ORIENTED_EDGE ( 'NONE', *, *, #2314, .T. ) ;
#1568 = ORIENTED_EDGE ( 'NONE', *, *, #2732, .T. ) ;
#1569 = ORIENTED_EDGE ( 'NONE', *, *, #2754, .F. ) ;
#1570 = ORIENTED_EDGE ( 'NONE', *, *, #1842, .F. ) ;
#1571 = ORIENTED_EDGE ( 'NONE', *, *, #2756, .T. ) ;
#1572 = ORIENTED_EDGE ( 'NONE', *, *, #1838, .T. ) ;
#1573 = ORIENTED_EDGE ( 'NONE', *, *, #2749, .F. ) ;
#1574 = ORIENTED_EDGE ( 'NONE', *, *, #2742, .F. ) ;
#1575 = ORIENTED_EDGE ( 'NONE', *, *, #2311, .F. ) ;
#1576 = ORIENTED_EDGE ( 'NONE', *, *, #2751, .F. ) ;
#1577 = ORIENTED_EDGE ( 'NONE', *, *, #2306, .T. ) ;
#1578 = ORIENTED_EDGE ( 'NONE', *, *, #2748, .T. ) ;
#1579 = ORIENTED_EDGE ( 'NONE', *, *, #2755, .T. ) ;
#1580 = ORIENTED_EDGE ( 'NONE', *, *, #2744, .T. ) ;
#1581 = ORIENTED_EDGE ( 'NONE', *, *, #2754, .T. ) ;
#1582 = ORIENTED_EDGE ( 'NONE', *, *, #2047, .T. ) ;
#1583 = ORIENTED_EDGE ( 'NONE', *, *, #2752, .T. ) ;
#1584 = ORIENTED_EDGE ( 'NONE', *, *, #2738, .T. ) ;
#1585 = ORIENTED_EDGE ( 'NONE', *, *, #2750, .T. ) ;
#1586 = ORIENTED_EDGE ( 'NONE', *, *, #2302, .T. ) ;
#1587 = ORIENTED_EDGE ( 'NONE', *, *, #2736, .F. ) ;
#1588 = ORIENTED_EDGE ( 'NONE', *, *, #2729, .F. ) ;
#1589 = ORIENTED_EDGE ( 'NONE', *, *, #2312, .F. ) ;
#1590 = ORIENTED_EDGE ( 'NONE', *, *, #2740, .F. ) ;
#1591 = ORIENTED_EDGE ( 'NONE', *, *, #2805, .T. ) ;
#1592 = ORIENTED_EDGE ( 'NONE', *, *, #2713, .T. ) ;
#1593 = ORIENTED_EDGE ( 'NONE', *, *, #2314, .F. ) ;
#1594 = ORIENTED_EDGE ( 'NONE', *, *, #2756, .F. ) ;
#1595 = ORIENTED_EDGE ( 'NONE', *, *, #2741, .F. ) ;
#1596 = ORIENTED_EDGE ( 'NONE', *, *, #2743, .F. ) ;
#1597 = ORIENTED_EDGE ( 'NONE', *, *, #2737, .F. ) ;
#1598 = ORIENTED_EDGE ( 'NONE', *, *, #2305, .F. ) ;
#1599 = ORIENTED_EDGE ( 'NONE', *, *, #2739, .T. ) ;
#1600 = ORIENTED_EDGE ( 'NONE', *, *, #2304, .T. ) ;
#1601 = ORIENTED_EDGE ( 'NONE', *, *, #2303, .F. ) ;
#1602 = ORIENTED_EDGE ( 'NONE', *, *, #2305, .T. ) ;
#1603 = ORIENTED_EDGE ( 'NONE', *, *, #2111, .T. ) ;
#1604 = ORIENTED_EDGE ( 'NONE', *, *, #2306, .F. ) ;
#1605 = ORIENTED_EDGE ( 'NONE', *, *, #2047, .F. ) ;
#1606 = ORIENTED_EDGE ( 'NONE', *, *, #2307, .T. ) ;
#1607 = ORIENTED_EDGE ( 'NONE', *, *, #2311, .T. ) ;
#1608 = ORIENTED_EDGE ( 'NONE', *, *, #2309, .F. ) ;
#1609 = ORIENTED_EDGE ( 'NONE', *, *, #2321, .T. ) ;
#1610 = ORIENTED_EDGE ( 'NONE', *, *, #2308, .F. ) ;
#1611 = ORIENTED_EDGE ( 'NONE', *, *, #2778, .F. ) ;
#1612 = ORIENTED_EDGE ( 'NONE', *, *, #2319, .T. ) ;
#1613 = ORIENTED_EDGE ( 'NONE', *, *, #2310, .F. ) ;
#1614 = ORIENTED_EDGE ( 'NONE', *, *, #2316, .T. ) ;
#1615 = ORIENTED_EDGE ( 'NONE', *, *, #2312, .T. ) ;
#1616 = ORIENTED_EDGE ( 'NONE', *, *, #2727, .T. ) ;
#1617 = ORIENTED_EDGE ( 'NONE', *, *, #2302, .F. ) ;
#1618 = ORIENTED_EDGE ( 'NONE', *, *, #2318, .T. ) ;
#1619 = ORIENTED_EDGE ( 'NONE', *, *, #2781, .F. ) ;
#1620 = ORIENTED_EDGE ( 'NONE', *, *, #2321, .F. ) ;
#1621 = ORIENTED_EDGE ( 'NONE', *, *, #2782, .F. ) ;
#1622 = ORIENTED_EDGE ( 'NONE', *, *, #2777, .F. ) ;
#1623 = ORIENTED_EDGE ( 'NONE', *, *, #2316, .F. ) ;
#1624 = ORIENTED_EDGE ( 'NONE', *, *, #2043, .F. ) ;
#1625 = ORIENTED_EDGE ( 'NONE', *, *, #2767, .F. ) ;
#1626 = ORIENTED_EDGE ( 'NONE', *, *, #2110, .F. ) ;
#1627 = ORIENTED_EDGE ( 'NONE', *, *, #2734, .F. ) ;
#1628 = ORIENTED_EDGE ( 'NONE', *, *, #2791, .F. ) ;
#1629 = ORIENTED_EDGE ( 'NONE', *, *, #2325, .T. ) ;
#1630 = ORIENTED_EDGE ( 'NONE', *, *, #2113, .F. ) ;
#1631 = ORIENTED_EDGE ( 'NONE', *, *, #2385, .F. ) ;
#1632 = ORIENTED_EDGE ( 'NONE', *, *, #2326, .T. ) ;
#1633 = ORIENTED_EDGE ( 'NONE', *, *, #2712, .F. ) ;
#1634 = ORIENTED_EDGE ( 'NONE', *, *, #2323, .T. ) ;
#1635 = ORIENTED_EDGE ( 'NONE', *, *, #2049, .F. ) ;
#1636 = ORIENTED_EDGE ( 'NONE', *, *, #2108, .T. ) ;
#1637 = ORIENTED_EDGE ( 'NONE', *, *, #2708, .F. ) ;
#1638 = ORIENTED_EDGE ( 'NONE', *, *, #2694, .T. ) ;
#1639 = ORIENTED_EDGE ( 'NONE', *, *, #2042, .F. ) ;
#1640 = ORIENTED_EDGE ( 'NONE', *, *, #2325, .F. ) ;
#1641 = ORIENTED_EDGE ( 'NONE', *, *, #2765, .F. ) ;
#1642 = ORIENTED_EDGE ( 'NONE', *, *, #2324, .F. ) ;
#1643 = ORIENTED_EDGE ( 'NONE', *, *, #2323, .F. ) ;
#1644 = ORIENTED_EDGE ( 'NONE', *, *, #2721, .F. ) ;
#1645 = EDGE_LOOP ( 'NONE', ( #1745, #1744, #1743, #1742 ) ) ;
#1646 = EDGE_LOOP ( 'NONE', ( #1753, #1752, #1751, #1750 ) ) ;
#1647 = EDGE_LOOP ( 'NONE', ( #1641, #1642, #1643, #1644, #1627, #1628, #1629, #1630 ) ) ;
#1648 = EDGE_LOOP ( 'NONE', ( #2554, #2567, #2561, #2516 ) ) ;
#1649 = EDGE_LOOP ( 'NONE', ( #1553, #1554, #1537, #1538 ) ) ;
#1650 = EDGE_LOOP ( 'NONE', ( #1726, #1721, #1722, #1723 ) ) ;
#1651 = EDGE_LOOP ( 'NONE', ( #2568, #2525, #2533, #2549, #2555, #2566 ) ) ;
#1652 = ORIENTED_EDGE ( 'NONE', *, *, #2322, .T. ) ;
#1653 = ORIENTED_EDGE ( 'NONE', *, *, #2052, .F. ) ;
#1654 = EDGE_LOOP ( 'NONE', ( #2509, #2596, #2692, #2495 ) ) ;
#1655 = EDGE_LOOP ( 'NONE', ( #2675, #2681, #2499, #2683, #2682, #2678, #2497, #2667 ) ) ;
#1656 = EDGE_LOOP ( 'NONE', ( #1587, #1588, #1589, #1590, #1573, #1574, #1575, #1576, #1577, #1578, #1579, #1580, #1581, #1564 ) ) ;
#1657 = EDGE_LOOP ( 'NONE', ( #1555, #1556, #1557, #1558 ) ) ;
#1658 = EDGE_LOOP ( 'NONE', ( #2689, #2691, #2674, #2673, #2671, #2541, #2672, #2547, #2679, #2680 ) ) ;
#1659 = EDGE_LOOP ( 'NONE', ( #2669, #2666, #2534, #2665, #2684, #2504 ) ) ;
#1660 = EDGE_LOOP ( 'NONE', ( #2560, #2668, #2556, #2670, #1732, #1738, #1737, #1735, #1736, #1734 ) ) ;
#1661 = EDGE_LOOP ( 'NONE', ( #1717, #1718, #1719, #1713 ) ) ;
#1662 = EDGE_LOOP ( 'NONE', ( #2539, #2508, #2485, #2486, #2500, #2489, #2511, #2522 ) ) ;
#1663 = EDGE_LOOP ( 'NONE', ( #2518, #2517, #2494, #1740, #1533, #2515, #2542, #2585 ) ) ;
#1664 = EDGE_LOOP ( 'NONE', ( #1728, #1792, #1791, #1790 ) ) ;
#1665 = EDGE_LOOP ( 'NONE', ( #1563, #1546, #1547, #1548 ) ) ;
#1666 = EDGE_LOOP ( 'NONE', ( #2628, #2482, #2627, #2491, #2490, #2544 ) ) ;
#1667 = EDGE_LOOP ( 'NONE', ( #1773, #1772, #1771, #1770 ) ) ;
#1668 = EDGE_LOOP ( 'NONE', ( #1615, #1616, #1617, #1600 ) ) ;
#1669 = EDGE_LOOP ( 'NONE', ( #2563, #2592, #2538, #2597 ) ) ;
#1670 = EDGE_LOOP ( 'NONE', ( #2609, #2607, #2613, #2612, #2614, #2599 ) ) ;
#1671 = EDGE_LOOP ( 'NONE', ( #1781, #1780, #1779, #1778 ) ) ;
#1672 = EDGE_LOOP ( 'NONE', ( #2606, #2558, #2593, #2582 ) ) ;
#1673 = EDGE_LOOP ( 'NONE', ( #2526, #2478, #2521, #2520 ) ) ;
#1674 = EDGE_LOOP ( 'NONE', ( #1733, #1739, #2565, #2553 ) ) ;
#1675 = EDGE_LOOP ( 'NONE', ( #1565, #1566, #1567, #1568 ) ) ;
#1676 = EDGE_LOOP ( 'NONE', ( #1559, #1560, #1561, #1562 ) ) ;
#1677 = EDGE_LOOP ( 'NONE', ( #1539, #1540, #1541, #1542 ) ) ;
#1678 = EDGE_LOOP ( 'NONE', ( #2550, #2569, #2570, #2587, #2577, #2512, #2483, #2620 ) ) ;
#1679 = EDGE_LOOP ( 'NONE', ( #2535, #2552, #2551, #2540 ) ) ;
#1680 = EDGE_LOOP ( 'NONE', ( #2532, #2625, #2624, #2623 ) ) ;
#1681 = EDGE_LOOP ( 'NONE', ( #1714, #1715, #1710, #1711 ) ) ;
#1682 = EDGE_LOOP ( 'NONE', ( #1785, #1784, #1783, #1782 ) ) ;
#1683 = EDGE_LOOP ( 'NONE', ( #1591, #1592, #1593, #1594, #1595, #1596, #1597, #1598, #1599, #1582, #1583, #1584, #1585, #1586 ) ) ;
#1684 = EDGE_LOOP ( 'NONE', ( #1621, #1622, #1623, #1624, #1625, #1626, #1609, #1610 ) ) ;
#1685 = EDGE_LOOP ( 'NONE', ( #2615, #2573, #2594, #2574, #2562, #2492, #2487, #2644, #2630, #2598 ) ) ;
#1686 = EDGE_LOOP ( 'NONE', ( #1635, #1618, #1619, #1620 ) ) ;
#1687 = EDGE_LOOP ( 'NONE', ( #1757, #1756, #1755, #1754 ) ) ;
#1688 = EDGE_LOOP ( 'NONE', ( #1761, #1760, #1759, #1758 ) ) ;
#1689 = EDGE_LOOP ( 'NONE', ( #2557, #2575, #2618, #2601, #2583, #2603, #2503, #2604, #2537, #2608 ) ) ;
#1690 = EDGE_LOOP ( 'NONE', ( #2693, #1652, #1653, #1636 ) ) ;
#1691 = EDGE_LOOP ( 'NONE', ( #1535, #1536, #1724, #1725 ) ) ;
#1692 = EDGE_LOOP ( 'NONE', ( #1605, #1606, #1607, #1608 ) ) ;
#1693 = EDGE_LOOP ( 'NONE', ( #1601, #1602, #1603, #1604 ) ) ;
#1694 = EDGE_LOOP ( 'NONE', ( #1569, #1570, #1571, #1572 ) ) ;
#1695 = EDGE_LOOP ( 'NONE', ( #2602, #1731, #2484, #2488 ) ) ;
#1696 = EDGE_LOOP ( 'NONE', ( #1637, #1638, #1639, #1640 ) ) ;
#1697 = EDGE_LOOP ( 'NONE', ( #1543, #1544, #1545, #1534 ) ) ;
#1698 = EDGE_LOOP ( 'NONE', ( #1777, #1776, #1775, #1774 ) ) ;
#1699 = EDGE_LOOP ( 'NONE', ( #1712, #1707, #1708, #1709 ) ) ;
#1700 = EDGE_LOOP ( 'NONE', ( #1549, #1550, #1551, #1552 ) ) ;
#1701 = EDGE_LOOP ( 'NONE', ( #2571, #2505, #2477, #2584, #2579, #2493 ) ) ;
#1702 = EDGE_LOOP ( 'NONE', ( #2548, #2513, #2581, #2530 ) ) ;
#1703 = EDGE_LOOP ( 'NONE', ( #1769, #1768, #1767, #1766 ) ) ;
#1704 = EDGE_LOOP ( 'NONE', ( #2617, #2528, #2481, #2527 ) ) ;
#1705 = EDGE_LOOP ( 'NONE', ( #1611, #1612, #1613, #1614 ) ) ;
#1706 = EDGE_LOOP ( 'NONE', ( #2529, #2476, #2510, #2688, #2616, #2690, #2480, #2676, #2519, #2677 ) ) ;
#1707 = ORIENTED_EDGE ( 'NONE', *, *, #2759, .F. ) ;
#1708 = ORIENTED_EDGE ( 'NONE', *, *, #1847, .F. ) ;
#1709 = ORIENTED_EDGE ( 'NONE', *, *, #2068, .F. ) ;
#1710 = ORIENTED_EDGE ( 'NONE', *, *, #2747, .F. ) ;
#1711 = ORIENTED_EDGE ( 'NONE', *, *, #2722, .F. ) ;
#1712 = ORIENTED_EDGE ( 'NONE', *, *, #2790, .F. ) ;
#1713 = ORIENTED_EDGE ( 'NONE', *, *, #2715, .F. ) ;
#1714 = ORIENTED_EDGE ( 'NONE', *, *, #1845, .T. ) ;
#1715 = ORIENTED_EDGE ( 'NONE', *, *, #2040, .F. ) ;
#1716 = COLOUR_RGB ( '',0.2509803921568627400, 0.2509803921568627400, 0.2509803921568627400 ) ;
#1717 = ORIENTED_EDGE ( 'NONE', *, *, #1843, .T. ) ;
#1718 = ORIENTED_EDGE ( 'NONE', *, *, #2044, .F. ) ;
#1719 = ORIENTED_EDGE ( 'NONE', *, *, #1845, .F. ) ;
#1720 = EDGE_LOOP ( 'NONE', ( #1765, #1764, #1763, #1762 ) ) ;
#1721 = ORIENTED_EDGE ( 'NONE', *, *, #2775, .F. ) ;
#1722 = ORIENTED_EDGE ( 'NONE', *, *, #1843, .F. ) ;
#1723 = ORIENTED_EDGE ( 'NONE', *, *, #2793, .F. ) ;
#1724 = ORIENTED_EDGE ( 'NONE', *, *, #1849, .F. ) ;
#1725 = ORIENTED_EDGE ( 'NONE', *, *, #2726, .F. ) ;
#1726 = ORIENTED_EDGE ( 'NONE', *, *, #1849, .T. ) ;
#1727 = EDGE_LOOP ( 'NONE', ( #1749, #1748, #1747, #1746 ) ) ;
#1728 = ORIENTED_EDGE ( 'NONE', *, *, #1847, .T. ) ;
#1729 = EDGE_LOOP ( 'NONE', ( #1631, #1632, #1633, #1634 ) ) ;
#1730 = EDGE_LOOP ( 'NONE', ( #1789, #1788, #1787, #1786 ) ) ;
#1731 = ORIENTED_EDGE ( 'NONE', *, *, #2746, .T. ) ;
#1732 = ORIENTED_EDGE ( 'NONE', *, *, #2790, .T. ) ;
#1733 = ORIENTED_EDGE ( 'NONE', *, *, #2753, .T. ) ;
#1734 = ORIENTED_EDGE ( 'NONE', *, *, #2728, .F. ) ;
#1735 = ORIENTED_EDGE ( 'NONE', *, *, #2804, .T. ) ;
#1736 = ORIENTED_EDGE ( 'NONE', *, *, #2792, .T. ) ;
#1737 = ORIENTED_EDGE ( 'NONE', *, *, #2808, .F. ) ;
#1738 = ORIENTED_EDGE ( 'NONE', *, *, #2709, .T. ) ;
#1739 = ORIENTED_EDGE ( 'NONE', *, *, #2711, .T. ) ;
#1740 = ORIENTED_EDGE ( 'NONE', *, *, #2053, .F. ) ;
#1741 = CLOSED_SHELL ( 'NONE', ( #1808, #1807, #1804, #1805, #1809, #1802, #1803, #1806, #1810, #1811, #1812, #1813, #1814, #1815, #1816, #1817, #1818, #1819, #1820, #1821, #1822, #1823, #1824, #1825, #1826, #1827, #1828, #1829, #1830, #1831, #1832, #1833, #1834, #1835, #550, #545, #554, #1836, #542, #539, #538, #546, #543, #541, #547, #537, #548, #1837, #553, #552, #555, #551, #534, #535, #536, #549, #540, #544, #1795, #1797, #1796, #1801, #1800, #1799, #1798 ) ) ;
#1742 = ORIENTED_EDGE ( 'NONE', *, *, #2769, .F. ) ;
#1743 = ORIENTED_EDGE ( 'NONE', *, *, #1858, .T. ) ;
#1744 = ORIENTED_EDGE ( 'NONE', *, *, #2114, .F. ) ;
#1745 = ORIENTED_EDGE ( 'NONE', *, *, #1853, .T. ) ;
#1746 = ORIENTED_EDGE ( 'NONE', *, *, #2048, .F. ) ;
#1747 = ORIENTED_EDGE ( 'NONE', *, *, #1858, .F. ) ;
#1748 = ORIENTED_EDGE ( 'NONE', *, *, #2772, .F. ) ;
#1749 = ORIENTED_EDGE ( 'NONE', *, *, #1855, .T. ) ;
#1750 = ORIENTED_EDGE ( 'NONE', *, *, #2770, .F. ) ;
#1751 = ORIENTED_EDGE ( 'NONE', *, *, #1853, .F. ) ;
#1752 = ORIENTED_EDGE ( 'NONE', *, *, #2785, .F. ) ;
#1753 = ORIENTED_EDGE ( 'NONE', *, *, #1859, .T. ) ;
#1754 = ORIENTED_EDGE ( 'NONE', *, *, #2315, .F. ) ;
#1755 = ORIENTED_EDGE ( 'NONE', *, *, #1855, .F. ) ;
#1756 = ORIENTED_EDGE ( 'NONE', *, *, #2771, .F. ) ;
#1757 = ORIENTED_EDGE ( 'NONE', *, *, #1839, .T. ) ;
#1758 = ORIENTED_EDGE ( 'NONE', *, *, #2795, .F. ) ;
#1759 = ORIENTED_EDGE ( 'NONE', *, *, #1859, .F. ) ;
#1760 = ORIENTED_EDGE ( 'NONE', *, *, #2694, .F. ) ;
#1761 = ORIENTED_EDGE ( 'NONE', *, *, #1851, .T. ) ;
#1762 = ORIENTED_EDGE ( 'NONE', *, *, #2784, .F. ) ;
#1763 = ORIENTED_EDGE ( 'NONE', *, *, #1839, .F. ) ;
#1764 = ORIENTED_EDGE ( 'NONE', *, *, #2774, .F. ) ;
#1765 = ORIENTED_EDGE ( 'NONE', *, *, #1841, .T. ) ;
#1766 = ORIENTED_EDGE ( 'NONE', *, *, #2796, .F. ) ;
#1767 = ORIENTED_EDGE ( 'NONE', *, *, #1851, .F. ) ;
#1768 = ORIENTED_EDGE ( 'NONE', *, *, #2041, .F. ) ;
#1769 = ORIENTED_EDGE ( 'NONE', *, *, #1846, .T. ) ;
#1770 = ORIENTED_EDGE ( 'NONE', *, *, #2773, .F. ) ;
#1771 = ORIENTED_EDGE ( 'NONE', *, *, #1846, .F. ) ;
#1772 = ORIENTED_EDGE ( 'NONE', *, *, #2318, .F. ) ;
#1773 = ORIENTED_EDGE ( 'NONE', *, *, #1841, .F. ) ;
#1774 = ORIENTED_EDGE ( 'NONE', *, *, #2720, .F. ) ;
#1775 = ORIENTED_EDGE ( 'NONE', *, *, #1850, .T. ) ;
#1776 = ORIENTED_EDGE ( 'NONE', *, *, #2051, .F. ) ;
#1777 = ORIENTED_EDGE ( 'NONE', *, *, #2801, .F. ) ;
#1778 = ORIENTED_EDGE ( 'NONE', *, *, #2322, .F. ) ;
#1779 = ORIENTED_EDGE ( 'NONE', *, *, #1850, .F. ) ;
#1780 = ORIENTED_EDGE ( 'NONE', *, *, #2758, .F. ) ;
#1781 = ORIENTED_EDGE ( 'NONE', *, *, #1840, .T. ) ;
#1782 = ORIENTED_EDGE ( 'NONE', *, *, #2307, .F. ) ;
#1783 = ORIENTED_EDGE ( 'NONE', *, *, #2751, .T. ) ;
#1784 = ORIENTED_EDGE ( 'NONE', *, *, #2303, .T. ) ;
#1785 = ORIENTED_EDGE ( 'NONE', *, *, #2739, .F. ) ;
#1786 = ORIENTED_EDGE ( 'NONE', *, *, #2717, .F. ) ;
#1787 = ORIENTED_EDGE ( 'NONE', *, *, #1840, .F. ) ;
#1788 = ORIENTED_EDGE ( 'NONE', *, *, #2757, .F. ) ;
#1789 = ORIENTED_EDGE ( 'NONE', *, *, #1848, .T. ) ;
#1790 = ORIENTED_EDGE ( 'NONE', *, *, #2326, .F. ) ;
#1791 = ORIENTED_EDGE ( 'NONE', *, *, #1848, .F. ) ;
#1792 = ORIENTED_EDGE ( 'NONE', *, *, #2760, .F. ) ;
#1793 = EDGE_LOOP ( 'NONE', ( #2610, #2578, #2507, #2605, #2506, #2589 ) ) ;
#1794 = EDGE_LOOP ( 'NONE', ( #2559, #2580, #2611, #2619, #2524, #2626 ) ) ;
#1795 = ADVANCED_FACE ( 'NONE', ( #2009 ), #1353, .T. ) ;
#1796 = ADVANCED_FACE ( 'NONE', ( #1350 ), #2383, .T. ) ;
#1797 = ADVANCED_FACE ( 'NONE', ( #1357 ), #1362, .T. ) ;
#1798 = ADVANCED_FACE ( 'NONE', ( #1359 ), #1961, .T. ) ;
#1799 = ADVANCED_FACE ( 'NONE', ( #1366 ), #1371, .T. ) ;
#1800 = ADVANCED_FACE ( 'NONE', ( #1368 ), #1376, .T. ) ;
#1801 = ADVANCED_FACE ( 'NONE', ( #1373 ), #1965, .T. ) ;
#1802 = ADVANCED_FACE ( 'NONE', ( #1381 ), #2190, .F. ) ;
#1803 = ADVANCED_FACE ( 'NONE', ( #1380 ), #2194, .F. ) ;
#1804 = ADVANCED_FACE ( 'NONE', ( #1377 ), #2192, .F. ) ;
#1805 = ADVANCED_FACE ( 'NONE', ( #1383 ), #2187, .F. ) ;
#1806 = ADVANCED_FACE ( 'NONE', ( #1386 ), #2289, .F. ) ;
#1807 = ADVANCED_FACE ( 'NONE', ( #1387 ), #2284, .F. ) ;
#1808 = ADVANCED_FACE ( 'NONE', ( #1389 ), #2280, .F. ) ;
#1809 = ADVANCED_FACE ( 'NONE', ( #1393 ), #2265, .F. ) ;
#1810 = ADVANCED_FACE ( 'NONE', ( #1396 ), #2249, .F. ) ;
#1811 = ADVANCED_FACE ( 'NONE', ( #1397 ), #2245, .T. ) ;
#1812 = ADVANCED_FACE ( 'NONE', ( #1398 ), #2241, .F. ) ;
#1813 = ADVANCED_FACE ( 'NONE', ( #1400 ), #2237, .F. ) ;
#1814 = ADVANCED_FACE ( 'NONE', ( #1404 ), #2225, .F. ) ;
#1815 = ADVANCED_FACE ( 'NONE', ( #1408 ), #2211, .T. ) ;
#1816 = ADVANCED_FACE ( 'NONE', ( #1412 ), #2171, .F. ) ;
#1817 = ADVANCED_FACE ( 'NONE', ( #1416 ), #2155, .F. ) ;
#1818 = ADVANCED_FACE ( 'NONE', ( #1420 ), #2144, .F. ) ;
#1819 = ADVANCED_FACE ( 'NONE', ( #1424 ), #2129, .F. ) ;
#1820 = ADVANCED_FACE ( 'NONE', ( #1428 ), #2124, .T. ) ;
#1821 = ADVANCED_FACE ( 'NONE', ( #1238 ), #2263, .T. ) ;
#1822 = ADVANCED_FACE ( 'NONE', ( #1242 ), #2405, .F. ) ;
#1823 = ADVANCED_FACE ( 'NONE', ( #1246 ), #2448, .F. ) ;
#1824 = ADVANCED_FACE ( 'NONE', ( #1250 ), #1258, .T. ) ;
#1825 = ADVANCED_FACE ( 'NONE', ( #1255 ), #1263, .T. ) ;
#1826 = ADVANCED_FACE ( 'NONE', ( #1260 ), #1268, .T. ) ;
#1827 = ADVANCED_FACE ( 'NONE', ( #1265 ), #1273, .T. ) ;
#1828 = ADVANCED_FACE ( 'NONE', ( #1270 ), #1278, .T. ) ;
#1829 = ADVANCED_FACE ( 'NONE', ( #1275 ), #1283, .T. ) ;
#1830 = ADVANCED_FACE ( 'NONE', ( #1280 ), #1288, .T. ) ;
#1831 = ADVANCED_FACE ( 'NONE', ( #1285 ), #1293, .T. ) ;
#1832 = ADVANCED_FACE ( 'NONE', ( #1290 ), #1298, .T. ) ;
#1833 = ADVANCED_FACE ( 'NONE', ( #1295 ), #1303, .T. ) ;
#1834 = ADVANCED_FACE ( 'NONE', ( #1300 ), #1308, .T. ) ;
#1835 = ADVANCED_FACE ( 'NONE', ( #1305 ), #1313, .T. ) ;
#1836 = ADVANCED_FACE ( 'NONE', ( #1310 ), #594, .F. ) ;
#1837 = ADVANCED_FACE ( 'NONE', ( #1309 ), #1319, .T. ) ;
#1838 = EDGE_CURVE ( 'NONE', #2378, #2372, #1315, .T. ) ;
#1839 = EDGE_CURVE ( 'NONE', #2363, #2328, #1316, .T. ) ;
#1840 = EDGE_CURVE ( 'NONE', #2656, #2586, #1318, .T. ) ;
#1841 = EDGE_CURVE ( 'NONE', #2357, #2335, #1320, .T. ) ;
#1842 = EDGE_CURVE ( 'NONE', #2329, #2365, #1321, .T. ) ;
#1843 = EDGE_CURVE ( 'NONE', #2564, #2336, #1322, .T. ) ;
#1844 = EDGE_CURVE ( 'NONE', #2479, #2362, #1323, .T. ) ;
#1845 = EDGE_CURVE ( 'NONE', #2638, #2687, #1325, .T. ) ;
#1846 = EDGE_CURVE ( 'NONE', #2502, #2344, #1326, .T. ) ;
#1847 = EDGE_CURVE ( 'NONE', #2381, #2633, #1327, .T. ) ;
#1848 = EDGE_CURVE ( 'NONE', #2651, #2496, #1328, .T. ) ;
#1849 = EDGE_CURVE ( 'NONE', #2572, #2343, #1329, .T. ) ;
#1850 = EDGE_CURVE ( 'NONE', #2341, #2591, #1330, .T. ) ;
#1851 = EDGE_CURVE ( 'NONE', #2334, #2501, #1331, .T. ) ;
#1852 = EDGE_CURVE ( 'NONE', #2373, #2369, #1332, .T. ) ;
#1853 = EDGE_CURVE ( 'NONE', #2332, #2576, #1333, .T. ) ;
#1854 = EDGE_CURVE ( 'NONE', #2347, #2356, #1334, .T. ) ;
#1855 = EDGE_CURVE ( 'NONE', #2621, #2339, #1336, .T. ) ;
#1856 = EDGE_CURVE ( 'NONE', #2355, #2370, #1337, .T. ) ;
#1857 = EDGE_CURVE ( 'NONE', #2364, #2345, #1339, .T. ) ;
#1858 = EDGE_CURVE ( 'NONE', #2349, #2366, #1340, .T. ) ;
#1859 = EDGE_CURVE ( 'NONE', #2648, #2600, #1344, .T. ) ;
#1860 = STYLED_ITEM ( 'NONE', ( #2376 ), #534 ) ;
#1861 = PRESENTATION_LAYER_ASSIGNMENT (  '', '', ( #1860 ) ) ;
#1862 = MECHANICAL_DESIGN_GEOMETRIC_PRESENTATION_REPRESENTATION (  '', ( #1860 ), #1863 ) ;
#1863 =( GEOMETRIC_REPRESENTATION_CONTEXT ( 3 ) GLOBAL_UNCERTAINTY_ASSIGNED_CONTEXT ( ( #2062 ) ) GLOBAL_UNIT_ASSIGNED_CONTEXT ( ( #62, #178, #185 ) ) REPRESENTATION_CONTEXT ( 'NONE', 'WORKASPACE' ) );
#1864 = PRESENTATION_LAYER_ASSIGNMENT (  '', '', ( #1865 ) ) ;
#1865 = STYLED_ITEM ( 'NONE', ( #2077 ), #535 ) ;
#1866 = AXIS2_PLACEMENT_3D ( 'NONE', #158, #169, #154 ) ;
#1867 = MECHANICAL_DESIGN_GEOMETRIC_PRESENTATION_REPRESENTATION (  '', ( #1865 ), #1868 ) ;
#1868 =( GEOMETRIC_REPRESENTATION_CONTEXT ( 3 ) GLOBAL_UNCERTAINTY_ASSIGNED_CONTEXT ( ( #2060 ) ) GLOBAL_UNIT_ASSIGNED_CONTEXT ( ( #161, #175, #177 ) ) REPRESENTATION_CONTEXT ( 'NONE', 'WORKASPACE' ) );
#1869 = STYLED_ITEM ( 'NONE', ( #2091 ), #536 ) ;
#1870 = PRESENTATION_LAYER_ASSIGNMENT (  '', '', ( #1869 ) ) ;
#1871 = MECHANICAL_DESIGN_GEOMETRIC_PRESENTATION_REPRESENTATION (  '', ( #1869 ), #1872 ) ;
#1872 =( GEOMETRIC_REPRESENTATION_CONTEXT ( 3 ) GLOBAL_UNCERTAINTY_ASSIGNED_CONTEXT ( ( #2059 ) ) GLOBAL_UNIT_ASSIGNED_CONTEXT ( ( #191, #186, #118 ) ) REPRESENTATION_CONTEXT ( 'NONE', 'WORKASPACE' ) );
#1873 = STYLED_ITEM ( 'NONE', ( #2087 ), #540 ) ;
#1874 = AXIS2_PLACEMENT_3D ( 'NONE', #39, #100, #110 ) ;
#1875 = AXIS2_PLACEMENT_3D ( 'NONE', #160, #19, #174 ) ;
#1876 = AXIS2_PLACEMENT_3D ( 'NONE', #172, #168, #152 ) ;
#1877 = AXIS2_PLACEMENT_3D ( 'NONE', #155, #157, #166 ) ;
#1878 = PRESENTATION_LAYER_ASSIGNMENT (  '', '', ( #1873 ) ) ;
#1879 = MECHANICAL_DESIGN_GEOMETRIC_PRESENTATION_REPRESENTATION (  '', ( #1873 ), #1880 ) ;
#1880 =( GEOMETRIC_REPRESENTATION_CONTEXT ( 3 ) GLOBAL_UNCERTAINTY_ASSIGNED_CONTEXT ( ( #2005 ) ) GLOBAL_UNIT_ASSIGNED_CONTEXT ( ( #165, #183, #188 ) ) REPRESENTATION_CONTEXT ( 'NONE', 'WORKASPACE' ) );
#1881 = AXIS2_PLACEMENT_3D ( 'NONE', #153, #182, #180 ) ;
#1882 = AXIS2_PLACEMENT_3D ( 'NONE', #163, #119, #150 ) ;
#1883 = PRESENTATION_LAYER_ASSIGNMENT (  '', '', ( #1885 ) ) ;
#1884 = AXIS2_PLACEMENT_3D ( 'NONE', #123, #107, #32 ) ;
#1885 = STYLED_ITEM ( 'NONE', ( #2098 ), #544 ) ;
#1886 = AXIS2_PLACEMENT_3D ( 'NONE', #117, #142, #125 ) ;
#1887 = MECHANICAL_DESIGN_GEOMETRIC_PRESENTATION_REPRESENTATION (  '', ( #1885 ), #1888 ) ;
#1888 =( GEOMETRIC_REPRESENTATION_CONTEXT ( 3 ) GLOBAL_UNCERTAINTY_ASSIGNED_CONTEXT ( ( #2006 ) ) GLOBAL_UNIT_ASSIGNED_CONTEXT ( ( #78, #79, #80 ) ) REPRESENTATION_CONTEXT ( 'NONE', 'WORKASPACE' ) );
#1889 = AXIS2_PLACEMENT_3D ( 'NONE', #74, #66, #67 ) ;
#1890 = STYLED_ITEM ( 'NONE', ( #2105 ), #549 ) ;
#1891 = AXIS2_PLACEMENT_3D ( 'NONE', #65, #70, #71 ) ;
#1892 = PRESENTATION_LAYER_ASSIGNMENT (  '', '', ( #1890 ) ) ;
#1893 = AXIS2_PLACEMENT_3D ( 'NONE', #72, #105, #106 ) ;
#1894 = AXIS2_PLACEMENT_3D ( 'NONE', #159, #38, #113 ) ;
#1895 = MECHANICAL_DESIGN_GEOMETRIC_PRESENTATION_REPRESENTATION (  '', ( #1890 ), #1896 ) ;
#1896 =( GEOMETRIC_REPRESENTATION_CONTEXT ( 3 ) GLOBAL_UNCERTAINTY_ASSIGNED_CONTEXT ( ( #2007 ) ) GLOBAL_UNIT_ASSIGNED_CONTEXT ( ( #146, #116, #108 ) ) REPRESENTATION_CONTEXT ( 'NONE', 'WORKASPACE' ) );
#1897 = STYLED_ITEM ( 'NONE', ( #2702 ), #551 ) ;
#1898 = AXIS2_PLACEMENT_3D ( 'NONE', #141, #18, #29 ) ;
#1899 = PRESENTATION_LAYER_ASSIGNMENT (  '', '', ( #1897 ) ) ;
#1900 = MECHANICAL_DESIGN_GEOMETRIC_PRESENTATION_REPRESENTATION (  '', ( #1897 ), #1901 ) ;
#1901 =( GEOMETRIC_REPRESENTATION_CONTEXT ( 3 ) GLOBAL_UNCERTAINTY_ASSIGNED_CONTEXT ( ( #2018 ) ) GLOBAL_UNIT_ASSIGNED_CONTEXT ( ( #30, #135, #22 ) ) REPRESENTATION_CONTEXT ( 'NONE', 'WORKASPACE' ) );
#1902 = PRESENTATION_LAYER_ASSIGNMENT (  '', '', ( #1903 ) ) ;
#1903 = STYLED_ITEM ( 'NONE', ( #2698 ), #552 ) ;
#1904 = AXIS2_PLACEMENT_3D ( 'NONE', #26, #144, #8 ) ;
#1905 = MECHANICAL_DESIGN_GEOMETRIC_PRESENTATION_REPRESENTATION (  '', ( #1903 ), #1906 ) ;
#1906 =( GEOMETRIC_REPRESENTATION_CONTEXT ( 3 ) GLOBAL_UNCERTAINTY_ASSIGNED_CONTEXT ( ( #2017 ) ) GLOBAL_UNIT_ASSIGNED_CONTEXT ( ( #24, #23, #9 ) ) REPRESENTATION_CONTEXT ( 'NONE', 'WORKASPACE' ) );
#1907 = PRESENTATION_LAYER_ASSIGNMENT (  '', '', ( #1908 ) ) ;
#1908 = STYLED_ITEM ( 'NONE', ( #2046 ), #553 ) ;
#1909 = AXIS2_PLACEMENT_3D ( 'NONE', #17, #28, #46 ) ;
#1910 = MECHANICAL_DESIGN_GEOMETRIC_PRESENTATION_REPRESENTATION (  '', ( #1908 ), #1911 ) ;
#1911 =( GEOMETRIC_REPRESENTATION_CONTEXT ( 3 ) GLOBAL_UNCERTAINTY_ASSIGNED_CONTEXT ( ( #2216 ) ) GLOBAL_UNIT_ASSIGNED_CONTEXT ( ( #11, #10, #44 ) ) REPRESENTATION_CONTEXT ( 'NONE', 'WORKASPACE' ) );
#1912 = STYLED_ITEM ( 'NONE', ( #2063 ), #555 ) ;
#1913 = AXIS2_PLACEMENT_3D ( 'NONE', #5, #195, #196 ) ;
#1914 = PRESENTATION_LAYER_ASSIGNMENT (  '', '', ( #1912 ) ) ;
#1915 = MECHANICAL_DESIGN_GEOMETRIC_PRESENTATION_REPRESENTATION (  '', ( #1912 ), #1916 ) ;
#1916 =( GEOMETRIC_REPRESENTATION_CONTEXT ( 3 ) GLOBAL_UNCERTAINTY_ASSIGNED_CONTEXT ( ( #2384 ) ) GLOBAL_UNIT_ASSIGNED_CONTEXT ( ( #202, #203, #204 ) ) REPRESENTATION_CONTEXT ( 'NONE', 'WORKASPACE' ) );
#1917 = STYLED_ITEM ( 'NONE', ( #1348 ), #1795 ) ;
#1918 = PRESENTATION_LAYER_ASSIGNMENT (  '', '', ( #1917 ) ) ;
#1919 = MECHANICAL_DESIGN_GEOMETRIC_PRESENTATION_REPRESENTATION (  '', ( #1917 ), #1920 ) ;
#1920 =( GEOMETRIC_REPRESENTATION_CONTEXT ( 3 ) GLOBAL_UNCERTAINTY_ASSIGNED_CONTEXT ( ( #2011 ) ) GLOBAL_UNIT_ASSIGNED_CONTEXT ( ( #227, #228, #229 ) ) REPRESENTATION_CONTEXT ( 'NONE', 'WORKASPACE' ) );
#1921 = PRESENTATION_LAYER_ASSIGNMENT (  '', '', ( #1922 ) ) ;
#1922 = STYLED_ITEM ( 'NONE', ( #1351 ), #1796 ) ;
#1923 = AXIS2_PLACEMENT_3D ( 'NONE', #224, #197, #230 ) ;
#1924 = MECHANICAL_DESIGN_GEOMETRIC_PRESENTATION_REPRESENTATION (  '', ( #1922 ), #1925 ) ;
#1925 =( GEOMETRIC_REPRESENTATION_CONTEXT ( 3 ) GLOBAL_UNCERTAINTY_ASSIGNED_CONTEXT ( ( #2012 ) ) GLOBAL_UNIT_ASSIGNED_CONTEXT ( ( #236, #237, #238 ) ) REPRESENTATION_CONTEXT ( 'NONE', 'WORKASPACE' ) );
#1926 = STYLED_ITEM ( 'NONE', ( #1354 ), #1797 ) ;
#1927 = PRESENTATION_LAYER_ASSIGNMENT (  '', '', ( #1926 ) ) ;
#1928 = MECHANICAL_DESIGN_GEOMETRIC_PRESENTATION_REPRESENTATION (  '', ( #1926 ), #1929 ) ;
#1929 =( GEOMETRIC_REPRESENTATION_CONTEXT ( 3 ) GLOBAL_UNCERTAINTY_ASSIGNED_CONTEXT ( ( #1959 ) ) GLOBAL_UNIT_ASSIGNED_CONTEXT ( ( #262, #263, #264 ) ) REPRESENTATION_CONTEXT ( 'NONE', 'WORKASPACE' ) );
#1930 = PRESENTATION_LAYER_ASSIGNMENT (  '', '', ( #1931 ) ) ;
#1931 = STYLED_ITEM ( 'NONE', ( #1360 ), #1798 ) ;
#1932 = AXIS2_PLACEMENT_3D ( 'NONE', #256, #257, #265 ) ;
#1933 = MECHANICAL_DESIGN_GEOMETRIC_PRESENTATION_REPRESENTATION (  '', ( #1931 ), #1934 ) ;
#1934 =( GEOMETRIC_REPRESENTATION_CONTEXT ( 3 ) GLOBAL_UNCERTAINTY_ASSIGNED_CONTEXT ( ( #1960 ) ) GLOBAL_UNIT_ASSIGNED_CONTEXT ( ( #271, #272, #273 ) ) REPRESENTATION_CONTEXT ( 'NONE', 'WORKASPACE' ) );
#1935 = STYLED_ITEM ( 'NONE', ( #1363 ), #1799 ) ;
#1936 = PRESENTATION_LAYER_ASSIGNMENT (  '', '', ( #1935 ) ) ;
#1937 = AXIS2_PLACEMENT_3D ( 'NONE', #1014, #1015, #1016 ) ;
#1938 = AXIS2_PLACEMENT_3D ( 'NONE', #1017, #1018, #1019 ) ;
#1939 = AXIS2_PLACEMENT_3D ( 'NONE', #1022, #1023, #1024 ) ;
#1940 = AXIS2_PLACEMENT_3D ( 'NONE', #1027, #1028, #1029 ) ;
#1941 = AXIS2_PLACEMENT_3D ( 'NONE', #1034, #1035, #1036 ) ;
#1942 = AXIS2_PLACEMENT_3D ( 'NONE', #1039, #1040, #1041 ) ;
#1943 = AXIS2_PLACEMENT_3D ( 'NONE', #1044, #1045, #1046 ) ;
#1944 = AXIS2_PLACEMENT_3D ( 'NONE', #1047, #1048, #1049 ) ;
#1945 = AXIS2_PLACEMENT_3D ( 'NONE', #1050, #1051, #1052 ) ;
#1946 = AXIS2_PLACEMENT_3D ( 'NONE', #1055, #1056, #1057 ) ;
#1947 = AXIS2_PLACEMENT_3D ( 'NONE', #1060, #1061, #1062 ) ;
#1948 = AXIS2_PLACEMENT_3D ( 'NONE', #1140, #1141, #1142 ) ;
#1949 = AXIS2_PLACEMENT_3D ( 'NONE', #1172, #1173, #1174 ) ;
#1950 =( GEOMETRIC_REPRESENTATION_CONTEXT ( 3 ) GLOBAL_UNCERTAINTY_ASSIGNED_CONTEXT ( ( #1235 ) ) GLOBAL_UNIT_ASSIGNED_CONTEXT ( ( #1187, #1188, #1189 ) ) REPRESENTATION_CONTEXT ( 'NONE', 'WORKASPACE' ) );
#1951 = STYLED_ITEM ( 'NONE', ( #532 ), #1236 ) ;
#1952 = PRESENTATION_LAYER_ASSIGNMENT (  '', '', ( #1951 ) ) ;
#1953 = MECHANICAL_DESIGN_GEOMETRIC_PRESENTATION_REPRESENTATION (  '', ( #1951 ), #1954 ) ;
#1954 =( GEOMETRIC_REPRESENTATION_CONTEXT ( 3 ) GLOBAL_UNCERTAINTY_ASSIGNED_CONTEXT ( ( #1237 ) ) GLOBAL_UNIT_ASSIGNED_CONTEXT ( ( #1196, #1197, #1198 ) ) REPRESENTATION_CONTEXT ( 'NONE', 'WORKASPACE' ) );
#1955 = AXIS2_PLACEMENT_3D ( 'NONE', #1199, #1200, #1201 ) ;
#1956 = PRODUCT_DEFINITION ( 'UNKNOWN', '', #1957, #2705 ) ;
#1957 = PRODUCT_DEFINITION_FORMATION_WITH_SPECIFIED_SOURCE ( 'ANY', '', #2889, .NOT_KNOWN. ) ;
#1958 = PRODUCT_RELATED_PRODUCT_CATEGORY ( 'part', '', ( #2889 ) ) ;
#1959 = UNCERTAINTY_MEASURE_WITH_UNIT (LENGTH_MEASURE( 1.000000000000000100E-005 ), #262, 'distance_accuracy_value', 'NONE');
#1960 = UNCERTAINTY_MEASURE_WITH_UNIT (LENGTH_MEASURE( 1.000000000000000100E-005 ), #271, 'distance_accuracy_value', 'NONE');
#1961 =( BOUNDED_SURFACE ( )  B_SPLINE_SURFACE ( 3, 2, ( 
 ( #266, #274, #275 ),
 ( #276, #277, #278 ),
 ( #279, #280, #281 ),
 ( #282, #283, #284 ),
 ( #285, #286, #287 ),
 ( #288, #289, #290 ) ),
 .UNSPECIFIED., .F., .F., .F. ) 
 B_SPLINE_SURFACE_WITH_KNOTS ( ( 4, 2, 4 ),
 ( 3, 3 ),
 ( 2.365879671860796800, 3.141592653589777600, 3.917305635318758300 ),
 ( 0.0000000000000000000, 1.000000000000000000 ),
 .UNSPECIFIED. ) 
 GEOMETRIC_REPRESENTATION_ITEM ( )  RATIONAL_B_SPLINE_SURFACE ( (
 ( 1.000000000000000000, 0.7547095802227706800, 1.000000000000000000),
 ( 1.000000000000000000, 0.7664903432956343700, 1.000000000000000000),
 ( 1.000000000000000000, 0.7729623582103090100, 1.000000000000000000),
 ( 1.000000000000000000, 0.7729623582100678700, 1.000000000000000000),
 ( 1.000000000000000000, 0.7664903432958176700, 1.000000000000000000),
 ( 1.000000000000000000, 0.7547095802227721300, 1.000000000000000000) ) ) 
 REPRESENTATION_ITEM ( '' )  SURFACE ( )  );
#1962 = UNCERTAINTY_MEASURE_WITH_UNIT (LENGTH_MEASURE( 1.000000000000000100E-005 ), #297, 'distance_accuracy_value', 'NONE');
#1963 = UNCERTAINTY_MEASURE_WITH_UNIT (LENGTH_MEASURE( 1.000000000000000100E-005 ), #307, 'distance_accuracy_value', 'NONE');
#1964 = UNCERTAINTY_MEASURE_WITH_UNIT (LENGTH_MEASURE( 1.000000000000000100E-005 ), #2179, 'distance_accuracy_value', 'NONE');
#1965 =( BOUNDED_SURFACE ( )  B_SPLINE_SURFACE ( 3, 2, ( 
 ( #311, #2183, #2204 ),
 ( #2178, #2301, #2207 ),
 ( #2200, #2186, #2196 ),
 ( #2193, #2189, #2141 ),
 ( #2199, #2198, #2197 ),
 ( #2195, #2201, #2210 ) ),
 .UNSPECIFIED., .F., .F., .F. ) 
 B_SPLINE_SURFACE_WITH_KNOTS ( ( 4, 2, 4 ),
 ( 3, 3 ),
 ( 5.507472325450629900, 6.283185307179609300, 7.058898288908588700 ),
 ( 0.0000000000000000000, 1.000000000000000000 ),
 .UNSPECIFIED. ) 
 GEOMETRIC_REPRESENTATION_ITEM ( )  RATIONAL_B_SPLINE_SURFACE ( (
 ( 1.000000000000000000, 0.7547095802227736800, 1.000000000000000000),
 ( 1.000000000000000000, 0.7664903432957280700, 1.000000000000000000),
 ( 1.000000000000000000, 0.7729623582101881100, 1.000000000000000000),
 ( 1.000000000000000000, 0.7729623582101881100, 1.000000000000000000),
 ( 1.000000000000000000, 0.7664903432957261800, 1.000000000000000000),
 ( 1.000000000000000000, 0.7547095802227706800, 1.000000000000000000) ) ) 
 REPRESENTATION_ITEM ( '' )  SURFACE ( )  );
#1966 = UNCERTAINTY_MEASURE_WITH_UNIT (LENGTH_MEASURE( 1.000000000000000100E-005 ), #2295, 'distance_accuracy_value', 'NONE');
#1967 = UNCERTAINTY_MEASURE_WITH_UNIT (LENGTH_MEASURE( 1.000000000000000100E-005 ), #2273, 'distance_accuracy_value', 'NONE');
#1968 = UNCERTAINTY_MEASURE_WITH_UNIT (LENGTH_MEASURE( 1.000000000000000100E-005 ), #2256, 'distance_accuracy_value', 'NONE');
#1969 = UNCERTAINTY_MEASURE_WITH_UNIT (LENGTH_MEASURE( 1.000000000000000100E-005 ), #2232, 'distance_accuracy_value', 'NONE');
#1970 = UNCERTAINTY_MEASURE_WITH_UNIT (LENGTH_MEASURE( 1.000000000000000100E-005 ), #2219, 'distance_accuracy_value', 'NONE');
#1971 = UNCERTAINTY_MEASURE_WITH_UNIT (LENGTH_MEASURE( 1.000000000000000100E-005 ), #2182, 'distance_accuracy_value', 'NONE');
#1972 = UNCERTAINTY_MEASURE_WITH_UNIT (LENGTH_MEASURE( 1.000000000000000100E-005 ), #2163, 'distance_accuracy_value', 'NONE');
#1973 = UNCERTAINTY_MEASURE_WITH_UNIT (LENGTH_MEASURE( 1.000000000000000100E-005 ), #2150, 'distance_accuracy_value', 'NONE');
#1974 = UNCERTAINTY_MEASURE_WITH_UNIT (LENGTH_MEASURE( 1.000000000000000100E-005 ), #2138, 'distance_accuracy_value', 'NONE');
#1975 = UNCERTAINTY_MEASURE_WITH_UNIT (LENGTH_MEASURE( 1.000000000000000100E-005 ), #2118, 'distance_accuracy_value', 'NONE');
#1976 = UNCERTAINTY_MEASURE_WITH_UNIT (LENGTH_MEASURE( 1.000000000000000100E-005 ), #2128, 'distance_accuracy_value', 'NONE');
#1977 = UNCERTAINTY_MEASURE_WITH_UNIT (LENGTH_MEASURE( 1.000000000000000100E-005 ), #2272, 'distance_accuracy_value', 'NONE');
#1978 = UNCERTAINTY_MEASURE_WITH_UNIT (LENGTH_MEASURE( 1.000000000000000100E-005 ), #2401, 'distance_accuracy_value', 'NONE');
#1979 = UNCERTAINTY_MEASURE_WITH_UNIT (LENGTH_MEASURE( 1.000000000000000100E-005 ), #2409, 'distance_accuracy_value', 'NONE');
#1980 = UNCERTAINTY_MEASURE_WITH_UNIT (LENGTH_MEASURE( 1.000000000000000100E-005 ), #2421, 'distance_accuracy_value', 'NONE');
#1981 = UNCERTAINTY_MEASURE_WITH_UNIT (LENGTH_MEASURE( 1.000000000000000100E-005 ), #2445, 'distance_accuracy_value', 'NONE');
#1982 = UNCERTAINTY_MEASURE_WITH_UNIT (LENGTH_MEASURE( 1.000000000000000100E-005 ), #2426, 'distance_accuracy_value', 'NONE');
#1983 = UNCERTAINTY_MEASURE_WITH_UNIT (LENGTH_MEASURE( 1.000000000000000100E-005 ), #2389, 'distance_accuracy_value', 'NONE');
#1984 = UNCERTAINTY_MEASURE_WITH_UNIT (LENGTH_MEASURE( 1.000000000000000100E-005 ), #2464, 'distance_accuracy_value', 'NONE');
#1985 = UNCERTAINTY_MEASURE_WITH_UNIT (LENGTH_MEASURE( 1.000000000000000100E-005 ), #2461, 'distance_accuracy_value', 'NONE');
#1986 = UNCERTAINTY_MEASURE_WITH_UNIT (LENGTH_MEASURE( 1.000000000000000100E-005 ), #2450, 'distance_accuracy_value', 'NONE');
#1987 = UNCERTAINTY_MEASURE_WITH_UNIT (LENGTH_MEASURE( 1.000000000000000100E-005 ), #2039, 'distance_accuracy_value', 'NONE');
#1988 = UNCERTAINTY_MEASURE_WITH_UNIT (LENGTH_MEASURE( 1.000000000000000100E-005 ), #2021, 'distance_accuracy_value', 'NONE');
#1989 = UNCERTAINTY_MEASURE_WITH_UNIT (LENGTH_MEASURE( 1.000000000000000100E-005 ), #558, 'distance_accuracy_value', 'NONE');
#1990 = UNCERTAINTY_MEASURE_WITH_UNIT (LENGTH_MEASURE( 1.000000000000000100E-005 ), #569, 'distance_accuracy_value', 'NONE');
#1991 = UNCERTAINTY_MEASURE_WITH_UNIT (LENGTH_MEASURE( 1.000000000000000100E-005 ), #579, 'distance_accuracy_value', 'NONE');
#1992 = UNCERTAINTY_MEASURE_WITH_UNIT (LENGTH_MEASURE( 1.000000000000000100E-005 ), #589, 'distance_accuracy_value', 'NONE');
#1993 = UNCERTAINTY_MEASURE_WITH_UNIT (LENGTH_MEASURE( 1.000000000000000100E-005 ), #602, 'distance_accuracy_value', 'NONE');
#1994 =( BOUNDED_CURVE ( )  B_SPLINE_CURVE ( 3, ( #675, #672, #670, #677 ),
 .UNSPECIFIED., .F., .T. ) 
 B_SPLINE_CURVE_WITH_KNOTS ( ( 4, 4 ),
 ( 3.141592653589795800, 3.151277835258275300 ),
 .UNSPECIFIED. ) 
 CURVE ( )  GEOMETRIC_REPRESENTATION_ITEM ( )  RATIONAL_B_SPLINE_CURVE ( ( 1.000000000000000000, 0.9999921831199466400, 0.9999921831199466400, 1.000000000000000000 ) ) 
 REPRESENTATION_ITEM ( '' )  );
#1995 =( BOUNDED_CURVE ( )  B_SPLINE_CURVE ( 3, ( #680, #679, #674, #681 ),
 .UNSPECIFIED., .F., .T. ) 
 B_SPLINE_CURVE_WITH_KNOTS ( ( 4, 4 ),
 ( 2.365879671860792400, 3.917305635318751200 ),
 .UNSPECIFIED. ) 
 CURVE ( )  GEOMETRIC_REPRESENTATION_ITEM ( )  RATIONAL_B_SPLINE_CURVE ( ( 1.000000000000000000, 0.8092813118237096600, 0.8092813118237096600, 1.000000000000000000 ) ) 
 REPRESENTATION_ITEM ( '' )  );
#1996 =( BOUNDED_CURVE ( )  B_SPLINE_CURVE ( 3, ( #695, #686, #684, #697 ),
 .UNSPECIFIED., .F., .T. ) 
 B_SPLINE_CURVE_WITH_KNOTS ( ( 4, 4 ),
 ( 3.141592653589796700, 3.151277835258279800 ),
 .UNSPECIFIED. ) 
 CURVE ( )  GEOMETRIC_REPRESENTATION_ITEM ( )  RATIONAL_B_SPLINE_CURVE ( ( 1.000000000000000000, 0.9999921831199466400, 0.9999921831199466400, 1.000000000000000000 ) ) 
 REPRESENTATION_ITEM ( '' )  );
#1997 =( BOUNDED_CURVE ( )  B_SPLINE_CURVE ( 3, ( #699, #694, #696, #701 ),
 .UNSPECIFIED., .F., .T. ) 
 B_SPLINE_CURVE_WITH_KNOTS ( ( 4, 4 ),
 ( 2.365879671860798200, 3.917305635318756500 ),
 .UNSPECIFIED. ) 
 CURVE ( )  GEOMETRIC_REPRESENTATION_ITEM ( )  RATIONAL_B_SPLINE_CURVE ( ( 1.000000000000000000, 0.8092813118237098800, 0.8092813118237098800, 1.000000000000000000 ) ) 
 REPRESENTATION_ITEM ( '' )  );
#1998 =( BOUNDED_CURVE ( )  B_SPLINE_CURVE ( 3, ( #703, #698, #705, #706 ),
 .UNSPECIFIED., .F., .T. ) 
 B_SPLINE_CURVE_WITH_KNOTS ( ( 4, 4 ),
 ( 6.273500125511103100, 6.283185307179586200 ),
 .UNSPECIFIED. ) 
 CURVE ( )  GEOMETRIC_REPRESENTATION_ITEM ( )  RATIONAL_B_SPLINE_CURVE ( ( 1.000000000000000000, 0.9999921831199466400, 0.9999921831199466400, 1.000000000000000000 ) ) 
 REPRESENTATION_ITEM ( '' )  );
#1999 =( BOUNDED_CURVE ( )  B_SPLINE_CURVE ( 3, ( #709, #700, #702, #711 ),
 .UNSPECIFIED., .F., .T. ) 
 B_SPLINE_CURVE_WITH_KNOTS ( ( 4, 4 ),
 ( 6.273500125511103100, 6.283185307179582700 ),
 .UNSPECIFIED. ) 
 CURVE ( )  GEOMETRIC_REPRESENTATION_ITEM ( )  RATIONAL_B_SPLINE_CURVE ( ( 1.000000000000000000, 0.9999921831199466400, 0.9999921831199466400, 1.000000000000000000 ) ) 
 REPRESENTATION_ITEM ( '' )  );
#2000 = UNCERTAINTY_MEASURE_WITH_UNIT (LENGTH_MEASURE( 1.000000000000000100E-005 ), #715, 'distance_accuracy_value', 'NONE');
#2001 =( BOUNDED_CURVE ( )  B_SPLINE_CURVE ( 3, ( #719, #718, #724, #725 ),
 .UNSPECIFIED., .F., .T. ) 
 B_SPLINE_CURVE_WITH_KNOTS ( ( 4, 4 ),
 ( 5.507472325450604200, 7.058898288908561200 ),
 .UNSPECIFIED. ) 
 CURVE ( )  GEOMETRIC_REPRESENTATION_ITEM ( )  RATIONAL_B_SPLINE_CURVE ( ( 1.000000000000000000, 0.8092813118237101000, 0.8092813118237101000, 1.000000000000000000 ) ) 
 REPRESENTATION_ITEM ( '' )  );
#2002 =( BOUNDED_CURVE ( )  B_SPLINE_CURVE ( 3, ( #726, #721, #728, #729 ),
 .UNSPECIFIED., .F., .T. ) 
 B_SPLINE_CURVE_WITH_KNOTS ( ( 4, 4 ),
 ( 2.365879671860807900, 3.917305635318765900 ),
 .UNSPECIFIED. ) 
 CURVE ( )  GEOMETRIC_REPRESENTATION_ITEM ( )  RATIONAL_B_SPLINE_CURVE ( ( 1.000000000000000000, 0.8092813118237099900, 0.8092813118237099900, 1.000000000000000000 ) ) 
 REPRESENTATION_ITEM ( '' )  );
#2003 =( BOUNDED_CURVE ( )  B_SPLINE_CURVE ( 3, ( #731, #730, #723, #732 ),
 .UNSPECIFIED., .F., .T. ) 
 B_SPLINE_CURVE_WITH_KNOTS ( ( 4, 4 ),
 ( 6.273500125511104000, 6.283185307179586200 ),
 .UNSPECIFIED. ) 
 CURVE ( )  GEOMETRIC_REPRESENTATION_ITEM ( )  RATIONAL_B_SPLINE_CURVE ( ( 1.000000000000000000, 0.9999921831199466400, 0.9999921831199466400, 1.000000000000000000 ) ) 
 REPRESENTATION_ITEM ( '' )  );
#2004 =( BOUNDED_CURVE ( )  B_SPLINE_CURVE ( 3, ( #738, #734, #722, #740 ),
 .UNSPECIFIED., .F., .T. ) 
 B_SPLINE_CURVE_WITH_KNOTS ( ( 4, 4 ),
 ( 3.141592653589793100, 3.151277835258272700 ),
 .UNSPECIFIED. ) 
 CURVE ( )  GEOMETRIC_REPRESENTATION_ITEM ( )  RATIONAL_B_SPLINE_CURVE ( ( 1.000000000000000000, 0.9999921831199466400, 0.9999921831199466400, 1.000000000000000000 ) ) 
 REPRESENTATION_ITEM ( '' )  );
#2005 = UNCERTAINTY_MEASURE_WITH_UNIT (LENGTH_MEASURE( 1.000000000000000100E-005 ), #165, 'distance_accuracy_value', 'NONE');
#2006 = UNCERTAINTY_MEASURE_WITH_UNIT (LENGTH_MEASURE( 1.000000000000000100E-005 ), #78, 'distance_accuracy_value', 'NONE');
#2007 = UNCERTAINTY_MEASURE_WITH_UNIT (LENGTH_MEASURE( 1.000000000000000100E-005 ), #146, 'distance_accuracy_value', 'NONE');
#2008 =( BOUNDED_SURFACE ( )  B_SPLINE_SURFACE ( 3, 2, ( 
 ( #73, #81, #83 ),
 ( #84, #85, #86 ),
 ( #87, #88, #89 ),
 ( #91, #90, #92 ),
 ( #101, #104, #109 ),
 ( #121, #122, #127 ) ),
 .UNSPECIFIED., .F., .F., .F. ) 
 B_SPLINE_SURFACE_WITH_KNOTS ( ( 4, 2, 4 ),
 ( 3, 3 ),
 ( 5.507472325450582000, 6.283185307179561400, 7.058898288908540800 ),
 ( 0.0000000000000000000, 1.000000000000000000 ),
 .UNSPECIFIED. ) 
 GEOMETRIC_REPRESENTATION_ITEM ( )  RATIONAL_B_SPLINE_SURFACE ( (
 ( 1.000000000000000000, 0.7547095802227706800, 1.000000000000000000),
 ( 1.000000000000000000, 0.7664903432957267400, 1.000000000000000000),
 ( 1.000000000000000000, 0.7729623582101869900, 1.000000000000000000),
 ( 1.000000000000000000, 0.7729623582101869900, 1.000000000000000000),
 ( 1.000000000000000000, 0.7664903432957280700, 1.000000000000000000),
 ( 1.000000000000000000, 0.7547095802227723500, 1.000000000000000000) ) ) 
 REPRESENTATION_ITEM ( '' )  SURFACE ( )  );
#2009 = FACE_OUTER_BOUND ( 'NONE', #1703, .T. ) ;
#2010 = FILL_AREA_STYLE_COLOUR ( '', #1294 ) ;
#2011 = UNCERTAINTY_MEASURE_WITH_UNIT (LENGTH_MEASURE( 1.000000000000000100E-005 ), #227, 'distance_accuracy_value', 'NONE');
#2012 = UNCERTAINTY_MEASURE_WITH_UNIT (LENGTH_MEASURE( 1.000000000000000100E-005 ), #236, 'distance_accuracy_value', 'NONE');
#2013 = SURFACE_STYLE_FILL_AREA ( #7 ) ;
#2014 = FACE_OUTER_BOUND ( 'NONE', #1691, .T. ) ;
#2015 = COLOUR_RGB ( '',0.2509803921568627400, 0.2509803921568627400, 0.2509803921568627400 ) ;
#2016 = FILL_AREA_STYLE ('',( #2026 ) ) ;
#2017 = UNCERTAINTY_MEASURE_WITH_UNIT (LENGTH_MEASURE( 1.000000000000000100E-005 ), #24, 'distance_accuracy_value', 'NONE');
#2018 = UNCERTAINTY_MEASURE_WITH_UNIT (LENGTH_MEASURE( 1.000000000000000100E-005 ), #30, 'distance_accuracy_value', 'NONE');
#2019 =( BOUNDED_SURFACE ( )  B_SPLINE_SURFACE ( 3, 2, ( 
 ( #27, #179, #69 ),
 ( #136, #139, #31 ),
 ( #131, #35, #143 ),
 ( #132, #134, #138 ),
 ( #68, #181, #130 ),
 ( #145, #147, #128 ) ),
 .UNSPECIFIED., .F., .F., .F. ) 
 B_SPLINE_SURFACE_WITH_KNOTS ( ( 4, 2, 4 ),
 ( 3, 3 ),
 ( 5.507472325450621000, 6.283185307179602200, 7.058898288908582500 ),
 ( 0.0000000000000000000, 1.000000000000000000 ),
 .UNSPECIFIED. ) 
 GEOMETRIC_REPRESENTATION_ITEM ( )  RATIONAL_B_SPLINE_SURFACE ( (
 ( 1.000000000000000000, 0.7547095802227721300, 1.000000000000000000),
 ( 1.000000000000000000, 0.7664903432955849600, 1.000000000000000000),
 ( 1.000000000000000000, 0.7729623582103764000, 1.000000000000000000),
 ( 1.000000000000000000, 0.7729623582099973700, 1.000000000000000000),
 ( 1.000000000000000000, 0.7664903432958674000, 1.000000000000000000),
 ( 1.000000000000000000, 0.7547095802227710100, 1.000000000000000000) ) ) 
 REPRESENTATION_ITEM ( '' )  SURFACE ( )  );
#2020 =( NAMED_UNIT ( * ) SI_UNIT ( $, .STERADIAN. ) SOLID_ANGLE_UNIT ( ) );
#2021 =( LENGTH_UNIT ( ) NAMED_UNIT ( * ) SI_UNIT ( .MILLI., .METRE. ) );
#2022 = DIRECTION ( 'NONE',  ( 1.000000000000000000, 0.0000000000000000000, 0.0000000000000000000 ) ) ;
#2023 =( NAMED_UNIT ( * ) PLANE_ANGLE_UNIT ( ) SI_UNIT ( $, .RADIAN. ) );
#2024 = FILL_AREA_STYLE ('',( #2036 ) ) ;
#2025 = CARTESIAN_POINT ( 'NONE',  ( 13.30000000000000100, -3.899999999999999900, 2.774999999999999500 ) ) ;
#2026 = FILL_AREA_STYLE_COLOUR ( '', #1289 ) ;
#2027 = DIRECTION ( 'NONE',  ( 0.0000000000000000000, 0.0000000000000000000, 1.000000000000000000 ) ) ;
#2028 = SURFACE_STYLE_USAGE ( .BOTH. , #2029 ) ;
#2029 = SURFACE_SIDE_STYLE ('',( #1287 ) ) ;
#2030 =( NAMED_UNIT ( * ) SI_UNIT ( $, .STERADIAN. ) SOLID_ANGLE_UNIT ( ) );
#2031 =( NAMED_UNIT ( * ) PLANE_ANGLE_UNIT ( ) SI_UNIT ( $, .RADIAN. ) );
#2032 = DIRECTION ( 'NONE',  ( 0.9902680687415702500, 0.0000000000000000000, 0.1391731009600660500 ) ) ;
#2033 = CARTESIAN_POINT ( 'NONE',  ( 13.14706423976420200, -3.747064239764196900, 4.528231071879856600 ) ) ;
#2034 = FILL_AREA_STYLE ('',( #2454 ) ) ;
#2035 = SURFACE_SIDE_STYLE ('',( #1282 ) ) ;
#2036 = FILL_AREA_STYLE_COLOUR ( '', #1284 ) ;
#2037 = DIRECTION ( 'NONE',  ( -0.1378445374916294500, 0.1378445374916254200, 0.9808148484639895900 ) ) ;
#2038 = SURFACE_STYLE_USAGE ( .BOTH. , #2035 ) ;
#2039 =( LENGTH_UNIT ( ) NAMED_UNIT ( * ) SI_UNIT ( .MILLI., .METRE. ) );
#2040 = EDGE_CURVE ( 'NONE', #2658, #2687, #1342, .T. ) ;
#2041 = EDGE_CURVE ( 'NONE', #2501, #2344, #315, .T. ) ;
#2042 = EDGE_CURVE ( 'NONE', #2368, #2501, #318, .T. ) ;
#2043 = EDGE_CURVE ( 'NONE', #2590, #2622, #1994, .T. ) ;
#2044 = EDGE_CURVE ( 'NONE', #2687, #2336, #1995, .T. ) ;
#2045 = CYLINDRICAL_SURFACE ( 'NONE', #1909, 0.1999999999999999800 ) ;
#2046 = PRESENTATION_STYLE_ASSIGNMENT (( #48 ) ) ;
#2047 = EDGE_CURVE ( 'NONE', #2350, #2354, #317, .T. ) ;
#2048 = EDGE_CURVE ( 'NONE', #2621, #2349, #323, .T. ) ;
#2049 = EDGE_CURVE ( 'NONE', #2344, #2340, #321, .T. ) ;
#2050 = EDGE_CURVE ( 'NONE', #2349, #2348, #325, .T. ) ;
#2051 = EDGE_CURVE ( 'NONE', #2341, #2498, #327, .T. ) ;
#2052 = EDGE_CURVE ( 'NONE', #2330, #2341, #329, .T. ) ;
#2053 = EDGE_CURVE ( 'NONE', #2629, #2330, #1996, .T. ) ;
#2054 = EDGE_CURVE ( 'NONE', #2331, #2361, #1997, .T. ) ;
#2055 = EDGE_CURVE ( 'NONE', #2331, #2641, #1998, .T. ) ;
#2056 = EDGE_CURVE ( 'NONE', #2687, #2331, #322, .T. ) ;
#2057 = EDGE_CURVE ( 'NONE', #2348, #2647, #1999, .T. ) ;
#2058 = MANIFOLD_SOLID_BREP ( 'Fillet3', #1741 ) ;
#2059 = UNCERTAINTY_MEASURE_WITH_UNIT (LENGTH_MEASURE( 1.000000000000000100E-005 ), #191, 'distance_accuracy_value', 'NONE');
#2060 = UNCERTAINTY_MEASURE_WITH_UNIT (LENGTH_MEASURE( 1.000000000000000100E-005 ), #161, 'distance_accuracy_value', 'NONE');
#2061 =( BOUNDED_SURFACE ( )  B_SPLINE_SURFACE ( 3, 2, ( 
 ( #37, #171, #52 ),
 ( #56, #55, #124 ),
 ( #187, #189, #149 ),
 ( #126, #111, #148 ),
 ( #61, #64, #63 ),
 ( #54, #53, #190 ) ),
 .UNSPECIFIED., .F., .F., .F. ) 
 B_SPLINE_SURFACE_WITH_KNOTS ( ( 4, 2, 4 ),
 ( 3, 3 ),
 ( 5.507472325450588200, 6.283185307179569400, 7.058898288908550500 ),
 ( 0.0000000000000000000, 1.000000000000000000 ),
 .UNSPECIFIED. ) 
 GEOMETRIC_REPRESENTATION_ITEM ( )  RATIONAL_B_SPLINE_SURFACE ( (
 ( 1.000000000000000000, 0.7547095802227705700, 1.000000000000000000),
 ( 1.000000000000000000, 0.7664903432956353700, 1.000000000000000000),
 ( 1.000000000000000000, 0.7729623582103070100, 1.000000000000000000),
 ( 1.000000000000000000, 0.7729623582100658700, 1.000000000000000000),
 ( 1.000000000000000000, 0.7664903432958182200, 1.000000000000000000),
 ( 1.000000000000000000, 0.7547095802227721300, 1.000000000000000000) ) ) 
 REPRESENTATION_ITEM ( '' )  SURFACE ( )  );
#2062 = UNCERTAINTY_MEASURE_WITH_UNIT (LENGTH_MEASURE( 1.000000000000000100E-005 ), #62, 'distance_accuracy_value', 'NONE');
#2063 = PRESENTATION_STYLE_ASSIGNMENT (( #201 ) ) ;
#2064 = COLOUR_RGB ( '',0.2509803921568627400, 0.2509803921568627400, 0.2509803921568627400 ) ;
#2065 = FACE_OUTER_BOUND ( 'NONE', #1661, .T. ) ;
#2066 = SURFACE_STYLE_FILL_AREA ( #199 ) ;
#2067 = FACE_OUTER_BOUND ( 'NONE', #1692, .T. ) ;
#2068 = EDGE_CURVE ( 'NONE', #2632, #2381, #332, .T. ) ;
#2069 = FACE_OUTER_BOUND ( 'NONE', #1649, .T. ) ;
#2070 = SURFACE_STYLE_FILL_AREA ( #57 ) ;
#2071 = CARTESIAN_POINT ( 'NONE',  ( 12.84030259547681200, -3.440302595476817200, -0.4609535876311344800 ) ) ;
#2072 = FACE_OUTER_BOUND ( 'NONE', #1730, .T. ) ;
#2073 = FACE_OUTER_BOUND ( 'NONE', #1665, .T. ) ;
#2074 = COLOUR_RGB ( '',0.2509803921568627400, 0.2509803921568627400, 0.2509803921568627400 ) ;
#2075 = CYLINDRICAL_SURFACE ( 'NONE', #1881, 0.1999999999999999800 ) ;
#2076 = FACE_OUTER_BOUND ( 'NONE', #1675, .T. ) ;
#2077 = PRESENTATION_STYLE_ASSIGNMENT (( #114 ) ) ;
#2078 = FACE_OUTER_BOUND ( 'NONE', #1664, .T. ) ;
#2079 = FACE_OUTER_BOUND ( 'NONE', #1656, .T. ) ;
#2080 = SURFACE_STYLE_FILL_AREA ( #164 ) ;
#2081 = CYLINDRICAL_SURFACE ( 'NONE', #1866, 0.1999999999999999800 ) ;
#2082 = COLOUR_RGB ( '',0.2509803921568627400, 0.2509803921568627400, 0.2509803921568627400 ) ;
#2083 = COLOUR_RGB ( '',0.2509803921568627400, 0.2509803921568627400, 0.2509803921568627400 ) ;
#2084 = FACE_OUTER_BOUND ( 'NONE', #1694, .T. ) ;
#2085 = SURFACE_STYLE_FILL_AREA ( #58 ) ;
#2086 = CYLINDRICAL_SURFACE ( 'NONE', #1874, 0.1999999999999999800 ) ;
#2087 = PRESENTATION_STYLE_ASSIGNMENT (( #167 ) ) ;
#2088 = FACE_OUTER_BOUND ( 'NONE', #1698, .T. ) ;
#2089 = CYLINDRICAL_SURFACE ( 'NONE', #1876, 1.000000000000000400 ) ;
#2090 = FACE_BOUND ( 'NONE', #1682, .T. ) ;
#2091 = PRESENTATION_STYLE_ASSIGNMENT (( #173 ) ) ;
#2092 = COLOUR_RGB ( '',0.2509803921568627400, 0.2509803921568627400, 0.2509803921568627400 ) ;
#2093 = FACE_OUTER_BOUND ( 'NONE', #1657, .T. ) ;
#2094 = FACE_OUTER_BOUND ( 'NONE', #1667, .T. ) ;
#2095 = FACE_OUTER_BOUND ( 'NONE', #1671, .T. ) ;
#2096 = COLOUR_RGB ( '',0.2509803921568627400, 0.2509803921568627400, 0.2509803921568627400 ) ;
#2097 = CYLINDRICAL_SURFACE ( 'NONE', #1893, 0.3000000000000004900 ) ;
#2098 = PRESENTATION_STYLE_ASSIGNMENT (( #77 ) ) ;
#2099 = FACE_OUTER_BOUND ( 'NONE', #1676, .T. ) ;
#2100 = CYLINDRICAL_SURFACE ( 'NONE', #1894, 0.3000000000000003800 ) ;
#2101 = FACE_OUTER_BOUND ( 'NONE', #1693, .T. ) ;
#2102 = SURFACE_STYLE_FILL_AREA ( #75 ) ;
#2103 = CYLINDRICAL_SURFACE ( 'NONE', #1886, 1.000000000000000400 ) ;
#2104 = FACE_OUTER_BOUND ( 'NONE', #1677, .T. ) ;
#2105 = PRESENTATION_STYLE_ASSIGNMENT (( #115 ) ) ;
#2106 = FACE_OUTER_BOUND ( 'NONE', #1700, .T. ) ;
#2107 = SURFACE_STYLE_FILL_AREA ( #103 ) ;
#2108 = EDGE_CURVE ( 'NONE', #2330, #2636, #2001, .T. ) ;
#2109 = EDGE_CURVE ( 'NONE', #2348, #2531, #2002, .T. ) ;
#2110 = EDGE_CURVE ( 'NONE', #2340, #2377, #2003, .T. ) ;
#2111 = EDGE_CURVE ( 'NONE', #2351, #2337, #338, .T. ) ;
#2112 = EDGE_CURVE ( 'NONE', #2362, #2634, #340, .T. ) ;
#2113 = EDGE_CURVE ( 'NONE', #2338, #2368, #2004, .T. ) ;
#2114 = EDGE_CURVE ( 'NONE', #2349, #2576, #1205, .T. ) ;
#2115 = CARTESIAN_POINT ( 'NONE',  ( -4.065758146820641600E-017, 4.400000000000000400, 3.474999999999999600 ) ) ;
#2116 =( NAMED_UNIT ( * ) SI_UNIT ( $, .STERADIAN. ) SOLID_ANGLE_UNIT ( ) );
#2117 =( NAMED_UNIT ( * ) PLANE_ANGLE_UNIT ( ) SI_UNIT ( $, .RADIAN. ) );
#2118 =( LENGTH_UNIT ( ) NAMED_UNIT ( * ) SI_UNIT ( .MILLI., .METRE. ) );
#2119 = SURFACE_STYLE_USAGE ( .BOTH. , #2120 ) ;
#2120 = SURFACE_SIDE_STYLE ('',( #1422 ) ) ;
#2121 = DIRECTION ( 'NONE',  ( 1.000000000000000000, -0.0000000000000000000, 5.808225693231324600E-017 ) ) ;
#2122 = DIRECTION ( 'NONE',  ( 5.808225693231324600E-017, 0.0000000000000000000, -1.000000000000000000 ) ) ;
#2123 = FILL_AREA_STYLE ('',( #2143 ) ) ;
#2124 = PLANE ( 'NONE',  #1511 ) ;
#2125 = FILL_AREA_STYLE_COLOUR ( '', #1427 ) ;
#2126 = FILL_AREA_STYLE ('',( #2221 ) ) ;
#2127 = DIRECTION ( 'NONE',  ( 0.0000000000000000000, 0.0000000000000000000, 1.000000000000000000 ) ) ;
#2128 =( LENGTH_UNIT ( ) NAMED_UNIT ( * ) SI_UNIT ( .MILLI., .METRE. ) );
#2129 = PLANE ( 'NONE',  #1506 ) ;
#2130 = DIRECTION ( 'NONE',  ( 0.1391731009600688000, 0.0000000000000000000, -0.9902680687415699200 ) ) ;
#2131 = DIRECTION ( 'NONE',  ( 0.9902680687415699200, -0.0000000000000000000, 0.1391731009600688000 ) ) ;
#2132 = CARTESIAN_POINT ( 'NONE',  ( -1.615587133892632200E-024, 4.400000000000000400, 2.774999999999999500 ) ) ;
#2133 =( NAMED_UNIT ( * ) SI_UNIT ( $, .STERADIAN. ) SOLID_ANGLE_UNIT ( ) );
#2134 = CARTESIAN_POINT ( 'NONE',  ( 0.3127033572128286600, 4.400000000000000400, 5.700000000000000200 ) ) ;
#2135 = FILL_AREA_STYLE_COLOUR ( '', #1245 ) ;
#2136 =( NAMED_UNIT ( * ) SI_UNIT ( $, .STERADIAN. ) SOLID_ANGLE_UNIT ( ) );
#2137 =( NAMED_UNIT ( * ) PLANE_ANGLE_UNIT ( ) SI_UNIT ( $, .RADIAN. ) );
#2138 =( LENGTH_UNIT ( ) NAMED_UNIT ( * ) SI_UNIT ( .MILLI., .METRE. ) );
#2139 = SURFACE_STYLE_USAGE ( .BOTH. , #2140 ) ;
#2140 = SURFACE_SIDE_STYLE ('',( #1418 ) ) ;
#2141 = CARTESIAN_POINT ( 'NONE',  ( 0.5259378664624905200, 4.056899098161787600, 5.538988322883941600 ) ) ;
#2142 = FILL_AREA_STYLE ('',( #2154 ) ) ;
#2143 = FILL_AREA_STYLE_COLOUR ( '', #1423 ) ;
#2144 = PLANE ( 'NONE',  #1501 ) ;
#2145 = DIRECTION ( 'NONE',  ( -1.000000000000000000, 0.0000000000000000000, -0.0000000000000000000 ) ) ;
#2146 = DIRECTION ( 'NONE',  ( 0.0000000000000000000, 0.0000000000000000000, -1.000000000000000000 ) ) ;
#2147 = CARTESIAN_POINT ( 'NONE',  ( 13.48729664278717900, 4.400000000000000400, 5.700000000000000200 ) ) ;
#2148 =( NAMED_UNIT ( * ) SI_UNIT ( $, .STERADIAN. ) SOLID_ANGLE_UNIT ( ) );
#2149 =( NAMED_UNIT ( * ) PLANE_ANGLE_UNIT ( ) SI_UNIT ( $, .RADIAN. ) );
#2150 =( LENGTH_UNIT ( ) NAMED_UNIT ( * ) SI_UNIT ( .MILLI., .METRE. ) );
#2151 = SURFACE_STYLE_USAGE ( .BOTH. , #2152 ) ;
#2152 = SURFACE_SIDE_STYLE ('',( #1414 ) ) ;
#2153 = FILL_AREA_STYLE ('',( #2167 ) ) ;
#2154 = FILL_AREA_STYLE_COLOUR ( '', #1419 ) ;
#2155 = PLANE ( 'NONE',  #1496 ) ;
#2156 = DIRECTION ( 'NONE',  ( 0.0000000000000000000, 0.0000000000000000000, -1.000000000000000000 ) ) ;
#2157 = DIRECTION ( 'NONE',  ( 0.0000000000000000000, -1.000000000000000000, -0.0000000000000000000 ) ) ;
#2158 = CARTESIAN_POINT ( 'NONE',  ( 0.0000000000000000000, -4.400000000000000400, 0.0000000000000000000 ) ) ;
#2159 = DIRECTION ( 'NONE',  ( 0.9902680687415699200, 0.0000000000000000000, -0.1391731009600688200 ) ) ;
#2160 = FILL_AREA_STYLE ('',( #2275 ) ) ;
#2161 =( NAMED_UNIT ( * ) SI_UNIT ( $, .STERADIAN. ) SOLID_ANGLE_UNIT ( ) );
#2162 =( NAMED_UNIT ( * ) PLANE_ANGLE_UNIT ( ) SI_UNIT ( $, .RADIAN. ) );
#2163 =( LENGTH_UNIT ( ) NAMED_UNIT ( * ) SI_UNIT ( .MILLI., .METRE. ) );
#2164 = SURFACE_STYLE_USAGE ( .BOTH. , #2165 ) ;
#2165 = SURFACE_SIDE_STYLE ('',( #1410 ) ) ;
#2166 = FILL_AREA_STYLE ('',( #2209 ) ) ;
#2167 = FILL_AREA_STYLE_COLOUR ( '', #1415 ) ;
#2168 = CARTESIAN_POINT ( 'NONE',  ( 0.3127033572128286600, -4.087296642787179300, 0.5499999999999994900 ) ) ;
#2169 = DIRECTION ( 'NONE',  ( -0.1391731009600688200, 0.0000000000000000000, -0.9902680687415699200 ) ) ;
#2170 = SURFACE_STYLE_USAGE ( .BOTH. , #2253 ) ;
#2171 = PLANE ( 'NONE',  #1491 ) ;
#2172 = DIRECTION ( 'NONE',  ( 0.0000000000000000000, 0.0000000000000000000, -1.000000000000000000 ) ) ;
#2173 =( NAMED_UNIT ( * ) SI_UNIT ( $, .STERADIAN. ) SOLID_ANGLE_UNIT ( ) );
#2174 = DIRECTION ( 'NONE',  ( 0.0000000000000000000, -1.000000000000000000, -0.0000000000000000000 ) ) ;
#2175 = SURFACE_SIDE_STYLE ('',( #1240 ) ) ;
#2176 = CARTESIAN_POINT ( 'NONE',  ( 0.0000000000000000000, 4.400000000000000400, 0.0000000000000000000 ) ) ;
#2177 =( NAMED_UNIT ( * ) SI_UNIT ( $, .STERADIAN. ) SOLID_ANGLE_UNIT ( ) );
#2178 = CARTESIAN_POINT ( 'NONE',  ( 0.4865607054827788500, 3.694897433965187400, 5.700000000000000200 ) ) ;
#2179 =( LENGTH_UNIT ( ) NAMED_UNIT ( * ) SI_UNIT ( .MILLI., .METRE. ) );
#2180 =( NAMED_UNIT ( * ) PLANE_ANGLE_UNIT ( ) SI_UNIT ( $, .RADIAN. ) );
#2181 =( NAMED_UNIT ( * ) PLANE_ANGLE_UNIT ( ) SI_UNIT ( $, .RADIAN. ) );
#2182 =( LENGTH_UNIT ( ) NAMED_UNIT ( * ) SI_UNIT ( .MILLI., .METRE. ) );
#2183 = CARTESIAN_POINT ( 'NONE',  ( 0.3127033572128289400, 3.616358874601462800, 5.699999999999999300 ) ) ;
#2184 = SURFACE_STYLE_USAGE ( .BOTH. , #2185 ) ;
#2185 = SURFACE_SIDE_STYLE ('',( #1406 ) ) ;
#2186 = CARTESIAN_POINT ( 'NONE',  ( 0.3716951585682649100, 3.857398959270127200, 5.700000000000000200 ) ) ;
#2187 = PLANE ( 'NONE',  #1451 ) ;
#2188 = DIRECTION ( 'NONE',  ( 0.0000000000000000000, 1.000000000000000000, -0.0000000000000000000 ) ) ;
#2189 = CARTESIAN_POINT ( 'NONE',  ( 0.5426010407298905700, 4.028304841431731700, 5.700000000000000200 ) ) ;
#2190 = PLANE ( 'NONE',  #1444 ) ;
#2191 = FILL_AREA_STYLE_COLOUR ( '', #1382 ) ;
#2192 = PLANE ( 'NONE',  #1450 ) ;
#2193 = CARTESIAN_POINT ( 'NONE',  ( 0.6280786396251015800, 3.881623539149466200, 5.700000000000000200 ) ) ;
#2194 = PLANE ( 'NONE',  #1446 ) ;
#2195 = CARTESIAN_POINT ( 'NONE',  ( 0.7836411253985449100, 3.913439295223932300, 5.700000000000000200 ) ) ;
#2196 = CARTESIAN_POINT ( 'NONE',  ( 0.3431009018382190100, 3.874062133537516500, 5.538988322883943400 ) ) ;
#2197 = CARTESIAN_POINT ( 'NONE',  ( 0.6537491160543307300, 4.110498110766282100, 5.534912977226616300 ) ) ;
#2198 = CARTESIAN_POINT ( 'NONE',  ( 0.6619812708591124000, 4.081121301150873600, 5.700000000000001100 ) ) ;
#2199 = CARTESIAN_POINT ( 'NONE',  ( 0.7051025660348223500, 3.913439294517311800, 5.700000000000000200 ) ) ;
#2200 = CARTESIAN_POINT ( 'NONE',  ( 0.5183764608505446700, 3.771921360374900900, 5.700000000000000200 ) ) ;
#2201 = CARTESIAN_POINT ( 'NONE',  ( 0.7836411253985448000, 4.087296642787179300, 5.700000000000001100 ) ) ;
#2202 = DIRECTION ( 'NONE',  ( -1.000000000000000000, 0.0000000000000000000, 0.0000000000000000000 ) ) ;
#2203 = CARTESIAN_POINT ( 'NONE',  ( 0.0000000000000000000, 0.0000000000000000000, 2.000000000000000000 ) ) ;
#2204 = CARTESIAN_POINT ( 'NONE',  ( 0.2885070910277595700, 3.616358874601462300, 5.527834620192014500 ) ) ;
#2205 = CARTESIAN_POINT ( 'NONE',  ( 10.30000000000000200, -5.249999999999998200, 2.000000000000000000 ) ) ;
#2206 = DIRECTION ( 'NONE',  ( -0.0000000000000000000, 0.0000000000000000000, -1.000000000000000000 ) ) ;
#2207 = CARTESIAN_POINT ( 'NONE',  ( 0.2895018892337293800, 3.746250883945675200, 5.534912977226653700 ) ) ;
#2208 = FILL_AREA_STYLE ('',( #2224 ) ) ;
#2209 = FILL_AREA_STYLE_COLOUR ( '', #1411 ) ;
#2210 = CARTESIAN_POINT ( 'NONE',  ( 0.7836411253985450200, 4.111492908972247000, 5.527834620192012800 ) ) ;
#2211 = PLANE ( 'NONE',  #1486 ) ;
#2213 =( BOUNDED_SURFACE ( )  B_SPLINE_SURFACE ( 3, 2, ( 
 ( #16, #49, #2 ),
 ( #1, #42, #50 ),
 ( #51, #40, #47 ),
 ( #45, #43, #20 ),
 ( #99, #95, #82 ),
 ( #93, #96, #41 ) ),
 .UNSPECIFIED., .F., .F., .F. ) 
 B_SPLINE_SURFACE_WITH_KNOTS ( ( 4, 2, 4 ),
 ( 3, 3 ),
 ( 2.365879671860836800, 3.141592653589816700, 3.917305635318796500 ),
 ( 0.0000000000000000000, 1.000000000000000000 ),
 .UNSPECIFIED. ) 
 GEOMETRIC_REPRESENTATION_ITEM ( )  RATIONAL_B_SPLINE_SURFACE ( (
 ( 1.000000000000000000, 0.7547095802227732400, 1.000000000000000000),
 ( 1.000000000000000000, 0.7664903432957228500, 1.000000000000000000),
 ( 1.000000000000000000, 0.7729623582101956500, 1.000000000000000000),
 ( 1.000000000000000000, 0.7729623582101783400, 1.000000000000000000),
 ( 1.000000000000000000, 0.7664903432957326200, 1.000000000000000000),
 ( 1.000000000000000000, 0.7547095802227710100, 1.000000000000000000) ) ) 
 REPRESENTATION_ITEM ( '' )  SURFACE ( )  );
#2212 = DIRECTION ( 'NONE',  ( 1.000000000000000000, 0.0000000000000000000, -0.0000000000000000000 ) ) ;
#2214 = DIRECTION ( 'NONE',  ( 0.0000000000000000000, 0.0000000000000000000, 1.000000000000000000 ) ) ;
#2215 = CARTESIAN_POINT ( 'NONE',  ( 0.3127033572128286600, 4.400000000000000400, 0.5499999999999994900 ) ) ;
#2216 = UNCERTAINTY_MEASURE_WITH_UNIT (LENGTH_MEASURE( 1.000000000000000100E-005 ), #11, 'distance_accuracy_value', 'NONE');
#2217 =( NAMED_UNIT ( * ) SI_UNIT ( $, .STERADIAN. ) SOLID_ANGLE_UNIT ( ) );
#2218 =( NAMED_UNIT ( * ) PLANE_ANGLE_UNIT ( ) SI_UNIT ( $, .RADIAN. ) );
#2219 =( LENGTH_UNIT ( ) NAMED_UNIT ( * ) SI_UNIT ( .MILLI., .METRE. ) );
#2220 = SURFACE_STYLE_USAGE ( .BOTH. , #2222 ) ;
#2221 = FILL_AREA_STYLE_COLOUR ( '', #1431 ) ;
#2222 = SURFACE_SIDE_STYLE ('',( #1402 ) ) ;
#2223 = FILL_AREA_STYLE ('',( #2236 ) ) ;
#2224 = FILL_AREA_STYLE_COLOUR ( '', #1407 ) ;
#2225 = PLANE ( 'NONE',  #1481 ) ;
#2226 = DIRECTION ( 'NONE',  ( 1.000000000000000000, 0.0000000000000000000, -0.0000000000000000000 ) ) ;
#2227 = DIRECTION ( 'NONE',  ( 0.0000000000000000000, 0.0000000000000000000, 1.000000000000000000 ) ) ;
#2228 = CARTESIAN_POINT ( 'NONE',  ( 0.3127033572128286600, 4.400000000000000400, 0.5499999999999994900 ) ) ;
#2229 = SURFACE_SIDE_STYLE ('',( #1430 ) ) ;
#2230 =( NAMED_UNIT ( * ) SI_UNIT ( $, .STERADIAN. ) SOLID_ANGLE_UNIT ( ) );
#2231 =( NAMED_UNIT ( * ) PLANE_ANGLE_UNIT ( ) SI_UNIT ( $, .RADIAN. ) );
#2232 =( LENGTH_UNIT ( ) NAMED_UNIT ( * ) SI_UNIT ( .MILLI., .METRE. ) );
#2233 = SURFACE_STYLE_USAGE ( .BOTH. , #2234 ) ;
#2234 = SURFACE_SIDE_STYLE ('',( #1394 ) ) ;
#2235 = FILL_AREA_STYLE ('',( #2240 ) ) ;
#2236 = FILL_AREA_STYLE_COLOUR ( '', #1403 ) ;
#2237 = PLANE ( 'NONE',  #1476 ) ;
#2238 = DIRECTION ( 'NONE',  ( -1.000000000000000000, 0.0000000000000000000, 0.0000000000000000000 ) ) ;
#2239 = DIRECTION ( 'NONE',  ( -0.0000000000000000000, 0.0000000000000000000, -1.000000000000000000 ) ) ;
#2240 = FILL_AREA_STYLE_COLOUR ( '', #1399 ) ;
#2241 = PLANE ( 'NONE',  #1471 ) ;
#2242 = DIRECTION ( 'NONE',  ( -1.000000000000000000, 0.0000000000000000000, 0.0000000000000000000 ) ) ;
#2243 = DIRECTION ( 'NONE',  ( -0.0000000000000000000, 0.0000000000000000000, -1.000000000000000000 ) ) ;
#2244 = CARTESIAN_POINT ( 'NONE',  ( 0.0000000000000000000, 0.0000000000000000000, 0.0000000000000000000 ) ) ;
#2245 = PLANE ( 'NONE',  #1466 ) ;
#2246 = DIRECTION ( 'NONE',  ( 1.652117596168387300E-016, -1.000000000000000000, 0.0000000000000000000 ) ) ;
#2247 = DIRECTION ( 'NONE',  ( -1.000000000000000000, -1.652117596168387300E-016, 0.0000000000000000000 ) ) ;
#2248 = CARTESIAN_POINT ( 'NONE',  ( 0.0000000000000000000, 0.0000000000000000000, 2.000000000000000000 ) ) ;
#2249 = PLANE ( 'NONE',  #1464 ) ;
#2250 = DIRECTION ( 'NONE',  ( -0.1391731009600662200, 0.0000000000000000000, 0.9902680687415702500 ) ) ;
#2251 = DIRECTION ( 'NONE',  ( -0.9902680687415702500, 0.0000000000000000000, -0.1391731009600662200 ) ) ;
#2252 = CARTESIAN_POINT ( 'NONE',  ( 13.80000000000000100, 4.400000000000000400, 3.474999999999999200 ) ) ;
#2253 = SURFACE_SIDE_STYLE ('',( #1426 ) ) ;
#2254 =( NAMED_UNIT ( * ) SI_UNIT ( $, .STERADIAN. ) SOLID_ANGLE_UNIT ( ) );
#2255 =( NAMED_UNIT ( * ) PLANE_ANGLE_UNIT ( ) SI_UNIT ( $, .RADIAN. ) );
#2256 =( LENGTH_UNIT ( ) NAMED_UNIT ( * ) SI_UNIT ( .MILLI., .METRE. ) );
#2257 = SURFACE_STYLE_USAGE ( .BOTH. , #2229 ) ;
#2258 =( NAMED_UNIT ( * ) PLANE_ANGLE_UNIT ( ) SI_UNIT ( $, .RADIAN. ) );
#2259 = SURFACE_STYLE_USAGE ( .BOTH. , #2260 ) ;
#2260 = SURFACE_SIDE_STYLE ('',( #1391 ) ) ;
#2261 = FILL_AREA_STYLE ('',( #2279 ) ) ;
#2262 = DIRECTION ( 'NONE',  ( 0.0000000000000000000, -0.9902680687415708100, -0.1391731009600622200 ) ) ;
#2263 = PLANE ( 'NONE',  #1516 ) ;
#2264 = CARTESIAN_POINT ( 'NONE',  ( 10.30000000000000100, 5.250000000000003600, 2.000000000000000000 ) ) ;
#2265 = PLANE ( 'NONE',  #1463 ) ;
#2266 = DIRECTION ( 'NONE',  ( 0.0000000000000000000, 0.0000000000000000000, 1.000000000000000000 ) ) ;
#2267 = DIRECTION ( 'NONE',  ( -1.000000000000000000, 0.0000000000000000000, 0.0000000000000000000 ) ) ;
#2268 = CARTESIAN_POINT ( 'NONE',  ( 13.80000000000000100, 4.400000000000000400, 2.774999999999999500 ) ) ;
#2269 =( NAMED_UNIT ( * ) PLANE_ANGLE_UNIT ( ) SI_UNIT ( $, .RADIAN. ) );
#2270 =( NAMED_UNIT ( * ) SI_UNIT ( $, .STERADIAN. ) SOLID_ANGLE_UNIT ( ) );
#2271 =( NAMED_UNIT ( * ) PLANE_ANGLE_UNIT ( ) SI_UNIT ( $, .RADIAN. ) );
#2272 =( LENGTH_UNIT ( ) NAMED_UNIT ( * ) SI_UNIT ( .MILLI., .METRE. ) );
#2273 =( LENGTH_UNIT ( ) NAMED_UNIT ( * ) SI_UNIT ( .MILLI., .METRE. ) );
#2274 = SURFACE_STYLE_USAGE ( .BOTH. , #2276 ) ;
#2275 = FILL_AREA_STYLE_COLOUR ( '', #1241 ) ;
#2276 = SURFACE_SIDE_STYLE ('',( #1385 ) ) ;
#2277 = DIRECTION ( 'NONE',  ( 1.000000000000000000, 0.0000000000000000000, 0.0000000000000000000 ) ) ;
#2278 = FILL_AREA_STYLE ('',( #2283 ) ) ;
#2279 = FILL_AREA_STYLE_COLOUR ( '', #1392 ) ;
#2280 = PLANE ( 'NONE',  #1462 ) ;
#2281 = DIRECTION ( 'NONE',  ( 1.000000000000000000, 1.865294060190115000E-016, 0.0000000000000000000 ) ) ;
#2282 = DIRECTION ( 'NONE',  ( 1.865294060190115000E-016, -1.000000000000000000, 0.0000000000000000000 ) ) ;
#2283 = FILL_AREA_STYLE_COLOUR ( '', #1388 ) ;
#2284 = PLANE ( 'NONE',  #1458 ) ;
#2285 = DIRECTION ( 'NONE',  ( -1.239088197126291100E-016, 1.000000000000000000, 0.0000000000000000000 ) ) ;
#2286 = DIRECTION ( 'NONE',  ( 1.000000000000000000, 1.239088197126291100E-016, -0.0000000000000000000 ) ) ;
#2287 = CARTESIAN_POINT ( 'NONE',  ( 10.30000000000000100, 5.250000000000003600, 2.000000000000000000 ) ) ;
#2288 =( NAMED_UNIT ( * ) SI_UNIT ( $, .STERADIAN. ) SOLID_ANGLE_UNIT ( ) );
#2289 = PLANE ( 'NONE',  #1453 ) ;
#2290 = DIRECTION ( 'NONE',  ( 0.1391731009600662400, 0.0000000000000000000, 0.9902680687415702500 ) ) ;
#2291 = DIRECTION ( 'NONE',  ( -0.9902680687415702500, 0.0000000000000000000, 0.1391731009600662400 ) ) ;
#2292 = CARTESIAN_POINT ( 'NONE',  ( 13.48729664278717900, 4.400000000000000400, 0.5499999999999994900 ) ) ;
#2293 =( NAMED_UNIT ( * ) SI_UNIT ( $, .STERADIAN. ) SOLID_ANGLE_UNIT ( ) );
#2294 =( NAMED_UNIT ( * ) PLANE_ANGLE_UNIT ( ) SI_UNIT ( $, .RADIAN. ) );
#2295 =( LENGTH_UNIT ( ) NAMED_UNIT ( * ) SI_UNIT ( .MILLI., .METRE. ) );
#2296 = FILL_AREA_STYLE ('',( #2125 ) ) ;
#2297 = SURFACE_STYLE_USAGE ( .BOTH. , #2298 ) ;
#2298 = SURFACE_SIDE_STYLE ('',( #1379 ) ) ;
#2299 = FILL_AREA_STYLE ('',( #2191 ) ) ;
#2300 = CARTESIAN_POINT ( 'NONE',  ( 0.9999999999999991100, 5.250000000000001800, 2.000000000000000000 ) ) ;
#2301 = CARTESIAN_POINT ( 'NONE',  ( 0.3188786988492173200, 3.738018729140884400, 5.699999999999999300 ) ) ;
#2302 = EDGE_CURVE ( 'NONE', #2346, #2661, #341, .T. ) ;
#2303 = EDGE_CURVE ( 'NONE', #2360, #2342, #345, .T. ) ;
#2304 = EDGE_CURVE ( 'NONE', #2346, #2352, #343, .T. ) ;
#2305 = EDGE_CURVE ( 'NONE', #2360, #2351, #346, .T. ) ;
#2306 = EDGE_CURVE ( 'NONE', #2342, #2337, #350, .T. ) ;
#2307 = EDGE_CURVE ( 'NONE', #2350, #2353, #348, .T. ) ;
#2308 = EDGE_CURVE ( 'NONE', #2536, #2359, #1206, .T. ) ;
#2309 = EDGE_CURVE ( 'NONE', #2354, #2375, #352, .T. ) ;
#2310 = EDGE_CURVE ( 'NONE', #2622, #2362, #354, .T. ) ;
#2311 = EDGE_CURVE ( 'NONE', #2353, #2375, #358, .T. ) ;
#2312 = EDGE_CURVE ( 'NONE', #2352, #2664, #360, .T. ) ;
#2313 = EDGE_CURVE ( 'NONE', #2382, #2685, #1207, .T. ) ;
#2314 = EDGE_CURVE ( 'NONE', #2378, #2595, #357, .T. ) ;
#2315 = EDGE_CURVE ( 'NONE', #2363, #2621, #1208, .T. ) ;
#2316 = EDGE_CURVE ( 'NONE', #2622, #2358, #1209, .T. ) ;
#2317 = EDGE_CURVE ( 'NONE', #2379, #2382, #1210, .T. ) ;
#2318 = EDGE_CURVE ( 'NONE', #2344, #2357, #1211, .T. ) ;
#2319 = EDGE_CURVE ( 'NONE', #2343, #2362, #1212, .T. ) ;
#2320 = EDGE_CURVE ( 'NONE', #2646, #2379, #1213, .T. ) ;
#2321 = EDGE_CURVE ( 'NONE', #2340, #2359, #1214, .T. ) ;
#2322 = EDGE_CURVE ( 'NONE', #2656, #2341, #1215, .T. ) ;
#2323 = EDGE_CURVE ( 'NONE', #2686, #2380, #1216, .T. ) ;
#2324 = EDGE_CURVE ( 'NONE', #2380, #2523, #1217, .T. ) ;
#2325 = EDGE_CURVE ( 'NONE', #2635, #2368, #1218, .T. ) ;
#2326 = EDGE_CURVE ( 'NONE', #2381, #2651, #1219, .T. ) ;
#2327 =( BOUNDED_SURFACE ( )  B_SPLINE_SURFACE ( 3, 2, ( 
 ( #192, #205, #206 ),
 ( #207, #208, #209 ),
 ( #210, #211, #212 ),
 ( #213, #214, #215 ),
 ( #216, #217, #218 ),
 ( #219, #220, #221 ) ),
 .UNSPECIFIED., .F., .F., .F. ) 
 B_SPLINE_SURFACE_WITH_KNOTS ( ( 4, 2, 4 ),
 ( 3, 3 ),
 ( 2.365879671860791100, 3.141592653589770900, 3.917305635318750800 ),
 ( 0.0000000000000000000, 1.000000000000000000 ),
 .UNSPECIFIED. ) 
 GEOMETRIC_REPRESENTATION_ITEM ( )  RATIONAL_B_SPLINE_SURFACE ( (
 ( 1.000000000000000000, 0.7547095802227706800, 1.000000000000000000),
 ( 1.000000000000000000, 0.7664903432957269600, 1.000000000000000000),
 ( 1.000000000000000000, 0.7729623582101876600, 1.000000000000000000),
 ( 1.000000000000000000, 0.7729623582101876600, 1.000000000000000000),
 ( 1.000000000000000000, 0.7664903432957280700, 1.000000000000000000),
 ( 1.000000000000000000, 0.7547095802227731200, 1.000000000000000000) ) ) 
 REPRESENTATION_ITEM ( '' )  SURFACE ( )  );
#2328 = VERTEX_POINT ( 'NONE', #817 ) ;
#2329 = VERTEX_POINT ( 'NONE', #824 ) ;
#2330 = VERTEX_POINT ( 'NONE', #825 ) ;
#2331 = VERTEX_POINT ( 'NONE', #826 ) ;
#2332 = VERTEX_POINT ( 'NONE', #827 ) ;
#2333 = VERTEX_POINT ( 'NONE', #828 ) ;
#2334 = VERTEX_POINT ( 'NONE', #829 ) ;
#2335 = VERTEX_POINT ( 'NONE', #823 ) ;
#2336 = VERTEX_POINT ( 'NONE', #830 ) ;
#2337 = VERTEX_POINT ( 'NONE', #831 ) ;
#2338 = VERTEX_POINT ( 'NONE', #832 ) ;
#2339 = VERTEX_POINT ( 'NONE', #816 ) ;
#2340 = VERTEX_POINT ( 'NONE', #833 ) ;
#2341 = VERTEX_POINT ( 'NONE', #834 ) ;
#2342 = VERTEX_POINT ( 'NONE', #835 ) ;
#2343 = VERTEX_POINT ( 'NONE', #836 ) ;
#2344 = VERTEX_POINT ( 'NONE', #837 ) ;
#2345 = VERTEX_POINT ( 'NONE', #838 ) ;
#2346 = VERTEX_POINT ( 'NONE', #839 ) ;
#2347 = VERTEX_POINT ( 'NONE', #840 ) ;
#2348 = VERTEX_POINT ( 'NONE', #841 ) ;
#2349 = VERTEX_POINT ( 'NONE', #842 ) ;
#2350 = VERTEX_POINT ( 'NONE', #843 ) ;
#2351 = VERTEX_POINT ( 'NONE', #844 ) ;
#2352 = VERTEX_POINT ( 'NONE', #845 ) ;
#2353 = VERTEX_POINT ( 'NONE', #846 ) ;
#2354 = VERTEX_POINT ( 'NONE', #847 ) ;
#2355 = VERTEX_POINT ( 'NONE', #848 ) ;
#2356 = VERTEX_POINT ( 'NONE', #849 ) ;
#2357 = VERTEX_POINT ( 'NONE', #850 ) ;
#2358 = VERTEX_POINT ( 'NONE', #851 ) ;
#2359 = VERTEX_POINT ( 'NONE', #852 ) ;
#2360 = VERTEX_POINT ( 'NONE', #853 ) ;
#2361 = VERTEX_POINT ( 'NONE', #854 ) ;
#2362 = VERTEX_POINT ( 'NONE', #855 ) ;
#2363 = VERTEX_POINT ( 'NONE', #856 ) ;
#2364 = VERTEX_POINT ( 'NONE', #857 ) ;
#2365 = VERTEX_POINT ( 'NONE', #858 ) ;
#2366 = VERTEX_POINT ( 'NONE', #859 ) ;
#2367 = FACE_OUTER_BOUND ( 'NONE', #1699, .T. ) ;
#2368 = VERTEX_POINT ( 'NONE', #860 ) ;
#2369 = VERTEX_POINT ( 'NONE', #861 ) ;
#2370 = VERTEX_POINT ( 'NONE', #862 ) ;
#2371 = SURFACE_STYLE_FILL_AREA ( #137 ) ;
#2372 = VERTEX_POINT ( 'NONE', #863 ) ;
#2373 = VERTEX_POINT ( 'NONE', #864 ) ;
#2374 = VERTEX_POINT ( 'NONE', #865 ) ;
#2375 = VERTEX_POINT ( 'NONE', #866 ) ;
#2376 = PRESENTATION_STYLE_ASSIGNMENT (( #59 ) ) ;
#2377 = VERTEX_POINT ( 'NONE', #867 ) ;
#2378 = VERTEX_POINT ( 'NONE', #868 ) ;
#2379 = VERTEX_POINT ( 'NONE', #869 ) ;
#2380 = VERTEX_POINT ( 'NONE', #870 ) ;
#2381 = VERTEX_POINT ( 'NONE', #871 ) ;
#2382 = VERTEX_POINT ( 'NONE', #872 ) ;
#2383 =( BOUNDED_SURFACE ( )  B_SPLINE_SURFACE ( 3, 2, ( 
 ( #231, #239, #240 ),
 ( #241, #242, #243 ),
 ( #244, #245, #246 ),
 ( #247, #248, #249 ),
 ( #250, #251, #252 ),
 ( #253, #254, #255 ) ),
 .UNSPECIFIED., .F., .F., .F. ) 
 B_SPLINE_SURFACE_WITH_KNOTS ( ( 4, 2, 4 ),
 ( 3, 3 ),
 ( 2.365879671860827500, 3.141592653589809100, 3.917305635318790700 ),
 ( 0.0000000000000000000, 1.000000000000000000 ),
 .UNSPECIFIED. ) 
 GEOMETRIC_REPRESENTATION_ITEM ( )  RATIONAL_B_SPLINE_SURFACE ( (
 ( 1.000000000000000000, 0.7547095802227721300, 1.000000000000000000),
 ( 1.000000000000000000, 0.7664903432957730400, 1.000000000000000000),
 ( 1.000000000000000000, 0.7729623582101264900, 1.000000000000000000),
 ( 1.000000000000000000, 0.7729623582102470600, 1.000000000000000000),
 ( 1.000000000000000000, 0.7664903432956815500, 1.000000000000000000),
 ( 1.000000000000000000, 0.7547095802227706800, 1.000000000000000000) ) ) 
 REPRESENTATION_ITEM ( '' )  SURFACE ( )  );
#2384 = UNCERTAINTY_MEASURE_WITH_UNIT (LENGTH_MEASURE( 1.000000000000000100E-005 ), #202, 'distance_accuracy_value', 'NONE');
#2385 = EDGE_CURVE ( 'NONE', #2381, #2380, #369, .T. ) ;
#2386 = EDGE_CURVE ( 'NONE', #2379, #2621, #367, .T. ) ;
#2387 =( NAMED_UNIT ( * ) SI_UNIT ( $, .STERADIAN. ) SOLID_ANGLE_UNIT ( ) );
#2388 =( NAMED_UNIT ( * ) PLANE_ANGLE_UNIT ( ) SI_UNIT ( $, .RADIAN. ) );
#2389 =( LENGTH_UNIT ( ) NAMED_UNIT ( * ) SI_UNIT ( .MILLI., .METRE. ) );
#2390 = SURFACE_STYLE_USAGE ( .BOTH. , #2433 ) ;
#2391 = CARTESIAN_POINT ( 'NONE',  ( 13.31427406510747200, 3.914274065107463200, 3.338471343347208200 ) ) ;
#2392 = DIRECTION ( 'NONE',  ( -0.1378445374916319700, 0.1378445374916257300, -0.9808148484639890300 ) ) ;
#2393 = DIRECTION ( 'NONE',  ( -0.1378445374916294200, -0.1378445374916257600, 0.9808148484639893600 ) ) ;
#2394 = CARTESIAN_POINT ( 'NONE',  ( 0.7924875791799249600, 3.607512420820081700, 5.521193859098484100 ) ) ;
#2395 = CARTESIAN_POINT ( 'NONE',  ( 0.0000000000000000000, 4.400000000000000400, 2.775000000000052800 ) ) ;
#2396 = SURFACE_STYLE_USAGE ( .BOTH. , #2444 ) ;
#2397 = FILL_AREA_STYLE ('',( #2422 ) ) ;
#2398 = DIRECTION ( 'NONE',  ( 0.0000000000000000000, -0.9902680687415708100, 0.1391731009600622200 ) ) ;
#2399 = FILL_AREA_STYLE ('',( #2411 ) ) ;
#2400 = FILL_AREA_STYLE_COLOUR ( '', #1254 ) ;
#2401 =( LENGTH_UNIT ( ) NAMED_UNIT ( * ) SI_UNIT ( .MILLI., .METRE. ) );
#2402 = FILL_AREA_STYLE ('',( #2447 ) ) ;
#2403 = CARTESIAN_POINT ( 'NONE',  ( 0.0000000000000000000, 4.400000000000000400, 3.474999999999946800 ) ) ;
#2404 = SURFACE_SIDE_STYLE ('',( #1248 ) ) ;
#2405 = PLANE ( 'NONE',  #1521 ) ;
#2406 = SURFACE_STYLE_USAGE ( .BOTH. , #2175 ) ;
#2407 =( NAMED_UNIT ( * ) SI_UNIT ( $, .STERADIAN. ) SOLID_ANGLE_UNIT ( ) );
#2408 = FILL_AREA_STYLE_COLOUR ( '', #1269 ) ;
#2409 =( LENGTH_UNIT ( ) NAMED_UNIT ( * ) SI_UNIT ( .MILLI., .METRE. ) );
#2410 = SURFACE_STYLE_USAGE ( .BOTH. , #2404 ) ;
#2411 = FILL_AREA_STYLE_COLOUR ( '', #1253 ) ;
#2412 = DIRECTION ( 'NONE',  ( -0.9902680687415698100, 0.0000000000000000000, 0.1391731009600695200 ) ) ;
#2413 = DIRECTION ( 'NONE',  ( -0.9902680687415698100, 0.0000000000000000000, -0.1391731009600686600 ) ) ;
#2414 = DIRECTION ( 'NONE',  ( -5.808225693231324600E-017, 0.0000000000000000000, 1.000000000000000000 ) ) ;
#2415 = DIRECTION ( 'NONE',  ( 0.1378445374916319500, -0.1378445374916257300, -0.9808148484639890300 ) ) ;
#2416 = SURFACE_STYLE_USAGE ( .BOTH. , #2436 ) ;
#2417 = DIRECTION ( 'NONE',  ( -1.000000000000000000, 0.0000000000000000000, 0.0000000000000000000 ) ) ;
#2418 =( NAMED_UNIT ( * ) PLANE_ANGLE_UNIT ( ) SI_UNIT ( $, .RADIAN. ) );
#2419 = DIRECTION ( 'NONE',  ( -1.000000000000000000, 0.0000000000000000000, 0.0000000000000000000 ) ) ;
#2420 =( NAMED_UNIT ( * ) PLANE_ANGLE_UNIT ( ) SI_UNIT ( $, .RADIAN. ) );
#2421 =( LENGTH_UNIT ( ) NAMED_UNIT ( * ) SI_UNIT ( .MILLI., .METRE. ) );
#2422 = FILL_AREA_STYLE_COLOUR ( '', #1259 ) ;
#2423 =( NAMED_UNIT ( * ) PLANE_ANGLE_UNIT ( ) SI_UNIT ( $, .RADIAN. ) );
#2424 = CARTESIAN_POINT ( 'NONE',  ( 0.5000000000000002200, 3.900000000000000400, 2.904112846615663600E-017 ) ) ;
#2425 =( NAMED_UNIT ( * ) SI_UNIT ( $, .STERADIAN. ) SOLID_ANGLE_UNIT ( ) );
#2426 =( LENGTH_UNIT ( ) NAMED_UNIT ( * ) SI_UNIT ( .MILLI., .METRE. ) );
#2427 =( NAMED_UNIT ( * ) SI_UNIT ( $, .STERADIAN. ) SOLID_ANGLE_UNIT ( ) );
#2428 = SURFACE_STYLE_USAGE ( .BOTH. , #2439 ) ;
#2429 =( NAMED_UNIT ( * ) PLANE_ANGLE_UNIT ( ) SI_UNIT ( $, .RADIAN. ) );
#2430 = CARTESIAN_POINT ( 'NONE',  ( 0.4857259348925293000, 3.914274065107463200, 2.911528656652792300 ) ) ;
#2431 = FILL_AREA_STYLE_COLOUR ( '', #1264 ) ;
#2432 = DIRECTION ( 'NONE',  ( 1.000000000000000000, 0.0000000000000000000, 0.0000000000000000000 ) ) ;
#2433 = SURFACE_SIDE_STYLE ('',( #1262 ) ) ;
#2434 =( NAMED_UNIT ( * ) SI_UNIT ( $, .STERADIAN. ) SOLID_ANGLE_UNIT ( ) );
#2435 = DIRECTION ( 'NONE',  ( 1.000000000000000000, 0.0000000000000000000, 5.808225693231324600E-017 ) ) ;
#2436 = SURFACE_SIDE_STYLE ('',( #1244 ) ) ;
#2437 = FILL_AREA_STYLE ('',( #2135 ) ) ;
#2438 = CARTESIAN_POINT ( 'NONE',  ( 13.48729664278717900, -4.087296642787179300, 5.700000000000000200 ) ) ;
#2439 = SURFACE_SIDE_STYLE ('',( #1257 ) ) ;
#2440 = DIRECTION ( 'NONE',  ( 0.0000000000000000000, -0.9902680687415707000, -0.1391731009600626100 ) ) ;
#2441 = DIRECTION ( 'NONE',  ( 0.0000000000000000000, -0.9902680687415707000, 0.1391731009600626100 ) ) ;
#2442 = FILL_AREA_STYLE ('',( #2400 ) ) ;
#2443 =( NAMED_UNIT ( * ) SI_UNIT ( $, .STERADIAN. ) SOLID_ANGLE_UNIT ( ) );
#2444 = SURFACE_SIDE_STYLE ('',( #1252 ) ) ;
#2445 =( LENGTH_UNIT ( ) NAMED_UNIT ( * ) SI_UNIT ( .MILLI., .METRE. ) );
#2446 =( NAMED_UNIT ( * ) PLANE_ANGLE_UNIT ( ) SI_UNIT ( $, .RADIAN. ) );
#2447 = FILL_AREA_STYLE_COLOUR ( '', #1249 ) ;
#2448 = PLANE ( 'NONE',  #1526 ) ;
#2449 =( NAMED_UNIT ( * ) PLANE_ANGLE_UNIT ( ) SI_UNIT ( $, .RADIAN. ) );
#2450 =( LENGTH_UNIT ( ) NAMED_UNIT ( * ) SI_UNIT ( .MILLI., .METRE. ) );
#2451 = SURFACE_STYLE_USAGE ( .BOTH. , #2452 ) ;
#2452 = SURFACE_SIDE_STYLE ('',( #1277 ) ) ;
#2453 = FILL_AREA_STYLE ('',( #2470 ) ) ;
#2454 = FILL_AREA_STYLE_COLOUR ( '', #1279 ) ;
#2455 = DIRECTION ( 'NONE',  ( 0.9902680687415702500, 0.0000000000000000000, -0.1391731009600662700 ) ) ;
#2456 = DIRECTION ( 'NONE',  ( 0.1378445374916294500, 0.1378445374916257600, 0.9808148484639893600 ) ) ;
#2457 = CARTESIAN_POINT ( 'NONE',  ( 13.00751242082008300, 3.607512420820081300, 0.7288061409015140800 ) ) ;
#2458 = DIRECTION ( 'NONE',  ( -1.000000000000000000, 0.0000000000000000000, 0.0000000000000000000 ) ) ;
#2459 =( NAMED_UNIT ( * ) SI_UNIT ( $, .STERADIAN. ) SOLID_ANGLE_UNIT ( ) );
#2460 =( NAMED_UNIT ( * ) PLANE_ANGLE_UNIT ( ) SI_UNIT ( $, .RADIAN. ) );
#2461 =( LENGTH_UNIT ( ) NAMED_UNIT ( * ) SI_UNIT ( .MILLI., .METRE. ) );
#2462 = FILL_AREA_STYLE ('',( #2431 ) ) ;
#2463 = SURFACE_STYLE_USAGE ( .BOTH. , #2474 ) ;
#2464 =( LENGTH_UNIT ( ) NAMED_UNIT ( * ) SI_UNIT ( .MILLI., .METRE. ) );
#2465 =( NAMED_UNIT ( * ) PLANE_ANGLE_UNIT ( ) SI_UNIT ( $, .RADIAN. ) );
#2466 =( NAMED_UNIT ( * ) SI_UNIT ( $, .STERADIAN. ) SOLID_ANGLE_UNIT ( ) );
#2467 = DIRECTION ( 'NONE',  ( 0.9902680687415702500, 0.0000000000000000000, 0.1391731009600660500 ) ) ;
#2468 = CARTESIAN_POINT ( 'NONE',  ( 13.30000000000000100, 3.900000000000000400, 0.0000000000000000000 ) ) ;
#2469 = DIRECTION ( 'NONE',  ( 0.0000000000000000000, 0.0000000000000000000, -1.000000000000000000 ) ) ;
#2470 = FILL_AREA_STYLE_COLOUR ( '', #1274 ) ;
#2471 = FILL_AREA_STYLE ('',( #2408 ) ) ;
#2472 =( NAMED_UNIT ( * ) SI_UNIT ( $, .STERADIAN. ) SOLID_ANGLE_UNIT ( ) );
#2473 = SURFACE_STYLE_USAGE ( .BOTH. , #2475 ) ;
#2474 = SURFACE_SIDE_STYLE ('',( #1267 ) ) ;
#2475 = SURFACE_SIDE_STYLE ('',( #1272 ) ) ;
#2476 = ORIENTED_EDGE ( 'NONE', *, *, #2785, .T. ) ;
#2477 = ORIENTED_EDGE ( 'NONE', *, *, #2050, .T. ) ;
#2478 = ORIENTED_EDGE ( 'NONE', *, *, #2114, .T. ) ;
#2479 = VERTEX_POINT ( 'NONE', #880 ) ;
#2480 = ORIENTED_EDGE ( 'NONE', *, *, #2732, .F. ) ;
#2481 = ORIENTED_EDGE ( 'NONE', *, *, #2386, .F. ) ;
#2482 = ORIENTED_EDGE ( 'NONE', *, *, #2720, .T. ) ;
#2483 = ORIENTED_EDGE ( 'NONE', *, *, #2054, .T. ) ;
#2484 = ORIENTED_EDGE ( 'NONE', *, *, #2745, .T. ) ;
#2485 = ORIENTED_EDGE ( 'NONE', *, *, #2772, .T. ) ;
#2486 = ORIENTED_EDGE ( 'NONE', *, *, #2771, .T. ) ;
#2487 = ORIENTED_EDGE ( 'NONE', *, *, #2052, .T. ) ;
#2488 = ORIENTED_EDGE ( 'NONE', *, *, #2783, .T. ) ;
#2489 = ORIENTED_EDGE ( 'NONE', *, *, #2773, .T. ) ;
#2490 = ORIENTED_EDGE ( 'NONE', *, *, #2760, .T. ) ;
#2491 = ORIENTED_EDGE ( 'NONE', *, *, #2757, .T. ) ;
#2492 = ORIENTED_EDGE ( 'NONE', *, *, #2053, .T. ) ;
#2493 = ORIENTED_EDGE ( 'NONE', *, *, #2320, .T. ) ;
#2494 = ORIENTED_EDGE ( 'NONE', *, *, #2108, .F. ) ;
#2495 = ORIENTED_EDGE ( 'NONE', *, *, #2763, .T. ) ;
#2496 = VERTEX_POINT ( 'NONE', #877 ) ;
#2497 = ORIENTED_EDGE ( 'NONE', *, *, #2716, .T. ) ;
#2498 = VERTEX_POINT ( 'NONE', #878 ) ;
#2499 = ORIENTED_EDGE ( 'NONE', *, *, #2729, .T. ) ;
#2500 = ORIENTED_EDGE ( 'NONE', *, *, #2774, .T. ) ;
#2501 = VERTEX_POINT ( 'NONE', #882 ) ;
#2502 = VERTEX_POINT ( 'NONE', #884 ) ;
#2503 = ORIENTED_EDGE ( 'NONE', *, *, #2385, .T. ) ;
#2504 = ORIENTED_EDGE ( 'NONE', *, *, #2721, .T. ) ;
#2505 = ORIENTED_EDGE ( 'NONE', *, *, #2048, .T. ) ;
#2506 = ORIENTED_EDGE ( 'NONE', *, *, #2780, .T. ) ;
#2507 = ORIENTED_EDGE ( 'NONE', *, *, #2787, .T. ) ;
#2508 = ORIENTED_EDGE ( 'NONE', *, *, #2769, .T. ) ;
#2509 = ORIENTED_EDGE ( 'NONE', *, *, #2762, .T. ) ;
#2510 = ORIENTED_EDGE ( 'NONE', *, *, #2708, .T. ) ;
#2511 = ORIENTED_EDGE ( 'NONE', *, *, #2796, .T. ) ;
#2512 = ORIENTED_EDGE ( 'NONE', *, *, #2055, .F. ) ;
#2513 = ORIENTED_EDGE ( 'NONE', *, *, #2807, .F. ) ;
#2514 = VERTEX_POINT ( 'NONE', #883 ) ;
#2515 = ORIENTED_EDGE ( 'NONE', *, *, #2057, .F. ) ;
#2516 = ORIENTED_EDGE ( 'NONE', *, *, #2782, .T. ) ;
#2517 = ORIENTED_EDGE ( 'NONE', *, *, #2803, .F. ) ;
#2518 = ORIENTED_EDGE ( 'NONE', *, *, #2716, .F. ) ;
#2519 = ORIENTED_EDGE ( 'NONE', *, *, #2723, .F. ) ;
#2520 = ORIENTED_EDGE ( 'NONE', *, *, #2109, .F. ) ;
#2521 = ORIENTED_EDGE ( 'NONE', *, *, #2806, .F. ) ;
#2522 = ORIENTED_EDGE ( 'NONE', *, *, #2795, .T. ) ;
#2523 = VERTEX_POINT ( 'NONE', #886 ) ;
#2524 = ORIENTED_EDGE ( 'NONE', *, *, #2726, .T. ) ;
#2525 = ORIENTED_EDGE ( 'NONE', *, *, #2775, .T. ) ;
#2526 = ORIENTED_EDGE ( 'NONE', *, *, #2050, .F. ) ;
#2527 = ORIENTED_EDGE ( 'NONE', *, *, #2317, .T. ) ;
#2528 = ORIENTED_EDGE ( 'NONE', *, *, #2315, .T. ) ;
#2529 = ORIENTED_EDGE ( 'NONE', *, *, #2806, .T. ) ;
#2530 = ORIENTED_EDGE ( 'NONE', *, *, #2724, .F. ) ;
#2531 = VERTEX_POINT ( 'NONE', #887 ) ;
#2532 = ORIENTED_EDGE ( 'NONE', *, *, #2766, .T. ) ;
#2533 = ORIENTED_EDGE ( 'NONE', *, *, #2778, .T. ) ;
#2534 = ORIENTED_EDGE ( 'NONE', *, *, #2789, .T. ) ;
#2535 = ORIENTED_EDGE ( 'NONE', *, *, #2807, .T. ) ;
#2536 = VERTEX_POINT ( 'NONE', #885 ) ;
#2537 = ORIENTED_EDGE ( 'NONE', *, *, #2766, .F. ) ;
#2538 = ORIENTED_EDGE ( 'NONE', *, *, #2776, .F. ) ;
#2539 = ORIENTED_EDGE ( 'NONE', *, *, #2770, .T. ) ;
#2540 = ORIENTED_EDGE ( 'NONE', *, *, #2728, .T. ) ;
#2541 = ORIENTED_EDGE ( 'NONE', *, *, #2735, .T. ) ;
#2542 = ORIENTED_EDGE ( 'NONE', *, *, #2109, .T. ) ;
#2543 = VERTEX_POINT ( 'NONE', #889 ) ;
#2544 = ORIENTED_EDGE ( 'NONE', *, *, #2759, .T. ) ;
#2545 = VERTEX_POINT ( 'NONE', #881 ) ;
#2546 = VERTEX_POINT ( 'NONE', #873 ) ;
#2547 = ORIENTED_EDGE ( 'NONE', *, *, #2745, .F. ) ;
#2548 = ORIENTED_EDGE ( 'NONE', *, *, #2735, .F. ) ;
#2549 = ORIENTED_EDGE ( 'NONE', *, *, #2777, .T. ) ;
#2550 = ORIENTED_EDGE ( 'NONE', *, *, #2779, .F. ) ;
#2551 = ORIENTED_EDGE ( 'NONE', *, *, #2802, .F. ) ;
#2552 = ORIENTED_EDGE ( 'NONE', *, *, #2788, .F. ) ;
#2553 = ORIENTED_EDGE ( 'NONE', *, *, #2802, .T. ) ;
#2554 = ORIENTED_EDGE ( 'NONE', *, *, #2780, .F. ) ;
#2555 = ORIENTED_EDGE ( 'NONE', *, *, #2798, .F. ) ;
#2556 = ORIENTED_EDGE ( 'NONE', *, *, #2801, .T. ) ;
#2557 = ORIENTED_EDGE ( 'NONE', *, *, #2310, .T. ) ;
#2558 = ORIENTED_EDGE ( 'NONE', *, *, #2804, .F. ) ;
#2559 = ORIENTED_EDGE ( 'NONE', *, *, #2715, .T. ) ;
#2560 = ORIENTED_EDGE ( 'NONE', *, *, #2718, .F. ) ;
#2561 = ORIENTED_EDGE ( 'NONE', *, *, #2798, .T. ) ;
#2562 = ORIENTED_EDGE ( 'NONE', *, *, #2762, .F. ) ;
#2563 = ORIENTED_EDGE ( 'NONE', *, *, #2056, .F. ) ;
#2564 = VERTEX_POINT ( 'NONE', #890 ) ;
#2565 = ORIENTED_EDGE ( 'NONE', *, *, #2718, .T. ) ;
#2566 = ORIENTED_EDGE ( 'NONE', *, *, #2797, .T. ) ;
#2567 = ORIENTED_EDGE ( 'NONE', *, *, #2779, .T. ) ;
#2568 = ORIENTED_EDGE ( 'NONE', *, *, #2776, .T. ) ;
#2569 = ORIENTED_EDGE ( 'NONE', *, *, #2313, .F. ) ;
#2570 = ORIENTED_EDGE ( 'NONE', *, *, #2317, .F. ) ;
#2571 = ORIENTED_EDGE ( 'NONE', *, *, #2386, .T. ) ;
#2572 = VERTEX_POINT ( 'NONE', #893 ) ;
#2573 = ORIENTED_EDGE ( 'NONE', *, *, #2040, .T. ) ;
#2574 = ORIENTED_EDGE ( 'NONE', *, *, #2055, .T. ) ;
#2575 = ORIENTED_EDGE ( 'NONE', *, *, #2112, .T. ) ;
#2576 = VERTEX_POINT ( 'NONE', #894 ) ;
#2577 = ORIENTED_EDGE ( 'NONE', *, *, #2761, .F. ) ;
#2578 = ORIENTED_EDGE ( 'NONE', *, *, #2784, .T. ) ;
#2579 = ORIENTED_EDGE ( 'NONE', *, *, #2764, .F. ) ;
#2580 = ORIENTED_EDGE ( 'NONE', *, *, #2722, .T. ) ;
#2581 = ORIENTED_EDGE ( 'NONE', *, *, #2792, .F. ) ;
#2582 = ORIENTED_EDGE ( 'NONE', *, *, #2719, .T. ) ;
#2583 = ORIENTED_EDGE ( 'NONE', *, *, #2709, .F. ) ;
#2584 = ORIENTED_EDGE ( 'NONE', *, *, #2057, .T. ) ;
#2585 = ORIENTED_EDGE ( 'NONE', *, *, #2800, .F. ) ;
#2586 = VERTEX_POINT ( 'NONE', #888 ) ;
#2587 = ORIENTED_EDGE ( 'NONE', *, *, #2320, .F. ) ;
#2588 = VERTEX_POINT ( 'NONE', #891 ) ;
#2589 = ORIENTED_EDGE ( 'NONE', *, *, #2308, .T. ) ;
#2590 = VERTEX_POINT ( 'NONE', #895 ) ;
#2591 = VERTEX_POINT ( 'NONE', #898 ) ;
#2592 = ORIENTED_EDGE ( 'NONE', *, *, #2044, .T. ) ;
#2593 = ORIENTED_EDGE ( 'NONE', *, *, #2783, .F. ) ;
#2594 = ORIENTED_EDGE ( 'NONE', *, *, #2056, .T. ) ;
#2595 = VERTEX_POINT ( 'NONE', #896 ) ;
#2596 = ORIENTED_EDGE ( 'NONE', *, *, #2761, .T. ) ;
#2597 = ORIENTED_EDGE ( 'NONE', *, *, #2054, .F. ) ;
#2598 = ORIENTED_EDGE ( 'NONE', *, *, #2711, .F. ) ;
#2599 = ORIENTED_EDGE ( 'NONE', *, *, #2113, .T. ) ;
#2600 = VERTEX_POINT ( 'NONE', #897 ) ;
#2601 = ORIENTED_EDGE ( 'NONE', *, *, #2746, .F. ) ;
#2602 = ORIENTED_EDGE ( 'NONE', *, *, #2808, .T. ) ;
#2603 = ORIENTED_EDGE ( 'NONE', *, *, #2068, .T. ) ;
#2604 = ORIENTED_EDGE ( 'NONE', *, *, #2324, .T. ) ;
#2605 = ORIENTED_EDGE ( 'NONE', *, *, #2313, .T. ) ;
#2606 = ORIENTED_EDGE ( 'NONE', *, *, #2724, .T. ) ;
#2607 = ORIENTED_EDGE ( 'NONE', *, *, #2041, .T. ) ;
#2608 = ORIENTED_EDGE ( 'NONE', *, *, #2043, .T. ) ;
#2609 = ORIENTED_EDGE ( 'NONE', *, *, #2042, .T. ) ;
#2610 = ORIENTED_EDGE ( 'NONE', *, *, #2781, .T. ) ;
#2611 = ORIENTED_EDGE ( 'NONE', *, *, #2731, .T. ) ;
#2612 = ORIENTED_EDGE ( 'NONE', *, *, #2110, .T. ) ;
#2613 = ORIENTED_EDGE ( 'NONE', *, *, #2049, .T. ) ;
#2614 = ORIENTED_EDGE ( 'NONE', *, *, #2768, .F. ) ;
#2615 = ORIENTED_EDGE ( 'NONE', *, *, #2786, .F. ) ;
#2616 = ORIENTED_EDGE ( 'NONE', *, *, #2714, .F. ) ;
#2617 = ORIENTED_EDGE ( 'NONE', *, *, #2787, .F. ) ;
#2618 = ORIENTED_EDGE ( 'NONE', *, *, #2707, .F. ) ;
#2619 = ORIENTED_EDGE ( 'NONE', *, *, #2710, .T. ) ;
#2620 = ORIENTED_EDGE ( 'NONE', *, *, #2797, .F. ) ;
#2621 = VERTEX_POINT ( 'NONE', #902 ) ;
#2622 = VERTEX_POINT ( 'NONE', #903 ) ;
#2623 = ORIENTED_EDGE ( 'NONE', *, *, #2767, .T. ) ;
#2624 = ORIENTED_EDGE ( 'NONE', *, *, #2768, .T. ) ;
#2625 = ORIENTED_EDGE ( 'NONE', *, *, #2765, .T. ) ;
#2626 = ORIENTED_EDGE ( 'NONE', *, *, #2793, .T. ) ;
#2627 = ORIENTED_EDGE ( 'NONE', *, *, #2758, .T. ) ;
#2628 = ORIENTED_EDGE ( 'NONE', *, *, #2799, .T. ) ;
#2629 = VERTEX_POINT ( 'NONE', #900 ) ;
#2630 = ORIENTED_EDGE ( 'NONE', *, *, #2794, .F. ) ;
#2631 = VERTEX_POINT ( 'NONE', #901 ) ;
#2632 = VERTEX_POINT ( 'NONE', #899 ) ;
#2633 = VERTEX_POINT ( 'NONE', #906 ) ;
#2634 = VERTEX_POINT ( 'NONE', #892 ) ;
#2635 = VERTEX_POINT ( 'NONE', #907 ) ;
#2636 = VERTEX_POINT ( 'NONE', #908 ) ;
#2637 = VERTEX_POINT ( 'NONE', #909 ) ;
#2638 = VERTEX_POINT ( 'NONE', #904 ) ;
#2639 = VERTEX_POINT ( 'NONE', #910 ) ;
#2640 = VERTEX_POINT ( 'NONE', #905 ) ;
#2641 = VERTEX_POINT ( 'NONE', #911 ) ;
#2642 = VERTEX_POINT ( 'NONE', #912 ) ;
#2643 = VERTEX_POINT ( 'NONE', #913 ) ;
#2644 = ORIENTED_EDGE ( 'NONE', *, *, #2051, .T. ) ;
#2645 = VERTEX_POINT ( 'NONE', #915 ) ;
#2646 = VERTEX_POINT ( 'NONE', #916 ) ;
#2647 = VERTEX_POINT ( 'NONE', #917 ) ;
#2648 = VERTEX_POINT ( 'NONE', #918 ) ;
#2649 = VERTEX_POINT ( 'NONE', #919 ) ;
#2650 = VERTEX_POINT ( 'NONE', #920 ) ;
#2651 = VERTEX_POINT ( 'NONE', #921 ) ;
#2652 = VERTEX_POINT ( 'NONE', #922 ) ;
#2653 = VERTEX_POINT ( 'NONE', #923 ) ;
#2654 = VERTEX_POINT ( 'NONE', #924 ) ;
#2655 = VERTEX_POINT ( 'NONE', #914 ) ;
#2656 = VERTEX_POINT ( 'NONE', #925 ) ;
#2657 = VERTEX_POINT ( 'NONE', #926 ) ;
#2658 = VERTEX_POINT ( 'NONE', #927 ) ;
#2659 = VERTEX_POINT ( 'NONE', #928 ) ;
#2660 = VERTEX_POINT ( 'NONE', #929 ) ;
#2661 = VERTEX_POINT ( 'NONE', #930 ) ;
#2662 = VERTEX_POINT ( 'NONE', #931 ) ;
#2663 = VERTEX_POINT ( 'NONE', #932 ) ;
#2664 = VERTEX_POINT ( 'NONE', #933 ) ;
#2665 = ORIENTED_EDGE ( 'NONE', *, *, #2803, .T. ) ;
#2666 = ORIENTED_EDGE ( 'NONE', *, *, #2717, .T. ) ;
#2667 = ORIENTED_EDGE ( 'NONE', *, *, #2723, .T. ) ;
#2668 = ORIENTED_EDGE ( 'NONE', *, *, #2794, .T. ) ;
#2669 = ORIENTED_EDGE ( 'NONE', *, *, #2712, .T. ) ;
#2670 = ORIENTED_EDGE ( 'NONE', *, *, #2799, .F. ) ;
#2671 = ORIENTED_EDGE ( 'NONE', *, *, #2788, .T. ) ;
#2672 = ORIENTED_EDGE ( 'NONE', *, *, #2719, .F. ) ;
#2673 = ORIENTED_EDGE ( 'NONE', *, *, #2753, .F. ) ;
#2674 = ORIENTED_EDGE ( 'NONE', *, *, #2786, .T. ) ;
#2675 = ORIENTED_EDGE ( 'NONE', *, *, #2805, .F. ) ;
#2676 = ORIENTED_EDGE ( 'NONE', *, *, #2713, .F. ) ;
#2677 = ORIENTED_EDGE ( 'NONE', *, *, #2800, .T. ) ;
#2678 = ORIENTED_EDGE ( 'NONE', *, *, #2725, .F. ) ;
#2679 = ORIENTED_EDGE ( 'NONE', *, *, #2707, .T. ) ;
#2680 = ORIENTED_EDGE ( 'NONE', *, *, #2733, .T. ) ;
#2681 = ORIENTED_EDGE ( 'NONE', *, *, #2727, .F. ) ;
#2682 = ORIENTED_EDGE ( 'NONE', *, *, #2734, .T. ) ;
#2683 = ORIENTED_EDGE ( 'NONE', *, *, #2714, .T. ) ;
#2684 = ORIENTED_EDGE ( 'NONE', *, *, #2725, .T. ) ;
#2685 = VERTEX_POINT ( 'NONE', #934 ) ;
#2686 = VERTEX_POINT ( 'NONE', #938 ) ;
#2687 = VERTEX_POINT ( 'NONE', #939 ) ;
#2688 = ORIENTED_EDGE ( 'NONE', *, *, #2791, .T. ) ;
#2689 = ORIENTED_EDGE ( 'NONE', *, *, #2731, .F. ) ;
#2690 = ORIENTED_EDGE ( 'NONE', *, *, #2736, .T. ) ;
#2691 = ORIENTED_EDGE ( 'NONE', *, *, #2747, .T. ) ;
#2692 = ORIENTED_EDGE ( 'NONE', *, *, #2764, .T. ) ;
#2693 = ORIENTED_EDGE ( 'NONE', *, *, #2789, .F. ) ;
#2694 = EDGE_CURVE ( 'NONE', #2600, #2501, #1220, .T. ) ;
#2695 = FACE_OUTER_BOUND ( 'NONE', #1650, .T. ) ;
#2696 = COLOUR_RGB ( '',0.2509803921568627400, 0.2509803921568627400, 0.2509803921568627400 ) ;
#2697 = SURFACE_STYLE_FILL_AREA ( #4 ) ;
#2698 = PRESENTATION_STYLE_ASSIGNMENT (( #12 ) ) ;
#2699 = CYLINDRICAL_SURFACE ( 'NONE', #1904, 0.1999999999999999800 ) ;
#2700 = COLOUR_RGB ( '',0.2509803921568627400, 0.2509803921568627400, 0.2509803921568627400 ) ;
#2701 = SURFACE_STYLE_FILL_AREA ( #14 ) ;
#2702 = PRESENTATION_STYLE_ASSIGNMENT (( #25 ) ) ;
#2703 = FACE_OUTER_BOUND ( 'NONE', #1681, .T. ) ;
#2704 = FACE_OUTER_BOUND ( 'NONE', #1668, .T. ) ;
#2705 = PRODUCT_DEFINITION_CONTEXT ( 'detailed design', #1203, 'design' ) ;
#2706 = PRODUCT_DEFINITION_SHAPE ( 'NONE', 'NONE',  #1956 ) ;
#2707 = EDGE_CURVE ( 'NONE', #2642, #2634, #374, .T. ) ;
#2708 = EDGE_CURVE ( 'NONE', #2600, #2635, #373, .T. ) ;
#2709 = EDGE_CURVE ( 'NONE', #2632, #2543, #368, .T. ) ;
#2710 = EDGE_CURVE ( 'NONE', #2649, #2479, #365, .T. ) ;
#2711 = EDGE_CURVE ( 'NONE', #2645, #2640, #366, .T. ) ;
#2712 = EDGE_CURVE ( 'NONE', #2686, #2651, #375, .T. ) ;
#2713 = EDGE_CURVE ( 'NONE', #2588, #2595, #378, .T. ) ;
#2714 = EDGE_CURVE ( 'NONE', #2663, #2643, #381, .T. ) ;
#2715 = EDGE_CURVE ( 'NONE', #2564, #2638, #1221, .T. ) ;
#2716 = EDGE_CURVE ( 'NONE', #2662, #2653, #385, .T. ) ;
#2717 = EDGE_CURVE ( 'NONE', #2651, #2656, #386, .T. ) ;
#2718 = EDGE_CURVE ( 'NONE', #2640, #2650, #388, .T. ) ;
#2719 = EDGE_CURVE ( 'NONE', #2660, #2657, #390, .T. ) ;
#2720 = EDGE_CURVE ( 'NONE', #2546, #2591, #383, .T. ) ;
#2721 = EDGE_CURVE ( 'NONE', #2654, #2686, #1222, .T. ) ;
#2722 = EDGE_CURVE ( 'NONE', #2638, #2637, #395, .T. ) ;
#2723 = EDGE_CURVE ( 'NONE', #2653, #2588, #396, .T. ) ;
#2724 = EDGE_CURVE ( 'NONE', #2657, #2631, #398, .T. ) ;
#2725 = EDGE_CURVE ( 'NONE', #2662, #2654, #400, .T. ) ;
#2726 = EDGE_CURVE ( 'NONE', #2479, #2572, #1223, .T. ) ;
#2727 = EDGE_CURVE ( 'NONE', #2664, #2661, #403, .T. ) ;
#2728 = EDGE_CURVE ( 'NONE', #2650, #2545, #404, .T. ) ;
#2729 = EDGE_CURVE ( 'NONE', #2664, #2663, #393, .T. ) ;
#2730 = EDGE_CURVE ( 'NONE', #2372, #2652, #408, .T. ) ;
#2731 = EDGE_CURVE ( 'NONE', #2637, #2649, #410, .T. ) ;
#2732 = EDGE_CURVE ( 'NONE', #2595, #2652, #412, .T. ) ;
#2733 = EDGE_CURVE ( 'NONE', #2634, #2649, #414, .T. ) ;
#2734 = EDGE_CURVE ( 'NONE', #2643, #2654, #416, .T. ) ;
#2735 = EDGE_CURVE ( 'NONE', #2659, #2657, #417, .T. ) ;
#2736 = EDGE_CURVE ( 'NONE', #2663, #2652, #419, .T. ) ;
#2737 = EDGE_CURVE ( 'NONE', #2351, #2364, #421, .T. ) ;
#2738 = EDGE_CURVE ( 'NONE', #2373, #2347, #423, .T. ) ;
#2739 = EDGE_CURVE ( 'NONE', #2360, #2350, #425, .T. ) ;
#2740 = EDGE_CURVE ( 'NONE', #2356, #2352, #427, .T. ) ;
#2741 = EDGE_CURVE ( 'NONE', #2355, #2329, #428, .T. ) ;
#2742 = EDGE_CURVE ( 'NONE', #2375, #2369, #429, .T. ) ;
#2743 = EDGE_CURVE ( 'NONE', #2364, #2355, #431, .T. ) ;
#2744 = EDGE_CURVE ( 'NONE', #2370, #2365, #432, .T. ) ;
#2745 = EDGE_CURVE ( 'NONE', #2642, #2660, #433, .T. ) ;
#2746 = EDGE_CURVE ( 'NONE', #2543, #2642, #406, .T. ) ;
#2747 = EDGE_CURVE ( 'NONE', #2637, #2658, #437, .T. ) ;
#2748 = EDGE_CURVE ( 'NONE', #2337, #2345, #439, .T. ) ;
#2749 = EDGE_CURVE ( 'NONE', #2369, #2356, #440, .T. ) ;
#2750 = EDGE_CURVE ( 'NONE', #2347, #2346, #442, .T. ) ;
#2751 = EDGE_CURVE ( 'NONE', #2342, #2353, #444, .T. ) ;
#2752 = EDGE_CURVE ( 'NONE', #2354, #2373, #445, .T. ) ;
#2753 = EDGE_CURVE ( 'NONE', #2639, #2645, #446, .T. ) ;
#2754 = EDGE_CURVE ( 'NONE', #2365, #2372, #447, .T. ) ;
#2755 = EDGE_CURVE ( 'NONE', #2345, #2370, #449, .T. ) ;
#2756 = EDGE_CURVE ( 'NONE', #2329, #2378, #450, .T. ) ;
#2757 = EDGE_CURVE ( 'NONE', #2586, #2496, #451, .T. ) ;
#2758 = EDGE_CURVE ( 'NONE', #2591, #2586, #1224, .T. ) ;
#2759 = EDGE_CURVE ( 'NONE', #2633, #2655, #453, .T. ) ;
#2760 = EDGE_CURVE ( 'NONE', #2496, #2633, #1225, .T. ) ;
#2761 = EDGE_CURVE ( 'NONE', #2641, #2646, #455, .T. ) ;
#2762 = EDGE_CURVE ( 'NONE', #2629, #2641, #435, .T. ) ;
#2763 = EDGE_CURVE ( 'NONE', #2647, #2629, #458, .T. ) ;
#2764 = EDGE_CURVE ( 'NONE', #2646, #2647, #460, .T. ) ;
#2765 = EDGE_CURVE ( 'NONE', #2523, #2338, #462, .T. ) ;
#2766 = EDGE_CURVE ( 'NONE', #2590, #2523, #456, .T. ) ;
#2767 = EDGE_CURVE ( 'NONE', #2377, #2590, #466, .T. ) ;
#2768 = EDGE_CURVE ( 'NONE', #2338, #2377, #468, .T. ) ;
#2769 = EDGE_CURVE ( 'NONE', #2332, #2366, #1226, .T. ) ;
#2770 = EDGE_CURVE ( 'NONE', #2648, #2332, #464, .T. ) ;
#2771 = EDGE_CURVE ( 'NONE', #2339, #2328, #1227, .T. ) ;
#2772 = EDGE_CURVE ( 'NONE', #2366, #2339, #473, .T. ) ;
#2773 = EDGE_CURVE ( 'NONE', #2335, #2502, #1228, .T. ) ;
#2774 = EDGE_CURVE ( 'NONE', #2328, #2335, #475, .T. ) ;
#2775 = EDGE_CURVE ( 'NONE', #2336, #2343, #476, .T. ) ;
#2776 = EDGE_CURVE ( 'NONE', #2361, #2336, #471, .T. ) ;
#2777 = EDGE_CURVE ( 'NONE', #2358, #2374, #1229, .T. ) ;
#2778 = EDGE_CURVE ( 'NONE', #2343, #2358, #481, .T. ) ;
#2779 = EDGE_CURVE ( 'NONE', #2685, #2333, #482, .T. ) ;
#2780 = EDGE_CURVE ( 'NONE', #2685, #2536, #478, .T. ) ;
#2781 = EDGE_CURVE ( 'NONE', #2359, #2357, #485, .T. ) ;
#2782 = EDGE_CURVE ( 'NONE', #2374, #2536, #487, .T. ) ;
#2783 = EDGE_CURVE ( 'NONE', #2660, #2514, #489, .T. ) ;
#2784 = EDGE_CURVE ( 'NONE', #2357, #2363, #491, .T. ) ;
#2785 = EDGE_CURVE ( 'NONE', #2576, #2600, #493, .T. ) ;
#2786 = EDGE_CURVE ( 'NONE', #2658, #2645, #495, .T. ) ;
#2787 = EDGE_CURVE ( 'NONE', #2363, #2382, #497, .T. ) ;
#2788 = EDGE_CURVE ( 'NONE', #2639, #2659, #499, .T. ) ;
#2789 = EDGE_CURVE ( 'NONE', #2656, #2636, #501, .T. ) ;
#2790 = EDGE_CURVE ( 'NONE', #2655, #2632, #503, .T. ) ;
#2791 = EDGE_CURVE ( 'NONE', #2635, #2643, #1230, .T. ) ;
#2792 = EDGE_CURVE ( 'NONE', #2631, #2545, #505, .T. ) ;
#2793 = EDGE_CURVE ( 'NONE', #2572, #2564, #506, .T. ) ;
#2794 = EDGE_CURVE ( 'NONE', #2640, #2498, #508, .T. ) ;
#2795 = EDGE_CURVE ( 'NONE', #2334, #2648, #1231, .T. ) ;
#2796 = EDGE_CURVE ( 'NONE', #2502, #2334, #511, .T. ) ;
#2797 = EDGE_CURVE ( 'NONE', #2333, #2361, #1232, .T. ) ;
#2798 = EDGE_CURVE ( 'NONE', #2333, #2374, #513, .T. ) ;
#2799 = EDGE_CURVE ( 'NONE', #2655, #2546, #514, .T. ) ;
#2800 = EDGE_CURVE ( 'NONE', #2653, #2531, #1233, .T. ) ;
#2801 = EDGE_CURVE ( 'NONE', #2498, #2546, #517, .T. ) ;
#2802 = EDGE_CURVE ( 'NONE', #2650, #2639, #518, .T. ) ;
#2803 = EDGE_CURVE ( 'NONE', #2636, #2662, #1234, .T. ) ;
#2804 = EDGE_CURVE ( 'NONE', #2514, #2631, #520, .T. ) ;
#2805 = EDGE_CURVE ( 'NONE', #2661, #2588, #521, .T. ) ;
#2806 = EDGE_CURVE ( 'NONE', #2531, #2576, #523, .T. ) ;
#2807 = EDGE_CURVE ( 'NONE', #2545, #2659, #525, .T. ) ;
#2808 = EDGE_CURVE ( 'NONE', #2514, #2543, #527, .T. ) ;
#2809 = MECHANICAL_DESIGN_GEOMETRIC_PRESENTATION_REPRESENTATION (  '', ( #1531 ), #2810 ) ;
#2810 =( GEOMETRIC_REPRESENTATION_CONTEXT ( 3 ) GLOBAL_UNCERTAINTY_ASSIGNED_CONTEXT ( ( #1982 ) ) GLOBAL_UNIT_ASSIGNED_CONTEXT ( ( #2426, #2429, #2427 ) ) REPRESENTATION_CONTEXT ( 'NONE', 'WORKASPACE' ) );
#2811 = PRESENTATION_LAYER_ASSIGNMENT (  '', '', ( #2812 ) ) ;
#2812 = STYLED_ITEM ( 'NONE', ( #1261 ), #1826 ) ;
#2813 = AXIS2_PLACEMENT_3D ( 'NONE', #2424, #2414, #2435 ) ;
#2814 = MECHANICAL_DESIGN_GEOMETRIC_PRESENTATION_REPRESENTATION (  '', ( #2812 ), #2815 ) ;
#2815 =( GEOMETRIC_REPRESENTATION_CONTEXT ( 3 ) GLOBAL_UNCERTAINTY_ASSIGNED_CONTEXT ( ( #1983 ) ) GLOBAL_UNIT_ASSIGNED_CONTEXT ( ( #2389, #2388, #2387 ) ) REPRESENTATION_CONTEXT ( 'NONE', 'WORKASPACE' ) );
#2816 = PRESENTATION_LAYER_ASSIGNMENT (  '', '', ( #2817 ) ) ;
#2817 = STYLED_ITEM ( 'NONE', ( #1266 ), #1827 ) ;
#2818 = AXIS2_PLACEMENT_3D ( 'NONE', #2394, #2392, #2412 ) ;
#2819 = MECHANICAL_DESIGN_GEOMETRIC_PRESENTATION_REPRESENTATION (  '', ( #2817 ), #2820 ) ;
#2820 =( GEOMETRIC_REPRESENTATION_CONTEXT ( 3 ) GLOBAL_UNCERTAINTY_ASSIGNED_CONTEXT ( ( #1984 ) ) GLOBAL_UNIT_ASSIGNED_CONTEXT ( ( #2464, #2465, #2466 ) ) REPRESENTATION_CONTEXT ( 'NONE', 'WORKASPACE' ) );
#2821 = PRESENTATION_LAYER_ASSIGNMENT (  '', '', ( #2822 ) ) ;
#2822 = STYLED_ITEM ( 'NONE', ( #1271 ), #1828 ) ;
#2823 = AXIS2_PLACEMENT_3D ( 'NONE', #2391, #2393, #2467 ) ;
#2824 = MECHANICAL_DESIGN_GEOMETRIC_PRESENTATION_REPRESENTATION (  '', ( #2822 ), #2825 ) ;
#2825 =( GEOMETRIC_REPRESENTATION_CONTEXT ( 3 ) GLOBAL_UNCERTAINTY_ASSIGNED_CONTEXT ( ( #1985 ) ) GLOBAL_UNIT_ASSIGNED_CONTEXT ( ( #2461, #2460, #2459 ) ) REPRESENTATION_CONTEXT ( 'NONE', 'WORKASPACE' ) );
#2826 = PRESENTATION_LAYER_ASSIGNMENT (  '', '', ( #2827 ) ) ;
#2827 = STYLED_ITEM ( 'NONE', ( #1276 ), #1829 ) ;
#2828 = AXIS2_PLACEMENT_3D ( 'NONE', #2468, #2469, #2458 ) ;
#2829 = MECHANICAL_DESIGN_GEOMETRIC_PRESENTATION_REPRESENTATION (  '', ( #2827 ), #2830 ) ;
#2830 =( GEOMETRIC_REPRESENTATION_CONTEXT ( 3 ) GLOBAL_UNCERTAINTY_ASSIGNED_CONTEXT ( ( #1986 ) ) GLOBAL_UNIT_ASSIGNED_CONTEXT ( ( #2450, #2449, #2472 ) ) REPRESENTATION_CONTEXT ( 'NONE', 'WORKASPACE' ) );
#2831 = PRESENTATION_LAYER_ASSIGNMENT (  '', '', ( #2832 ) ) ;
#2832 = STYLED_ITEM ( 'NONE', ( #1281 ), #1830 ) ;
#2833 = AXIS2_PLACEMENT_3D ( 'NONE', #2457, #2456, #2455 ) ;
#2834 = MECHANICAL_DESIGN_GEOMETRIC_PRESENTATION_REPRESENTATION (  '', ( #2832 ), #2835 ) ;
#2835 =( GEOMETRIC_REPRESENTATION_CONTEXT ( 3 ) GLOBAL_UNCERTAINTY_ASSIGNED_CONTEXT ( ( #1987 ) ) GLOBAL_UNIT_ASSIGNED_CONTEXT ( ( #2039, #2031, #2030 ) ) REPRESENTATION_CONTEXT ( 'NONE', 'WORKASPACE' ) );
#2836 = PRESENTATION_LAYER_ASSIGNMENT (  '', '', ( #2837 ) ) ;
#2837 = STYLED_ITEM ( 'NONE', ( #1286 ), #1831 ) ;
#2838 = AXIS2_PLACEMENT_3D ( 'NONE', #2033, #2037, #2032 ) ;
#2839 = MECHANICAL_DESIGN_GEOMETRIC_PRESENTATION_REPRESENTATION (  '', ( #2837 ), #2840 ) ;
#2840 =( GEOMETRIC_REPRESENTATION_CONTEXT ( 3 ) GLOBAL_UNCERTAINTY_ASSIGNED_CONTEXT ( ( #1988 ) ) GLOBAL_UNIT_ASSIGNED_CONTEXT ( ( #2021, #2023, #2020 ) ) REPRESENTATION_CONTEXT ( 'NONE', 'WORKASPACE' ) );
#2841 = PRESENTATION_LAYER_ASSIGNMENT (  '', '', ( #2842 ) ) ;
#2842 = STYLED_ITEM ( 'NONE', ( #1291 ), #1832 ) ;
#2843 = AXIS2_PLACEMENT_3D ( 'NONE', #2025, #2027, #2022 ) ;
#2844 = MECHANICAL_DESIGN_GEOMETRIC_PRESENTATION_REPRESENTATION (  '', ( #2842 ), #2845 ) ;
#2845 =( GEOMETRIC_REPRESENTATION_CONTEXT ( 3 ) GLOBAL_UNCERTAINTY_ASSIGNED_CONTEXT ( ( #1989 ) ) GLOBAL_UNIT_ASSIGNED_CONTEXT ( ( #558, #559, #560 ) ) REPRESENTATION_CONTEXT ( 'NONE', 'WORKASPACE' ) );
#2846 = PRESENTATION_LAYER_ASSIGNMENT (  '', '', ( #2847 ) ) ;
#2847 = STYLED_ITEM ( 'NONE', ( #1296 ), #1833 ) ;
#2848 = AXIS2_PLACEMENT_3D ( 'NONE', #2071, #561, #562 ) ;
#2849 = MECHANICAL_DESIGN_GEOMETRIC_PRESENTATION_REPRESENTATION (  '', ( #2847 ), #2850 ) ;
#2850 =( GEOMETRIC_REPRESENTATION_CONTEXT ( 3 ) GLOBAL_UNCERTAINTY_ASSIGNED_CONTEXT ( ( #1990 ) ) GLOBAL_UNIT_ASSIGNED_CONTEXT ( ( #569, #570, #571 ) ) REPRESENTATION_CONTEXT ( 'NONE', 'WORKASPACE' ) );
#2851 = PRESENTATION_LAYER_ASSIGNMENT (  '', '', ( #2852 ) ) ;
#2852 = STYLED_ITEM ( 'NONE', ( #1301 ), #1834 ) ;
#2853 = AXIS2_PLACEMENT_3D ( 'NONE', #563, #564, #572 ) ;
#2854 = MECHANICAL_DESIGN_GEOMETRIC_PRESENTATION_REPRESENTATION (  '', ( #2852 ), #2855 ) ;
#2855 =( GEOMETRIC_REPRESENTATION_CONTEXT ( 3 ) GLOBAL_UNCERTAINTY_ASSIGNED_CONTEXT ( ( #1991 ) ) GLOBAL_UNIT_ASSIGNED_CONTEXT ( ( #579, #580, #581 ) ) REPRESENTATION_CONTEXT ( 'NONE', 'WORKASPACE' ) );
#2856 = PRESENTATION_LAYER_ASSIGNMENT (  '', '', ( #2857 ) ) ;
#2857 = STYLED_ITEM ( 'NONE', ( #1306 ), #1835 ) ;
#2858 = AXIS2_PLACEMENT_3D ( 'NONE', #573, #574, #582 ) ;
#2859 = MECHANICAL_DESIGN_GEOMETRIC_PRESENTATION_REPRESENTATION (  '', ( #2857 ), #2860 ) ;
#2860 =( GEOMETRIC_REPRESENTATION_CONTEXT ( 3 ) GLOBAL_UNCERTAINTY_ASSIGNED_CONTEXT ( ( #1992 ) ) GLOBAL_UNIT_ASSIGNED_CONTEXT ( ( #589, #590, #591 ) ) REPRESENTATION_CONTEXT ( 'NONE', 'WORKASPACE' ) );
#2861 = STYLED_ITEM ( 'NONE', ( #1312 ), #1837 ) ;
#2862 = AXIS2_PLACEMENT_3D ( 'NONE', #583, #584, #592 ) ;
#2863 = AXIS2_PLACEMENT_3D ( 'NONE', #585, #596, #597 ) ;
#2864 = PRESENTATION_LAYER_ASSIGNMENT (  '', '', ( #2861 ) ) ;
#2865 = MECHANICAL_DESIGN_GEOMETRIC_PRESENTATION_REPRESENTATION (  '', ( #2861 ), #2866 ) ;
#2866 =( GEOMETRIC_REPRESENTATION_CONTEXT ( 3 ) GLOBAL_UNCERTAINTY_ASSIGNED_CONTEXT ( ( #1993 ) ) GLOBAL_UNIT_ASSIGNED_CONTEXT ( ( #602, #603, #604 ) ) REPRESENTATION_CONTEXT ( 'NONE', 'WORKASPACE' ) );
#2867 = AXIS2_PLACEMENT_3D ( 'NONE', #612, #613, #614 ) ;
#2868 = AXIS2_PLACEMENT_3D ( 'NONE', #609, #610, #611 ) ;
#2869 = AXIS2_PLACEMENT_3D ( 'NONE', #598, #593, #605 ) ;
#2870 = AXIS2_PLACEMENT_3D ( 'NONE', #616, #617, #618 ) ;
#2871 = AXIS2_PLACEMENT_3D ( 'NONE', #620, #621, #622 ) ;
#2872 = AXIS2_PLACEMENT_3D ( 'NONE', #623, #624, #625 ) ;
#2873 = AXIS2_PLACEMENT_3D ( 'NONE', #626, #627, #628 ) ;
#2874 = AXIS2_PLACEMENT_3D ( 'NONE', #629, #630, #631 ) ;
#2875 = AXIS2_PLACEMENT_3D ( 'NONE', #632, #633, #634 ) ;
#2876 = AXIS2_PLACEMENT_3D ( 'NONE', #635, #636, #637 ) ;
#2877 = AXIS2_PLACEMENT_3D ( 'NONE', #638, #639, #640 ) ;
#2878 = AXIS2_PLACEMENT_3D ( 'NONE', #641, #642, #643 ) ;
#2879 = AXIS2_PLACEMENT_3D ( 'NONE', #645, #646, #647 ) ;
#2880 = AXIS2_PLACEMENT_3D ( 'NONE', #650, #651, #652 ) ;
#2881 = AXIS2_PLACEMENT_3D ( 'NONE', #656, #657, #658 ) ;
#2882 = AXIS2_PLACEMENT_3D ( 'NONE', #662, #663, #664 ) ;
#2883 = AXIS2_PLACEMENT_3D ( 'NONE', #667, #668, #669 ) ;
#2884 = STYLED_ITEM ( 'NONE', ( #337 ), #2058 ) ;
#2885 = PRESENTATION_LAYER_ASSIGNMENT (  '', '', ( #2884 ) ) ;
#2886 = MECHANICAL_DESIGN_GEOMETRIC_PRESENTATION_REPRESENTATION (  '', ( #2884 ), #2887 ) ;
#2887 =( GEOMETRIC_REPRESENTATION_CONTEXT ( 3 ) GLOBAL_UNCERTAINTY_ASSIGNED_CONTEXT ( ( #2000 ) ) GLOBAL_UNIT_ASSIGNED_CONTEXT ( ( #715, #716, #717 ) ) REPRESENTATION_CONTEXT ( 'NONE', 'WORKASPACE' ) );
#2888 = AXIS2_PLACEMENT_3D ( 'NONE', #1001, #1002, #1003 ) ;
#2889 = PRODUCT ( 'DIO_JEDEC_DO-218AC', 'DIO_JEDEC_DO-218AC', '', ( #1202 ) ) ;
ENDSEC;
END-ISO-10303-21;
