ISO-10303-21;
HEADER;
FILE_DESCRIPTION((''),'2;1');
FILE_NAME('RGY0020C_ASM','2017-06-28T',('a0412025'),(''),
'CREO PARAMETRIC BY PTC INC, 2016050','CREO PARAMETRIC BY PTC INC, 2016050','');
FILE_SCHEMA(('AUTOMOTIVE_DESIGN { 1 0 10303 214 1 1 1 1 }'));
ENDSEC;
DATA;
#29=DIRECTION('',(0.E0,0.E0,1.E0));
#30=VECTOR('',#29,3.25E-1);
#31=CARTESIAN_POINT('',(-1.7E0,0.E0,-2.2E0));
#32=LINE('',#31,#30);
#33=DRAUGHTING_PRE_DEFINED_CURVE_FONT('continuous');
#34=CURVE_STYLE('',#33,POSITIVE_LENGTH_MEASURE(2.E-2),#6);
#35=PRESENTATION_STYLE_ASSIGNMENT((#34));
#36=STYLED_ITEM('',(#35),#32);
#37=DIRECTION('',(1.E0,0.E0,0.E0));
#38=VECTOR('',#37,2.25E-1);
#39=CARTESIAN_POINT('',(-1.7E0,0.E0,-1.875E0));
#40=LINE('',#39,#38);
#41=CURVE_STYLE('',#33,POSITIVE_LENGTH_MEASURE(2.E-2),#6);
#42=PRESENTATION_STYLE_ASSIGNMENT((#41));
#43=STYLED_ITEM('',(#42),#40);
#44=CARTESIAN_POINT('',(-1.475E0,0.E0,-1.75E0));
#45=DIRECTION('',(0.E0,-1.E0,0.E0));
#46=DIRECTION('',(0.E0,0.E0,-1.E0));
#47=AXIS2_PLACEMENT_3D('',#44,#45,#46);
#49=CURVE_STYLE('',#33,POSITIVE_LENGTH_MEASURE(2.E-2),#6);
#50=PRESENTATION_STYLE_ASSIGNMENT((#49));
#51=STYLED_ITEM('',(#50),#48);
#52=DIRECTION('',(1.E0,0.E0,0.E0));
#53=VECTOR('',#52,2.25E-1);
#54=CARTESIAN_POINT('',(-1.7E0,0.E0,-1.625E0));
#55=LINE('',#54,#53);
#56=CURVE_STYLE('',#33,POSITIVE_LENGTH_MEASURE(2.E-2),#6);
#57=PRESENTATION_STYLE_ASSIGNMENT((#56));
#58=STYLED_ITEM('',(#57),#55);
#59=DIRECTION('',(0.E0,0.E0,1.E0));
#60=VECTOR('',#59,2.5E-1);
#61=CARTESIAN_POINT('',(-1.7E0,0.E0,-1.625E0));
#62=LINE('',#61,#60);
#63=CURVE_STYLE('',#33,POSITIVE_LENGTH_MEASURE(2.E-2),#6);
#64=PRESENTATION_STYLE_ASSIGNMENT((#63));
#65=STYLED_ITEM('',(#64),#62);
#66=DIRECTION('',(1.E0,0.E0,0.E0));
#67=VECTOR('',#66,2.25E-1);
#68=CARTESIAN_POINT('',(-1.7E0,0.E0,-1.375E0));
#69=LINE('',#68,#67);
#70=CURVE_STYLE('',#33,POSITIVE_LENGTH_MEASURE(2.E-2),#6);
#71=PRESENTATION_STYLE_ASSIGNMENT((#70));
#72=STYLED_ITEM('',(#71),#69);
#73=CARTESIAN_POINT('',(-1.475E0,0.E0,-1.25E0));
#74=DIRECTION('',(0.E0,-1.E0,0.E0));
#75=DIRECTION('',(0.E0,0.E0,-1.E0));
#76=AXIS2_PLACEMENT_3D('',#73,#74,#75);
#78=CURVE_STYLE('',#33,POSITIVE_LENGTH_MEASURE(2.E-2),#6);
#79=PRESENTATION_STYLE_ASSIGNMENT((#78));
#80=STYLED_ITEM('',(#79),#77);
#81=DIRECTION('',(1.E0,0.E0,0.E0));
#82=VECTOR('',#81,2.25E-1);
#83=CARTESIAN_POINT('',(-1.7E0,0.E0,-1.125E0));
#84=LINE('',#83,#82);
#85=CURVE_STYLE('',#33,POSITIVE_LENGTH_MEASURE(2.E-2),#6);
#86=PRESENTATION_STYLE_ASSIGNMENT((#85));
#87=STYLED_ITEM('',(#86),#84);
#88=DIRECTION('',(0.E0,0.E0,1.E0));
#89=VECTOR('',#88,2.5E-1);
#90=CARTESIAN_POINT('',(-1.7E0,0.E0,-1.125E0));
#91=LINE('',#90,#89);
#92=CURVE_STYLE('',#33,POSITIVE_LENGTH_MEASURE(2.E-2),#6);
#93=PRESENTATION_STYLE_ASSIGNMENT((#92));
#94=STYLED_ITEM('',(#93),#91);
#95=DIRECTION('',(1.E0,0.E0,0.E0));
#96=VECTOR('',#95,2.25E-1);
#97=CARTESIAN_POINT('',(-1.7E0,0.E0,-8.75E-1));
#98=LINE('',#97,#96);
#99=CURVE_STYLE('',#33,POSITIVE_LENGTH_MEASURE(2.E-2),#6);
#100=PRESENTATION_STYLE_ASSIGNMENT((#99));
#101=STYLED_ITEM('',(#100),#98);
#102=CARTESIAN_POINT('',(-1.475E0,0.E0,-7.5E-1));
#103=DIRECTION('',(0.E0,-1.E0,0.E0));
#104=DIRECTION('',(0.E0,0.E0,-1.E0));
#105=AXIS2_PLACEMENT_3D('',#102,#103,#104);
#107=CURVE_STYLE('',#33,POSITIVE_LENGTH_MEASURE(2.E-2),#6);
#108=PRESENTATION_STYLE_ASSIGNMENT((#107));
#109=STYLED_ITEM('',(#108),#106);
#110=DIRECTION('',(1.E0,0.E0,0.E0));
#111=VECTOR('',#110,2.25E-1);
#112=CARTESIAN_POINT('',(-1.7E0,0.E0,-6.25E-1));
#113=LINE('',#112,#111);
#114=CURVE_STYLE('',#33,POSITIVE_LENGTH_MEASURE(2.E-2),#6);
#115=PRESENTATION_STYLE_ASSIGNMENT((#114));
#116=STYLED_ITEM('',(#115),#113);
#117=DIRECTION('',(0.E0,0.E0,1.E0));
#118=VECTOR('',#117,2.5E-1);
#119=CARTESIAN_POINT('',(-1.7E0,0.E0,-6.25E-1));
#120=LINE('',#119,#118);
#121=CURVE_STYLE('',#33,POSITIVE_LENGTH_MEASURE(2.E-2),#6);
#122=PRESENTATION_STYLE_ASSIGNMENT((#121));
#123=STYLED_ITEM('',(#122),#120);
#124=DIRECTION('',(1.E0,0.E0,0.E0));
#125=VECTOR('',#124,2.25E-1);
#126=CARTESIAN_POINT('',(-1.7E0,0.E0,-3.75E-1));
#127=LINE('',#126,#125);
#128=CURVE_STYLE('',#33,POSITIVE_LENGTH_MEASURE(2.E-2),#6);
#129=PRESENTATION_STYLE_ASSIGNMENT((#128));
#130=STYLED_ITEM('',(#129),#127);
#131=CARTESIAN_POINT('',(-1.475E0,0.E0,-2.5E-1));
#132=DIRECTION('',(0.E0,-1.E0,0.E0));
#133=DIRECTION('',(0.E0,0.E0,-1.E0));
#134=AXIS2_PLACEMENT_3D('',#131,#132,#133);
#136=CURVE_STYLE('',#33,POSITIVE_LENGTH_MEASURE(2.E-2),#6);
#137=PRESENTATION_STYLE_ASSIGNMENT((#136));
#138=STYLED_ITEM('',(#137),#135);
#139=DIRECTION('',(1.E0,0.E0,0.E0));
#140=VECTOR('',#139,2.25E-1);
#141=CARTESIAN_POINT('',(-1.7E0,0.E0,-1.25E-1));
#142=LINE('',#141,#140);
#143=CURVE_STYLE('',#33,POSITIVE_LENGTH_MEASURE(2.E-2),#6);
#144=PRESENTATION_STYLE_ASSIGNMENT((#143));
#145=STYLED_ITEM('',(#144),#142);
#146=DIRECTION('',(0.E0,0.E0,1.E0));
#147=VECTOR('',#146,2.5E-1);
#148=CARTESIAN_POINT('',(-1.7E0,0.E0,-1.25E-1));
#149=LINE('',#148,#147);
#150=CURVE_STYLE('',#33,POSITIVE_LENGTH_MEASURE(2.E-2),#6);
#151=PRESENTATION_STYLE_ASSIGNMENT((#150));
#152=STYLED_ITEM('',(#151),#149);
#153=DIRECTION('',(1.E0,0.E0,0.E0));
#154=VECTOR('',#153,2.25E-1);
#155=CARTESIAN_POINT('',(-1.7E0,0.E0,1.25E-1));
#156=LINE('',#155,#154);
#157=CURVE_STYLE('',#33,POSITIVE_LENGTH_MEASURE(2.E-2),#6);
#158=PRESENTATION_STYLE_ASSIGNMENT((#157));
#159=STYLED_ITEM('',(#158),#156);
#160=CARTESIAN_POINT('',(-1.475E0,0.E0,2.5E-1));
#161=DIRECTION('',(0.E0,-1.E0,0.E0));
#162=DIRECTION('',(0.E0,0.E0,-1.E0));
#163=AXIS2_PLACEMENT_3D('',#160,#161,#162);
#165=CURVE_STYLE('',#33,POSITIVE_LENGTH_MEASURE(2.E-2),#6);
#166=PRESENTATION_STYLE_ASSIGNMENT((#165));
#167=STYLED_ITEM('',(#166),#164);
#168=DIRECTION('',(1.E0,0.E0,0.E0));
#169=VECTOR('',#168,2.25E-1);
#170=CARTESIAN_POINT('',(-1.7E0,0.E0,3.75E-1));
#171=LINE('',#170,#169);
#172=CURVE_STYLE('',#33,POSITIVE_LENGTH_MEASURE(2.E-2),#6);
#173=PRESENTATION_STYLE_ASSIGNMENT((#172));
#174=STYLED_ITEM('',(#173),#171);
#175=DIRECTION('',(0.E0,0.E0,1.E0));
#176=VECTOR('',#175,2.5E-1);
#177=CARTESIAN_POINT('',(-1.7E0,0.E0,3.75E-1));
#178=LINE('',#177,#176);
#179=CURVE_STYLE('',#33,POSITIVE_LENGTH_MEASURE(2.E-2),#6);
#180=PRESENTATION_STYLE_ASSIGNMENT((#179));
#181=STYLED_ITEM('',(#180),#178);
#182=DIRECTION('',(1.E0,0.E0,0.E0));
#183=VECTOR('',#182,2.25E-1);
#184=CARTESIAN_POINT('',(-1.7E0,0.E0,6.25E-1));
#185=LINE('',#184,#183);
#186=CURVE_STYLE('',#33,POSITIVE_LENGTH_MEASURE(2.E-2),#6);
#187=PRESENTATION_STYLE_ASSIGNMENT((#186));
#188=STYLED_ITEM('',(#187),#185);
#189=CARTESIAN_POINT('',(-1.475E0,0.E0,7.5E-1));
#190=DIRECTION('',(0.E0,-1.E0,0.E0));
#191=DIRECTION('',(0.E0,0.E0,-1.E0));
#192=AXIS2_PLACEMENT_3D('',#189,#190,#191);
#194=CURVE_STYLE('',#33,POSITIVE_LENGTH_MEASURE(2.E-2),#6);
#195=PRESENTATION_STYLE_ASSIGNMENT((#194));
#196=STYLED_ITEM('',(#195),#193);
#197=DIRECTION('',(1.E0,0.E0,0.E0));
#198=VECTOR('',#197,2.25E-1);
#199=CARTESIAN_POINT('',(-1.7E0,0.E0,8.75E-1));
#200=LINE('',#199,#198);
#201=CURVE_STYLE('',#33,POSITIVE_LENGTH_MEASURE(2.E-2),#6);
#202=PRESENTATION_STYLE_ASSIGNMENT((#201));
#203=STYLED_ITEM('',(#202),#200);
#204=DIRECTION('',(0.E0,0.E0,1.E0));
#205=VECTOR('',#204,2.5E-1);
#206=CARTESIAN_POINT('',(-1.7E0,0.E0,8.75E-1));
#207=LINE('',#206,#205);
#208=CURVE_STYLE('',#33,POSITIVE_LENGTH_MEASURE(2.E-2),#6);
#209=PRESENTATION_STYLE_ASSIGNMENT((#208));
#210=STYLED_ITEM('',(#209),#207);
#211=DIRECTION('',(1.E0,0.E0,0.E0));
#212=VECTOR('',#211,2.25E-1);
#213=CARTESIAN_POINT('',(-1.7E0,0.E0,1.125E0));
#214=LINE('',#213,#212);
#215=CURVE_STYLE('',#33,POSITIVE_LENGTH_MEASURE(2.E-2),#6);
#216=PRESENTATION_STYLE_ASSIGNMENT((#215));
#217=STYLED_ITEM('',(#216),#214);
#218=CARTESIAN_POINT('',(-1.475E0,0.E0,1.25E0));
#219=DIRECTION('',(0.E0,-1.E0,0.E0));
#220=DIRECTION('',(0.E0,0.E0,-1.E0));
#221=AXIS2_PLACEMENT_3D('',#218,#219,#220);
#223=CURVE_STYLE('',#33,POSITIVE_LENGTH_MEASURE(2.E-2),#6);
#224=PRESENTATION_STYLE_ASSIGNMENT((#223));
#225=STYLED_ITEM('',(#224),#222);
#226=DIRECTION('',(1.E0,0.E0,0.E0));
#227=VECTOR('',#226,2.25E-1);
#228=CARTESIAN_POINT('',(-1.7E0,0.E0,1.375E0));
#229=LINE('',#228,#227);
#230=CURVE_STYLE('',#33,POSITIVE_LENGTH_MEASURE(2.E-2),#6);
#231=PRESENTATION_STYLE_ASSIGNMENT((#230));
#232=STYLED_ITEM('',(#231),#229);
#233=DIRECTION('',(0.E0,0.E0,1.E0));
#234=VECTOR('',#233,2.5E-1);
#235=CARTESIAN_POINT('',(-1.7E0,0.E0,1.375E0));
#236=LINE('',#235,#234);
#237=CURVE_STYLE('',#33,POSITIVE_LENGTH_MEASURE(2.E-2),#6);
#238=PRESENTATION_STYLE_ASSIGNMENT((#237));
#239=STYLED_ITEM('',(#238),#236);
#240=DIRECTION('',(1.E0,0.E0,0.E0));
#241=VECTOR('',#240,2.25E-1);
#242=CARTESIAN_POINT('',(-1.7E0,0.E0,1.625E0));
#243=LINE('',#242,#241);
#244=CURVE_STYLE('',#33,POSITIVE_LENGTH_MEASURE(2.E-2),#6);
#245=PRESENTATION_STYLE_ASSIGNMENT((#244));
#246=STYLED_ITEM('',(#245),#243);
#247=CARTESIAN_POINT('',(-1.475E0,0.E0,1.75E0));
#248=DIRECTION('',(0.E0,-1.E0,0.E0));
#249=DIRECTION('',(0.E0,0.E0,-1.E0));
#250=AXIS2_PLACEMENT_3D('',#247,#248,#249);
#252=CURVE_STYLE('',#33,POSITIVE_LENGTH_MEASURE(2.E-2),#6);
#253=PRESENTATION_STYLE_ASSIGNMENT((#252));
#254=STYLED_ITEM('',(#253),#251);
#255=DIRECTION('',(1.E0,0.E0,0.E0));
#256=VECTOR('',#255,2.25E-1);
#257=CARTESIAN_POINT('',(-1.7E0,0.E0,1.875E0));
#258=LINE('',#257,#256);
#259=CURVE_STYLE('',#33,POSITIVE_LENGTH_MEASURE(2.E-2),#6);
#260=PRESENTATION_STYLE_ASSIGNMENT((#259));
#261=STYLED_ITEM('',(#260),#258);
#262=DIRECTION('',(0.E0,0.E0,1.E0));
#263=VECTOR('',#262,3.25E-1);
#264=CARTESIAN_POINT('',(-1.7E0,0.E0,1.875E0));
#265=LINE('',#264,#263);
#266=CURVE_STYLE('',#33,POSITIVE_LENGTH_MEASURE(2.E-2),#6);
#267=PRESENTATION_STYLE_ASSIGNMENT((#266));
#268=STYLED_ITEM('',(#267),#265);
#269=DIRECTION('',(1.E0,0.E0,0.E0));
#270=VECTOR('',#269,8.25E-1);
#271=CARTESIAN_POINT('',(-1.7E0,0.E0,2.2E0));
#272=LINE('',#271,#270);
#273=CURVE_STYLE('',#33,POSITIVE_LENGTH_MEASURE(2.E-2),#6);
#274=PRESENTATION_STYLE_ASSIGNMENT((#273));
#275=STYLED_ITEM('',(#274),#272);
#276=DIRECTION('',(0.E0,0.E0,-1.E0));
#277=VECTOR('',#276,2.25E-1);
#278=CARTESIAN_POINT('',(-8.75E-1,0.E0,2.2E0));
#279=LINE('',#278,#277);
#280=CURVE_STYLE('',#33,POSITIVE_LENGTH_MEASURE(2.E-2),#6);
#281=PRESENTATION_STYLE_ASSIGNMENT((#280));
#282=STYLED_ITEM('',(#281),#279);
#283=CARTESIAN_POINT('',(-7.5E-1,0.E0,1.975E0));
#284=DIRECTION('',(0.E0,-1.E0,0.E0));
#285=DIRECTION('',(-1.E0,0.E0,0.E0));
#286=AXIS2_PLACEMENT_3D('',#283,#284,#285);
#288=CURVE_STYLE('',#33,POSITIVE_LENGTH_MEASURE(2.E-2),#6);
#289=PRESENTATION_STYLE_ASSIGNMENT((#288));
#290=STYLED_ITEM('',(#289),#287);
#291=DIRECTION('',(0.E0,0.E0,-1.E0));
#292=VECTOR('',#291,2.25E-1);
#293=CARTESIAN_POINT('',(-6.25E-1,0.E0,2.2E0));
#294=LINE('',#293,#292);
#295=CURVE_STYLE('',#33,POSITIVE_LENGTH_MEASURE(2.E-2),#6);
#296=PRESENTATION_STYLE_ASSIGNMENT((#295));
#297=STYLED_ITEM('',(#296),#294);
#298=DIRECTION('',(1.E0,0.E0,0.E0));
#299=VECTOR('',#298,2.5E-1);
#300=CARTESIAN_POINT('',(-6.25E-1,0.E0,2.2E0));
#301=LINE('',#300,#299);
#302=CURVE_STYLE('',#33,POSITIVE_LENGTH_MEASURE(2.E-2),#6);
#303=PRESENTATION_STYLE_ASSIGNMENT((#302));
#304=STYLED_ITEM('',(#303),#301);
#305=DIRECTION('',(0.E0,0.E0,-1.E0));
#306=VECTOR('',#305,6.E-1);
#307=CARTESIAN_POINT('',(-3.75E-1,0.E0,2.2E0));
#308=LINE('',#307,#306);
#309=CURVE_STYLE('',#33,POSITIVE_LENGTH_MEASURE(2.E-2),#6);
#310=PRESENTATION_STYLE_ASSIGNMENT((#309));
#311=STYLED_ITEM('',(#310),#308);
#312=DIRECTION('',(-1.E0,0.E0,0.E0));
#313=VECTOR('',#312,7.25E-1);
#314=CARTESIAN_POINT('',(-3.75E-1,0.E0,1.6E0));
#315=LINE('',#314,#313);
#316=CURVE_STYLE('',#33,POSITIVE_LENGTH_MEASURE(2.E-2),#6);
#317=PRESENTATION_STYLE_ASSIGNMENT((#316));
#318=STYLED_ITEM('',(#317),#315);
#319=DIRECTION('',(0.E0,0.E0,1.E0));
#320=VECTOR('',#319,2.85E0);
#321=CARTESIAN_POINT('',(-1.1E0,0.E0,-1.25E0));
#322=LINE('',#321,#320);
#323=CURVE_STYLE('',#33,POSITIVE_LENGTH_MEASURE(2.E-2),#6);
#324=PRESENTATION_STYLE_ASSIGNMENT((#323));
#325=STYLED_ITEM('',(#324),#322);
#326=DIRECTION('',(-7.071067811865E-1,0.E0,7.071067811865E-1));
#327=VECTOR('',#326,4.949747468306E-1);
#328=CARTESIAN_POINT('',(-7.5E-1,0.E0,-1.6E0));
#329=LINE('',#328,#327);
#330=CURVE_STYLE('',#33,POSITIVE_LENGTH_MEASURE(2.E-2),#6);
#331=PRESENTATION_STYLE_ASSIGNMENT((#330));
#332=STYLED_ITEM('',(#331),#329);
#333=DIRECTION('',(-1.E0,0.E0,0.E0));
#334=VECTOR('',#333,3.75E-1);
#335=CARTESIAN_POINT('',(-3.75E-1,0.E0,-1.6E0));
#336=LINE('',#335,#334);
#337=CURVE_STYLE('',#33,POSITIVE_LENGTH_MEASURE(2.E-2),#6);
#338=PRESENTATION_STYLE_ASSIGNMENT((#337));
#339=STYLED_ITEM('',(#338),#336);
#340=DIRECTION('',(0.E0,0.E0,1.E0));
#341=VECTOR('',#340,6.E-1);
#342=CARTESIAN_POINT('',(-3.75E-1,0.E0,-2.2E0));
#343=LINE('',#342,#341);
#344=CURVE_STYLE('',#33,POSITIVE_LENGTH_MEASURE(2.E-2),#6);
#345=PRESENTATION_STYLE_ASSIGNMENT((#344));
#346=STYLED_ITEM('',(#345),#343);
#347=DIRECTION('',(-1.E0,0.E0,0.E0));
#348=VECTOR('',#347,2.5E-1);
#349=CARTESIAN_POINT('',(-3.75E-1,0.E0,-2.2E0));
#350=LINE('',#349,#348);
#351=CURVE_STYLE('',#33,POSITIVE_LENGTH_MEASURE(2.E-2),#6);
#352=PRESENTATION_STYLE_ASSIGNMENT((#351));
#353=STYLED_ITEM('',(#352),#350);
#354=DIRECTION('',(0.E0,0.E0,1.E0));
#355=VECTOR('',#354,2.25E-1);
#356=CARTESIAN_POINT('',(-6.25E-1,0.E0,-2.2E0));
#357=LINE('',#356,#355);
#358=CURVE_STYLE('',#33,POSITIVE_LENGTH_MEASURE(2.E-2),#6);
#359=PRESENTATION_STYLE_ASSIGNMENT((#358));
#360=STYLED_ITEM('',(#359),#357);
#361=CARTESIAN_POINT('',(-7.5E-1,0.E0,-1.975E0));
#362=DIRECTION('',(0.E0,1.E0,0.E0));
#363=DIRECTION('',(-1.E0,0.E0,0.E0));
#364=AXIS2_PLACEMENT_3D('',#361,#362,#363);
#366=CURVE_STYLE('',#33,POSITIVE_LENGTH_MEASURE(2.E-2),#6);
#367=PRESENTATION_STYLE_ASSIGNMENT((#366));
#368=STYLED_ITEM('',(#367),#365);
#369=DIRECTION('',(0.E0,0.E0,1.E0));
#370=VECTOR('',#369,2.25E-1);
#371=CARTESIAN_POINT('',(-8.75E-1,0.E0,-2.2E0));
#372=LINE('',#371,#370);
#373=CURVE_STYLE('',#33,POSITIVE_LENGTH_MEASURE(2.E-2),#6);
#374=PRESENTATION_STYLE_ASSIGNMENT((#373));
#375=STYLED_ITEM('',(#374),#372);
#376=DIRECTION('',(-1.E0,0.E0,0.E0));
#377=VECTOR('',#376,8.25E-1);
#378=CARTESIAN_POINT('',(-8.75E-1,0.E0,-2.2E0));
#379=LINE('',#378,#377);
#380=CURVE_STYLE('',#33,POSITIVE_LENGTH_MEASURE(2.E-2),#6);
#381=PRESENTATION_STYLE_ASSIGNMENT((#380));
#382=STYLED_ITEM('',(#381),#379);
#383=DIRECTION('',(1.E0,0.E0,0.E0));
#384=VECTOR('',#383,2.5E-1);
#385=CARTESIAN_POINT('',(-1.25E-1,0.E0,2.2E0));
#386=LINE('',#385,#384);
#387=CURVE_STYLE('',#33,POSITIVE_LENGTH_MEASURE(2.E-2),#6);
#388=PRESENTATION_STYLE_ASSIGNMENT((#387));
#389=STYLED_ITEM('',(#388),#386);
#390=DIRECTION('',(0.E0,0.E0,-1.E0));
#391=VECTOR('',#390,1.E-1);
#392=CARTESIAN_POINT('',(1.25E-1,0.E0,2.2E0));
#393=LINE('',#392,#391);
#394=CURVE_STYLE('',#33,POSITIVE_LENGTH_MEASURE(2.E-2),#6);
#395=PRESENTATION_STYLE_ASSIGNMENT((#394));
#396=STYLED_ITEM('',(#395),#393);
#397=DIRECTION('',(-1.E0,0.E0,0.E0));
#398=VECTOR('',#397,2.5E-1);
#399=CARTESIAN_POINT('',(1.25E-1,0.E0,2.1E0));
#400=LINE('',#399,#398);
#401=CURVE_STYLE('',#33,POSITIVE_LENGTH_MEASURE(2.E-2),#6);
#402=PRESENTATION_STYLE_ASSIGNMENT((#401));
#403=STYLED_ITEM('',(#402),#400);
#404=DIRECTION('',(0.E0,0.E0,-1.E0));
#405=VECTOR('',#404,1.E-1);
#406=CARTESIAN_POINT('',(-1.25E-1,0.E0,2.2E0));
#407=LINE('',#406,#405);
#408=CURVE_STYLE('',#33,POSITIVE_LENGTH_MEASURE(2.E-2),#6);
#409=PRESENTATION_STYLE_ASSIGNMENT((#408));
#410=STYLED_ITEM('',(#409),#407);
#411=DIRECTION('',(0.E0,0.E0,-1.E0));
#412=VECTOR('',#411,3.25E-1);
#413=CARTESIAN_POINT('',(1.7E0,0.E0,2.2E0));
#414=LINE('',#413,#412);
#415=CURVE_STYLE('',#33,POSITIVE_LENGTH_MEASURE(2.E-2),#6);
#416=PRESENTATION_STYLE_ASSIGNMENT((#415));
#417=STYLED_ITEM('',(#416),#414);
#418=DIRECTION('',(-1.E0,0.E0,0.E0));
#419=VECTOR('',#418,2.25E-1);
#420=CARTESIAN_POINT('',(1.7E0,0.E0,1.875E0));
#421=LINE('',#420,#419);
#422=CURVE_STYLE('',#33,POSITIVE_LENGTH_MEASURE(2.E-2),#6);
#423=PRESENTATION_STYLE_ASSIGNMENT((#422));
#424=STYLED_ITEM('',(#423),#421);
#425=CARTESIAN_POINT('',(1.475E0,0.E0,1.75E0));
#426=DIRECTION('',(0.E0,1.E0,0.E0));
#427=DIRECTION('',(0.E0,0.E0,-1.E0));
#428=AXIS2_PLACEMENT_3D('',#425,#426,#427);
#430=CURVE_STYLE('',#33,POSITIVE_LENGTH_MEASURE(2.E-2),#6);
#431=PRESENTATION_STYLE_ASSIGNMENT((#430));
#432=STYLED_ITEM('',(#431),#429);
#433=DIRECTION('',(-1.E0,0.E0,0.E0));
#434=VECTOR('',#433,2.25E-1);
#435=CARTESIAN_POINT('',(1.7E0,0.E0,1.625E0));
#436=LINE('',#435,#434);
#437=CURVE_STYLE('',#33,POSITIVE_LENGTH_MEASURE(2.E-2),#6);
#438=PRESENTATION_STYLE_ASSIGNMENT((#437));
#439=STYLED_ITEM('',(#438),#436);
#440=DIRECTION('',(0.E0,0.E0,-1.E0));
#441=VECTOR('',#440,2.5E-1);
#442=CARTESIAN_POINT('',(1.7E0,0.E0,1.625E0));
#443=LINE('',#442,#441);
#444=CURVE_STYLE('',#33,POSITIVE_LENGTH_MEASURE(2.E-2),#6);
#445=PRESENTATION_STYLE_ASSIGNMENT((#444));
#446=STYLED_ITEM('',(#445),#443);
#447=DIRECTION('',(-1.E0,0.E0,0.E0));
#448=VECTOR('',#447,2.25E-1);
#449=CARTESIAN_POINT('',(1.7E0,0.E0,1.375E0));
#450=LINE('',#449,#448);
#451=CURVE_STYLE('',#33,POSITIVE_LENGTH_MEASURE(2.E-2),#6);
#452=PRESENTATION_STYLE_ASSIGNMENT((#451));
#453=STYLED_ITEM('',(#452),#450);
#454=CARTESIAN_POINT('',(1.475E0,0.E0,1.25E0));
#455=DIRECTION('',(0.E0,1.E0,0.E0));
#456=DIRECTION('',(0.E0,0.E0,-1.E0));
#457=AXIS2_PLACEMENT_3D('',#454,#455,#456);
#459=CURVE_STYLE('',#33,POSITIVE_LENGTH_MEASURE(2.E-2),#6);
#460=PRESENTATION_STYLE_ASSIGNMENT((#459));
#461=STYLED_ITEM('',(#460),#458);
#462=DIRECTION('',(-1.E0,0.E0,0.E0));
#463=VECTOR('',#462,2.25E-1);
#464=CARTESIAN_POINT('',(1.7E0,0.E0,1.125E0));
#465=LINE('',#464,#463);
#466=CURVE_STYLE('',#33,POSITIVE_LENGTH_MEASURE(2.E-2),#6);
#467=PRESENTATION_STYLE_ASSIGNMENT((#466));
#468=STYLED_ITEM('',(#467),#465);
#469=DIRECTION('',(0.E0,0.E0,-1.E0));
#470=VECTOR('',#469,2.5E-1);
#471=CARTESIAN_POINT('',(1.7E0,0.E0,1.125E0));
#472=LINE('',#471,#470);
#473=CURVE_STYLE('',#33,POSITIVE_LENGTH_MEASURE(2.E-2),#6);
#474=PRESENTATION_STYLE_ASSIGNMENT((#473));
#475=STYLED_ITEM('',(#474),#472);
#476=DIRECTION('',(-1.E0,0.E0,0.E0));
#477=VECTOR('',#476,2.25E-1);
#478=CARTESIAN_POINT('',(1.7E0,0.E0,8.75E-1));
#479=LINE('',#478,#477);
#480=CURVE_STYLE('',#33,POSITIVE_LENGTH_MEASURE(2.E-2),#6);
#481=PRESENTATION_STYLE_ASSIGNMENT((#480));
#482=STYLED_ITEM('',(#481),#479);
#483=CARTESIAN_POINT('',(1.475E0,0.E0,7.5E-1));
#484=DIRECTION('',(0.E0,1.E0,0.E0));
#485=DIRECTION('',(0.E0,0.E0,-1.E0));
#486=AXIS2_PLACEMENT_3D('',#483,#484,#485);
#488=CURVE_STYLE('',#33,POSITIVE_LENGTH_MEASURE(2.E-2),#6);
#489=PRESENTATION_STYLE_ASSIGNMENT((#488));
#490=STYLED_ITEM('',(#489),#487);
#491=DIRECTION('',(-1.E0,0.E0,0.E0));
#492=VECTOR('',#491,2.25E-1);
#493=CARTESIAN_POINT('',(1.7E0,0.E0,6.25E-1));
#494=LINE('',#493,#492);
#495=CURVE_STYLE('',#33,POSITIVE_LENGTH_MEASURE(2.E-2),#6);
#496=PRESENTATION_STYLE_ASSIGNMENT((#495));
#497=STYLED_ITEM('',(#496),#494);
#498=DIRECTION('',(0.E0,0.E0,-1.E0));
#499=VECTOR('',#498,2.5E-1);
#500=CARTESIAN_POINT('',(1.7E0,0.E0,6.25E-1));
#501=LINE('',#500,#499);
#502=CURVE_STYLE('',#33,POSITIVE_LENGTH_MEASURE(2.E-2),#6);
#503=PRESENTATION_STYLE_ASSIGNMENT((#502));
#504=STYLED_ITEM('',(#503),#501);
#505=DIRECTION('',(-1.E0,0.E0,0.E0));
#506=VECTOR('',#505,2.25E-1);
#507=CARTESIAN_POINT('',(1.7E0,0.E0,3.75E-1));
#508=LINE('',#507,#506);
#509=CURVE_STYLE('',#33,POSITIVE_LENGTH_MEASURE(2.E-2),#6);
#510=PRESENTATION_STYLE_ASSIGNMENT((#509));
#511=STYLED_ITEM('',(#510),#508);
#512=CARTESIAN_POINT('',(1.475E0,0.E0,2.5E-1));
#513=DIRECTION('',(0.E0,1.E0,0.E0));
#514=DIRECTION('',(0.E0,0.E0,-1.E0));
#515=AXIS2_PLACEMENT_3D('',#512,#513,#514);
#517=CURVE_STYLE('',#33,POSITIVE_LENGTH_MEASURE(2.E-2),#6);
#518=PRESENTATION_STYLE_ASSIGNMENT((#517));
#519=STYLED_ITEM('',(#518),#516);
#520=DIRECTION('',(-1.E0,0.E0,0.E0));
#521=VECTOR('',#520,2.25E-1);
#522=CARTESIAN_POINT('',(1.7E0,0.E0,1.25E-1));
#523=LINE('',#522,#521);
#524=CURVE_STYLE('',#33,POSITIVE_LENGTH_MEASURE(2.E-2),#6);
#525=PRESENTATION_STYLE_ASSIGNMENT((#524));
#526=STYLED_ITEM('',(#525),#523);
#527=DIRECTION('',(0.E0,0.E0,-1.E0));
#528=VECTOR('',#527,2.5E-1);
#529=CARTESIAN_POINT('',(1.7E0,0.E0,1.25E-1));
#530=LINE('',#529,#528);
#531=CURVE_STYLE('',#33,POSITIVE_LENGTH_MEASURE(2.E-2),#6);
#532=PRESENTATION_STYLE_ASSIGNMENT((#531));
#533=STYLED_ITEM('',(#532),#530);
#534=DIRECTION('',(-1.E0,0.E0,0.E0));
#535=VECTOR('',#534,2.25E-1);
#536=CARTESIAN_POINT('',(1.7E0,0.E0,-1.25E-1));
#537=LINE('',#536,#535);
#538=CURVE_STYLE('',#33,POSITIVE_LENGTH_MEASURE(2.E-2),#6);
#539=PRESENTATION_STYLE_ASSIGNMENT((#538));
#540=STYLED_ITEM('',(#539),#537);
#541=CARTESIAN_POINT('',(1.475E0,0.E0,-2.5E-1));
#542=DIRECTION('',(0.E0,1.E0,0.E0));
#543=DIRECTION('',(0.E0,0.E0,-1.E0));
#544=AXIS2_PLACEMENT_3D('',#541,#542,#543);
#546=CURVE_STYLE('',#33,POSITIVE_LENGTH_MEASURE(2.E-2),#6);
#547=PRESENTATION_STYLE_ASSIGNMENT((#546));
#548=STYLED_ITEM('',(#547),#545);
#549=DIRECTION('',(-1.E0,0.E0,0.E0));
#550=VECTOR('',#549,2.25E-1);
#551=CARTESIAN_POINT('',(1.7E0,0.E0,-3.75E-1));
#552=LINE('',#551,#550);
#553=CURVE_STYLE('',#33,POSITIVE_LENGTH_MEASURE(2.E-2),#6);
#554=PRESENTATION_STYLE_ASSIGNMENT((#553));
#555=STYLED_ITEM('',(#554),#552);
#556=DIRECTION('',(0.E0,0.E0,-1.E0));
#557=VECTOR('',#556,2.5E-1);
#558=CARTESIAN_POINT('',(1.7E0,0.E0,-3.75E-1));
#559=LINE('',#558,#557);
#560=CURVE_STYLE('',#33,POSITIVE_LENGTH_MEASURE(2.E-2),#6);
#561=PRESENTATION_STYLE_ASSIGNMENT((#560));
#562=STYLED_ITEM('',(#561),#559);
#563=DIRECTION('',(-1.E0,0.E0,0.E0));
#564=VECTOR('',#563,2.25E-1);
#565=CARTESIAN_POINT('',(1.7E0,0.E0,-6.25E-1));
#566=LINE('',#565,#564);
#567=CURVE_STYLE('',#33,POSITIVE_LENGTH_MEASURE(2.E-2),#6);
#568=PRESENTATION_STYLE_ASSIGNMENT((#567));
#569=STYLED_ITEM('',(#568),#566);
#570=CARTESIAN_POINT('',(1.475E0,0.E0,-7.5E-1));
#571=DIRECTION('',(0.E0,1.E0,0.E0));
#572=DIRECTION('',(0.E0,0.E0,-1.E0));
#573=AXIS2_PLACEMENT_3D('',#570,#571,#572);
#575=CURVE_STYLE('',#33,POSITIVE_LENGTH_MEASURE(2.E-2),#6);
#576=PRESENTATION_STYLE_ASSIGNMENT((#575));
#577=STYLED_ITEM('',(#576),#574);
#578=DIRECTION('',(-1.E0,0.E0,0.E0));
#579=VECTOR('',#578,2.25E-1);
#580=CARTESIAN_POINT('',(1.7E0,0.E0,-8.75E-1));
#581=LINE('',#580,#579);
#582=CURVE_STYLE('',#33,POSITIVE_LENGTH_MEASURE(2.E-2),#6);
#583=PRESENTATION_STYLE_ASSIGNMENT((#582));
#584=STYLED_ITEM('',(#583),#581);
#585=DIRECTION('',(0.E0,0.E0,-1.E0));
#586=VECTOR('',#585,2.5E-1);
#587=CARTESIAN_POINT('',(1.7E0,0.E0,-8.75E-1));
#588=LINE('',#587,#586);
#589=CURVE_STYLE('',#33,POSITIVE_LENGTH_MEASURE(2.E-2),#6);
#590=PRESENTATION_STYLE_ASSIGNMENT((#589));
#591=STYLED_ITEM('',(#590),#588);
#592=DIRECTION('',(-1.E0,0.E0,0.E0));
#593=VECTOR('',#592,2.25E-1);
#594=CARTESIAN_POINT('',(1.7E0,0.E0,-1.125E0));
#595=LINE('',#594,#593);
#596=CURVE_STYLE('',#33,POSITIVE_LENGTH_MEASURE(2.E-2),#6);
#597=PRESENTATION_STYLE_ASSIGNMENT((#596));
#598=STYLED_ITEM('',(#597),#595);
#599=CARTESIAN_POINT('',(1.475E0,0.E0,-1.25E0));
#600=DIRECTION('',(0.E0,1.E0,0.E0));
#601=DIRECTION('',(0.E0,0.E0,-1.E0));
#602=AXIS2_PLACEMENT_3D('',#599,#600,#601);
#604=CURVE_STYLE('',#33,POSITIVE_LENGTH_MEASURE(2.E-2),#6);
#605=PRESENTATION_STYLE_ASSIGNMENT((#604));
#606=STYLED_ITEM('',(#605),#603);
#607=DIRECTION('',(-1.E0,0.E0,0.E0));
#608=VECTOR('',#607,2.25E-1);
#609=CARTESIAN_POINT('',(1.7E0,0.E0,-1.375E0));
#610=LINE('',#609,#608);
#611=CURVE_STYLE('',#33,POSITIVE_LENGTH_MEASURE(2.E-2),#6);
#612=PRESENTATION_STYLE_ASSIGNMENT((#611));
#613=STYLED_ITEM('',(#612),#610);
#614=DIRECTION('',(0.E0,0.E0,-1.E0));
#615=VECTOR('',#614,2.5E-1);
#616=CARTESIAN_POINT('',(1.7E0,0.E0,-1.375E0));
#617=LINE('',#616,#615);
#618=CURVE_STYLE('',#33,POSITIVE_LENGTH_MEASURE(2.E-2),#6);
#619=PRESENTATION_STYLE_ASSIGNMENT((#618));
#620=STYLED_ITEM('',(#619),#617);
#621=DIRECTION('',(-1.E0,0.E0,0.E0));
#622=VECTOR('',#621,2.25E-1);
#623=CARTESIAN_POINT('',(1.7E0,0.E0,-1.625E0));
#624=LINE('',#623,#622);
#625=CURVE_STYLE('',#33,POSITIVE_LENGTH_MEASURE(2.E-2),#6);
#626=PRESENTATION_STYLE_ASSIGNMENT((#625));
#627=STYLED_ITEM('',(#626),#624);
#628=CARTESIAN_POINT('',(1.475E0,0.E0,-1.75E0));
#629=DIRECTION('',(0.E0,1.E0,0.E0));
#630=DIRECTION('',(0.E0,0.E0,-1.E0));
#631=AXIS2_PLACEMENT_3D('',#628,#629,#630);
#633=CURVE_STYLE('',#33,POSITIVE_LENGTH_MEASURE(2.E-2),#6);
#634=PRESENTATION_STYLE_ASSIGNMENT((#633));
#635=STYLED_ITEM('',(#634),#632);
#636=DIRECTION('',(-1.E0,0.E0,0.E0));
#637=VECTOR('',#636,2.25E-1);
#638=CARTESIAN_POINT('',(1.7E0,0.E0,-1.875E0));
#639=LINE('',#638,#637);
#640=CURVE_STYLE('',#33,POSITIVE_LENGTH_MEASURE(2.E-2),#6);
#641=PRESENTATION_STYLE_ASSIGNMENT((#640));
#642=STYLED_ITEM('',(#641),#639);
#643=DIRECTION('',(0.E0,0.E0,-1.E0));
#644=VECTOR('',#643,3.25E-1);
#645=CARTESIAN_POINT('',(1.7E0,0.E0,-1.875E0));
#646=LINE('',#645,#644);
#647=CURVE_STYLE('',#33,POSITIVE_LENGTH_MEASURE(2.E-2),#6);
#648=PRESENTATION_STYLE_ASSIGNMENT((#647));
#649=STYLED_ITEM('',(#648),#646);
#650=DIRECTION('',(-1.E0,0.E0,0.E0));
#651=VECTOR('',#650,8.25E-1);
#652=CARTESIAN_POINT('',(1.7E0,0.E0,-2.2E0));
#653=LINE('',#652,#651);
#654=CURVE_STYLE('',#33,POSITIVE_LENGTH_MEASURE(2.E-2),#6);
#655=PRESENTATION_STYLE_ASSIGNMENT((#654));
#656=STYLED_ITEM('',(#655),#653);
#657=DIRECTION('',(0.E0,0.E0,1.E0));
#658=VECTOR('',#657,2.25E-1);
#659=CARTESIAN_POINT('',(8.75E-1,0.E0,-2.2E0));
#660=LINE('',#659,#658);
#661=CURVE_STYLE('',#33,POSITIVE_LENGTH_MEASURE(2.E-2),#6);
#662=PRESENTATION_STYLE_ASSIGNMENT((#661));
#663=STYLED_ITEM('',(#662),#660);
#664=CARTESIAN_POINT('',(7.5E-1,0.E0,-1.975E0));
#665=DIRECTION('',(0.E0,1.E0,0.E0));
#666=DIRECTION('',(-1.E0,0.E0,0.E0));
#667=AXIS2_PLACEMENT_3D('',#664,#665,#666);
#669=CURVE_STYLE('',#33,POSITIVE_LENGTH_MEASURE(2.E-2),#6);
#670=PRESENTATION_STYLE_ASSIGNMENT((#669));
#671=STYLED_ITEM('',(#670),#668);
#672=DIRECTION('',(0.E0,0.E0,1.E0));
#673=VECTOR('',#672,2.25E-1);
#674=CARTESIAN_POINT('',(6.25E-1,0.E0,-2.2E0));
#675=LINE('',#674,#673);
#676=CURVE_STYLE('',#33,POSITIVE_LENGTH_MEASURE(2.E-2),#6);
#677=PRESENTATION_STYLE_ASSIGNMENT((#676));
#678=STYLED_ITEM('',(#677),#675);
#679=DIRECTION('',(-1.E0,0.E0,0.E0));
#680=VECTOR('',#679,2.5E-1);
#681=CARTESIAN_POINT('',(6.25E-1,0.E0,-2.2E0));
#682=LINE('',#681,#680);
#683=CURVE_STYLE('',#33,POSITIVE_LENGTH_MEASURE(2.E-2),#6);
#684=PRESENTATION_STYLE_ASSIGNMENT((#683));
#685=STYLED_ITEM('',(#684),#682);
#686=DIRECTION('',(0.E0,0.E0,1.E0));
#687=VECTOR('',#686,6.E-1);
#688=CARTESIAN_POINT('',(3.75E-1,0.E0,-2.2E0));
#689=LINE('',#688,#687);
#690=CURVE_STYLE('',#33,POSITIVE_LENGTH_MEASURE(2.E-2),#6);
#691=PRESENTATION_STYLE_ASSIGNMENT((#690));
#692=STYLED_ITEM('',(#691),#689);
#693=DIRECTION('',(1.E0,0.E0,0.E0));
#694=VECTOR('',#693,7.25E-1);
#695=CARTESIAN_POINT('',(3.75E-1,0.E0,-1.6E0));
#696=LINE('',#695,#694);
#697=CURVE_STYLE('',#33,POSITIVE_LENGTH_MEASURE(2.E-2),#6);
#698=PRESENTATION_STYLE_ASSIGNMENT((#697));
#699=STYLED_ITEM('',(#698),#696);
#700=DIRECTION('',(0.E0,0.E0,-1.E0));
#701=VECTOR('',#700,3.2E0);
#702=CARTESIAN_POINT('',(1.1E0,0.E0,1.6E0));
#703=LINE('',#702,#701);
#704=CURVE_STYLE('',#33,POSITIVE_LENGTH_MEASURE(2.E-2),#6);
#705=PRESENTATION_STYLE_ASSIGNMENT((#704));
#706=STYLED_ITEM('',(#705),#703);
#707=DIRECTION('',(1.E0,0.E0,0.E0));
#708=VECTOR('',#707,7.25E-1);
#709=CARTESIAN_POINT('',(3.75E-1,0.E0,1.6E0));
#710=LINE('',#709,#708);
#711=CURVE_STYLE('',#33,POSITIVE_LENGTH_MEASURE(2.E-2),#6);
#712=PRESENTATION_STYLE_ASSIGNMENT((#711));
#713=STYLED_ITEM('',(#712),#710);
#714=DIRECTION('',(0.E0,0.E0,-1.E0));
#715=VECTOR('',#714,6.E-1);
#716=CARTESIAN_POINT('',(3.75E-1,0.E0,2.2E0));
#717=LINE('',#716,#715);
#718=CURVE_STYLE('',#33,POSITIVE_LENGTH_MEASURE(2.E-2),#6);
#719=PRESENTATION_STYLE_ASSIGNMENT((#718));
#720=STYLED_ITEM('',(#719),#717);
#721=DIRECTION('',(1.E0,0.E0,0.E0));
#722=VECTOR('',#721,2.5E-1);
#723=CARTESIAN_POINT('',(3.75E-1,0.E0,2.2E0));
#724=LINE('',#723,#722);
#725=CURVE_STYLE('',#33,POSITIVE_LENGTH_MEASURE(2.E-2),#6);
#726=PRESENTATION_STYLE_ASSIGNMENT((#725));
#727=STYLED_ITEM('',(#726),#724);
#728=DIRECTION('',(0.E0,0.E0,-1.E0));
#729=VECTOR('',#728,2.25E-1);
#730=CARTESIAN_POINT('',(6.25E-1,0.E0,2.2E0));
#731=LINE('',#730,#729);
#732=CURVE_STYLE('',#33,POSITIVE_LENGTH_MEASURE(2.E-2),#6);
#733=PRESENTATION_STYLE_ASSIGNMENT((#732));
#734=STYLED_ITEM('',(#733),#731);
#735=CARTESIAN_POINT('',(7.5E-1,0.E0,1.975E0));
#736=DIRECTION('',(0.E0,-1.E0,0.E0));
#737=DIRECTION('',(-1.E0,0.E0,0.E0));
#738=AXIS2_PLACEMENT_3D('',#735,#736,#737);
#740=CURVE_STYLE('',#33,POSITIVE_LENGTH_MEASURE(2.E-2),#6);
#741=PRESENTATION_STYLE_ASSIGNMENT((#740));
#742=STYLED_ITEM('',(#741),#739);
#743=DIRECTION('',(0.E0,0.E0,-1.E0));
#744=VECTOR('',#743,2.25E-1);
#745=CARTESIAN_POINT('',(8.75E-1,0.E0,2.2E0));
#746=LINE('',#745,#744);
#747=CURVE_STYLE('',#33,POSITIVE_LENGTH_MEASURE(2.E-2),#6);
#748=PRESENTATION_STYLE_ASSIGNMENT((#747));
#749=STYLED_ITEM('',(#748),#746);
#750=DIRECTION('',(1.E0,0.E0,0.E0));
#751=VECTOR('',#750,8.25E-1);
#752=CARTESIAN_POINT('',(8.75E-1,0.E0,2.2E0));
#753=LINE('',#752,#751);
#754=CURVE_STYLE('',#33,POSITIVE_LENGTH_MEASURE(2.E-2),#6);
#755=PRESENTATION_STYLE_ASSIGNMENT((#754));
#756=STYLED_ITEM('',(#755),#753);
#757=DIRECTION('',(-1.E0,0.E0,0.E0));
#758=VECTOR('',#757,2.5E-1);
#759=CARTESIAN_POINT('',(1.25E-1,0.E0,-2.2E0));
#760=LINE('',#759,#758);
#761=CURVE_STYLE('',#33,POSITIVE_LENGTH_MEASURE(2.E-2),#6);
#762=PRESENTATION_STYLE_ASSIGNMENT((#761));
#763=STYLED_ITEM('',(#762),#760);
#764=DIRECTION('',(0.E0,0.E0,1.E0));
#765=VECTOR('',#764,1.E-1);
#766=CARTESIAN_POINT('',(-1.25E-1,0.E0,-2.2E0));
#767=LINE('',#766,#765);
#768=CURVE_STYLE('',#33,POSITIVE_LENGTH_MEASURE(2.E-2),#6);
#769=PRESENTATION_STYLE_ASSIGNMENT((#768));
#770=STYLED_ITEM('',(#769),#767);
#771=DIRECTION('',(-1.E0,0.E0,0.E0));
#772=VECTOR('',#771,2.5E-1);
#773=CARTESIAN_POINT('',(1.25E-1,0.E0,-2.1E0));
#774=LINE('',#773,#772);
#775=CURVE_STYLE('',#33,POSITIVE_LENGTH_MEASURE(2.E-2),#6);
#776=PRESENTATION_STYLE_ASSIGNMENT((#775));
#777=STYLED_ITEM('',(#776),#774);
#778=DIRECTION('',(0.E0,0.E0,1.E0));
#779=VECTOR('',#778,1.E-1);
#780=CARTESIAN_POINT('',(1.25E-1,0.E0,-2.2E0));
#781=LINE('',#780,#779);
#782=CURVE_STYLE('',#33,POSITIVE_LENGTH_MEASURE(2.E-2),#6);
#783=PRESENTATION_STYLE_ASSIGNMENT((#782));
#784=STYLED_ITEM('',(#783),#781);
#785=DIRECTION('',(0.E0,1.E0,0.E0));
#786=VECTOR('',#785,7.5E-2);
#787=CARTESIAN_POINT('',(1.7E0,0.E0,-2.2E0));
#788=LINE('',#787,#786);
#789=CURVE_STYLE('',#33,POSITIVE_LENGTH_MEASURE(2.E-2),#6);
#790=PRESENTATION_STYLE_ASSIGNMENT((#789));
#791=STYLED_ITEM('',(#790),#788);
#792=DIRECTION('',(0.E0,1.E0,0.E0));
#793=VECTOR('',#792,7.5E-2);
#794=CARTESIAN_POINT('',(-1.7E0,0.E0,-2.2E0));
#795=LINE('',#794,#793);
#796=CURVE_STYLE('',#33,POSITIVE_LENGTH_MEASURE(2.E-2),#6);
#797=PRESENTATION_STYLE_ASSIGNMENT((#796));
#798=STYLED_ITEM('',(#797),#795);
#799=DIRECTION('',(0.E0,1.E0,0.E0));
#800=VECTOR('',#799,7.5E-2);
#801=CARTESIAN_POINT('',(1.7E0,0.E0,2.2E0));
#802=LINE('',#801,#800);
#803=CURVE_STYLE('',#33,POSITIVE_LENGTH_MEASURE(2.E-2),#6);
#804=PRESENTATION_STYLE_ASSIGNMENT((#803));
#805=STYLED_ITEM('',(#804),#802);
#806=DIRECTION('',(0.E0,1.E0,0.E0));
#807=VECTOR('',#806,7.5E-2);
#808=CARTESIAN_POINT('',(-1.7E0,0.E0,2.2E0));
#809=LINE('',#808,#807);
#810=CURVE_STYLE('',#33,POSITIVE_LENGTH_MEASURE(2.E-2),#6);
#811=PRESENTATION_STYLE_ASSIGNMENT((#810));
#812=STYLED_ITEM('',(#811),#809);
#813=DIRECTION('',(0.E0,0.E0,1.E0));
#814=VECTOR('',#813,3.25E-1);
#815=CARTESIAN_POINT('',(-1.7E0,7.5E-2,-2.2E0));
#816=LINE('',#815,#814);
#817=CURVE_STYLE('',#33,POSITIVE_LENGTH_MEASURE(2.E-2),#6);
#818=PRESENTATION_STYLE_ASSIGNMENT((#817));
#819=STYLED_ITEM('',(#818),#816);
#820=DIRECTION('',(-1.E0,0.E0,0.E0));
#821=VECTOR('',#820,8.25E-1);
#822=CARTESIAN_POINT('',(-8.75E-1,7.5E-2,-2.2E0));
#823=LINE('',#822,#821);
#824=CURVE_STYLE('',#33,POSITIVE_LENGTH_MEASURE(2.E-2),#6);
#825=PRESENTATION_STYLE_ASSIGNMENT((#824));
#826=STYLED_ITEM('',(#825),#823);
#827=DIRECTION('',(0.E0,0.E0,1.E0));
#828=VECTOR('',#827,2.5E-1);
#829=CARTESIAN_POINT('',(-1.7E0,7.5E-2,-1.625E0));
#830=LINE('',#829,#828);
#831=CURVE_STYLE('',#33,POSITIVE_LENGTH_MEASURE(2.E-2),#6);
#832=PRESENTATION_STYLE_ASSIGNMENT((#831));
#833=STYLED_ITEM('',(#832),#830);
#834=DIRECTION('',(0.E0,0.E0,1.E0));
#835=VECTOR('',#834,2.5E-1);
#836=CARTESIAN_POINT('',(-1.7E0,7.5E-2,-1.125E0));
#837=LINE('',#836,#835);
#838=CURVE_STYLE('',#33,POSITIVE_LENGTH_MEASURE(2.E-2),#6);
#839=PRESENTATION_STYLE_ASSIGNMENT((#838));
#840=STYLED_ITEM('',(#839),#837);
#841=DIRECTION('',(0.E0,0.E0,1.E0));
#842=VECTOR('',#841,2.5E-1);
#843=CARTESIAN_POINT('',(-1.7E0,7.5E-2,-6.25E-1));
#844=LINE('',#843,#842);
#845=CURVE_STYLE('',#33,POSITIVE_LENGTH_MEASURE(2.E-2),#6);
#846=PRESENTATION_STYLE_ASSIGNMENT((#845));
#847=STYLED_ITEM('',(#846),#844);
#848=DIRECTION('',(0.E0,0.E0,1.E0));
#849=VECTOR('',#848,2.5E-1);
#850=CARTESIAN_POINT('',(-1.7E0,7.5E-2,-1.25E-1));
#851=LINE('',#850,#849);
#852=CURVE_STYLE('',#33,POSITIVE_LENGTH_MEASURE(2.E-2),#6);
#853=PRESENTATION_STYLE_ASSIGNMENT((#852));
#854=STYLED_ITEM('',(#853),#851);
#855=DIRECTION('',(0.E0,0.E0,1.E0));
#856=VECTOR('',#855,2.5E-1);
#857=CARTESIAN_POINT('',(-1.7E0,7.5E-2,3.75E-1));
#858=LINE('',#857,#856);
#859=CURVE_STYLE('',#33,POSITIVE_LENGTH_MEASURE(2.E-2),#6);
#860=PRESENTATION_STYLE_ASSIGNMENT((#859));
#861=STYLED_ITEM('',(#860),#858);
#862=DIRECTION('',(0.E0,0.E0,1.E0));
#863=VECTOR('',#862,2.5E-1);
#864=CARTESIAN_POINT('',(-1.7E0,7.5E-2,8.75E-1));
#865=LINE('',#864,#863);
#866=CURVE_STYLE('',#33,POSITIVE_LENGTH_MEASURE(2.E-2),#6);
#867=PRESENTATION_STYLE_ASSIGNMENT((#866));
#868=STYLED_ITEM('',(#867),#865);
#869=DIRECTION('',(0.E0,0.E0,1.E0));
#870=VECTOR('',#869,2.5E-1);
#871=CARTESIAN_POINT('',(-1.7E0,7.5E-2,1.375E0));
#872=LINE('',#871,#870);
#873=CURVE_STYLE('',#33,POSITIVE_LENGTH_MEASURE(2.E-2),#6);
#874=PRESENTATION_STYLE_ASSIGNMENT((#873));
#875=STYLED_ITEM('',(#874),#872);
#876=DIRECTION('',(1.E0,0.E0,0.E0));
#877=VECTOR('',#876,8.25E-1);
#878=CARTESIAN_POINT('',(-1.7E0,7.5E-2,2.2E0));
#879=LINE('',#878,#877);
#880=CURVE_STYLE('',#33,POSITIVE_LENGTH_MEASURE(2.E-2),#6);
#881=PRESENTATION_STYLE_ASSIGNMENT((#880));
#882=STYLED_ITEM('',(#881),#879);
#883=DIRECTION('',(0.E0,0.E0,1.E0));
#884=VECTOR('',#883,3.25E-1);
#885=CARTESIAN_POINT('',(-1.7E0,7.5E-2,1.875E0));
#886=LINE('',#885,#884);
#887=CURVE_STYLE('',#33,POSITIVE_LENGTH_MEASURE(2.E-2),#6);
#888=PRESENTATION_STYLE_ASSIGNMENT((#887));
#889=STYLED_ITEM('',(#888),#886);
#890=DIRECTION('',(1.E0,0.E0,0.E0));
#891=VECTOR('',#890,2.5E-1);
#892=CARTESIAN_POINT('',(-6.25E-1,7.5E-2,2.2E0));
#893=LINE('',#892,#891);
#894=CURVE_STYLE('',#33,POSITIVE_LENGTH_MEASURE(2.E-2),#6);
#895=PRESENTATION_STYLE_ASSIGNMENT((#894));
#896=STYLED_ITEM('',(#895),#893);
#897=DIRECTION('',(1.E0,0.E0,0.E0));
#898=VECTOR('',#897,2.5E-1);
#899=CARTESIAN_POINT('',(-1.25E-1,7.5E-2,2.2E0));
#900=LINE('',#899,#898);
#901=CURVE_STYLE('',#33,POSITIVE_LENGTH_MEASURE(2.E-2),#6);
#902=PRESENTATION_STYLE_ASSIGNMENT((#901));
#903=STYLED_ITEM('',(#902),#900);
#904=DIRECTION('',(0.E0,0.E0,-1.E0));
#905=VECTOR('',#904,3.25E-1);
#906=CARTESIAN_POINT('',(1.7E0,7.5E-2,2.2E0));
#907=LINE('',#906,#905);
#908=CURVE_STYLE('',#33,POSITIVE_LENGTH_MEASURE(2.E-2),#6);
#909=PRESENTATION_STYLE_ASSIGNMENT((#908));
#910=STYLED_ITEM('',(#909),#907);
#911=DIRECTION('',(1.E0,0.E0,0.E0));
#912=VECTOR('',#911,8.25E-1);
#913=CARTESIAN_POINT('',(8.75E-1,7.5E-2,2.2E0));
#914=LINE('',#913,#912);
#915=CURVE_STYLE('',#33,POSITIVE_LENGTH_MEASURE(2.E-2),#6);
#916=PRESENTATION_STYLE_ASSIGNMENT((#915));
#917=STYLED_ITEM('',(#916),#914);
#918=DIRECTION('',(0.E0,0.E0,-1.E0));
#919=VECTOR('',#918,2.5E-1);
#920=CARTESIAN_POINT('',(1.7E0,7.5E-2,1.625E0));
#921=LINE('',#920,#919);
#922=CURVE_STYLE('',#33,POSITIVE_LENGTH_MEASURE(2.E-2),#6);
#923=PRESENTATION_STYLE_ASSIGNMENT((#922));
#924=STYLED_ITEM('',(#923),#921);
#925=DIRECTION('',(0.E0,0.E0,-1.E0));
#926=VECTOR('',#925,2.5E-1);
#927=CARTESIAN_POINT('',(1.7E0,7.5E-2,1.125E0));
#928=LINE('',#927,#926);
#929=CURVE_STYLE('',#33,POSITIVE_LENGTH_MEASURE(2.E-2),#6);
#930=PRESENTATION_STYLE_ASSIGNMENT((#929));
#931=STYLED_ITEM('',(#930),#928);
#932=DIRECTION('',(0.E0,0.E0,-1.E0));
#933=VECTOR('',#932,2.5E-1);
#934=CARTESIAN_POINT('',(1.7E0,7.5E-2,6.25E-1));
#935=LINE('',#934,#933);
#936=CURVE_STYLE('',#33,POSITIVE_LENGTH_MEASURE(2.E-2),#6);
#937=PRESENTATION_STYLE_ASSIGNMENT((#936));
#938=STYLED_ITEM('',(#937),#935);
#939=DIRECTION('',(0.E0,0.E0,-1.E0));
#940=VECTOR('',#939,2.5E-1);
#941=CARTESIAN_POINT('',(1.7E0,7.5E-2,1.25E-1));
#942=LINE('',#941,#940);
#943=CURVE_STYLE('',#33,POSITIVE_LENGTH_MEASURE(2.E-2),#6);
#944=PRESENTATION_STYLE_ASSIGNMENT((#943));
#945=STYLED_ITEM('',(#944),#942);
#946=DIRECTION('',(0.E0,0.E0,-1.E0));
#947=VECTOR('',#946,2.5E-1);
#948=CARTESIAN_POINT('',(1.7E0,7.5E-2,-3.75E-1));
#949=LINE('',#948,#947);
#950=CURVE_STYLE('',#33,POSITIVE_LENGTH_MEASURE(2.E-2),#6);
#951=PRESENTATION_STYLE_ASSIGNMENT((#950));
#952=STYLED_ITEM('',(#951),#949);
#953=DIRECTION('',(0.E0,0.E0,-1.E0));
#954=VECTOR('',#953,2.5E-1);
#955=CARTESIAN_POINT('',(1.7E0,7.5E-2,-8.75E-1));
#956=LINE('',#955,#954);
#957=CURVE_STYLE('',#33,POSITIVE_LENGTH_MEASURE(2.E-2),#6);
#958=PRESENTATION_STYLE_ASSIGNMENT((#957));
#959=STYLED_ITEM('',(#958),#956);
#960=DIRECTION('',(0.E0,0.E0,-1.E0));
#961=VECTOR('',#960,2.5E-1);
#962=CARTESIAN_POINT('',(1.7E0,7.5E-2,-1.375E0));
#963=LINE('',#962,#961);
#964=CURVE_STYLE('',#33,POSITIVE_LENGTH_MEASURE(2.E-2),#6);
#965=PRESENTATION_STYLE_ASSIGNMENT((#964));
#966=STYLED_ITEM('',(#965),#963);
#967=DIRECTION('',(-1.E0,0.E0,0.E0));
#968=VECTOR('',#967,8.25E-1);
#969=CARTESIAN_POINT('',(1.7E0,7.5E-2,-2.2E0));
#970=LINE('',#969,#968);
#971=CURVE_STYLE('',#33,POSITIVE_LENGTH_MEASURE(2.E-2),#6);
#972=PRESENTATION_STYLE_ASSIGNMENT((#971));
#973=STYLED_ITEM('',(#972),#970);
#974=DIRECTION('',(0.E0,0.E0,-1.E0));
#975=VECTOR('',#974,3.25E-1);
#976=CARTESIAN_POINT('',(1.7E0,7.5E-2,-1.875E0));
#977=LINE('',#976,#975);
#978=CURVE_STYLE('',#33,POSITIVE_LENGTH_MEASURE(2.E-2),#6);
#979=PRESENTATION_STYLE_ASSIGNMENT((#978));
#980=STYLED_ITEM('',(#979),#977);
#981=DIRECTION('',(-1.E0,0.E0,0.E0));
#982=VECTOR('',#981,2.5E-1);
#983=CARTESIAN_POINT('',(6.25E-1,7.5E-2,-2.2E0));
#984=LINE('',#983,#982);
#985=CURVE_STYLE('',#33,POSITIVE_LENGTH_MEASURE(2.E-2),#6);
#986=PRESENTATION_STYLE_ASSIGNMENT((#985));
#987=STYLED_ITEM('',(#986),#984);
#988=DIRECTION('',(-1.E0,0.E0,0.E0));
#989=VECTOR('',#988,2.5E-1);
#990=CARTESIAN_POINT('',(1.25E-1,7.5E-2,-2.2E0));
#991=LINE('',#990,#989);
#992=CURVE_STYLE('',#33,POSITIVE_LENGTH_MEASURE(2.E-2),#6);
#993=PRESENTATION_STYLE_ASSIGNMENT((#992));
#994=STYLED_ITEM('',(#993),#991);
#995=DIRECTION('',(-1.E0,0.E0,0.E0));
#996=VECTOR('',#995,2.5E-1);
#997=CARTESIAN_POINT('',(-3.75E-1,7.5E-2,-2.2E0));
#998=LINE('',#997,#996);
#999=CURVE_STYLE('',#33,POSITIVE_LENGTH_MEASURE(2.E-2),#6);
#1000=PRESENTATION_STYLE_ASSIGNMENT((#999));
#1001=STYLED_ITEM('',(#1000),#998);
#1002=DIRECTION('',(1.E0,0.E0,0.E0));
#1003=VECTOR('',#1002,2.5E-1);
#1004=CARTESIAN_POINT('',(3.75E-1,7.5E-2,2.2E0));
#1005=LINE('',#1004,#1003);
#1006=CURVE_STYLE('',#33,POSITIVE_LENGTH_MEASURE(2.E-2),#6);
#1007=PRESENTATION_STYLE_ASSIGNMENT((#1006));
#1008=STYLED_ITEM('',(#1007),#1005);
#1009=DIRECTION('',(0.E0,1.E0,0.E0));
#1010=VECTOR('',#1009,7.5E-2);
#1011=CARTESIAN_POINT('',(-1.7E0,0.E0,-1.875E0));
#1012=LINE('',#1011,#1010);
#1013=CURVE_STYLE('',#33,POSITIVE_LENGTH_MEASURE(2.E-2),#6);
#1014=PRESENTATION_STYLE_ASSIGNMENT((#1013));
#1015=STYLED_ITEM('',(#1014),#1012);
#1016=DIRECTION('',(1.E0,0.E0,0.E0));
#1017=VECTOR('',#1016,5.E-2);
#1018=CARTESIAN_POINT('',(-1.75E0,7.5E-2,-1.875E0));
#1019=LINE('',#1018,#1017);
#1020=CURVE_STYLE('',#33,POSITIVE_LENGTH_MEASURE(2.E-2),#6);
#1021=PRESENTATION_STYLE_ASSIGNMENT((#1020));
#1022=STYLED_ITEM('',(#1021),#1019);
#1023=DIRECTION('',(0.E0,1.E0,0.E0));
#1024=VECTOR('',#1023,1.E-1);
#1025=CARTESIAN_POINT('',(-1.75E0,7.5E-2,-1.875E0));
#1026=LINE('',#1025,#1024);
#1027=CURVE_STYLE('',#33,POSITIVE_LENGTH_MEASURE(2.E-2),#6);
#1028=PRESENTATION_STYLE_ASSIGNMENT((#1027));
#1029=STYLED_ITEM('',(#1028),#1026);
#1030=DIRECTION('',(0.E0,0.E0,1.E0));
#1031=VECTOR('',#1030,3.75E-1);
#1032=CARTESIAN_POINT('',(-1.75E0,7.5E-2,-2.25E0));
#1033=LINE('',#1032,#1031);
#1034=CURVE_STYLE('',#33,POSITIVE_LENGTH_MEASURE(2.E-2),#6);
#1035=PRESENTATION_STYLE_ASSIGNMENT((#1034));
#1036=STYLED_ITEM('',(#1035),#1033);
#1037=DIRECTION('',(0.E0,1.E0,0.E0));
#1038=VECTOR('',#1037,9.E-1);
#1039=CARTESIAN_POINT('',(-1.75E0,7.5E-2,-2.25E0));
#1040=LINE('',#1039,#1038);
#1041=CURVE_STYLE('',#33,POSITIVE_LENGTH_MEASURE(2.E-2),#6);
#1042=PRESENTATION_STYLE_ASSIGNMENT((#1041));
#1043=STYLED_ITEM('',(#1042),#1040);
#1044=DIRECTION('',(0.E0,0.E0,1.E0));
#1045=VECTOR('',#1044,3.75E-1);
#1046=CARTESIAN_POINT('',(-1.75E0,7.5E-2,1.875E0));
#1047=LINE('',#1046,#1045);
#1048=CURVE_STYLE('',#33,POSITIVE_LENGTH_MEASURE(2.E-2),#6);
#1049=PRESENTATION_STYLE_ASSIGNMENT((#1048));
#1050=STYLED_ITEM('',(#1049),#1047);
#1051=DIRECTION('',(0.E0,0.E0,-1.E0));
#1052=VECTOR('',#1051,2.5E-1);
#1053=CARTESIAN_POINT('',(-1.75E0,1.75E-1,1.875E0));
#1054=LINE('',#1053,#1052);
#1055=CURVE_STYLE('',#33,POSITIVE_LENGTH_MEASURE(2.E-2),#6);
#1056=PRESENTATION_STYLE_ASSIGNMENT((#1055));
#1057=STYLED_ITEM('',(#1056),#1054);
#1058=DIRECTION('',(0.E0,0.E0,1.E0));
#1059=VECTOR('',#1058,2.5E-1);
#1060=CARTESIAN_POINT('',(-1.75E0,7.5E-2,1.375E0));
#1061=LINE('',#1060,#1059);
#1062=CURVE_STYLE('',#33,POSITIVE_LENGTH_MEASURE(2.E-2),#6);
#1063=PRESENTATION_STYLE_ASSIGNMENT((#1062));
#1064=STYLED_ITEM('',(#1063),#1061);
#1065=DIRECTION('',(0.E0,0.E0,-1.E0));
#1066=VECTOR('',#1065,2.5E-1);
#1067=CARTESIAN_POINT('',(-1.75E0,1.75E-1,1.375E0));
#1068=LINE('',#1067,#1066);
#1069=CURVE_STYLE('',#33,POSITIVE_LENGTH_MEASURE(2.E-2),#6);
#1070=PRESENTATION_STYLE_ASSIGNMENT((#1069));
#1071=STYLED_ITEM('',(#1070),#1068);
#1072=DIRECTION('',(0.E0,0.E0,1.E0));
#1073=VECTOR('',#1072,2.5E-1);
#1074=CARTESIAN_POINT('',(-1.75E0,7.5E-2,8.75E-1));
#1075=LINE('',#1074,#1073);
#1076=CURVE_STYLE('',#33,POSITIVE_LENGTH_MEASURE(2.E-2),#6);
#1077=PRESENTATION_STYLE_ASSIGNMENT((#1076));
#1078=STYLED_ITEM('',(#1077),#1075);
#1079=DIRECTION('',(0.E0,0.E0,-1.E0));
#1080=VECTOR('',#1079,2.5E-1);
#1081=CARTESIAN_POINT('',(-1.75E0,1.75E-1,8.75E-1));
#1082=LINE('',#1081,#1080);
#1083=CURVE_STYLE('',#33,POSITIVE_LENGTH_MEASURE(2.E-2),#6);
#1084=PRESENTATION_STYLE_ASSIGNMENT((#1083));
#1085=STYLED_ITEM('',(#1084),#1082);
#1086=DIRECTION('',(0.E0,0.E0,1.E0));
#1087=VECTOR('',#1086,2.5E-1);
#1088=CARTESIAN_POINT('',(-1.75E0,7.5E-2,3.75E-1));
#1089=LINE('',#1088,#1087);
#1090=CURVE_STYLE('',#33,POSITIVE_LENGTH_MEASURE(2.E-2),#6);
#1091=PRESENTATION_STYLE_ASSIGNMENT((#1090));
#1092=STYLED_ITEM('',(#1091),#1089);
#1093=DIRECTION('',(0.E0,0.E0,-1.E0));
#1094=VECTOR('',#1093,2.5E-1);
#1095=CARTESIAN_POINT('',(-1.75E0,1.75E-1,3.75E-1));
#1096=LINE('',#1095,#1094);
#1097=CURVE_STYLE('',#33,POSITIVE_LENGTH_MEASURE(2.E-2),#6);
#1098=PRESENTATION_STYLE_ASSIGNMENT((#1097));
#1099=STYLED_ITEM('',(#1098),#1096);
#1100=DIRECTION('',(0.E0,0.E0,1.E0));
#1101=VECTOR('',#1100,2.5E-1);
#1102=CARTESIAN_POINT('',(-1.75E0,7.5E-2,-1.25E-1));
#1103=LINE('',#1102,#1101);
#1104=CURVE_STYLE('',#33,POSITIVE_LENGTH_MEASURE(2.E-2),#6);
#1105=PRESENTATION_STYLE_ASSIGNMENT((#1104));
#1106=STYLED_ITEM('',(#1105),#1103);
#1107=DIRECTION('',(0.E0,0.E0,-1.E0));
#1108=VECTOR('',#1107,2.5E-1);
#1109=CARTESIAN_POINT('',(-1.75E0,1.75E-1,-1.25E-1));
#1110=LINE('',#1109,#1108);
#1111=CURVE_STYLE('',#33,POSITIVE_LENGTH_MEASURE(2.E-2),#6);
#1112=PRESENTATION_STYLE_ASSIGNMENT((#1111));
#1113=STYLED_ITEM('',(#1112),#1110);
#1114=DIRECTION('',(0.E0,0.E0,1.E0));
#1115=VECTOR('',#1114,2.5E-1);
#1116=CARTESIAN_POINT('',(-1.75E0,7.5E-2,-6.25E-1));
#1117=LINE('',#1116,#1115);
#1118=CURVE_STYLE('',#33,POSITIVE_LENGTH_MEASURE(2.E-2),#6);
#1119=PRESENTATION_STYLE_ASSIGNMENT((#1118));
#1120=STYLED_ITEM('',(#1119),#1117);
#1121=DIRECTION('',(0.E0,0.E0,-1.E0));
#1122=VECTOR('',#1121,2.5E-1);
#1123=CARTESIAN_POINT('',(-1.75E0,1.75E-1,-6.25E-1));
#1124=LINE('',#1123,#1122);
#1125=CURVE_STYLE('',#33,POSITIVE_LENGTH_MEASURE(2.E-2),#6);
#1126=PRESENTATION_STYLE_ASSIGNMENT((#1125));
#1127=STYLED_ITEM('',(#1126),#1124);
#1128=DIRECTION('',(0.E0,0.E0,1.E0));
#1129=VECTOR('',#1128,2.5E-1);
#1130=CARTESIAN_POINT('',(-1.75E0,7.5E-2,-1.125E0));
#1131=LINE('',#1130,#1129);
#1132=CURVE_STYLE('',#33,POSITIVE_LENGTH_MEASURE(2.E-2),#6);
#1133=PRESENTATION_STYLE_ASSIGNMENT((#1132));
#1134=STYLED_ITEM('',(#1133),#1131);
#1135=DIRECTION('',(0.E0,0.E0,-1.E0));
#1136=VECTOR('',#1135,2.5E-1);
#1137=CARTESIAN_POINT('',(-1.75E0,1.75E-1,-1.125E0));
#1138=LINE('',#1137,#1136);
#1139=CURVE_STYLE('',#33,POSITIVE_LENGTH_MEASURE(2.E-2),#6);
#1140=PRESENTATION_STYLE_ASSIGNMENT((#1139));
#1141=STYLED_ITEM('',(#1140),#1138);
#1142=DIRECTION('',(0.E0,0.E0,1.E0));
#1143=VECTOR('',#1142,2.5E-1);
#1144=CARTESIAN_POINT('',(-1.75E0,7.5E-2,-1.625E0));
#1145=LINE('',#1144,#1143);
#1146=CURVE_STYLE('',#33,POSITIVE_LENGTH_MEASURE(2.E-2),#6);
#1147=PRESENTATION_STYLE_ASSIGNMENT((#1146));
#1148=STYLED_ITEM('',(#1147),#1145);
#1149=DIRECTION('',(0.E0,0.E0,-1.E0));
#1150=VECTOR('',#1149,2.5E-1);
#1151=CARTESIAN_POINT('',(-1.75E0,1.75E-1,-1.625E0));
#1152=LINE('',#1151,#1150);
#1153=CURVE_STYLE('',#33,POSITIVE_LENGTH_MEASURE(2.E-2),#6);
#1154=PRESENTATION_STYLE_ASSIGNMENT((#1153));
#1155=STYLED_ITEM('',(#1154),#1152);
#1156=DIRECTION('',(-1.E0,0.E0,0.E0));
#1157=VECTOR('',#1156,8.75E-1);
#1158=CARTESIAN_POINT('',(1.75E0,7.5E-2,-2.25E0));
#1159=LINE('',#1158,#1157);
#1160=CURVE_STYLE('',#33,POSITIVE_LENGTH_MEASURE(2.E-2),#6);
#1161=PRESENTATION_STYLE_ASSIGNMENT((#1160));
#1162=STYLED_ITEM('',(#1161),#1159);
#1163=DIRECTION('',(0.E0,1.E0,0.E0));
#1164=VECTOR('',#1163,9.E-1);
#1165=CARTESIAN_POINT('',(1.75E0,7.5E-2,-2.25E0));
#1166=LINE('',#1165,#1164);
#1167=CURVE_STYLE('',#33,POSITIVE_LENGTH_MEASURE(2.E-2),#6);
#1168=PRESENTATION_STYLE_ASSIGNMENT((#1167));
#1169=STYLED_ITEM('',(#1168),#1166);
#1170=DIRECTION('',(-1.E0,0.E0,0.E0));
#1171=VECTOR('',#1170,8.75E-1);
#1172=CARTESIAN_POINT('',(-8.75E-1,7.5E-2,-2.25E0));
#1173=LINE('',#1172,#1171);
#1174=CURVE_STYLE('',#33,POSITIVE_LENGTH_MEASURE(2.E-2),#6);
#1175=PRESENTATION_STYLE_ASSIGNMENT((#1174));
#1176=STYLED_ITEM('',(#1175),#1173);
#1177=DIRECTION('',(1.E0,0.E0,0.E0));
#1178=VECTOR('',#1177,2.5E-1);
#1179=CARTESIAN_POINT('',(-8.75E-1,1.75E-1,-2.25E0));
#1180=LINE('',#1179,#1178);
#1181=CURVE_STYLE('',#33,POSITIVE_LENGTH_MEASURE(2.E-2),#6);
#1182=PRESENTATION_STYLE_ASSIGNMENT((#1181));
#1183=STYLED_ITEM('',(#1182),#1180);
#1184=DIRECTION('',(-1.E0,0.E0,0.E0));
#1185=VECTOR('',#1184,2.5E-1);
#1186=CARTESIAN_POINT('',(-3.75E-1,7.5E-2,-2.25E0));
#1187=LINE('',#1186,#1185);
#1188=CURVE_STYLE('',#33,POSITIVE_LENGTH_MEASURE(2.E-2),#6);
#1189=PRESENTATION_STYLE_ASSIGNMENT((#1188));
#1190=STYLED_ITEM('',(#1189),#1187);
#1191=DIRECTION('',(-1.E0,0.E0,0.E0));
#1192=VECTOR('',#1191,2.5E-1);
#1193=CARTESIAN_POINT('',(-1.25E-1,1.75E-1,-2.25E0));
#1194=LINE('',#1193,#1192);
#1195=CURVE_STYLE('',#33,POSITIVE_LENGTH_MEASURE(2.E-2),#6);
#1196=PRESENTATION_STYLE_ASSIGNMENT((#1195));
#1197=STYLED_ITEM('',(#1196),#1194);
#1198=DIRECTION('',(-1.E0,0.E0,0.E0));
#1199=VECTOR('',#1198,2.5E-1);
#1200=CARTESIAN_POINT('',(1.25E-1,7.5E-2,-2.25E0));
#1201=LINE('',#1200,#1199);
#1202=CURVE_STYLE('',#33,POSITIVE_LENGTH_MEASURE(2.E-2),#6);
#1203=PRESENTATION_STYLE_ASSIGNMENT((#1202));
#1204=STYLED_ITEM('',(#1203),#1201);
#1205=DIRECTION('',(-1.E0,0.E0,0.E0));
#1206=VECTOR('',#1205,2.5E-1);
#1207=CARTESIAN_POINT('',(3.75E-1,1.75E-1,-2.25E0));
#1208=LINE('',#1207,#1206);
#1209=CURVE_STYLE('',#33,POSITIVE_LENGTH_MEASURE(2.E-2),#6);
#1210=PRESENTATION_STYLE_ASSIGNMENT((#1209));
#1211=STYLED_ITEM('',(#1210),#1208);
#1212=DIRECTION('',(-1.E0,0.E0,0.E0));
#1213=VECTOR('',#1212,2.5E-1);
#1214=CARTESIAN_POINT('',(6.25E-1,7.5E-2,-2.25E0));
#1215=LINE('',#1214,#1213);
#1216=CURVE_STYLE('',#33,POSITIVE_LENGTH_MEASURE(2.E-2),#6);
#1217=PRESENTATION_STYLE_ASSIGNMENT((#1216));
#1218=STYLED_ITEM('',(#1217),#1215);
#1219=DIRECTION('',(1.E0,0.E0,0.E0));
#1220=VECTOR('',#1219,2.5E-1);
#1221=CARTESIAN_POINT('',(6.25E-1,1.75E-1,-2.25E0));
#1222=LINE('',#1221,#1220);
#1223=CURVE_STYLE('',#33,POSITIVE_LENGTH_MEASURE(2.E-2),#6);
#1224=PRESENTATION_STYLE_ASSIGNMENT((#1223));
#1225=STYLED_ITEM('',(#1224),#1222);
#1226=DIRECTION('',(0.E0,0.E0,-1.E0));
#1227=VECTOR('',#1226,3.75E-1);
#1228=CARTESIAN_POINT('',(1.75E0,7.5E-2,2.25E0));
#1229=LINE('',#1228,#1227);
#1230=CURVE_STYLE('',#33,POSITIVE_LENGTH_MEASURE(2.E-2),#6);
#1231=PRESENTATION_STYLE_ASSIGNMENT((#1230));
#1232=STYLED_ITEM('',(#1231),#1229);
#1233=DIRECTION('',(0.E0,1.E0,0.E0));
#1234=VECTOR('',#1233,9.E-1);
#1235=CARTESIAN_POINT('',(1.75E0,7.5E-2,2.25E0));
#1236=LINE('',#1235,#1234);
#1237=CURVE_STYLE('',#33,POSITIVE_LENGTH_MEASURE(2.E-2),#6);
#1238=PRESENTATION_STYLE_ASSIGNMENT((#1237));
#1239=STYLED_ITEM('',(#1238),#1236);
#1240=DIRECTION('',(0.E0,0.E0,-1.E0));
#1241=VECTOR('',#1240,3.75E-1);
#1242=CARTESIAN_POINT('',(1.75E0,7.5E-2,-1.875E0));
#1243=LINE('',#1242,#1241);
#1244=CURVE_STYLE('',#33,POSITIVE_LENGTH_MEASURE(2.E-2),#6);
#1245=PRESENTATION_STYLE_ASSIGNMENT((#1244));
#1246=STYLED_ITEM('',(#1245),#1243);
#1247=DIRECTION('',(0.E0,0.E0,-1.E0));
#1248=VECTOR('',#1247,2.5E-1);
#1249=CARTESIAN_POINT('',(1.75E0,1.75E-1,-1.625E0));
#1250=LINE('',#1249,#1248);
#1251=CURVE_STYLE('',#33,POSITIVE_LENGTH_MEASURE(2.E-2),#6);
#1252=PRESENTATION_STYLE_ASSIGNMENT((#1251));
#1253=STYLED_ITEM('',(#1252),#1250);
#1254=DIRECTION('',(0.E0,0.E0,-1.E0));
#1255=VECTOR('',#1254,2.5E-1);
#1256=CARTESIAN_POINT('',(1.75E0,7.5E-2,-1.375E0));
#1257=LINE('',#1256,#1255);
#1258=CURVE_STYLE('',#33,POSITIVE_LENGTH_MEASURE(2.E-2),#6);
#1259=PRESENTATION_STYLE_ASSIGNMENT((#1258));
#1260=STYLED_ITEM('',(#1259),#1257);
#1261=DIRECTION('',(0.E0,0.E0,-1.E0));
#1262=VECTOR('',#1261,2.5E-1);
#1263=CARTESIAN_POINT('',(1.75E0,1.75E-1,-1.125E0));
#1264=LINE('',#1263,#1262);
#1265=CURVE_STYLE('',#33,POSITIVE_LENGTH_MEASURE(2.E-2),#6);
#1266=PRESENTATION_STYLE_ASSIGNMENT((#1265));
#1267=STYLED_ITEM('',(#1266),#1264);
#1268=DIRECTION('',(0.E0,0.E0,-1.E0));
#1269=VECTOR('',#1268,2.5E-1);
#1270=CARTESIAN_POINT('',(1.75E0,7.5E-2,-8.75E-1));
#1271=LINE('',#1270,#1269);
#1272=CURVE_STYLE('',#33,POSITIVE_LENGTH_MEASURE(2.E-2),#6);
#1273=PRESENTATION_STYLE_ASSIGNMENT((#1272));
#1274=STYLED_ITEM('',(#1273),#1271);
#1275=DIRECTION('',(0.E0,0.E0,-1.E0));
#1276=VECTOR('',#1275,2.5E-1);
#1277=CARTESIAN_POINT('',(1.75E0,1.75E-1,-6.25E-1));
#1278=LINE('',#1277,#1276);
#1279=CURVE_STYLE('',#33,POSITIVE_LENGTH_MEASURE(2.E-2),#6);
#1280=PRESENTATION_STYLE_ASSIGNMENT((#1279));
#1281=STYLED_ITEM('',(#1280),#1278);
#1282=DIRECTION('',(0.E0,0.E0,-1.E0));
#1283=VECTOR('',#1282,2.5E-1);
#1284=CARTESIAN_POINT('',(1.75E0,7.5E-2,-3.75E-1));
#1285=LINE('',#1284,#1283);
#1286=CURVE_STYLE('',#33,POSITIVE_LENGTH_MEASURE(2.E-2),#6);
#1287=PRESENTATION_STYLE_ASSIGNMENT((#1286));
#1288=STYLED_ITEM('',(#1287),#1285);
#1289=DIRECTION('',(0.E0,0.E0,-1.E0));
#1290=VECTOR('',#1289,2.5E-1);
#1291=CARTESIAN_POINT('',(1.75E0,1.75E-1,-1.25E-1));
#1292=LINE('',#1291,#1290);
#1293=CURVE_STYLE('',#33,POSITIVE_LENGTH_MEASURE(2.E-2),#6);
#1294=PRESENTATION_STYLE_ASSIGNMENT((#1293));
#1295=STYLED_ITEM('',(#1294),#1292);
#1296=DIRECTION('',(0.E0,0.E0,-1.E0));
#1297=VECTOR('',#1296,2.5E-1);
#1298=CARTESIAN_POINT('',(1.75E0,7.5E-2,1.25E-1));
#1299=LINE('',#1298,#1297);
#1300=CURVE_STYLE('',#33,POSITIVE_LENGTH_MEASURE(2.E-2),#6);
#1301=PRESENTATION_STYLE_ASSIGNMENT((#1300));
#1302=STYLED_ITEM('',(#1301),#1299);
#1303=DIRECTION('',(0.E0,0.E0,-1.E0));
#1304=VECTOR('',#1303,2.5E-1);
#1305=CARTESIAN_POINT('',(1.75E0,1.75E-1,3.75E-1));
#1306=LINE('',#1305,#1304);
#1307=CURVE_STYLE('',#33,POSITIVE_LENGTH_MEASURE(2.E-2),#6);
#1308=PRESENTATION_STYLE_ASSIGNMENT((#1307));
#1309=STYLED_ITEM('',(#1308),#1306);
#1310=DIRECTION('',(0.E0,0.E0,-1.E0));
#1311=VECTOR('',#1310,2.5E-1);
#1312=CARTESIAN_POINT('',(1.75E0,7.5E-2,6.25E-1));
#1313=LINE('',#1312,#1311);
#1314=CURVE_STYLE('',#33,POSITIVE_LENGTH_MEASURE(2.E-2),#6);
#1315=PRESENTATION_STYLE_ASSIGNMENT((#1314));
#1316=STYLED_ITEM('',(#1315),#1313);
#1317=DIRECTION('',(0.E0,0.E0,-1.E0));
#1318=VECTOR('',#1317,2.5E-1);
#1319=CARTESIAN_POINT('',(1.75E0,1.75E-1,8.75E-1));
#1320=LINE('',#1319,#1318);
#1321=CURVE_STYLE('',#33,POSITIVE_LENGTH_MEASURE(2.E-2),#6);
#1322=PRESENTATION_STYLE_ASSIGNMENT((#1321));
#1323=STYLED_ITEM('',(#1322),#1320);
#1324=DIRECTION('',(0.E0,0.E0,-1.E0));
#1325=VECTOR('',#1324,2.5E-1);
#1326=CARTESIAN_POINT('',(1.75E0,7.5E-2,1.125E0));
#1327=LINE('',#1326,#1325);
#1328=CURVE_STYLE('',#33,POSITIVE_LENGTH_MEASURE(2.E-2),#6);
#1329=PRESENTATION_STYLE_ASSIGNMENT((#1328));
#1330=STYLED_ITEM('',(#1329),#1327);
#1331=DIRECTION('',(0.E0,0.E0,-1.E0));
#1332=VECTOR('',#1331,2.5E-1);
#1333=CARTESIAN_POINT('',(1.75E0,1.75E-1,1.375E0));
#1334=LINE('',#1333,#1332);
#1335=CURVE_STYLE('',#33,POSITIVE_LENGTH_MEASURE(2.E-2),#6);
#1336=PRESENTATION_STYLE_ASSIGNMENT((#1335));
#1337=STYLED_ITEM('',(#1336),#1334);
#1338=DIRECTION('',(0.E0,0.E0,-1.E0));
#1339=VECTOR('',#1338,2.5E-1);
#1340=CARTESIAN_POINT('',(1.75E0,7.5E-2,1.625E0));
#1341=LINE('',#1340,#1339);
#1342=CURVE_STYLE('',#33,POSITIVE_LENGTH_MEASURE(2.E-2),#6);
#1343=PRESENTATION_STYLE_ASSIGNMENT((#1342));
#1344=STYLED_ITEM('',(#1343),#1341);
#1345=DIRECTION('',(0.E0,0.E0,-1.E0));
#1346=VECTOR('',#1345,2.5E-1);
#1347=CARTESIAN_POINT('',(1.75E0,1.75E-1,1.875E0));
#1348=LINE('',#1347,#1346);
#1349=CURVE_STYLE('',#33,POSITIVE_LENGTH_MEASURE(2.E-2),#6);
#1350=PRESENTATION_STYLE_ASSIGNMENT((#1349));
#1351=STYLED_ITEM('',(#1350),#1348);
#1352=DIRECTION('',(1.E0,0.E0,0.E0));
#1353=VECTOR('',#1352,8.75E-1);
#1354=CARTESIAN_POINT('',(-1.75E0,7.5E-2,2.25E0));
#1355=LINE('',#1354,#1353);
#1356=CURVE_STYLE('',#33,POSITIVE_LENGTH_MEASURE(2.E-2),#6);
#1357=PRESENTATION_STYLE_ASSIGNMENT((#1356));
#1358=STYLED_ITEM('',(#1357),#1355);
#1359=DIRECTION('',(0.E0,1.E0,0.E0));
#1360=VECTOR('',#1359,9.E-1);
#1361=CARTESIAN_POINT('',(-1.75E0,7.5E-2,2.25E0));
#1362=LINE('',#1361,#1360);
#1363=CURVE_STYLE('',#33,POSITIVE_LENGTH_MEASURE(2.E-2),#6);
#1364=PRESENTATION_STYLE_ASSIGNMENT((#1363));
#1365=STYLED_ITEM('',(#1364),#1362);
#1366=DIRECTION('',(1.E0,0.E0,0.E0));
#1367=VECTOR('',#1366,8.75E-1);
#1368=CARTESIAN_POINT('',(8.75E-1,7.5E-2,2.25E0));
#1369=LINE('',#1368,#1367);
#1370=CURVE_STYLE('',#33,POSITIVE_LENGTH_MEASURE(2.E-2),#6);
#1371=PRESENTATION_STYLE_ASSIGNMENT((#1370));
#1372=STYLED_ITEM('',(#1371),#1369);
#1373=DIRECTION('',(1.E0,0.E0,0.E0));
#1374=VECTOR('',#1373,2.5E-1);
#1375=CARTESIAN_POINT('',(6.25E-1,1.75E-1,2.25E0));
#1376=LINE('',#1375,#1374);
#1377=CURVE_STYLE('',#33,POSITIVE_LENGTH_MEASURE(2.E-2),#6);
#1378=PRESENTATION_STYLE_ASSIGNMENT((#1377));
#1379=STYLED_ITEM('',(#1378),#1376);
#1380=DIRECTION('',(1.E0,0.E0,0.E0));
#1381=VECTOR('',#1380,2.5E-1);
#1382=CARTESIAN_POINT('',(3.75E-1,7.5E-2,2.25E0));
#1383=LINE('',#1382,#1381);
#1384=CURVE_STYLE('',#33,POSITIVE_LENGTH_MEASURE(2.E-2),#6);
#1385=PRESENTATION_STYLE_ASSIGNMENT((#1384));
#1386=STYLED_ITEM('',(#1385),#1383);
#1387=DIRECTION('',(1.E0,0.E0,0.E0));
#1388=VECTOR('',#1387,2.5E-1);
#1389=CARTESIAN_POINT('',(1.25E-1,1.75E-1,2.25E0));
#1390=LINE('',#1389,#1388);
#1391=CURVE_STYLE('',#33,POSITIVE_LENGTH_MEASURE(2.E-2),#6);
#1392=PRESENTATION_STYLE_ASSIGNMENT((#1391));
#1393=STYLED_ITEM('',(#1392),#1390);
#1394=DIRECTION('',(1.E0,0.E0,0.E0));
#1395=VECTOR('',#1394,2.5E-1);
#1396=CARTESIAN_POINT('',(-1.25E-1,7.5E-2,2.25E0));
#1397=LINE('',#1396,#1395);
#1398=CURVE_STYLE('',#33,POSITIVE_LENGTH_MEASURE(2.E-2),#6);
#1399=PRESENTATION_STYLE_ASSIGNMENT((#1398));
#1400=STYLED_ITEM('',(#1399),#1397);
#1401=DIRECTION('',(1.E0,0.E0,0.E0));
#1402=VECTOR('',#1401,2.5E-1);
#1403=CARTESIAN_POINT('',(-3.75E-1,1.75E-1,2.25E0));
#1404=LINE('',#1403,#1402);
#1405=CURVE_STYLE('',#33,POSITIVE_LENGTH_MEASURE(2.E-2),#6);
#1406=PRESENTATION_STYLE_ASSIGNMENT((#1405));
#1407=STYLED_ITEM('',(#1406),#1404);
#1408=DIRECTION('',(1.E0,0.E0,0.E0));
#1409=VECTOR('',#1408,2.5E-1);
#1410=CARTESIAN_POINT('',(-6.25E-1,7.5E-2,2.25E0));
#1411=LINE('',#1410,#1409);
#1412=CURVE_STYLE('',#33,POSITIVE_LENGTH_MEASURE(2.E-2),#6);
#1413=PRESENTATION_STYLE_ASSIGNMENT((#1412));
#1414=STYLED_ITEM('',(#1413),#1411);
#1415=DIRECTION('',(1.E0,0.E0,0.E0));
#1416=VECTOR('',#1415,2.5E-1);
#1417=CARTESIAN_POINT('',(-8.75E-1,1.75E-1,2.25E0));
#1418=LINE('',#1417,#1416);
#1419=CURVE_STYLE('',#33,POSITIVE_LENGTH_MEASURE(2.E-2),#6);
#1420=PRESENTATION_STYLE_ASSIGNMENT((#1419));
#1421=STYLED_ITEM('',(#1420),#1418);
#1422=DIRECTION('',(0.E0,0.E0,1.E0));
#1423=VECTOR('',#1422,4.5E0);
#1424=CARTESIAN_POINT('',(-1.75E0,9.75E-1,-2.25E0));
#1425=LINE('',#1424,#1423);
#1426=CURVE_STYLE('',#33,POSITIVE_LENGTH_MEASURE(2.E-2),#6);
#1427=PRESENTATION_STYLE_ASSIGNMENT((#1426));
#1428=STYLED_ITEM('',(#1427),#1425);
#1429=DIRECTION('',(-1.E0,0.E0,0.E0));
#1430=VECTOR('',#1429,3.5E0);
#1431=CARTESIAN_POINT('',(1.75E0,9.75E-1,-2.25E0));
#1432=LINE('',#1431,#1430);
#1433=CURVE_STYLE('',#33,POSITIVE_LENGTH_MEASURE(2.E-2),#6);
#1434=PRESENTATION_STYLE_ASSIGNMENT((#1433));
#1435=STYLED_ITEM('',(#1434),#1432);
#1436=DIRECTION('',(0.E0,0.E0,-1.E0));
#1437=VECTOR('',#1436,4.5E0);
#1438=CARTESIAN_POINT('',(1.75E0,9.75E-1,2.25E0));
#1439=LINE('',#1438,#1437);
#1440=CURVE_STYLE('',#33,POSITIVE_LENGTH_MEASURE(2.E-2),#6);
#1441=PRESENTATION_STYLE_ASSIGNMENT((#1440));
#1442=STYLED_ITEM('',(#1441),#1439);
#1443=DIRECTION('',(1.E0,0.E0,0.E0));
#1444=VECTOR('',#1443,3.5E0);
#1445=CARTESIAN_POINT('',(-1.75E0,9.75E-1,2.25E0));
#1446=LINE('',#1445,#1444);
#1447=CURVE_STYLE('',#33,POSITIVE_LENGTH_MEASURE(2.E-2),#6);
#1448=PRESENTATION_STYLE_ASSIGNMENT((#1447));
#1449=STYLED_ITEM('',(#1448),#1446);
#1450=DIRECTION('',(0.E0,0.E0,1.E0));
#1451=VECTOR('',#1450,5.E-2);
#1452=CARTESIAN_POINT('',(8.75E-1,7.5E-2,2.2E0));
#1453=LINE('',#1452,#1451);
#1454=CURVE_STYLE('',#33,POSITIVE_LENGTH_MEASURE(2.E-2),#6);
#1455=PRESENTATION_STYLE_ASSIGNMENT((#1454));
#1456=STYLED_ITEM('',(#1455),#1453);
#1457=DIRECTION('',(0.E0,-1.E0,0.E0));
#1458=VECTOR('',#1457,7.5E-2);
#1459=CARTESIAN_POINT('',(8.75E-1,7.5E-2,2.2E0));
#1460=LINE('',#1459,#1458);
#1461=CURVE_STYLE('',#33,POSITIVE_LENGTH_MEASURE(2.E-2),#6);
#1462=PRESENTATION_STYLE_ASSIGNMENT((#1461));
#1463=STYLED_ITEM('',(#1462),#1460);
#1464=DIRECTION('',(0.E0,1.E0,0.E0));
#1465=VECTOR('',#1464,1.75E-1);
#1466=CARTESIAN_POINT('',(8.75E-1,0.E0,1.975E0));
#1467=LINE('',#1466,#1465);
#1468=CURVE_STYLE('',#33,POSITIVE_LENGTH_MEASURE(2.E-2),#6);
#1469=PRESENTATION_STYLE_ASSIGNMENT((#1468));
#1470=STYLED_ITEM('',(#1469),#1467);
#1471=DIRECTION('',(0.E0,-1.E0,0.E0));
#1472=VECTOR('',#1471,1.E-1);
#1473=CARTESIAN_POINT('',(8.75E-1,1.75E-1,2.25E0));
#1474=LINE('',#1473,#1472);
#1475=CURVE_STYLE('',#33,POSITIVE_LENGTH_MEASURE(2.E-2),#6);
#1476=PRESENTATION_STYLE_ASSIGNMENT((#1475));
#1477=STYLED_ITEM('',(#1476),#1474);
#1478=DIRECTION('',(0.E0,1.E0,0.E0));
#1479=VECTOR('',#1478,1.75E-1);
#1480=CARTESIAN_POINT('',(6.25E-1,0.E0,1.975E0));
#1481=LINE('',#1480,#1479);
#1482=CURVE_STYLE('',#33,POSITIVE_LENGTH_MEASURE(2.E-2),#6);
#1483=PRESENTATION_STYLE_ASSIGNMENT((#1482));
#1484=STYLED_ITEM('',(#1483),#1481);
#1485=DIRECTION('',(0.E0,0.E0,-1.E0));
#1486=VECTOR('',#1485,5.E-2);
#1487=CARTESIAN_POINT('',(6.25E-1,7.5E-2,2.25E0));
#1488=LINE('',#1487,#1486);
#1489=CURVE_STYLE('',#33,POSITIVE_LENGTH_MEASURE(2.E-2),#6);
#1490=PRESENTATION_STYLE_ASSIGNMENT((#1489));
#1491=STYLED_ITEM('',(#1490),#1488);
#1492=DIRECTION('',(0.E0,1.E0,0.E0));
#1493=VECTOR('',#1492,1.E-1);
#1494=CARTESIAN_POINT('',(6.25E-1,7.5E-2,2.25E0));
#1495=LINE('',#1494,#1493);
#1496=CURVE_STYLE('',#33,POSITIVE_LENGTH_MEASURE(2.E-2),#6);
#1497=PRESENTATION_STYLE_ASSIGNMENT((#1496));
#1498=STYLED_ITEM('',(#1497),#1495);
#1499=DIRECTION('',(0.E0,1.E0,0.E0));
#1500=VECTOR('',#1499,7.5E-2);
#1501=CARTESIAN_POINT('',(6.25E-1,0.E0,2.2E0));
#1502=LINE('',#1501,#1500);
#1503=CURVE_STYLE('',#33,POSITIVE_LENGTH_MEASURE(2.E-2),#6);
#1504=PRESENTATION_STYLE_ASSIGNMENT((#1503));
#1505=STYLED_ITEM('',(#1504),#1502);
#1506=DIRECTION('',(0.E0,0.E0,1.E0));
#1507=VECTOR('',#1506,2.75E-1);
#1508=CARTESIAN_POINT('',(8.75E-1,1.75E-1,1.975E0));
#1509=LINE('',#1508,#1507);
#1510=CURVE_STYLE('',#33,POSITIVE_LENGTH_MEASURE(2.E-2),#6);
#1511=PRESENTATION_STYLE_ASSIGNMENT((#1510));
#1512=STYLED_ITEM('',(#1511),#1509);
#1513=CARTESIAN_POINT('',(7.5E-1,1.75E-1,1.975E0));
#1514=DIRECTION('',(0.E0,-1.E0,0.E0));
#1515=DIRECTION('',(-1.E0,0.E0,0.E0));
#1516=AXIS2_PLACEMENT_3D('',#1513,#1514,#1515);
#1518=CURVE_STYLE('',#33,POSITIVE_LENGTH_MEASURE(2.E-2),#6);
#1519=PRESENTATION_STYLE_ASSIGNMENT((#1518));
#1520=STYLED_ITEM('',(#1519),#1517);
#1521=DIRECTION('',(0.E0,0.E0,-1.E0));
#1522=VECTOR('',#1521,2.75E-1);
#1523=CARTESIAN_POINT('',(6.25E-1,1.75E-1,2.25E0));
#1524=LINE('',#1523,#1522);
#1525=CURVE_STYLE('',#33,POSITIVE_LENGTH_MEASURE(2.E-2),#6);
#1526=PRESENTATION_STYLE_ASSIGNMENT((#1525));
#1527=STYLED_ITEM('',(#1526),#1524);
#1528=DIRECTION('',(0.E0,0.E0,1.E0));
#1529=VECTOR('',#1528,5.E-2);
#1530=CARTESIAN_POINT('',(3.75E-1,7.5E-2,2.2E0));
#1531=LINE('',#1530,#1529);
#1532=CURVE_STYLE('',#33,POSITIVE_LENGTH_MEASURE(2.E-2),#6);
#1533=PRESENTATION_STYLE_ASSIGNMENT((#1532));
#1534=STYLED_ITEM('',(#1533),#1531);
#1535=DIRECTION('',(0.E0,1.E0,0.E0));
#1536=VECTOR('',#1535,7.5E-2);
#1537=CARTESIAN_POINT('',(3.75E-1,0.E0,2.2E0));
#1538=LINE('',#1537,#1536);
#1539=CURVE_STYLE('',#33,POSITIVE_LENGTH_MEASURE(2.E-2),#6);
#1540=PRESENTATION_STYLE_ASSIGNMENT((#1539));
#1541=STYLED_ITEM('',(#1540),#1538);
#1542=DIRECTION('',(0.E0,1.E0,0.E0));
#1543=VECTOR('',#1542,1.15E-1);
#1544=CARTESIAN_POINT('',(3.75E-1,6.E-2,1.7E0));
#1545=LINE('',#1544,#1543);
#1546=CURVE_STYLE('',#33,POSITIVE_LENGTH_MEASURE(2.E-2),#6);
#1547=PRESENTATION_STYLE_ASSIGNMENT((#1546));
#1548=STYLED_ITEM('',(#1547),#1545);
#1549=DIRECTION('',(0.E0,-1.E0,0.E0));
#1550=VECTOR('',#1549,1.E-1);
#1551=CARTESIAN_POINT('',(3.75E-1,1.75E-1,2.25E0));
#1552=LINE('',#1551,#1550);
#1553=CURVE_STYLE('',#33,POSITIVE_LENGTH_MEASURE(2.E-2),#6);
#1554=PRESENTATION_STYLE_ASSIGNMENT((#1553));
#1555=STYLED_ITEM('',(#1554),#1552);
#1556=DIRECTION('',(0.E0,-1.E0,0.E0));
#1557=VECTOR('',#1556,6.E-2);
#1558=CARTESIAN_POINT('',(1.1E0,6.E-2,1.6E0));
#1559=LINE('',#1558,#1557);
#1560=CURVE_STYLE('',#33,POSITIVE_LENGTH_MEASURE(2.E-2),#6);
#1561=PRESENTATION_STYLE_ASSIGNMENT((#1560));
#1562=STYLED_ITEM('',(#1561),#1559);
#1563=DIRECTION('',(0.E0,-1.E0,0.E0));
#1564=VECTOR('',#1563,6.E-2);
#1565=CARTESIAN_POINT('',(3.75E-1,6.E-2,1.6E0));
#1566=LINE('',#1565,#1564);
#1567=CURVE_STYLE('',#33,POSITIVE_LENGTH_MEASURE(2.E-2),#6);
#1568=PRESENTATION_STYLE_ASSIGNMENT((#1567));
#1569=STYLED_ITEM('',(#1568),#1566);
#1570=DIRECTION('',(0.E0,-1.E0,0.E0));
#1571=VECTOR('',#1570,6.E-2);
#1572=CARTESIAN_POINT('',(-3.75E-1,6.E-2,1.6E0));
#1573=LINE('',#1572,#1571);
#1574=CURVE_STYLE('',#33,POSITIVE_LENGTH_MEASURE(2.E-2),#6);
#1575=PRESENTATION_STYLE_ASSIGNMENT((#1574));
#1576=STYLED_ITEM('',(#1575),#1573);
#1577=DIRECTION('',(0.E0,-1.E0,0.E0));
#1578=VECTOR('',#1577,6.E-2);
#1579=CARTESIAN_POINT('',(1.1E0,6.E-2,-1.6E0));
#1580=LINE('',#1579,#1578);
#1581=CURVE_STYLE('',#33,POSITIVE_LENGTH_MEASURE(2.E-2),#6);
#1582=PRESENTATION_STYLE_ASSIGNMENT((#1581));
#1583=STYLED_ITEM('',(#1582),#1580);
#1584=DIRECTION('',(0.E0,1.E0,0.E0));
#1585=VECTOR('',#1584,6.E-2);
#1586=CARTESIAN_POINT('',(-7.5E-1,0.E0,-1.6E0));
#1587=LINE('',#1586,#1585);
#1588=CURVE_STYLE('',#33,POSITIVE_LENGTH_MEASURE(2.E-2),#6);
#1589=PRESENTATION_STYLE_ASSIGNMENT((#1588));
#1590=STYLED_ITEM('',(#1589),#1587);
#1591=DIRECTION('',(0.E0,-1.E0,0.E0));
#1592=VECTOR('',#1591,6.E-2);
#1593=CARTESIAN_POINT('',(-3.75E-1,6.E-2,-1.6E0));
#1594=LINE('',#1593,#1592);
#1595=CURVE_STYLE('',#33,POSITIVE_LENGTH_MEASURE(2.E-2),#6);
#1596=PRESENTATION_STYLE_ASSIGNMENT((#1595));
#1597=STYLED_ITEM('',(#1596),#1594);
#1598=DIRECTION('',(0.E0,1.E0,0.E0));
#1599=VECTOR('',#1598,6.E-2);
#1600=CARTESIAN_POINT('',(3.75E-1,0.E0,-1.6E0));
#1601=LINE('',#1600,#1599);
#1602=CURVE_STYLE('',#33,POSITIVE_LENGTH_MEASURE(2.E-2),#6);
#1603=PRESENTATION_STYLE_ASSIGNMENT((#1602));
#1604=STYLED_ITEM('',(#1603),#1601);
#1605=DIRECTION('',(-7.071067811865E-1,0.E0,7.071067811865E-1));
#1606=VECTOR('',#1605,4.949747468306E-1);
#1607=CARTESIAN_POINT('',(-7.5E-1,6.E-2,-1.6E0));
#1608=LINE('',#1607,#1606);
#1609=CURVE_STYLE('',#33,POSITIVE_LENGTH_MEASURE(2.E-2),#6);
#1610=PRESENTATION_STYLE_ASSIGNMENT((#1609));
#1611=STYLED_ITEM('',(#1610),#1608);
#1612=DIRECTION('',(0.E0,-1.E0,0.E0));
#1613=VECTOR('',#1612,6.E-2);
#1614=CARTESIAN_POINT('',(-1.1E0,6.E-2,1.6E0));
#1615=LINE('',#1614,#1613);
#1616=CURVE_STYLE('',#33,POSITIVE_LENGTH_MEASURE(2.E-2),#6);
#1617=PRESENTATION_STYLE_ASSIGNMENT((#1616));
#1618=STYLED_ITEM('',(#1617),#1615);
#1619=DIRECTION('',(0.E0,1.E0,0.E0));
#1620=VECTOR('',#1619,6.E-2);
#1621=CARTESIAN_POINT('',(-1.1E0,0.E0,-1.25E0));
#1622=LINE('',#1621,#1620);
#1623=CURVE_STYLE('',#33,POSITIVE_LENGTH_MEASURE(2.E-2),#6);
#1624=PRESENTATION_STYLE_ASSIGNMENT((#1623));
#1625=STYLED_ITEM('',(#1624),#1622);
#1626=DIRECTION('',(1.E0,0.E0,0.E0));
#1627=VECTOR('',#1626,8.25E-1);
#1628=CARTESIAN_POINT('',(-1.2E0,6.E-2,1.7E0));
#1629=LINE('',#1628,#1627);
#1630=CURVE_STYLE('',#33,POSITIVE_LENGTH_MEASURE(2.E-2),#6);
#1631=PRESENTATION_STYLE_ASSIGNMENT((#1630));
#1632=STYLED_ITEM('',(#1631),#1629);
#1633=DIRECTION('',(0.E0,0.E0,1.E0));
#1634=VECTOR('',#1633,3.4E0);
#1635=CARTESIAN_POINT('',(-1.2E0,6.E-2,-1.7E0));
#1636=LINE('',#1635,#1634);
#1637=CURVE_STYLE('',#33,POSITIVE_LENGTH_MEASURE(2.E-2),#6);
#1638=PRESENTATION_STYLE_ASSIGNMENT((#1637));
#1639=STYLED_ITEM('',(#1638),#1636);
#1640=DIRECTION('',(-1.E0,0.E0,0.E0));
#1641=VECTOR('',#1640,8.25E-1);
#1642=CARTESIAN_POINT('',(-3.75E-1,6.E-2,-1.7E0));
#1643=LINE('',#1642,#1641);
#1644=CURVE_STYLE('',#33,POSITIVE_LENGTH_MEASURE(2.E-2),#6);
#1645=PRESENTATION_STYLE_ASSIGNMENT((#1644));
#1646=STYLED_ITEM('',(#1645),#1643);
#1647=DIRECTION('',(0.E0,0.E0,1.E0));
#1648=VECTOR('',#1647,1.E-1);
#1649=CARTESIAN_POINT('',(-3.75E-1,6.E-2,-1.7E0));
#1650=LINE('',#1649,#1648);
#1651=CURVE_STYLE('',#33,POSITIVE_LENGTH_MEASURE(2.E-2),#6);
#1652=PRESENTATION_STYLE_ASSIGNMENT((#1651));
#1653=STYLED_ITEM('',(#1652),#1650);
#1654=DIRECTION('',(1.E0,0.E0,0.E0));
#1655=VECTOR('',#1654,3.75E-1);
#1656=CARTESIAN_POINT('',(-7.5E-1,6.E-2,-1.6E0));
#1657=LINE('',#1656,#1655);
#1658=CURVE_STYLE('',#33,POSITIVE_LENGTH_MEASURE(2.E-2),#6);
#1659=PRESENTATION_STYLE_ASSIGNMENT((#1658));
#1660=STYLED_ITEM('',(#1659),#1657);
#1661=DIRECTION('',(0.E0,0.E0,-1.E0));
#1662=VECTOR('',#1661,2.85E0);
#1663=CARTESIAN_POINT('',(-1.1E0,6.E-2,1.6E0));
#1664=LINE('',#1663,#1662);
#1665=CURVE_STYLE('',#33,POSITIVE_LENGTH_MEASURE(2.E-2),#6);
#1666=PRESENTATION_STYLE_ASSIGNMENT((#1665));
#1667=STYLED_ITEM('',(#1666),#1664);
#1668=DIRECTION('',(-1.E0,0.E0,0.E0));
#1669=VECTOR('',#1668,7.25E-1);
#1670=CARTESIAN_POINT('',(-3.75E-1,6.E-2,1.6E0));
#1671=LINE('',#1670,#1669);
#1672=CURVE_STYLE('',#33,POSITIVE_LENGTH_MEASURE(2.E-2),#6);
#1673=PRESENTATION_STYLE_ASSIGNMENT((#1672));
#1674=STYLED_ITEM('',(#1673),#1671);
#1675=DIRECTION('',(0.E0,0.E0,-1.E0));
#1676=VECTOR('',#1675,1.E-1);
#1677=CARTESIAN_POINT('',(-3.75E-1,6.E-2,1.7E0));
#1678=LINE('',#1677,#1676);
#1679=CURVE_STYLE('',#33,POSITIVE_LENGTH_MEASURE(2.E-2),#6);
#1680=PRESENTATION_STYLE_ASSIGNMENT((#1679));
#1681=STYLED_ITEM('',(#1680),#1678);
#1682=DIRECTION('',(1.E0,0.E0,0.E0));
#1683=VECTOR('',#1682,8.25E-1);
#1684=CARTESIAN_POINT('',(3.75E-1,6.E-2,1.7E0));
#1685=LINE('',#1684,#1683);
#1686=CURVE_STYLE('',#33,POSITIVE_LENGTH_MEASURE(2.E-2),#6);
#1687=PRESENTATION_STYLE_ASSIGNMENT((#1686));
#1688=STYLED_ITEM('',(#1687),#1685);
#1689=DIRECTION('',(0.E0,0.E0,-1.E0));
#1690=VECTOR('',#1689,1.E-1);
#1691=CARTESIAN_POINT('',(3.75E-1,6.E-2,1.7E0));
#1692=LINE('',#1691,#1690);
#1693=CURVE_STYLE('',#33,POSITIVE_LENGTH_MEASURE(2.E-2),#6);
#1694=PRESENTATION_STYLE_ASSIGNMENT((#1693));
#1695=STYLED_ITEM('',(#1694),#1692);
#1696=DIRECTION('',(-1.E0,0.E0,0.E0));
#1697=VECTOR('',#1696,7.25E-1);
#1698=CARTESIAN_POINT('',(1.1E0,6.E-2,1.6E0));
#1699=LINE('',#1698,#1697);
#1700=CURVE_STYLE('',#33,POSITIVE_LENGTH_MEASURE(2.E-2),#6);
#1701=PRESENTATION_STYLE_ASSIGNMENT((#1700));
#1702=STYLED_ITEM('',(#1701),#1699);
#1703=DIRECTION('',(0.E0,0.E0,1.E0));
#1704=VECTOR('',#1703,3.2E0);
#1705=CARTESIAN_POINT('',(1.1E0,6.E-2,-1.6E0));
#1706=LINE('',#1705,#1704);
#1707=CURVE_STYLE('',#33,POSITIVE_LENGTH_MEASURE(2.E-2),#6);
#1708=PRESENTATION_STYLE_ASSIGNMENT((#1707));
#1709=STYLED_ITEM('',(#1708),#1706);
#1710=DIRECTION('',(1.E0,0.E0,0.E0));
#1711=VECTOR('',#1710,7.25E-1);
#1712=CARTESIAN_POINT('',(3.75E-1,6.E-2,-1.6E0));
#1713=LINE('',#1712,#1711);
#1714=CURVE_STYLE('',#33,POSITIVE_LENGTH_MEASURE(2.E-2),#6);
#1715=PRESENTATION_STYLE_ASSIGNMENT((#1714));
#1716=STYLED_ITEM('',(#1715),#1713);
#1717=DIRECTION('',(0.E0,0.E0,1.E0));
#1718=VECTOR('',#1717,1.E-1);
#1719=CARTESIAN_POINT('',(3.75E-1,6.E-2,-1.7E0));
#1720=LINE('',#1719,#1718);
#1721=CURVE_STYLE('',#33,POSITIVE_LENGTH_MEASURE(2.E-2),#6);
#1722=PRESENTATION_STYLE_ASSIGNMENT((#1721));
#1723=STYLED_ITEM('',(#1722),#1720);
#1724=DIRECTION('',(-1.E0,0.E0,0.E0));
#1725=VECTOR('',#1724,8.25E-1);
#1726=CARTESIAN_POINT('',(1.2E0,6.E-2,-1.7E0));
#1727=LINE('',#1726,#1725);
#1728=CURVE_STYLE('',#33,POSITIVE_LENGTH_MEASURE(2.E-2),#6);
#1729=PRESENTATION_STYLE_ASSIGNMENT((#1728));
#1730=STYLED_ITEM('',(#1729),#1727);
#1731=DIRECTION('',(0.E0,0.E0,-1.E0));
#1732=VECTOR('',#1731,3.4E0);
#1733=CARTESIAN_POINT('',(1.2E0,6.E-2,1.7E0));
#1734=LINE('',#1733,#1732);
#1735=CURVE_STYLE('',#33,POSITIVE_LENGTH_MEASURE(2.E-2),#6);
#1736=PRESENTATION_STYLE_ASSIGNMENT((#1735));
#1737=STYLED_ITEM('',(#1736),#1734);
#1738=DIRECTION('',(0.E0,-1.E0,0.E0));
#1739=VECTOR('',#1738,1.15E-1);
#1740=CARTESIAN_POINT('',(-1.2E0,1.75E-1,1.7E0));
#1741=LINE('',#1740,#1739);
#1742=CURVE_STYLE('',#33,POSITIVE_LENGTH_MEASURE(2.E-2),#6);
#1743=PRESENTATION_STYLE_ASSIGNMENT((#1742));
#1744=STYLED_ITEM('',(#1743),#1741);
#1745=DIRECTION('',(0.E0,0.E0,-1.E0));
#1746=VECTOR('',#1745,5.E-2);
#1747=CARTESIAN_POINT('',(-3.75E-1,7.5E-2,2.25E0));
#1748=LINE('',#1747,#1746);
#1749=CURVE_STYLE('',#33,POSITIVE_LENGTH_MEASURE(2.E-2),#6);
#1750=PRESENTATION_STYLE_ASSIGNMENT((#1749));
#1751=STYLED_ITEM('',(#1750),#1748);
#1752=DIRECTION('',(0.E0,1.E0,0.E0));
#1753=VECTOR('',#1752,1.E-1);
#1754=CARTESIAN_POINT('',(-3.75E-1,7.5E-2,2.25E0));
#1755=LINE('',#1754,#1753);
#1756=CURVE_STYLE('',#33,POSITIVE_LENGTH_MEASURE(2.E-2),#6);
#1757=PRESENTATION_STYLE_ASSIGNMENT((#1756));
#1758=STYLED_ITEM('',(#1757),#1755);
#1759=DIRECTION('',(0.E0,-1.E0,0.E0));
#1760=VECTOR('',#1759,1.15E-1);
#1761=CARTESIAN_POINT('',(-3.75E-1,1.75E-1,1.7E0));
#1762=LINE('',#1761,#1760);
#1763=CURVE_STYLE('',#33,POSITIVE_LENGTH_MEASURE(2.E-2),#6);
#1764=PRESENTATION_STYLE_ASSIGNMENT((#1763));
#1765=STYLED_ITEM('',(#1764),#1762);
#1766=DIRECTION('',(0.E0,1.E0,0.E0));
#1767=VECTOR('',#1766,7.5E-2);
#1768=CARTESIAN_POINT('',(-3.75E-1,0.E0,2.2E0));
#1769=LINE('',#1768,#1767);
#1770=CURVE_STYLE('',#33,POSITIVE_LENGTH_MEASURE(2.E-2),#6);
#1771=PRESENTATION_STYLE_ASSIGNMENT((#1770));
#1772=STYLED_ITEM('',(#1771),#1769);
#1773=DIRECTION('',(0.E0,0.E0,1.E0));
#1774=VECTOR('',#1773,1.5E-1);
#1775=CARTESIAN_POINT('',(-1.25E-1,1.75E-1,2.1E0));
#1776=LINE('',#1775,#1774);
#1777=CURVE_STYLE('',#33,POSITIVE_LENGTH_MEASURE(2.E-2),#6);
#1778=PRESENTATION_STYLE_ASSIGNMENT((#1777));
#1779=STYLED_ITEM('',(#1778),#1776);
#1780=DIRECTION('',(-1.E0,0.E0,0.E0));
#1781=VECTOR('',#1780,2.5E-1);
#1782=CARTESIAN_POINT('',(1.25E-1,1.75E-1,2.1E0));
#1783=LINE('',#1782,#1781);
#1784=CURVE_STYLE('',#33,POSITIVE_LENGTH_MEASURE(2.E-2),#6);
#1785=PRESENTATION_STYLE_ASSIGNMENT((#1784));
#1786=STYLED_ITEM('',(#1785),#1783);
#1787=DIRECTION('',(0.E0,0.E0,-1.E0));
#1788=VECTOR('',#1787,1.5E-1);
#1789=CARTESIAN_POINT('',(1.25E-1,1.75E-1,2.25E0));
#1790=LINE('',#1789,#1788);
#1791=CURVE_STYLE('',#33,POSITIVE_LENGTH_MEASURE(2.E-2),#6);
#1792=PRESENTATION_STYLE_ASSIGNMENT((#1791));
#1793=STYLED_ITEM('',(#1792),#1790);
#1794=DIRECTION('',(0.E0,0.E0,1.E0));
#1795=VECTOR('',#1794,5.5E-1);
#1796=CARTESIAN_POINT('',(3.75E-1,1.75E-1,1.7E0));
#1797=LINE('',#1796,#1795);
#1798=CURVE_STYLE('',#33,POSITIVE_LENGTH_MEASURE(2.E-2),#6);
#1799=PRESENTATION_STYLE_ASSIGNMENT((#1798));
#1800=STYLED_ITEM('',(#1799),#1797);
#1801=DIRECTION('',(1.E0,0.E0,0.E0));
#1802=VECTOR('',#1801,8.25E-1);
#1803=CARTESIAN_POINT('',(3.75E-1,1.75E-1,1.7E0));
#1804=LINE('',#1803,#1802);
#1805=CURVE_STYLE('',#33,POSITIVE_LENGTH_MEASURE(2.E-2),#6);
#1806=PRESENTATION_STYLE_ASSIGNMENT((#1805));
#1807=STYLED_ITEM('',(#1806),#1804);
#1808=DIRECTION('',(0.E0,0.E0,-1.E0));
#1809=VECTOR('',#1808,3.4E0);
#1810=CARTESIAN_POINT('',(1.2E0,1.75E-1,1.7E0));
#1811=LINE('',#1810,#1809);
#1812=CURVE_STYLE('',#33,POSITIVE_LENGTH_MEASURE(2.E-2),#6);
#1813=PRESENTATION_STYLE_ASSIGNMENT((#1812));
#1814=STYLED_ITEM('',(#1813),#1811);
#1815=DIRECTION('',(-1.E0,0.E0,0.E0));
#1816=VECTOR('',#1815,8.25E-1);
#1817=CARTESIAN_POINT('',(1.2E0,1.75E-1,-1.7E0));
#1818=LINE('',#1817,#1816);
#1819=CURVE_STYLE('',#33,POSITIVE_LENGTH_MEASURE(2.E-2),#6);
#1820=PRESENTATION_STYLE_ASSIGNMENT((#1819));
#1821=STYLED_ITEM('',(#1820),#1818);
#1822=DIRECTION('',(0.E0,0.E0,-1.E0));
#1823=VECTOR('',#1822,5.5E-1);
#1824=CARTESIAN_POINT('',(3.75E-1,1.75E-1,-1.7E0));
#1825=LINE('',#1824,#1823);
#1826=CURVE_STYLE('',#33,POSITIVE_LENGTH_MEASURE(2.E-2),#6);
#1827=PRESENTATION_STYLE_ASSIGNMENT((#1826));
#1828=STYLED_ITEM('',(#1827),#1825);
#1829=DIRECTION('',(0.E0,0.E0,1.E0));
#1830=VECTOR('',#1829,1.5E-1);
#1831=CARTESIAN_POINT('',(1.25E-1,1.75E-1,-2.25E0));
#1832=LINE('',#1831,#1830);
#1833=CURVE_STYLE('',#33,POSITIVE_LENGTH_MEASURE(2.E-2),#6);
#1834=PRESENTATION_STYLE_ASSIGNMENT((#1833));
#1835=STYLED_ITEM('',(#1834),#1832);
#1836=DIRECTION('',(-1.E0,0.E0,0.E0));
#1837=VECTOR('',#1836,2.5E-1);
#1838=CARTESIAN_POINT('',(1.25E-1,1.75E-1,-2.1E0));
#1839=LINE('',#1838,#1837);
#1840=CURVE_STYLE('',#33,POSITIVE_LENGTH_MEASURE(2.E-2),#6);
#1841=PRESENTATION_STYLE_ASSIGNMENT((#1840));
#1842=STYLED_ITEM('',(#1841),#1839);
#1843=DIRECTION('',(0.E0,0.E0,-1.E0));
#1844=VECTOR('',#1843,1.5E-1);
#1845=CARTESIAN_POINT('',(-1.25E-1,1.75E-1,-2.1E0));
#1846=LINE('',#1845,#1844);
#1847=CURVE_STYLE('',#33,POSITIVE_LENGTH_MEASURE(2.E-2),#6);
#1848=PRESENTATION_STYLE_ASSIGNMENT((#1847));
#1849=STYLED_ITEM('',(#1848),#1846);
#1850=DIRECTION('',(0.E0,0.E0,1.E0));
#1851=VECTOR('',#1850,5.5E-1);
#1852=CARTESIAN_POINT('',(-3.75E-1,1.75E-1,-2.25E0));
#1853=LINE('',#1852,#1851);
#1854=CURVE_STYLE('',#33,POSITIVE_LENGTH_MEASURE(2.E-2),#6);
#1855=PRESENTATION_STYLE_ASSIGNMENT((#1854));
#1856=STYLED_ITEM('',(#1855),#1853);
#1857=DIRECTION('',(-1.E0,0.E0,0.E0));
#1858=VECTOR('',#1857,8.25E-1);
#1859=CARTESIAN_POINT('',(-3.75E-1,1.75E-1,-1.7E0));
#1860=LINE('',#1859,#1858);
#1861=CURVE_STYLE('',#33,POSITIVE_LENGTH_MEASURE(2.E-2),#6);
#1862=PRESENTATION_STYLE_ASSIGNMENT((#1861));
#1863=STYLED_ITEM('',(#1862),#1860);
#1864=DIRECTION('',(0.E0,0.E0,1.E0));
#1865=VECTOR('',#1864,3.4E0);
#1866=CARTESIAN_POINT('',(-1.2E0,1.75E-1,-1.7E0));
#1867=LINE('',#1866,#1865);
#1868=CURVE_STYLE('',#33,POSITIVE_LENGTH_MEASURE(2.E-2),#6);
#1869=PRESENTATION_STYLE_ASSIGNMENT((#1868));
#1870=STYLED_ITEM('',(#1869),#1867);
#1871=DIRECTION('',(1.E0,0.E0,0.E0));
#1872=VECTOR('',#1871,8.25E-1);
#1873=CARTESIAN_POINT('',(-1.2E0,1.75E-1,1.7E0));
#1874=LINE('',#1873,#1872);
#1875=CURVE_STYLE('',#33,POSITIVE_LENGTH_MEASURE(2.E-2),#6);
#1876=PRESENTATION_STYLE_ASSIGNMENT((#1875));
#1877=STYLED_ITEM('',(#1876),#1874);
#1878=DIRECTION('',(0.E0,0.E0,-1.E0));
#1879=VECTOR('',#1878,5.5E-1);
#1880=CARTESIAN_POINT('',(-3.75E-1,1.75E-1,2.25E0));
#1881=LINE('',#1880,#1879);
#1882=CURVE_STYLE('',#33,POSITIVE_LENGTH_MEASURE(2.E-2),#6);
#1883=PRESENTATION_STYLE_ASSIGNMENT((#1882));
#1884=STYLED_ITEM('',(#1883),#1881);
#1885=DIRECTION('',(0.E0,0.E0,1.E0));
#1886=VECTOR('',#1885,5.E-2);
#1887=CARTESIAN_POINT('',(-1.25E-1,7.5E-2,2.2E0));
#1888=LINE('',#1887,#1886);
#1889=CURVE_STYLE('',#33,POSITIVE_LENGTH_MEASURE(2.E-2),#6);
#1890=PRESENTATION_STYLE_ASSIGNMENT((#1889));
#1891=STYLED_ITEM('',(#1890),#1888);
#1892=DIRECTION('',(0.E0,1.E0,0.E0));
#1893=VECTOR('',#1892,7.5E-2);
#1894=CARTESIAN_POINT('',(-1.25E-1,0.E0,2.2E0));
#1895=LINE('',#1894,#1893);
#1896=CURVE_STYLE('',#33,POSITIVE_LENGTH_MEASURE(2.E-2),#6);
#1897=PRESENTATION_STYLE_ASSIGNMENT((#1896));
#1898=STYLED_ITEM('',(#1897),#1895);
#1899=DIRECTION('',(0.E0,1.E0,0.E0));
#1900=VECTOR('',#1899,1.75E-1);
#1901=CARTESIAN_POINT('',(-1.25E-1,0.E0,2.1E0));
#1902=LINE('',#1901,#1900);
#1903=CURVE_STYLE('',#33,POSITIVE_LENGTH_MEASURE(2.E-2),#6);
#1904=PRESENTATION_STYLE_ASSIGNMENT((#1903));
#1905=STYLED_ITEM('',(#1904),#1902);
#1906=DIRECTION('',(0.E0,-1.E0,0.E0));
#1907=VECTOR('',#1906,1.E-1);
#1908=CARTESIAN_POINT('',(-1.25E-1,1.75E-1,2.25E0));
#1909=LINE('',#1908,#1907);
#1910=CURVE_STYLE('',#33,POSITIVE_LENGTH_MEASURE(2.E-2),#6);
#1911=PRESENTATION_STYLE_ASSIGNMENT((#1910));
#1912=STYLED_ITEM('',(#1911),#1909);
#1913=DIRECTION('',(0.E0,1.E0,0.E0));
#1914=VECTOR('',#1913,1.75E-1);
#1915=CARTESIAN_POINT('',(1.25E-1,0.E0,2.1E0));
#1916=LINE('',#1915,#1914);
#1917=CURVE_STYLE('',#33,POSITIVE_LENGTH_MEASURE(2.E-2),#6);
#1918=PRESENTATION_STYLE_ASSIGNMENT((#1917));
#1919=STYLED_ITEM('',(#1918),#1916);
#1920=DIRECTION('',(0.E0,0.E0,-1.E0));
#1921=VECTOR('',#1920,5.E-2);
#1922=CARTESIAN_POINT('',(1.25E-1,7.5E-2,2.25E0));
#1923=LINE('',#1922,#1921);
#1924=CURVE_STYLE('',#33,POSITIVE_LENGTH_MEASURE(2.E-2),#6);
#1925=PRESENTATION_STYLE_ASSIGNMENT((#1924));
#1926=STYLED_ITEM('',(#1925),#1923);
#1927=DIRECTION('',(0.E0,1.E0,0.E0));
#1928=VECTOR('',#1927,1.E-1);
#1929=CARTESIAN_POINT('',(1.25E-1,7.5E-2,2.25E0));
#1930=LINE('',#1929,#1928);
#1931=CURVE_STYLE('',#33,POSITIVE_LENGTH_MEASURE(2.E-2),#6);
#1932=PRESENTATION_STYLE_ASSIGNMENT((#1931));
#1933=STYLED_ITEM('',(#1932),#1930);
#1934=DIRECTION('',(0.E0,1.E0,0.E0));
#1935=VECTOR('',#1934,7.5E-2);
#1936=CARTESIAN_POINT('',(1.25E-1,0.E0,2.2E0));
#1937=LINE('',#1936,#1935);
#1938=CURVE_STYLE('',#33,POSITIVE_LENGTH_MEASURE(2.E-2),#6);
#1939=PRESENTATION_STYLE_ASSIGNMENT((#1938));
#1940=STYLED_ITEM('',(#1939),#1937);
#1941=DIRECTION('',(0.E0,-1.E0,0.E0));
#1942=VECTOR('',#1941,1.15E-1);
#1943=CARTESIAN_POINT('',(1.2E0,1.75E-1,1.7E0));
#1944=LINE('',#1943,#1942);
#1945=CURVE_STYLE('',#33,POSITIVE_LENGTH_MEASURE(2.E-2),#6);
#1946=PRESENTATION_STYLE_ASSIGNMENT((#1945));
#1947=STYLED_ITEM('',(#1946),#1944);
#1948=DIRECTION('',(0.E0,1.E0,0.E0));
#1949=VECTOR('',#1948,1.15E-1);
#1950=CARTESIAN_POINT('',(-1.2E0,6.E-2,-1.7E0));
#1951=LINE('',#1950,#1949);
#1952=CURVE_STYLE('',#33,POSITIVE_LENGTH_MEASURE(2.E-2),#6);
#1953=PRESENTATION_STYLE_ASSIGNMENT((#1952));
#1954=STYLED_ITEM('',(#1953),#1951);
#1955=DIRECTION('',(0.E0,-1.E0,0.E0));
#1956=VECTOR('',#1955,1.15E-1);
#1957=CARTESIAN_POINT('',(1.2E0,1.75E-1,-1.7E0));
#1958=LINE('',#1957,#1956);
#1959=CURVE_STYLE('',#33,POSITIVE_LENGTH_MEASURE(2.E-2),#6);
#1960=PRESENTATION_STYLE_ASSIGNMENT((#1959));
#1961=STYLED_ITEM('',(#1960),#1958);
#1962=DIRECTION('',(0.E0,0.E0,1.E0));
#1963=VECTOR('',#1962,5.E-2);
#1964=CARTESIAN_POINT('',(-3.75E-1,7.5E-2,-2.25E0));
#1965=LINE('',#1964,#1963);
#1966=CURVE_STYLE('',#33,POSITIVE_LENGTH_MEASURE(2.E-2),#6);
#1967=PRESENTATION_STYLE_ASSIGNMENT((#1966));
#1968=STYLED_ITEM('',(#1967),#1965);
#1969=DIRECTION('',(0.E0,1.E0,0.E0));
#1970=VECTOR('',#1969,7.5E-2);
#1971=CARTESIAN_POINT('',(-3.75E-1,0.E0,-2.2E0));
#1972=LINE('',#1971,#1970);
#1973=CURVE_STYLE('',#33,POSITIVE_LENGTH_MEASURE(2.E-2),#6);
#1974=PRESENTATION_STYLE_ASSIGNMENT((#1973));
#1975=STYLED_ITEM('',(#1974),#1972);
#1976=DIRECTION('',(0.E0,1.E0,0.E0));
#1977=VECTOR('',#1976,1.15E-1);
#1978=CARTESIAN_POINT('',(-3.75E-1,6.E-2,-1.7E0));
#1979=LINE('',#1978,#1977);
#1980=CURVE_STYLE('',#33,POSITIVE_LENGTH_MEASURE(2.E-2),#6);
#1981=PRESENTATION_STYLE_ASSIGNMENT((#1980));
#1982=STYLED_ITEM('',(#1981),#1979);
#1983=DIRECTION('',(0.E0,-1.E0,0.E0));
#1984=VECTOR('',#1983,1.E-1);
#1985=CARTESIAN_POINT('',(-3.75E-1,1.75E-1,-2.25E0));
#1986=LINE('',#1985,#1984);
#1987=CURVE_STYLE('',#33,POSITIVE_LENGTH_MEASURE(2.E-2),#6);
#1988=PRESENTATION_STYLE_ASSIGNMENT((#1987));
#1989=STYLED_ITEM('',(#1988),#1986);
#1990=DIRECTION('',(0.E0,0.E0,-1.E0));
#1991=VECTOR('',#1990,5.E-2);
#1992=CARTESIAN_POINT('',(3.75E-1,7.5E-2,-2.2E0));
#1993=LINE('',#1992,#1991);
#1994=CURVE_STYLE('',#33,POSITIVE_LENGTH_MEASURE(2.E-2),#6);
#1995=PRESENTATION_STYLE_ASSIGNMENT((#1994));
#1996=STYLED_ITEM('',(#1995),#1993);
#1997=DIRECTION('',(0.E0,1.E0,0.E0));
#1998=VECTOR('',#1997,1.E-1);
#1999=CARTESIAN_POINT('',(3.75E-1,7.5E-2,-2.25E0));
#2000=LINE('',#1999,#1998);
#2001=CURVE_STYLE('',#33,POSITIVE_LENGTH_MEASURE(2.E-2),#6);
#2002=PRESENTATION_STYLE_ASSIGNMENT((#2001));
#2003=STYLED_ITEM('',(#2002),#2000);
#2004=DIRECTION('',(0.E0,-1.E0,0.E0));
#2005=VECTOR('',#2004,1.15E-1);
#2006=CARTESIAN_POINT('',(3.75E-1,1.75E-1,-1.7E0));
#2007=LINE('',#2006,#2005);
#2008=CURVE_STYLE('',#33,POSITIVE_LENGTH_MEASURE(2.E-2),#6);
#2009=PRESENTATION_STYLE_ASSIGNMENT((#2008));
#2010=STYLED_ITEM('',(#2009),#2007);
#2011=DIRECTION('',(0.E0,1.E0,0.E0));
#2012=VECTOR('',#2011,7.5E-2);
#2013=CARTESIAN_POINT('',(3.75E-1,0.E0,-2.2E0));
#2014=LINE('',#2013,#2012);
#2015=CURVE_STYLE('',#33,POSITIVE_LENGTH_MEASURE(2.E-2),#6);
#2016=PRESENTATION_STYLE_ASSIGNMENT((#2015));
#2017=STYLED_ITEM('',(#2016),#2014);
#2018=DIRECTION('',(0.E0,0.E0,1.E0));
#2019=VECTOR('',#2018,5.E-2);
#2020=CARTESIAN_POINT('',(1.25E-1,7.5E-2,-2.25E0));
#2021=LINE('',#2020,#2019);
#2022=CURVE_STYLE('',#33,POSITIVE_LENGTH_MEASURE(2.E-2),#6);
#2023=PRESENTATION_STYLE_ASSIGNMENT((#2022));
#2024=STYLED_ITEM('',(#2023),#2021);
#2025=DIRECTION('',(0.E0,1.E0,0.E0));
#2026=VECTOR('',#2025,7.5E-2);
#2027=CARTESIAN_POINT('',(1.25E-1,0.E0,-2.2E0));
#2028=LINE('',#2027,#2026);
#2029=CURVE_STYLE('',#33,POSITIVE_LENGTH_MEASURE(2.E-2),#6);
#2030=PRESENTATION_STYLE_ASSIGNMENT((#2029));
#2031=STYLED_ITEM('',(#2030),#2028);
#2032=DIRECTION('',(0.E0,-1.E0,0.E0));
#2033=VECTOR('',#2032,1.E-1);
#2034=CARTESIAN_POINT('',(1.25E-1,1.75E-1,-2.25E0));
#2035=LINE('',#2034,#2033);
#2036=CURVE_STYLE('',#33,POSITIVE_LENGTH_MEASURE(2.E-2),#6);
#2037=PRESENTATION_STYLE_ASSIGNMENT((#2036));
#2038=STYLED_ITEM('',(#2037),#2035);
#2039=DIRECTION('',(0.E0,-1.E0,0.E0));
#2040=VECTOR('',#2039,1.75E-1);
#2041=CARTESIAN_POINT('',(1.25E-1,1.75E-1,-2.1E0));
#2042=LINE('',#2041,#2040);
#2043=CURVE_STYLE('',#33,POSITIVE_LENGTH_MEASURE(2.E-2),#6);
#2044=PRESENTATION_STYLE_ASSIGNMENT((#2043));
#2045=STYLED_ITEM('',(#2044),#2042);
#2046=DIRECTION('',(0.E0,0.E0,-1.E0));
#2047=VECTOR('',#2046,5.E-2);
#2048=CARTESIAN_POINT('',(-1.25E-1,7.5E-2,-2.2E0));
#2049=LINE('',#2048,#2047);
#2050=CURVE_STYLE('',#33,POSITIVE_LENGTH_MEASURE(2.E-2),#6);
#2051=PRESENTATION_STYLE_ASSIGNMENT((#2050));
#2052=STYLED_ITEM('',(#2051),#2049);
#2053=DIRECTION('',(0.E0,1.E0,0.E0));
#2054=VECTOR('',#2053,1.E-1);
#2055=CARTESIAN_POINT('',(-1.25E-1,7.5E-2,-2.25E0));
#2056=LINE('',#2055,#2054);
#2057=CURVE_STYLE('',#33,POSITIVE_LENGTH_MEASURE(2.E-2),#6);
#2058=PRESENTATION_STYLE_ASSIGNMENT((#2057));
#2059=STYLED_ITEM('',(#2058),#2056);
#2060=DIRECTION('',(0.E0,-1.E0,0.E0));
#2061=VECTOR('',#2060,1.75E-1);
#2062=CARTESIAN_POINT('',(-1.25E-1,1.75E-1,-2.1E0));
#2063=LINE('',#2062,#2061);
#2064=CURVE_STYLE('',#33,POSITIVE_LENGTH_MEASURE(2.E-2),#6);
#2065=PRESENTATION_STYLE_ASSIGNMENT((#2064));
#2066=STYLED_ITEM('',(#2065),#2063);
#2067=DIRECTION('',(0.E0,1.E0,0.E0));
#2068=VECTOR('',#2067,7.5E-2);
#2069=CARTESIAN_POINT('',(-1.25E-1,0.E0,-2.2E0));
#2070=LINE('',#2069,#2068);
#2071=CURVE_STYLE('',#33,POSITIVE_LENGTH_MEASURE(2.E-2),#6);
#2072=PRESENTATION_STYLE_ASSIGNMENT((#2071));
#2073=STYLED_ITEM('',(#2072),#2070);
#2074=DIRECTION('',(0.E0,0.E0,1.E0));
#2075=VECTOR('',#2074,5.E-2);
#2076=CARTESIAN_POINT('',(-6.25E-1,7.5E-2,2.2E0));
#2077=LINE('',#2076,#2075);
#2078=CURVE_STYLE('',#33,POSITIVE_LENGTH_MEASURE(2.E-2),#6);
#2079=PRESENTATION_STYLE_ASSIGNMENT((#2078));
#2080=STYLED_ITEM('',(#2079),#2077);
#2081=DIRECTION('',(0.E0,-1.E0,0.E0));
#2082=VECTOR('',#2081,7.5E-2);
#2083=CARTESIAN_POINT('',(-6.25E-1,7.5E-2,2.2E0));
#2084=LINE('',#2083,#2082);
#2085=CURVE_STYLE('',#33,POSITIVE_LENGTH_MEASURE(2.E-2),#6);
#2086=PRESENTATION_STYLE_ASSIGNMENT((#2085));
#2087=STYLED_ITEM('',(#2086),#2084);
#2088=DIRECTION('',(0.E0,1.E0,0.E0));
#2089=VECTOR('',#2088,1.75E-1);
#2090=CARTESIAN_POINT('',(-6.25E-1,0.E0,1.975E0));
#2091=LINE('',#2090,#2089);
#2092=CURVE_STYLE('',#33,POSITIVE_LENGTH_MEASURE(2.E-2),#6);
#2093=PRESENTATION_STYLE_ASSIGNMENT((#2092));
#2094=STYLED_ITEM('',(#2093),#2091);
#2095=DIRECTION('',(0.E0,-1.E0,0.E0));
#2096=VECTOR('',#2095,1.E-1);
#2097=CARTESIAN_POINT('',(-6.25E-1,1.75E-1,2.25E0));
#2098=LINE('',#2097,#2096);
#2099=CURVE_STYLE('',#33,POSITIVE_LENGTH_MEASURE(2.E-2),#6);
#2100=PRESENTATION_STYLE_ASSIGNMENT((#2099));
#2101=STYLED_ITEM('',(#2100),#2098);
#2102=DIRECTION('',(0.E0,1.E0,0.E0));
#2103=VECTOR('',#2102,1.75E-1);
#2104=CARTESIAN_POINT('',(-8.75E-1,0.E0,1.975E0));
#2105=LINE('',#2104,#2103);
#2106=CURVE_STYLE('',#33,POSITIVE_LENGTH_MEASURE(2.E-2),#6);
#2107=PRESENTATION_STYLE_ASSIGNMENT((#2106));
#2108=STYLED_ITEM('',(#2107),#2105);
#2109=DIRECTION('',(0.E0,0.E0,-1.E0));
#2110=VECTOR('',#2109,5.E-2);
#2111=CARTESIAN_POINT('',(-8.75E-1,7.5E-2,2.25E0));
#2112=LINE('',#2111,#2110);
#2113=CURVE_STYLE('',#33,POSITIVE_LENGTH_MEASURE(2.E-2),#6);
#2114=PRESENTATION_STYLE_ASSIGNMENT((#2113));
#2115=STYLED_ITEM('',(#2114),#2112);
#2116=DIRECTION('',(0.E0,1.E0,0.E0));
#2117=VECTOR('',#2116,1.E-1);
#2118=CARTESIAN_POINT('',(-8.75E-1,7.5E-2,2.25E0));
#2119=LINE('',#2118,#2117);
#2120=CURVE_STYLE('',#33,POSITIVE_LENGTH_MEASURE(2.E-2),#6);
#2121=PRESENTATION_STYLE_ASSIGNMENT((#2120));
#2122=STYLED_ITEM('',(#2121),#2119);
#2123=DIRECTION('',(0.E0,1.E0,0.E0));
#2124=VECTOR('',#2123,7.5E-2);
#2125=CARTESIAN_POINT('',(-8.75E-1,0.E0,2.2E0));
#2126=LINE('',#2125,#2124);
#2127=CURVE_STYLE('',#33,POSITIVE_LENGTH_MEASURE(2.E-2),#6);
#2128=PRESENTATION_STYLE_ASSIGNMENT((#2127));
#2129=STYLED_ITEM('',(#2128),#2126);
#2130=DIRECTION('',(0.E0,0.E0,1.E0));
#2131=VECTOR('',#2130,2.75E-1);
#2132=CARTESIAN_POINT('',(-6.25E-1,1.75E-1,1.975E0));
#2133=LINE('',#2132,#2131);
#2134=CURVE_STYLE('',#33,POSITIVE_LENGTH_MEASURE(2.E-2),#6);
#2135=PRESENTATION_STYLE_ASSIGNMENT((#2134));
#2136=STYLED_ITEM('',(#2135),#2133);
#2137=CARTESIAN_POINT('',(-7.5E-1,1.75E-1,1.975E0));
#2138=DIRECTION('',(0.E0,-1.E0,0.E0));
#2139=DIRECTION('',(-1.E0,0.E0,0.E0));
#2140=AXIS2_PLACEMENT_3D('',#2137,#2138,#2139);
#2142=CURVE_STYLE('',#33,POSITIVE_LENGTH_MEASURE(2.E-2),#6);
#2143=PRESENTATION_STYLE_ASSIGNMENT((#2142));
#2144=STYLED_ITEM('',(#2143),#2141);
#2145=DIRECTION('',(0.E0,0.E0,-1.E0));
#2146=VECTOR('',#2145,2.75E-1);
#2147=CARTESIAN_POINT('',(-8.75E-1,1.75E-1,2.25E0));
#2148=LINE('',#2147,#2146);
#2149=CURVE_STYLE('',#33,POSITIVE_LENGTH_MEASURE(2.E-2),#6);
#2150=PRESENTATION_STYLE_ASSIGNMENT((#2149));
#2151=STYLED_ITEM('',(#2150),#2148);
#2152=DIRECTION('',(-1.E0,0.E0,0.E0));
#2153=VECTOR('',#2152,5.E-2);
#2154=CARTESIAN_POINT('',(1.75E0,7.5E-2,-1.875E0));
#2155=LINE('',#2154,#2153);
#2156=CURVE_STYLE('',#33,POSITIVE_LENGTH_MEASURE(2.E-2),#6);
#2157=PRESENTATION_STYLE_ASSIGNMENT((#2156));
#2158=STYLED_ITEM('',(#2157),#2155);
#2159=DIRECTION('',(0.E0,-1.E0,0.E0));
#2160=VECTOR('',#2159,7.5E-2);
#2161=CARTESIAN_POINT('',(1.7E0,7.5E-2,-1.875E0));
#2162=LINE('',#2161,#2160);
#2163=CURVE_STYLE('',#33,POSITIVE_LENGTH_MEASURE(2.E-2),#6);
#2164=PRESENTATION_STYLE_ASSIGNMENT((#2163));
#2165=STYLED_ITEM('',(#2164),#2162);
#2166=DIRECTION('',(0.E0,-1.E0,0.E0));
#2167=VECTOR('',#2166,1.E-1);
#2168=CARTESIAN_POINT('',(1.75E0,1.75E-1,-1.875E0));
#2169=LINE('',#2168,#2167);
#2170=CURVE_STYLE('',#33,POSITIVE_LENGTH_MEASURE(2.E-2),#6);
#2171=PRESENTATION_STYLE_ASSIGNMENT((#2170));
#2172=STYLED_ITEM('',(#2171),#2169);
#2173=DIRECTION('',(0.E0,-1.E0,0.E0));
#2174=VECTOR('',#2173,1.75E-1);
#2175=CARTESIAN_POINT('',(1.475E0,1.75E-1,-1.875E0));
#2176=LINE('',#2175,#2174);
#2177=CURVE_STYLE('',#33,POSITIVE_LENGTH_MEASURE(2.E-2),#6);
#2178=PRESENTATION_STYLE_ASSIGNMENT((#2177));
#2179=STYLED_ITEM('',(#2178),#2176);
#2180=DIRECTION('',(1.E0,0.E0,0.E0));
#2181=VECTOR('',#2180,5.E-2);
#2182=CARTESIAN_POINT('',(1.7E0,7.5E-2,-1.625E0));
#2183=LINE('',#2182,#2181);
#2184=CURVE_STYLE('',#33,POSITIVE_LENGTH_MEASURE(2.E-2),#6);
#2185=PRESENTATION_STYLE_ASSIGNMENT((#2184));
#2186=STYLED_ITEM('',(#2185),#2183);
#2187=DIRECTION('',(0.E0,1.E0,0.E0));
#2188=VECTOR('',#2187,1.E-1);
#2189=CARTESIAN_POINT('',(1.75E0,7.5E-2,-1.625E0));
#2190=LINE('',#2189,#2188);
#2191=CURVE_STYLE('',#33,POSITIVE_LENGTH_MEASURE(2.E-2),#6);
#2192=PRESENTATION_STYLE_ASSIGNMENT((#2191));
#2193=STYLED_ITEM('',(#2192),#2190);
#2194=DIRECTION('',(0.E0,-1.E0,0.E0));
#2195=VECTOR('',#2194,1.75E-1);
#2196=CARTESIAN_POINT('',(1.475E0,1.75E-1,-1.625E0));
#2197=LINE('',#2196,#2195);
#2198=CURVE_STYLE('',#33,POSITIVE_LENGTH_MEASURE(2.E-2),#6);
#2199=PRESENTATION_STYLE_ASSIGNMENT((#2198));
#2200=STYLED_ITEM('',(#2199),#2197);
#2201=DIRECTION('',(0.E0,1.E0,0.E0));
#2202=VECTOR('',#2201,7.5E-2);
#2203=CARTESIAN_POINT('',(1.7E0,0.E0,-1.625E0));
#2204=LINE('',#2203,#2202);
#2205=CURVE_STYLE('',#33,POSITIVE_LENGTH_MEASURE(2.E-2),#6);
#2206=PRESENTATION_STYLE_ASSIGNMENT((#2205));
#2207=STYLED_ITEM('',(#2206),#2204);
#2208=DIRECTION('',(-1.E0,0.E0,0.E0));
#2209=VECTOR('',#2208,2.75E-1);
#2210=CARTESIAN_POINT('',(1.75E0,1.75E-1,-1.875E0));
#2211=LINE('',#2210,#2209);
#2212=CURVE_STYLE('',#33,POSITIVE_LENGTH_MEASURE(2.E-2),#6);
#2213=PRESENTATION_STYLE_ASSIGNMENT((#2212));
#2214=STYLED_ITEM('',(#2213),#2211);
#2215=CARTESIAN_POINT('',(1.475E0,1.75E-1,-1.75E0));
#2216=DIRECTION('',(0.E0,1.E0,0.E0));
#2217=DIRECTION('',(0.E0,0.E0,-1.E0));
#2218=AXIS2_PLACEMENT_3D('',#2215,#2216,#2217);
#2220=CURVE_STYLE('',#33,POSITIVE_LENGTH_MEASURE(2.E-2),#6);
#2221=PRESENTATION_STYLE_ASSIGNMENT((#2220));
#2222=STYLED_ITEM('',(#2221),#2219);
#2223=DIRECTION('',(1.E0,0.E0,0.E0));
#2224=VECTOR('',#2223,2.75E-1);
#2225=CARTESIAN_POINT('',(1.475E0,1.75E-1,-1.625E0));
#2226=LINE('',#2225,#2224);
#2227=CURVE_STYLE('',#33,POSITIVE_LENGTH_MEASURE(2.E-2),#6);
#2228=PRESENTATION_STYLE_ASSIGNMENT((#2227));
#2229=STYLED_ITEM('',(#2228),#2226);
#2230=DIRECTION('',(-1.E0,0.E0,0.E0));
#2231=VECTOR('',#2230,5.E-2);
#2232=CARTESIAN_POINT('',(1.75E0,7.5E-2,-1.375E0));
#2233=LINE('',#2232,#2231);
#2234=CURVE_STYLE('',#33,POSITIVE_LENGTH_MEASURE(2.E-2),#6);
#2235=PRESENTATION_STYLE_ASSIGNMENT((#2234));
#2236=STYLED_ITEM('',(#2235),#2233);
#2237=DIRECTION('',(0.E0,-1.E0,0.E0));
#2238=VECTOR('',#2237,7.5E-2);
#2239=CARTESIAN_POINT('',(1.7E0,7.5E-2,-1.375E0));
#2240=LINE('',#2239,#2238);
#2241=CURVE_STYLE('',#33,POSITIVE_LENGTH_MEASURE(2.E-2),#6);
#2242=PRESENTATION_STYLE_ASSIGNMENT((#2241));
#2243=STYLED_ITEM('',(#2242),#2240);
#2244=DIRECTION('',(0.E0,-1.E0,0.E0));
#2245=VECTOR('',#2244,1.E-1);
#2246=CARTESIAN_POINT('',(1.75E0,1.75E-1,-1.375E0));
#2247=LINE('',#2246,#2245);
#2248=CURVE_STYLE('',#33,POSITIVE_LENGTH_MEASURE(2.E-2),#6);
#2249=PRESENTATION_STYLE_ASSIGNMENT((#2248));
#2250=STYLED_ITEM('',(#2249),#2247);
#2251=DIRECTION('',(0.E0,-1.E0,0.E0));
#2252=VECTOR('',#2251,1.75E-1);
#2253=CARTESIAN_POINT('',(1.475E0,1.75E-1,-1.375E0));
#2254=LINE('',#2253,#2252);
#2255=CURVE_STYLE('',#33,POSITIVE_LENGTH_MEASURE(2.E-2),#6);
#2256=PRESENTATION_STYLE_ASSIGNMENT((#2255));
#2257=STYLED_ITEM('',(#2256),#2254);
#2258=DIRECTION('',(1.E0,0.E0,0.E0));
#2259=VECTOR('',#2258,5.E-2);
#2260=CARTESIAN_POINT('',(1.7E0,7.5E-2,-1.125E0));
#2261=LINE('',#2260,#2259);
#2262=CURVE_STYLE('',#33,POSITIVE_LENGTH_MEASURE(2.E-2),#6);
#2263=PRESENTATION_STYLE_ASSIGNMENT((#2262));
#2264=STYLED_ITEM('',(#2263),#2261);
#2265=DIRECTION('',(0.E0,1.E0,0.E0));
#2266=VECTOR('',#2265,1.E-1);
#2267=CARTESIAN_POINT('',(1.75E0,7.5E-2,-1.125E0));
#2268=LINE('',#2267,#2266);
#2269=CURVE_STYLE('',#33,POSITIVE_LENGTH_MEASURE(2.E-2),#6);
#2270=PRESENTATION_STYLE_ASSIGNMENT((#2269));
#2271=STYLED_ITEM('',(#2270),#2268);
#2272=DIRECTION('',(0.E0,-1.E0,0.E0));
#2273=VECTOR('',#2272,1.75E-1);
#2274=CARTESIAN_POINT('',(1.475E0,1.75E-1,-1.125E0));
#2275=LINE('',#2274,#2273);
#2276=CURVE_STYLE('',#33,POSITIVE_LENGTH_MEASURE(2.E-2),#6);
#2277=PRESENTATION_STYLE_ASSIGNMENT((#2276));
#2278=STYLED_ITEM('',(#2277),#2275);
#2279=DIRECTION('',(0.E0,1.E0,0.E0));
#2280=VECTOR('',#2279,7.5E-2);
#2281=CARTESIAN_POINT('',(1.7E0,0.E0,-1.125E0));
#2282=LINE('',#2281,#2280);
#2283=CURVE_STYLE('',#33,POSITIVE_LENGTH_MEASURE(2.E-2),#6);
#2284=PRESENTATION_STYLE_ASSIGNMENT((#2283));
#2285=STYLED_ITEM('',(#2284),#2282);
#2286=DIRECTION('',(-1.E0,0.E0,0.E0));
#2287=VECTOR('',#2286,2.75E-1);
#2288=CARTESIAN_POINT('',(1.75E0,1.75E-1,-1.375E0));
#2289=LINE('',#2288,#2287);
#2290=CURVE_STYLE('',#33,POSITIVE_LENGTH_MEASURE(2.E-2),#6);
#2291=PRESENTATION_STYLE_ASSIGNMENT((#2290));
#2292=STYLED_ITEM('',(#2291),#2289);
#2293=CARTESIAN_POINT('',(1.475E0,1.75E-1,-1.25E0));
#2294=DIRECTION('',(0.E0,1.E0,0.E0));
#2295=DIRECTION('',(0.E0,0.E0,-1.E0));
#2296=AXIS2_PLACEMENT_3D('',#2293,#2294,#2295);
#2298=CURVE_STYLE('',#33,POSITIVE_LENGTH_MEASURE(2.E-2),#6);
#2299=PRESENTATION_STYLE_ASSIGNMENT((#2298));
#2300=STYLED_ITEM('',(#2299),#2297);
#2301=DIRECTION('',(1.E0,0.E0,0.E0));
#2302=VECTOR('',#2301,2.75E-1);
#2303=CARTESIAN_POINT('',(1.475E0,1.75E-1,-1.125E0));
#2304=LINE('',#2303,#2302);
#2305=CURVE_STYLE('',#33,POSITIVE_LENGTH_MEASURE(2.E-2),#6);
#2306=PRESENTATION_STYLE_ASSIGNMENT((#2305));
#2307=STYLED_ITEM('',(#2306),#2304);
#2308=DIRECTION('',(-1.E0,0.E0,0.E0));
#2309=VECTOR('',#2308,5.E-2);
#2310=CARTESIAN_POINT('',(1.75E0,7.5E-2,-8.75E-1));
#2311=LINE('',#2310,#2309);
#2312=CURVE_STYLE('',#33,POSITIVE_LENGTH_MEASURE(2.E-2),#6);
#2313=PRESENTATION_STYLE_ASSIGNMENT((#2312));
#2314=STYLED_ITEM('',(#2313),#2311);
#2315=DIRECTION('',(0.E0,-1.E0,0.E0));
#2316=VECTOR('',#2315,7.5E-2);
#2317=CARTESIAN_POINT('',(1.7E0,7.5E-2,-8.75E-1));
#2318=LINE('',#2317,#2316);
#2319=CURVE_STYLE('',#33,POSITIVE_LENGTH_MEASURE(2.E-2),#6);
#2320=PRESENTATION_STYLE_ASSIGNMENT((#2319));
#2321=STYLED_ITEM('',(#2320),#2318);
#2322=DIRECTION('',(0.E0,-1.E0,0.E0));
#2323=VECTOR('',#2322,1.E-1);
#2324=CARTESIAN_POINT('',(1.75E0,1.75E-1,-8.75E-1));
#2325=LINE('',#2324,#2323);
#2326=CURVE_STYLE('',#33,POSITIVE_LENGTH_MEASURE(2.E-2),#6);
#2327=PRESENTATION_STYLE_ASSIGNMENT((#2326));
#2328=STYLED_ITEM('',(#2327),#2325);
#2329=DIRECTION('',(0.E0,-1.E0,0.E0));
#2330=VECTOR('',#2329,1.75E-1);
#2331=CARTESIAN_POINT('',(1.475E0,1.75E-1,-8.75E-1));
#2332=LINE('',#2331,#2330);
#2333=CURVE_STYLE('',#33,POSITIVE_LENGTH_MEASURE(2.E-2),#6);
#2334=PRESENTATION_STYLE_ASSIGNMENT((#2333));
#2335=STYLED_ITEM('',(#2334),#2332);
#2336=DIRECTION('',(1.E0,0.E0,0.E0));
#2337=VECTOR('',#2336,5.E-2);
#2338=CARTESIAN_POINT('',(1.7E0,7.5E-2,-6.25E-1));
#2339=LINE('',#2338,#2337);
#2340=CURVE_STYLE('',#33,POSITIVE_LENGTH_MEASURE(2.E-2),#6);
#2341=PRESENTATION_STYLE_ASSIGNMENT((#2340));
#2342=STYLED_ITEM('',(#2341),#2339);
#2343=DIRECTION('',(0.E0,1.E0,0.E0));
#2344=VECTOR('',#2343,1.E-1);
#2345=CARTESIAN_POINT('',(1.75E0,7.5E-2,-6.25E-1));
#2346=LINE('',#2345,#2344);
#2347=CURVE_STYLE('',#33,POSITIVE_LENGTH_MEASURE(2.E-2),#6);
#2348=PRESENTATION_STYLE_ASSIGNMENT((#2347));
#2349=STYLED_ITEM('',(#2348),#2346);
#2350=DIRECTION('',(0.E0,-1.E0,0.E0));
#2351=VECTOR('',#2350,1.75E-1);
#2352=CARTESIAN_POINT('',(1.475E0,1.75E-1,-6.25E-1));
#2353=LINE('',#2352,#2351);
#2354=CURVE_STYLE('',#33,POSITIVE_LENGTH_MEASURE(2.E-2),#6);
#2355=PRESENTATION_STYLE_ASSIGNMENT((#2354));
#2356=STYLED_ITEM('',(#2355),#2353);
#2357=DIRECTION('',(0.E0,1.E0,0.E0));
#2358=VECTOR('',#2357,7.5E-2);
#2359=CARTESIAN_POINT('',(1.7E0,0.E0,-6.25E-1));
#2360=LINE('',#2359,#2358);
#2361=CURVE_STYLE('',#33,POSITIVE_LENGTH_MEASURE(2.E-2),#6);
#2362=PRESENTATION_STYLE_ASSIGNMENT((#2361));
#2363=STYLED_ITEM('',(#2362),#2360);
#2364=DIRECTION('',(-1.E0,0.E0,0.E0));
#2365=VECTOR('',#2364,2.75E-1);
#2366=CARTESIAN_POINT('',(1.75E0,1.75E-1,-8.75E-1));
#2367=LINE('',#2366,#2365);
#2368=CURVE_STYLE('',#33,POSITIVE_LENGTH_MEASURE(2.E-2),#6);
#2369=PRESENTATION_STYLE_ASSIGNMENT((#2368));
#2370=STYLED_ITEM('',(#2369),#2367);
#2371=CARTESIAN_POINT('',(1.475E0,1.75E-1,-7.5E-1));
#2372=DIRECTION('',(0.E0,1.E0,0.E0));
#2373=DIRECTION('',(0.E0,0.E0,-1.E0));
#2374=AXIS2_PLACEMENT_3D('',#2371,#2372,#2373);
#2376=CURVE_STYLE('',#33,POSITIVE_LENGTH_MEASURE(2.E-2),#6);
#2377=PRESENTATION_STYLE_ASSIGNMENT((#2376));
#2378=STYLED_ITEM('',(#2377),#2375);
#2379=DIRECTION('',(1.E0,0.E0,0.E0));
#2380=VECTOR('',#2379,2.75E-1);
#2381=CARTESIAN_POINT('',(1.475E0,1.75E-1,-6.25E-1));
#2382=LINE('',#2381,#2380);
#2383=CURVE_STYLE('',#33,POSITIVE_LENGTH_MEASURE(2.E-2),#6);
#2384=PRESENTATION_STYLE_ASSIGNMENT((#2383));
#2385=STYLED_ITEM('',(#2384),#2382);
#2386=DIRECTION('',(-1.E0,0.E0,0.E0));
#2387=VECTOR('',#2386,5.E-2);
#2388=CARTESIAN_POINT('',(1.75E0,7.5E-2,-3.75E-1));
#2389=LINE('',#2388,#2387);
#2390=CURVE_STYLE('',#33,POSITIVE_LENGTH_MEASURE(2.E-2),#6);
#2391=PRESENTATION_STYLE_ASSIGNMENT((#2390));
#2392=STYLED_ITEM('',(#2391),#2389);
#2393=DIRECTION('',(0.E0,-1.E0,0.E0));
#2394=VECTOR('',#2393,7.5E-2);
#2395=CARTESIAN_POINT('',(1.7E0,7.5E-2,-3.75E-1));
#2396=LINE('',#2395,#2394);
#2397=CURVE_STYLE('',#33,POSITIVE_LENGTH_MEASURE(2.E-2),#6);
#2398=PRESENTATION_STYLE_ASSIGNMENT((#2397));
#2399=STYLED_ITEM('',(#2398),#2396);
#2400=DIRECTION('',(0.E0,-1.E0,0.E0));
#2401=VECTOR('',#2400,1.E-1);
#2402=CARTESIAN_POINT('',(1.75E0,1.75E-1,-3.75E-1));
#2403=LINE('',#2402,#2401);
#2404=CURVE_STYLE('',#33,POSITIVE_LENGTH_MEASURE(2.E-2),#6);
#2405=PRESENTATION_STYLE_ASSIGNMENT((#2404));
#2406=STYLED_ITEM('',(#2405),#2403);
#2407=DIRECTION('',(0.E0,-1.E0,0.E0));
#2408=VECTOR('',#2407,1.75E-1);
#2409=CARTESIAN_POINT('',(1.475E0,1.75E-1,-3.75E-1));
#2410=LINE('',#2409,#2408);
#2411=CURVE_STYLE('',#33,POSITIVE_LENGTH_MEASURE(2.E-2),#6);
#2412=PRESENTATION_STYLE_ASSIGNMENT((#2411));
#2413=STYLED_ITEM('',(#2412),#2410);
#2414=DIRECTION('',(1.E0,0.E0,0.E0));
#2415=VECTOR('',#2414,5.E-2);
#2416=CARTESIAN_POINT('',(1.7E0,7.5E-2,-1.25E-1));
#2417=LINE('',#2416,#2415);
#2418=CURVE_STYLE('',#33,POSITIVE_LENGTH_MEASURE(2.E-2),#6);
#2419=PRESENTATION_STYLE_ASSIGNMENT((#2418));
#2420=STYLED_ITEM('',(#2419),#2417);
#2421=DIRECTION('',(0.E0,1.E0,0.E0));
#2422=VECTOR('',#2421,1.E-1);
#2423=CARTESIAN_POINT('',(1.75E0,7.5E-2,-1.25E-1));
#2424=LINE('',#2423,#2422);
#2425=CURVE_STYLE('',#33,POSITIVE_LENGTH_MEASURE(2.E-2),#6);
#2426=PRESENTATION_STYLE_ASSIGNMENT((#2425));
#2427=STYLED_ITEM('',(#2426),#2424);
#2428=DIRECTION('',(0.E0,-1.E0,0.E0));
#2429=VECTOR('',#2428,1.75E-1);
#2430=CARTESIAN_POINT('',(1.475E0,1.75E-1,-1.25E-1));
#2431=LINE('',#2430,#2429);
#2432=CURVE_STYLE('',#33,POSITIVE_LENGTH_MEASURE(2.E-2),#6);
#2433=PRESENTATION_STYLE_ASSIGNMENT((#2432));
#2434=STYLED_ITEM('',(#2433),#2431);
#2435=DIRECTION('',(0.E0,1.E0,0.E0));
#2436=VECTOR('',#2435,7.5E-2);
#2437=CARTESIAN_POINT('',(1.7E0,0.E0,-1.25E-1));
#2438=LINE('',#2437,#2436);
#2439=CURVE_STYLE('',#33,POSITIVE_LENGTH_MEASURE(2.E-2),#6);
#2440=PRESENTATION_STYLE_ASSIGNMENT((#2439));
#2441=STYLED_ITEM('',(#2440),#2438);
#2442=DIRECTION('',(-1.E0,0.E0,0.E0));
#2443=VECTOR('',#2442,2.75E-1);
#2444=CARTESIAN_POINT('',(1.75E0,1.75E-1,-3.75E-1));
#2445=LINE('',#2444,#2443);
#2446=CURVE_STYLE('',#33,POSITIVE_LENGTH_MEASURE(2.E-2),#6);
#2447=PRESENTATION_STYLE_ASSIGNMENT((#2446));
#2448=STYLED_ITEM('',(#2447),#2445);
#2449=CARTESIAN_POINT('',(1.475E0,1.75E-1,-2.5E-1));
#2450=DIRECTION('',(0.E0,1.E0,0.E0));
#2451=DIRECTION('',(0.E0,0.E0,-1.E0));
#2452=AXIS2_PLACEMENT_3D('',#2449,#2450,#2451);
#2454=CURVE_STYLE('',#33,POSITIVE_LENGTH_MEASURE(2.E-2),#6);
#2455=PRESENTATION_STYLE_ASSIGNMENT((#2454));
#2456=STYLED_ITEM('',(#2455),#2453);
#2457=DIRECTION('',(1.E0,0.E0,0.E0));
#2458=VECTOR('',#2457,2.75E-1);
#2459=CARTESIAN_POINT('',(1.475E0,1.75E-1,-1.25E-1));
#2460=LINE('',#2459,#2458);
#2461=CURVE_STYLE('',#33,POSITIVE_LENGTH_MEASURE(2.E-2),#6);
#2462=PRESENTATION_STYLE_ASSIGNMENT((#2461));
#2463=STYLED_ITEM('',(#2462),#2460);
#2464=DIRECTION('',(-1.E0,0.E0,0.E0));
#2465=VECTOR('',#2464,5.E-2);
#2466=CARTESIAN_POINT('',(1.75E0,7.5E-2,1.25E-1));
#2467=LINE('',#2466,#2465);
#2468=CURVE_STYLE('',#33,POSITIVE_LENGTH_MEASURE(2.E-2),#6);
#2469=PRESENTATION_STYLE_ASSIGNMENT((#2468));
#2470=STYLED_ITEM('',(#2469),#2467);
#2471=DIRECTION('',(0.E0,-1.E0,0.E0));
#2472=VECTOR('',#2471,7.5E-2);
#2473=CARTESIAN_POINT('',(1.7E0,7.5E-2,1.25E-1));
#2474=LINE('',#2473,#2472);
#2475=CURVE_STYLE('',#33,POSITIVE_LENGTH_MEASURE(2.E-2),#6);
#2476=PRESENTATION_STYLE_ASSIGNMENT((#2475));
#2477=STYLED_ITEM('',(#2476),#2474);
#2478=DIRECTION('',(0.E0,-1.E0,0.E0));
#2479=VECTOR('',#2478,1.E-1);
#2480=CARTESIAN_POINT('',(1.75E0,1.75E-1,1.25E-1));
#2481=LINE('',#2480,#2479);
#2482=CURVE_STYLE('',#33,POSITIVE_LENGTH_MEASURE(2.E-2),#6);
#2483=PRESENTATION_STYLE_ASSIGNMENT((#2482));
#2484=STYLED_ITEM('',(#2483),#2481);
#2485=DIRECTION('',(0.E0,-1.E0,0.E0));
#2486=VECTOR('',#2485,1.75E-1);
#2487=CARTESIAN_POINT('',(1.475E0,1.75E-1,1.25E-1));
#2488=LINE('',#2487,#2486);
#2489=CURVE_STYLE('',#33,POSITIVE_LENGTH_MEASURE(2.E-2),#6);
#2490=PRESENTATION_STYLE_ASSIGNMENT((#2489));
#2491=STYLED_ITEM('',(#2490),#2488);
#2492=DIRECTION('',(1.E0,0.E0,0.E0));
#2493=VECTOR('',#2492,5.E-2);
#2494=CARTESIAN_POINT('',(1.7E0,7.5E-2,3.75E-1));
#2495=LINE('',#2494,#2493);
#2496=CURVE_STYLE('',#33,POSITIVE_LENGTH_MEASURE(2.E-2),#6);
#2497=PRESENTATION_STYLE_ASSIGNMENT((#2496));
#2498=STYLED_ITEM('',(#2497),#2495);
#2499=DIRECTION('',(0.E0,1.E0,0.E0));
#2500=VECTOR('',#2499,1.E-1);
#2501=CARTESIAN_POINT('',(1.75E0,7.5E-2,3.75E-1));
#2502=LINE('',#2501,#2500);
#2503=CURVE_STYLE('',#33,POSITIVE_LENGTH_MEASURE(2.E-2),#6);
#2504=PRESENTATION_STYLE_ASSIGNMENT((#2503));
#2505=STYLED_ITEM('',(#2504),#2502);
#2506=DIRECTION('',(0.E0,-1.E0,0.E0));
#2507=VECTOR('',#2506,1.75E-1);
#2508=CARTESIAN_POINT('',(1.475E0,1.75E-1,3.75E-1));
#2509=LINE('',#2508,#2507);
#2510=CURVE_STYLE('',#33,POSITIVE_LENGTH_MEASURE(2.E-2),#6);
#2511=PRESENTATION_STYLE_ASSIGNMENT((#2510));
#2512=STYLED_ITEM('',(#2511),#2509);
#2513=DIRECTION('',(0.E0,1.E0,0.E0));
#2514=VECTOR('',#2513,7.5E-2);
#2515=CARTESIAN_POINT('',(1.7E0,0.E0,3.75E-1));
#2516=LINE('',#2515,#2514);
#2517=CURVE_STYLE('',#33,POSITIVE_LENGTH_MEASURE(2.E-2),#6);
#2518=PRESENTATION_STYLE_ASSIGNMENT((#2517));
#2519=STYLED_ITEM('',(#2518),#2516);
#2520=DIRECTION('',(-1.E0,0.E0,0.E0));
#2521=VECTOR('',#2520,2.75E-1);
#2522=CARTESIAN_POINT('',(1.75E0,1.75E-1,1.25E-1));
#2523=LINE('',#2522,#2521);
#2524=CURVE_STYLE('',#33,POSITIVE_LENGTH_MEASURE(2.E-2),#6);
#2525=PRESENTATION_STYLE_ASSIGNMENT((#2524));
#2526=STYLED_ITEM('',(#2525),#2523);
#2527=CARTESIAN_POINT('',(1.475E0,1.75E-1,2.5E-1));
#2528=DIRECTION('',(0.E0,1.E0,0.E0));
#2529=DIRECTION('',(0.E0,0.E0,-1.E0));
#2530=AXIS2_PLACEMENT_3D('',#2527,#2528,#2529);
#2532=CURVE_STYLE('',#33,POSITIVE_LENGTH_MEASURE(2.E-2),#6);
#2533=PRESENTATION_STYLE_ASSIGNMENT((#2532));
#2534=STYLED_ITEM('',(#2533),#2531);
#2535=DIRECTION('',(1.E0,0.E0,0.E0));
#2536=VECTOR('',#2535,2.75E-1);
#2537=CARTESIAN_POINT('',(1.475E0,1.75E-1,3.75E-1));
#2538=LINE('',#2537,#2536);
#2539=CURVE_STYLE('',#33,POSITIVE_LENGTH_MEASURE(2.E-2),#6);
#2540=PRESENTATION_STYLE_ASSIGNMENT((#2539));
#2541=STYLED_ITEM('',(#2540),#2538);
#2542=DIRECTION('',(-1.E0,0.E0,0.E0));
#2543=VECTOR('',#2542,5.E-2);
#2544=CARTESIAN_POINT('',(1.75E0,7.5E-2,6.25E-1));
#2545=LINE('',#2544,#2543);
#2546=CURVE_STYLE('',#33,POSITIVE_LENGTH_MEASURE(2.E-2),#6);
#2547=PRESENTATION_STYLE_ASSIGNMENT((#2546));
#2548=STYLED_ITEM('',(#2547),#2545);
#2549=DIRECTION('',(0.E0,-1.E0,0.E0));
#2550=VECTOR('',#2549,7.5E-2);
#2551=CARTESIAN_POINT('',(1.7E0,7.5E-2,6.25E-1));
#2552=LINE('',#2551,#2550);
#2553=CURVE_STYLE('',#33,POSITIVE_LENGTH_MEASURE(2.E-2),#6);
#2554=PRESENTATION_STYLE_ASSIGNMENT((#2553));
#2555=STYLED_ITEM('',(#2554),#2552);
#2556=DIRECTION('',(0.E0,-1.E0,0.E0));
#2557=VECTOR('',#2556,1.E-1);
#2558=CARTESIAN_POINT('',(1.75E0,1.75E-1,6.25E-1));
#2559=LINE('',#2558,#2557);
#2560=CURVE_STYLE('',#33,POSITIVE_LENGTH_MEASURE(2.E-2),#6);
#2561=PRESENTATION_STYLE_ASSIGNMENT((#2560));
#2562=STYLED_ITEM('',(#2561),#2559);
#2563=DIRECTION('',(0.E0,-1.E0,0.E0));
#2564=VECTOR('',#2563,1.75E-1);
#2565=CARTESIAN_POINT('',(1.475E0,1.75E-1,6.25E-1));
#2566=LINE('',#2565,#2564);
#2567=CURVE_STYLE('',#33,POSITIVE_LENGTH_MEASURE(2.E-2),#6);
#2568=PRESENTATION_STYLE_ASSIGNMENT((#2567));
#2569=STYLED_ITEM('',(#2568),#2566);
#2570=DIRECTION('',(1.E0,0.E0,0.E0));
#2571=VECTOR('',#2570,5.E-2);
#2572=CARTESIAN_POINT('',(1.7E0,7.5E-2,8.75E-1));
#2573=LINE('',#2572,#2571);
#2574=CURVE_STYLE('',#33,POSITIVE_LENGTH_MEASURE(2.E-2),#6);
#2575=PRESENTATION_STYLE_ASSIGNMENT((#2574));
#2576=STYLED_ITEM('',(#2575),#2573);
#2577=DIRECTION('',(0.E0,1.E0,0.E0));
#2578=VECTOR('',#2577,1.E-1);
#2579=CARTESIAN_POINT('',(1.75E0,7.5E-2,8.75E-1));
#2580=LINE('',#2579,#2578);
#2581=CURVE_STYLE('',#33,POSITIVE_LENGTH_MEASURE(2.E-2),#6);
#2582=PRESENTATION_STYLE_ASSIGNMENT((#2581));
#2583=STYLED_ITEM('',(#2582),#2580);
#2584=DIRECTION('',(0.E0,-1.E0,0.E0));
#2585=VECTOR('',#2584,1.75E-1);
#2586=CARTESIAN_POINT('',(1.475E0,1.75E-1,8.75E-1));
#2587=LINE('',#2586,#2585);
#2588=CURVE_STYLE('',#33,POSITIVE_LENGTH_MEASURE(2.E-2),#6);
#2589=PRESENTATION_STYLE_ASSIGNMENT((#2588));
#2590=STYLED_ITEM('',(#2589),#2587);
#2591=DIRECTION('',(0.E0,1.E0,0.E0));
#2592=VECTOR('',#2591,7.5E-2);
#2593=CARTESIAN_POINT('',(1.7E0,0.E0,8.75E-1));
#2594=LINE('',#2593,#2592);
#2595=CURVE_STYLE('',#33,POSITIVE_LENGTH_MEASURE(2.E-2),#6);
#2596=PRESENTATION_STYLE_ASSIGNMENT((#2595));
#2597=STYLED_ITEM('',(#2596),#2594);
#2598=DIRECTION('',(-1.E0,0.E0,0.E0));
#2599=VECTOR('',#2598,2.75E-1);
#2600=CARTESIAN_POINT('',(1.75E0,1.75E-1,6.25E-1));
#2601=LINE('',#2600,#2599);
#2602=CURVE_STYLE('',#33,POSITIVE_LENGTH_MEASURE(2.E-2),#6);
#2603=PRESENTATION_STYLE_ASSIGNMENT((#2602));
#2604=STYLED_ITEM('',(#2603),#2601);
#2605=CARTESIAN_POINT('',(1.475E0,1.75E-1,7.5E-1));
#2606=DIRECTION('',(0.E0,1.E0,0.E0));
#2607=DIRECTION('',(0.E0,0.E0,-1.E0));
#2608=AXIS2_PLACEMENT_3D('',#2605,#2606,#2607);
#2610=CURVE_STYLE('',#33,POSITIVE_LENGTH_MEASURE(2.E-2),#6);
#2611=PRESENTATION_STYLE_ASSIGNMENT((#2610));
#2612=STYLED_ITEM('',(#2611),#2609);
#2613=DIRECTION('',(1.E0,0.E0,0.E0));
#2614=VECTOR('',#2613,2.75E-1);
#2615=CARTESIAN_POINT('',(1.475E0,1.75E-1,8.75E-1));
#2616=LINE('',#2615,#2614);
#2617=CURVE_STYLE('',#33,POSITIVE_LENGTH_MEASURE(2.E-2),#6);
#2618=PRESENTATION_STYLE_ASSIGNMENT((#2617));
#2619=STYLED_ITEM('',(#2618),#2616);
#2620=DIRECTION('',(-1.E0,0.E0,0.E0));
#2621=VECTOR('',#2620,5.E-2);
#2622=CARTESIAN_POINT('',(1.75E0,7.5E-2,1.125E0));
#2623=LINE('',#2622,#2621);
#2624=CURVE_STYLE('',#33,POSITIVE_LENGTH_MEASURE(2.E-2),#6);
#2625=PRESENTATION_STYLE_ASSIGNMENT((#2624));
#2626=STYLED_ITEM('',(#2625),#2623);
#2627=DIRECTION('',(0.E0,-1.E0,0.E0));
#2628=VECTOR('',#2627,7.5E-2);
#2629=CARTESIAN_POINT('',(1.7E0,7.5E-2,1.125E0));
#2630=LINE('',#2629,#2628);
#2631=CURVE_STYLE('',#33,POSITIVE_LENGTH_MEASURE(2.E-2),#6);
#2632=PRESENTATION_STYLE_ASSIGNMENT((#2631));
#2633=STYLED_ITEM('',(#2632),#2630);
#2634=DIRECTION('',(0.E0,-1.E0,0.E0));
#2635=VECTOR('',#2634,1.E-1);
#2636=CARTESIAN_POINT('',(1.75E0,1.75E-1,1.125E0));
#2637=LINE('',#2636,#2635);
#2638=CURVE_STYLE('',#33,POSITIVE_LENGTH_MEASURE(2.E-2),#6);
#2639=PRESENTATION_STYLE_ASSIGNMENT((#2638));
#2640=STYLED_ITEM('',(#2639),#2637);
#2641=DIRECTION('',(0.E0,-1.E0,0.E0));
#2642=VECTOR('',#2641,1.75E-1);
#2643=CARTESIAN_POINT('',(1.475E0,1.75E-1,1.125E0));
#2644=LINE('',#2643,#2642);
#2645=CURVE_STYLE('',#33,POSITIVE_LENGTH_MEASURE(2.E-2),#6);
#2646=PRESENTATION_STYLE_ASSIGNMENT((#2645));
#2647=STYLED_ITEM('',(#2646),#2644);
#2648=DIRECTION('',(1.E0,0.E0,0.E0));
#2649=VECTOR('',#2648,5.E-2);
#2650=CARTESIAN_POINT('',(1.7E0,7.5E-2,1.375E0));
#2651=LINE('',#2650,#2649);
#2652=CURVE_STYLE('',#33,POSITIVE_LENGTH_MEASURE(2.E-2),#6);
#2653=PRESENTATION_STYLE_ASSIGNMENT((#2652));
#2654=STYLED_ITEM('',(#2653),#2651);
#2655=DIRECTION('',(0.E0,1.E0,0.E0));
#2656=VECTOR('',#2655,1.E-1);
#2657=CARTESIAN_POINT('',(1.75E0,7.5E-2,1.375E0));
#2658=LINE('',#2657,#2656);
#2659=CURVE_STYLE('',#33,POSITIVE_LENGTH_MEASURE(2.E-2),#6);
#2660=PRESENTATION_STYLE_ASSIGNMENT((#2659));
#2661=STYLED_ITEM('',(#2660),#2658);
#2662=DIRECTION('',(0.E0,-1.E0,0.E0));
#2663=VECTOR('',#2662,1.75E-1);
#2664=CARTESIAN_POINT('',(1.475E0,1.75E-1,1.375E0));
#2665=LINE('',#2664,#2663);
#2666=CURVE_STYLE('',#33,POSITIVE_LENGTH_MEASURE(2.E-2),#6);
#2667=PRESENTATION_STYLE_ASSIGNMENT((#2666));
#2668=STYLED_ITEM('',(#2667),#2665);
#2669=DIRECTION('',(0.E0,1.E0,0.E0));
#2670=VECTOR('',#2669,7.5E-2);
#2671=CARTESIAN_POINT('',(1.7E0,0.E0,1.375E0));
#2672=LINE('',#2671,#2670);
#2673=CURVE_STYLE('',#33,POSITIVE_LENGTH_MEASURE(2.E-2),#6);
#2674=PRESENTATION_STYLE_ASSIGNMENT((#2673));
#2675=STYLED_ITEM('',(#2674),#2672);
#2676=DIRECTION('',(-1.E0,0.E0,0.E0));
#2677=VECTOR('',#2676,2.75E-1);
#2678=CARTESIAN_POINT('',(1.75E0,1.75E-1,1.125E0));
#2679=LINE('',#2678,#2677);
#2680=CURVE_STYLE('',#33,POSITIVE_LENGTH_MEASURE(2.E-2),#6);
#2681=PRESENTATION_STYLE_ASSIGNMENT((#2680));
#2682=STYLED_ITEM('',(#2681),#2679);
#2683=CARTESIAN_POINT('',(1.475E0,1.75E-1,1.25E0));
#2684=DIRECTION('',(0.E0,1.E0,0.E0));
#2685=DIRECTION('',(0.E0,0.E0,-1.E0));
#2686=AXIS2_PLACEMENT_3D('',#2683,#2684,#2685);
#2688=CURVE_STYLE('',#33,POSITIVE_LENGTH_MEASURE(2.E-2),#6);
#2689=PRESENTATION_STYLE_ASSIGNMENT((#2688));
#2690=STYLED_ITEM('',(#2689),#2687);
#2691=DIRECTION('',(1.E0,0.E0,0.E0));
#2692=VECTOR('',#2691,2.75E-1);
#2693=CARTESIAN_POINT('',(1.475E0,1.75E-1,1.375E0));
#2694=LINE('',#2693,#2692);
#2695=CURVE_STYLE('',#33,POSITIVE_LENGTH_MEASURE(2.E-2),#6);
#2696=PRESENTATION_STYLE_ASSIGNMENT((#2695));
#2697=STYLED_ITEM('',(#2696),#2694);
#2698=DIRECTION('',(-1.E0,0.E0,0.E0));
#2699=VECTOR('',#2698,5.E-2);
#2700=CARTESIAN_POINT('',(1.75E0,7.5E-2,1.625E0));
#2701=LINE('',#2700,#2699);
#2702=CURVE_STYLE('',#33,POSITIVE_LENGTH_MEASURE(2.E-2),#6);
#2703=PRESENTATION_STYLE_ASSIGNMENT((#2702));
#2704=STYLED_ITEM('',(#2703),#2701);
#2705=DIRECTION('',(0.E0,-1.E0,0.E0));
#2706=VECTOR('',#2705,7.5E-2);
#2707=CARTESIAN_POINT('',(1.7E0,7.5E-2,1.625E0));
#2708=LINE('',#2707,#2706);
#2709=CURVE_STYLE('',#33,POSITIVE_LENGTH_MEASURE(2.E-2),#6);
#2710=PRESENTATION_STYLE_ASSIGNMENT((#2709));
#2711=STYLED_ITEM('',(#2710),#2708);
#2712=DIRECTION('',(0.E0,-1.E0,0.E0));
#2713=VECTOR('',#2712,1.E-1);
#2714=CARTESIAN_POINT('',(1.75E0,1.75E-1,1.625E0));
#2715=LINE('',#2714,#2713);
#2716=CURVE_STYLE('',#33,POSITIVE_LENGTH_MEASURE(2.E-2),#6);
#2717=PRESENTATION_STYLE_ASSIGNMENT((#2716));
#2718=STYLED_ITEM('',(#2717),#2715);
#2719=DIRECTION('',(0.E0,-1.E0,0.E0));
#2720=VECTOR('',#2719,1.75E-1);
#2721=CARTESIAN_POINT('',(1.475E0,1.75E-1,1.625E0));
#2722=LINE('',#2721,#2720);
#2723=CURVE_STYLE('',#33,POSITIVE_LENGTH_MEASURE(2.E-2),#6);
#2724=PRESENTATION_STYLE_ASSIGNMENT((#2723));
#2725=STYLED_ITEM('',(#2724),#2722);
#2726=DIRECTION('',(1.E0,0.E0,0.E0));
#2727=VECTOR('',#2726,5.E-2);
#2728=CARTESIAN_POINT('',(1.7E0,7.5E-2,1.875E0));
#2729=LINE('',#2728,#2727);
#2730=CURVE_STYLE('',#33,POSITIVE_LENGTH_MEASURE(2.E-2),#6);
#2731=PRESENTATION_STYLE_ASSIGNMENT((#2730));
#2732=STYLED_ITEM('',(#2731),#2729);
#2733=DIRECTION('',(0.E0,1.E0,0.E0));
#2734=VECTOR('',#2733,1.E-1);
#2735=CARTESIAN_POINT('',(1.75E0,7.5E-2,1.875E0));
#2736=LINE('',#2735,#2734);
#2737=CURVE_STYLE('',#33,POSITIVE_LENGTH_MEASURE(2.E-2),#6);
#2738=PRESENTATION_STYLE_ASSIGNMENT((#2737));
#2739=STYLED_ITEM('',(#2738),#2736);
#2740=DIRECTION('',(0.E0,-1.E0,0.E0));
#2741=VECTOR('',#2740,1.75E-1);
#2742=CARTESIAN_POINT('',(1.475E0,1.75E-1,1.875E0));
#2743=LINE('',#2742,#2741);
#2744=CURVE_STYLE('',#33,POSITIVE_LENGTH_MEASURE(2.E-2),#6);
#2745=PRESENTATION_STYLE_ASSIGNMENT((#2744));
#2746=STYLED_ITEM('',(#2745),#2743);
#2747=DIRECTION('',(0.E0,1.E0,0.E0));
#2748=VECTOR('',#2747,7.5E-2);
#2749=CARTESIAN_POINT('',(1.7E0,0.E0,1.875E0));
#2750=LINE('',#2749,#2748);
#2751=CURVE_STYLE('',#33,POSITIVE_LENGTH_MEASURE(2.E-2),#6);
#2752=PRESENTATION_STYLE_ASSIGNMENT((#2751));
#2753=STYLED_ITEM('',(#2752),#2750);
#2754=DIRECTION('',(-1.E0,0.E0,0.E0));
#2755=VECTOR('',#2754,2.75E-1);
#2756=CARTESIAN_POINT('',(1.75E0,1.75E-1,1.625E0));
#2757=LINE('',#2756,#2755);
#2758=CURVE_STYLE('',#33,POSITIVE_LENGTH_MEASURE(2.E-2),#6);
#2759=PRESENTATION_STYLE_ASSIGNMENT((#2758));
#2760=STYLED_ITEM('',(#2759),#2757);
#2761=CARTESIAN_POINT('',(1.475E0,1.75E-1,1.75E0));
#2762=DIRECTION('',(0.E0,1.E0,0.E0));
#2763=DIRECTION('',(0.E0,0.E0,-1.E0));
#2764=AXIS2_PLACEMENT_3D('',#2761,#2762,#2763);
#2766=CURVE_STYLE('',#33,POSITIVE_LENGTH_MEASURE(2.E-2),#6);
#2767=PRESENTATION_STYLE_ASSIGNMENT((#2766));
#2768=STYLED_ITEM('',(#2767),#2765);
#2769=DIRECTION('',(1.E0,0.E0,0.E0));
#2770=VECTOR('',#2769,2.75E-1);
#2771=CARTESIAN_POINT('',(1.475E0,1.75E-1,1.875E0));
#2772=LINE('',#2771,#2770);
#2773=CURVE_STYLE('',#33,POSITIVE_LENGTH_MEASURE(2.E-2),#6);
#2774=PRESENTATION_STYLE_ASSIGNMENT((#2773));
#2775=STYLED_ITEM('',(#2774),#2772);
#2776=DIRECTION('',(0.E0,0.E0,1.E0));
#2777=VECTOR('',#2776,5.E-2);
#2778=CARTESIAN_POINT('',(-8.75E-1,7.5E-2,-2.25E0));
#2779=LINE('',#2778,#2777);
#2780=CURVE_STYLE('',#33,POSITIVE_LENGTH_MEASURE(2.E-2),#6);
#2781=PRESENTATION_STYLE_ASSIGNMENT((#2780));
#2782=STYLED_ITEM('',(#2781),#2779);
#2783=DIRECTION('',(0.E0,-1.E0,0.E0));
#2784=VECTOR('',#2783,7.5E-2);
#2785=CARTESIAN_POINT('',(-8.75E-1,7.5E-2,-2.2E0));
#2786=LINE('',#2785,#2784);
#2787=CURVE_STYLE('',#33,POSITIVE_LENGTH_MEASURE(2.E-2),#6);
#2788=PRESENTATION_STYLE_ASSIGNMENT((#2787));
#2789=STYLED_ITEM('',(#2788),#2786);
#2790=DIRECTION('',(0.E0,-1.E0,0.E0));
#2791=VECTOR('',#2790,1.E-1);
#2792=CARTESIAN_POINT('',(-8.75E-1,1.75E-1,-2.25E0));
#2793=LINE('',#2792,#2791);
#2794=CURVE_STYLE('',#33,POSITIVE_LENGTH_MEASURE(2.E-2),#6);
#2795=PRESENTATION_STYLE_ASSIGNMENT((#2794));
#2796=STYLED_ITEM('',(#2795),#2793);
#2797=DIRECTION('',(0.E0,-1.E0,0.E0));
#2798=VECTOR('',#2797,1.75E-1);
#2799=CARTESIAN_POINT('',(-8.75E-1,1.75E-1,-1.975E0));
#2800=LINE('',#2799,#2798);
#2801=CURVE_STYLE('',#33,POSITIVE_LENGTH_MEASURE(2.E-2),#6);
#2802=PRESENTATION_STYLE_ASSIGNMENT((#2801));
#2803=STYLED_ITEM('',(#2802),#2800);
#2804=DIRECTION('',(0.E0,0.E0,-1.E0));
#2805=VECTOR('',#2804,5.E-2);
#2806=CARTESIAN_POINT('',(-6.25E-1,7.5E-2,-2.2E0));
#2807=LINE('',#2806,#2805);
#2808=CURVE_STYLE('',#33,POSITIVE_LENGTH_MEASURE(2.E-2),#6);
#2809=PRESENTATION_STYLE_ASSIGNMENT((#2808));
#2810=STYLED_ITEM('',(#2809),#2807);
#2811=DIRECTION('',(0.E0,1.E0,0.E0));
#2812=VECTOR('',#2811,1.E-1);
#2813=CARTESIAN_POINT('',(-6.25E-1,7.5E-2,-2.25E0));
#2814=LINE('',#2813,#2812);
#2815=CURVE_STYLE('',#33,POSITIVE_LENGTH_MEASURE(2.E-2),#6);
#2816=PRESENTATION_STYLE_ASSIGNMENT((#2815));
#2817=STYLED_ITEM('',(#2816),#2814);
#2818=DIRECTION('',(0.E0,-1.E0,0.E0));
#2819=VECTOR('',#2818,1.75E-1);
#2820=CARTESIAN_POINT('',(-6.25E-1,1.75E-1,-1.975E0));
#2821=LINE('',#2820,#2819);
#2822=CURVE_STYLE('',#33,POSITIVE_LENGTH_MEASURE(2.E-2),#6);
#2823=PRESENTATION_STYLE_ASSIGNMENT((#2822));
#2824=STYLED_ITEM('',(#2823),#2821);
#2825=DIRECTION('',(0.E0,1.E0,0.E0));
#2826=VECTOR('',#2825,7.5E-2);
#2827=CARTESIAN_POINT('',(-6.25E-1,0.E0,-2.2E0));
#2828=LINE('',#2827,#2826);
#2829=CURVE_STYLE('',#33,POSITIVE_LENGTH_MEASURE(2.E-2),#6);
#2830=PRESENTATION_STYLE_ASSIGNMENT((#2829));
#2831=STYLED_ITEM('',(#2830),#2828);
#2832=DIRECTION('',(0.E0,0.E0,1.E0));
#2833=VECTOR('',#2832,2.75E-1);
#2834=CARTESIAN_POINT('',(-8.75E-1,1.75E-1,-2.25E0));
#2835=LINE('',#2834,#2833);
#2836=CURVE_STYLE('',#33,POSITIVE_LENGTH_MEASURE(2.E-2),#6);
#2837=PRESENTATION_STYLE_ASSIGNMENT((#2836));
#2838=STYLED_ITEM('',(#2837),#2835);
#2839=CARTESIAN_POINT('',(-7.5E-1,1.75E-1,-1.975E0));
#2840=DIRECTION('',(0.E0,1.E0,0.E0));
#2841=DIRECTION('',(-1.E0,0.E0,0.E0));
#2842=AXIS2_PLACEMENT_3D('',#2839,#2840,#2841);
#2844=CURVE_STYLE('',#33,POSITIVE_LENGTH_MEASURE(2.E-2),#6);
#2845=PRESENTATION_STYLE_ASSIGNMENT((#2844));
#2846=STYLED_ITEM('',(#2845),#2843);
#2847=DIRECTION('',(0.E0,0.E0,-1.E0));
#2848=VECTOR('',#2847,2.75E-1);
#2849=CARTESIAN_POINT('',(-6.25E-1,1.75E-1,-1.975E0));
#2850=LINE('',#2849,#2848);
#2851=CURVE_STYLE('',#33,POSITIVE_LENGTH_MEASURE(2.E-2),#6);
#2852=PRESENTATION_STYLE_ASSIGNMENT((#2851));
#2853=STYLED_ITEM('',(#2852),#2850);
#2854=DIRECTION('',(0.E0,0.E0,1.E0));
#2855=VECTOR('',#2854,5.E-2);
#2856=CARTESIAN_POINT('',(6.25E-1,7.5E-2,-2.25E0));
#2857=LINE('',#2856,#2855);
#2858=CURVE_STYLE('',#33,POSITIVE_LENGTH_MEASURE(2.E-2),#6);
#2859=PRESENTATION_STYLE_ASSIGNMENT((#2858));
#2860=STYLED_ITEM('',(#2859),#2857);
#2861=DIRECTION('',(0.E0,-1.E0,0.E0));
#2862=VECTOR('',#2861,7.5E-2);
#2863=CARTESIAN_POINT('',(6.25E-1,7.5E-2,-2.2E0));
#2864=LINE('',#2863,#2862);
#2865=CURVE_STYLE('',#33,POSITIVE_LENGTH_MEASURE(2.E-2),#6);
#2866=PRESENTATION_STYLE_ASSIGNMENT((#2865));
#2867=STYLED_ITEM('',(#2866),#2864);
#2868=DIRECTION('',(0.E0,-1.E0,0.E0));
#2869=VECTOR('',#2868,1.E-1);
#2870=CARTESIAN_POINT('',(6.25E-1,1.75E-1,-2.25E0));
#2871=LINE('',#2870,#2869);
#2872=CURVE_STYLE('',#33,POSITIVE_LENGTH_MEASURE(2.E-2),#6);
#2873=PRESENTATION_STYLE_ASSIGNMENT((#2872));
#2874=STYLED_ITEM('',(#2873),#2871);
#2875=DIRECTION('',(0.E0,-1.E0,0.E0));
#2876=VECTOR('',#2875,1.75E-1);
#2877=CARTESIAN_POINT('',(6.25E-1,1.75E-1,-1.975E0));
#2878=LINE('',#2877,#2876);
#2879=CURVE_STYLE('',#33,POSITIVE_LENGTH_MEASURE(2.E-2),#6);
#2880=PRESENTATION_STYLE_ASSIGNMENT((#2879));
#2881=STYLED_ITEM('',(#2880),#2878);
#2882=DIRECTION('',(0.E0,0.E0,-1.E0));
#2883=VECTOR('',#2882,5.E-2);
#2884=CARTESIAN_POINT('',(8.75E-1,7.5E-2,-2.2E0));
#2885=LINE('',#2884,#2883);
#2886=CURVE_STYLE('',#33,POSITIVE_LENGTH_MEASURE(2.E-2),#6);
#2887=PRESENTATION_STYLE_ASSIGNMENT((#2886));
#2888=STYLED_ITEM('',(#2887),#2885);
#2889=DIRECTION('',(0.E0,1.E0,0.E0));
#2890=VECTOR('',#2889,1.E-1);
#2891=CARTESIAN_POINT('',(8.75E-1,7.5E-2,-2.25E0));
#2892=LINE('',#2891,#2890);
#2893=CURVE_STYLE('',#33,POSITIVE_LENGTH_MEASURE(2.E-2),#6);
#2894=PRESENTATION_STYLE_ASSIGNMENT((#2893));
#2895=STYLED_ITEM('',(#2894),#2892);
#2896=DIRECTION('',(0.E0,-1.E0,0.E0));
#2897=VECTOR('',#2896,1.75E-1);
#2898=CARTESIAN_POINT('',(8.75E-1,1.75E-1,-1.975E0));
#2899=LINE('',#2898,#2897);
#2900=CURVE_STYLE('',#33,POSITIVE_LENGTH_MEASURE(2.E-2),#6);
#2901=PRESENTATION_STYLE_ASSIGNMENT((#2900));
#2902=STYLED_ITEM('',(#2901),#2899);
#2903=DIRECTION('',(0.E0,1.E0,0.E0));
#2904=VECTOR('',#2903,7.5E-2);
#2905=CARTESIAN_POINT('',(8.75E-1,0.E0,-2.2E0));
#2906=LINE('',#2905,#2904);
#2907=CURVE_STYLE('',#33,POSITIVE_LENGTH_MEASURE(2.E-2),#6);
#2908=PRESENTATION_STYLE_ASSIGNMENT((#2907));
#2909=STYLED_ITEM('',(#2908),#2906);
#2910=DIRECTION('',(0.E0,0.E0,1.E0));
#2911=VECTOR('',#2910,2.75E-1);
#2912=CARTESIAN_POINT('',(6.25E-1,1.75E-1,-2.25E0));
#2913=LINE('',#2912,#2911);
#2914=CURVE_STYLE('',#33,POSITIVE_LENGTH_MEASURE(2.E-2),#6);
#2915=PRESENTATION_STYLE_ASSIGNMENT((#2914));
#2916=STYLED_ITEM('',(#2915),#2913);
#2917=CARTESIAN_POINT('',(7.5E-1,1.75E-1,-1.975E0));
#2918=DIRECTION('',(0.E0,1.E0,0.E0));
#2919=DIRECTION('',(-1.E0,0.E0,0.E0));
#2920=AXIS2_PLACEMENT_3D('',#2917,#2918,#2919);
#2922=CURVE_STYLE('',#33,POSITIVE_LENGTH_MEASURE(2.E-2),#6);
#2923=PRESENTATION_STYLE_ASSIGNMENT((#2922));
#2924=STYLED_ITEM('',(#2923),#2921);
#2925=DIRECTION('',(0.E0,0.E0,-1.E0));
#2926=VECTOR('',#2925,2.75E-1);
#2927=CARTESIAN_POINT('',(8.75E-1,1.75E-1,-1.975E0));
#2928=LINE('',#2927,#2926);
#2929=CURVE_STYLE('',#33,POSITIVE_LENGTH_MEASURE(2.E-2),#6);
#2930=PRESENTATION_STYLE_ASSIGNMENT((#2929));
#2931=STYLED_ITEM('',(#2930),#2928);
#2932=DIRECTION('',(0.E0,-1.E0,0.E0));
#2933=VECTOR('',#2932,7.5E-2);
#2934=CARTESIAN_POINT('',(-1.7E0,7.5E-2,1.875E0));
#2935=LINE('',#2934,#2933);
#2936=CURVE_STYLE('',#33,POSITIVE_LENGTH_MEASURE(2.E-2),#6);
#2937=PRESENTATION_STYLE_ASSIGNMENT((#2936));
#2938=STYLED_ITEM('',(#2937),#2935);
#2939=DIRECTION('',(0.E0,1.E0,0.E0));
#2940=VECTOR('',#2939,1.75E-1);
#2941=CARTESIAN_POINT('',(-1.475E0,0.E0,1.875E0));
#2942=LINE('',#2941,#2940);
#2943=CURVE_STYLE('',#33,POSITIVE_LENGTH_MEASURE(2.E-2),#6);
#2944=PRESENTATION_STYLE_ASSIGNMENT((#2943));
#2945=STYLED_ITEM('',(#2944),#2942);
#2946=DIRECTION('',(0.E0,-1.E0,0.E0));
#2947=VECTOR('',#2946,1.E-1);
#2948=CARTESIAN_POINT('',(-1.75E0,1.75E-1,1.875E0));
#2949=LINE('',#2948,#2947);
#2950=CURVE_STYLE('',#33,POSITIVE_LENGTH_MEASURE(2.E-2),#6);
#2951=PRESENTATION_STYLE_ASSIGNMENT((#2950));
#2952=STYLED_ITEM('',(#2951),#2949);
#2953=DIRECTION('',(-1.E0,0.E0,0.E0));
#2954=VECTOR('',#2953,5.E-2);
#2955=CARTESIAN_POINT('',(-1.7E0,7.5E-2,1.875E0));
#2956=LINE('',#2955,#2954);
#2957=CURVE_STYLE('',#33,POSITIVE_LENGTH_MEASURE(2.E-2),#6);
#2958=PRESENTATION_STYLE_ASSIGNMENT((#2957));
#2959=STYLED_ITEM('',(#2958),#2956);
#2960=DIRECTION('',(0.E0,1.E0,0.E0));
#2961=VECTOR('',#2960,1.75E-1);
#2962=CARTESIAN_POINT('',(-1.475E0,0.E0,1.625E0));
#2963=LINE('',#2962,#2961);
#2964=CURVE_STYLE('',#33,POSITIVE_LENGTH_MEASURE(2.E-2),#6);
#2965=PRESENTATION_STYLE_ASSIGNMENT((#2964));
#2966=STYLED_ITEM('',(#2965),#2963);
#2967=DIRECTION('',(0.E0,1.E0,0.E0));
#2968=VECTOR('',#2967,7.5E-2);
#2969=CARTESIAN_POINT('',(-1.7E0,0.E0,1.625E0));
#2970=LINE('',#2969,#2968);
#2971=CURVE_STYLE('',#33,POSITIVE_LENGTH_MEASURE(2.E-2),#6);
#2972=PRESENTATION_STYLE_ASSIGNMENT((#2971));
#2973=STYLED_ITEM('',(#2972),#2970);
#2974=DIRECTION('',(1.E0,0.E0,0.E0));
#2975=VECTOR('',#2974,5.E-2);
#2976=CARTESIAN_POINT('',(-1.75E0,7.5E-2,1.625E0));
#2977=LINE('',#2976,#2975);
#2978=CURVE_STYLE('',#33,POSITIVE_LENGTH_MEASURE(2.E-2),#6);
#2979=PRESENTATION_STYLE_ASSIGNMENT((#2978));
#2980=STYLED_ITEM('',(#2979),#2977);
#2981=DIRECTION('',(0.E0,1.E0,0.E0));
#2982=VECTOR('',#2981,1.E-1);
#2983=CARTESIAN_POINT('',(-1.75E0,7.5E-2,1.625E0));
#2984=LINE('',#2983,#2982);
#2985=CURVE_STYLE('',#33,POSITIVE_LENGTH_MEASURE(2.E-2),#6);
#2986=PRESENTATION_STYLE_ASSIGNMENT((#2985));
#2987=STYLED_ITEM('',(#2986),#2984);
#2988=DIRECTION('',(-1.E0,0.E0,0.E0));
#2989=VECTOR('',#2988,2.75E-1);
#2990=CARTESIAN_POINT('',(-1.475E0,1.75E-1,1.875E0));
#2991=LINE('',#2990,#2989);
#2992=CURVE_STYLE('',#33,POSITIVE_LENGTH_MEASURE(2.E-2),#6);
#2993=PRESENTATION_STYLE_ASSIGNMENT((#2992));
#2994=STYLED_ITEM('',(#2993),#2991);
#2995=CARTESIAN_POINT('',(-1.475E0,1.75E-1,1.75E0));
#2996=DIRECTION('',(0.E0,-1.E0,0.E0));
#2997=DIRECTION('',(0.E0,0.E0,-1.E0));
#2998=AXIS2_PLACEMENT_3D('',#2995,#2996,#2997);
#3000=CURVE_STYLE('',#33,POSITIVE_LENGTH_MEASURE(2.E-2),#6);
#3001=PRESENTATION_STYLE_ASSIGNMENT((#3000));
#3002=STYLED_ITEM('',(#3001),#2999);
#3003=DIRECTION('',(1.E0,0.E0,0.E0));
#3004=VECTOR('',#3003,2.75E-1);
#3005=CARTESIAN_POINT('',(-1.75E0,1.75E-1,1.625E0));
#3006=LINE('',#3005,#3004);
#3007=CURVE_STYLE('',#33,POSITIVE_LENGTH_MEASURE(2.E-2),#6);
#3008=PRESENTATION_STYLE_ASSIGNMENT((#3007));
#3009=STYLED_ITEM('',(#3008),#3006);
#3010=DIRECTION('',(0.E0,-1.E0,0.E0));
#3011=VECTOR('',#3010,7.5E-2);
#3012=CARTESIAN_POINT('',(-1.7E0,7.5E-2,1.375E0));
#3013=LINE('',#3012,#3011);
#3014=CURVE_STYLE('',#33,POSITIVE_LENGTH_MEASURE(2.E-2),#6);
#3015=PRESENTATION_STYLE_ASSIGNMENT((#3014));
#3016=STYLED_ITEM('',(#3015),#3013);
#3017=DIRECTION('',(0.E0,1.E0,0.E0));
#3018=VECTOR('',#3017,1.75E-1);
#3019=CARTESIAN_POINT('',(-1.475E0,0.E0,1.375E0));
#3020=LINE('',#3019,#3018);
#3021=CURVE_STYLE('',#33,POSITIVE_LENGTH_MEASURE(2.E-2),#6);
#3022=PRESENTATION_STYLE_ASSIGNMENT((#3021));
#3023=STYLED_ITEM('',(#3022),#3020);
#3024=DIRECTION('',(0.E0,-1.E0,0.E0));
#3025=VECTOR('',#3024,1.E-1);
#3026=CARTESIAN_POINT('',(-1.75E0,1.75E-1,1.375E0));
#3027=LINE('',#3026,#3025);
#3028=CURVE_STYLE('',#33,POSITIVE_LENGTH_MEASURE(2.E-2),#6);
#3029=PRESENTATION_STYLE_ASSIGNMENT((#3028));
#3030=STYLED_ITEM('',(#3029),#3027);
#3031=DIRECTION('',(-1.E0,0.E0,0.E0));
#3032=VECTOR('',#3031,5.E-2);
#3033=CARTESIAN_POINT('',(-1.7E0,7.5E-2,1.375E0));
#3034=LINE('',#3033,#3032);
#3035=CURVE_STYLE('',#33,POSITIVE_LENGTH_MEASURE(2.E-2),#6);
#3036=PRESENTATION_STYLE_ASSIGNMENT((#3035));
#3037=STYLED_ITEM('',(#3036),#3034);
#3038=DIRECTION('',(0.E0,1.E0,0.E0));
#3039=VECTOR('',#3038,1.75E-1);
#3040=CARTESIAN_POINT('',(-1.475E0,0.E0,1.125E0));
#3041=LINE('',#3040,#3039);
#3042=CURVE_STYLE('',#33,POSITIVE_LENGTH_MEASURE(2.E-2),#6);
#3043=PRESENTATION_STYLE_ASSIGNMENT((#3042));
#3044=STYLED_ITEM('',(#3043),#3041);
#3045=DIRECTION('',(0.E0,1.E0,0.E0));
#3046=VECTOR('',#3045,7.5E-2);
#3047=CARTESIAN_POINT('',(-1.7E0,0.E0,1.125E0));
#3048=LINE('',#3047,#3046);
#3049=CURVE_STYLE('',#33,POSITIVE_LENGTH_MEASURE(2.E-2),#6);
#3050=PRESENTATION_STYLE_ASSIGNMENT((#3049));
#3051=STYLED_ITEM('',(#3050),#3048);
#3052=DIRECTION('',(1.E0,0.E0,0.E0));
#3053=VECTOR('',#3052,5.E-2);
#3054=CARTESIAN_POINT('',(-1.75E0,7.5E-2,1.125E0));
#3055=LINE('',#3054,#3053);
#3056=CURVE_STYLE('',#33,POSITIVE_LENGTH_MEASURE(2.E-2),#6);
#3057=PRESENTATION_STYLE_ASSIGNMENT((#3056));
#3058=STYLED_ITEM('',(#3057),#3055);
#3059=DIRECTION('',(0.E0,1.E0,0.E0));
#3060=VECTOR('',#3059,1.E-1);
#3061=CARTESIAN_POINT('',(-1.75E0,7.5E-2,1.125E0));
#3062=LINE('',#3061,#3060);
#3063=CURVE_STYLE('',#33,POSITIVE_LENGTH_MEASURE(2.E-2),#6);
#3064=PRESENTATION_STYLE_ASSIGNMENT((#3063));
#3065=STYLED_ITEM('',(#3064),#3062);
#3066=DIRECTION('',(-1.E0,0.E0,0.E0));
#3067=VECTOR('',#3066,2.75E-1);
#3068=CARTESIAN_POINT('',(-1.475E0,1.75E-1,1.375E0));
#3069=LINE('',#3068,#3067);
#3070=CURVE_STYLE('',#33,POSITIVE_LENGTH_MEASURE(2.E-2),#6);
#3071=PRESENTATION_STYLE_ASSIGNMENT((#3070));
#3072=STYLED_ITEM('',(#3071),#3069);
#3073=CARTESIAN_POINT('',(-1.475E0,1.75E-1,1.25E0));
#3074=DIRECTION('',(0.E0,-1.E0,0.E0));
#3075=DIRECTION('',(0.E0,0.E0,-1.E0));
#3076=AXIS2_PLACEMENT_3D('',#3073,#3074,#3075);
#3078=CURVE_STYLE('',#33,POSITIVE_LENGTH_MEASURE(2.E-2),#6);
#3079=PRESENTATION_STYLE_ASSIGNMENT((#3078));
#3080=STYLED_ITEM('',(#3079),#3077);
#3081=DIRECTION('',(1.E0,0.E0,0.E0));
#3082=VECTOR('',#3081,2.75E-1);
#3083=CARTESIAN_POINT('',(-1.75E0,1.75E-1,1.125E0));
#3084=LINE('',#3083,#3082);
#3085=CURVE_STYLE('',#33,POSITIVE_LENGTH_MEASURE(2.E-2),#6);
#3086=PRESENTATION_STYLE_ASSIGNMENT((#3085));
#3087=STYLED_ITEM('',(#3086),#3084);
#3088=DIRECTION('',(0.E0,-1.E0,0.E0));
#3089=VECTOR('',#3088,7.5E-2);
#3090=CARTESIAN_POINT('',(-1.7E0,7.5E-2,8.75E-1));
#3091=LINE('',#3090,#3089);
#3092=CURVE_STYLE('',#33,POSITIVE_LENGTH_MEASURE(2.E-2),#6);
#3093=PRESENTATION_STYLE_ASSIGNMENT((#3092));
#3094=STYLED_ITEM('',(#3093),#3091);
#3095=DIRECTION('',(0.E0,1.E0,0.E0));
#3096=VECTOR('',#3095,1.75E-1);
#3097=CARTESIAN_POINT('',(-1.475E0,0.E0,8.75E-1));
#3098=LINE('',#3097,#3096);
#3099=CURVE_STYLE('',#33,POSITIVE_LENGTH_MEASURE(2.E-2),#6);
#3100=PRESENTATION_STYLE_ASSIGNMENT((#3099));
#3101=STYLED_ITEM('',(#3100),#3098);
#3102=DIRECTION('',(0.E0,-1.E0,0.E0));
#3103=VECTOR('',#3102,1.E-1);
#3104=CARTESIAN_POINT('',(-1.75E0,1.75E-1,8.75E-1));
#3105=LINE('',#3104,#3103);
#3106=CURVE_STYLE('',#33,POSITIVE_LENGTH_MEASURE(2.E-2),#6);
#3107=PRESENTATION_STYLE_ASSIGNMENT((#3106));
#3108=STYLED_ITEM('',(#3107),#3105);
#3109=DIRECTION('',(-1.E0,0.E0,0.E0));
#3110=VECTOR('',#3109,5.E-2);
#3111=CARTESIAN_POINT('',(-1.7E0,7.5E-2,8.75E-1));
#3112=LINE('',#3111,#3110);
#3113=CURVE_STYLE('',#33,POSITIVE_LENGTH_MEASURE(2.E-2),#6);
#3114=PRESENTATION_STYLE_ASSIGNMENT((#3113));
#3115=STYLED_ITEM('',(#3114),#3112);
#3116=DIRECTION('',(0.E0,1.E0,0.E0));
#3117=VECTOR('',#3116,1.75E-1);
#3118=CARTESIAN_POINT('',(-1.475E0,0.E0,6.25E-1));
#3119=LINE('',#3118,#3117);
#3120=CURVE_STYLE('',#33,POSITIVE_LENGTH_MEASURE(2.E-2),#6);
#3121=PRESENTATION_STYLE_ASSIGNMENT((#3120));
#3122=STYLED_ITEM('',(#3121),#3119);
#3123=DIRECTION('',(0.E0,1.E0,0.E0));
#3124=VECTOR('',#3123,7.5E-2);
#3125=CARTESIAN_POINT('',(-1.7E0,0.E0,6.25E-1));
#3126=LINE('',#3125,#3124);
#3127=CURVE_STYLE('',#33,POSITIVE_LENGTH_MEASURE(2.E-2),#6);
#3128=PRESENTATION_STYLE_ASSIGNMENT((#3127));
#3129=STYLED_ITEM('',(#3128),#3126);
#3130=DIRECTION('',(1.E0,0.E0,0.E0));
#3131=VECTOR('',#3130,5.E-2);
#3132=CARTESIAN_POINT('',(-1.75E0,7.5E-2,6.25E-1));
#3133=LINE('',#3132,#3131);
#3134=CURVE_STYLE('',#33,POSITIVE_LENGTH_MEASURE(2.E-2),#6);
#3135=PRESENTATION_STYLE_ASSIGNMENT((#3134));
#3136=STYLED_ITEM('',(#3135),#3133);
#3137=DIRECTION('',(0.E0,1.E0,0.E0));
#3138=VECTOR('',#3137,1.E-1);
#3139=CARTESIAN_POINT('',(-1.75E0,7.5E-2,6.25E-1));
#3140=LINE('',#3139,#3138);
#3141=CURVE_STYLE('',#33,POSITIVE_LENGTH_MEASURE(2.E-2),#6);
#3142=PRESENTATION_STYLE_ASSIGNMENT((#3141));
#3143=STYLED_ITEM('',(#3142),#3140);
#3144=DIRECTION('',(-1.E0,0.E0,0.E0));
#3145=VECTOR('',#3144,2.75E-1);
#3146=CARTESIAN_POINT('',(-1.475E0,1.75E-1,8.75E-1));
#3147=LINE('',#3146,#3145);
#3148=CURVE_STYLE('',#33,POSITIVE_LENGTH_MEASURE(2.E-2),#6);
#3149=PRESENTATION_STYLE_ASSIGNMENT((#3148));
#3150=STYLED_ITEM('',(#3149),#3147);
#3151=CARTESIAN_POINT('',(-1.475E0,1.75E-1,7.5E-1));
#3152=DIRECTION('',(0.E0,-1.E0,0.E0));
#3153=DIRECTION('',(0.E0,0.E0,-1.E0));
#3154=AXIS2_PLACEMENT_3D('',#3151,#3152,#3153);
#3156=CURVE_STYLE('',#33,POSITIVE_LENGTH_MEASURE(2.E-2),#6);
#3157=PRESENTATION_STYLE_ASSIGNMENT((#3156));
#3158=STYLED_ITEM('',(#3157),#3155);
#3159=DIRECTION('',(1.E0,0.E0,0.E0));
#3160=VECTOR('',#3159,2.75E-1);
#3161=CARTESIAN_POINT('',(-1.75E0,1.75E-1,6.25E-1));
#3162=LINE('',#3161,#3160);
#3163=CURVE_STYLE('',#33,POSITIVE_LENGTH_MEASURE(2.E-2),#6);
#3164=PRESENTATION_STYLE_ASSIGNMENT((#3163));
#3165=STYLED_ITEM('',(#3164),#3162);
#3166=DIRECTION('',(0.E0,-1.E0,0.E0));
#3167=VECTOR('',#3166,7.5E-2);
#3168=CARTESIAN_POINT('',(-1.7E0,7.5E-2,3.75E-1));
#3169=LINE('',#3168,#3167);
#3170=CURVE_STYLE('',#33,POSITIVE_LENGTH_MEASURE(2.E-2),#6);
#3171=PRESENTATION_STYLE_ASSIGNMENT((#3170));
#3172=STYLED_ITEM('',(#3171),#3169);
#3173=DIRECTION('',(0.E0,1.E0,0.E0));
#3174=VECTOR('',#3173,1.75E-1);
#3175=CARTESIAN_POINT('',(-1.475E0,0.E0,3.75E-1));
#3176=LINE('',#3175,#3174);
#3177=CURVE_STYLE('',#33,POSITIVE_LENGTH_MEASURE(2.E-2),#6);
#3178=PRESENTATION_STYLE_ASSIGNMENT((#3177));
#3179=STYLED_ITEM('',(#3178),#3176);
#3180=DIRECTION('',(0.E0,-1.E0,0.E0));
#3181=VECTOR('',#3180,1.E-1);
#3182=CARTESIAN_POINT('',(-1.75E0,1.75E-1,3.75E-1));
#3183=LINE('',#3182,#3181);
#3184=CURVE_STYLE('',#33,POSITIVE_LENGTH_MEASURE(2.E-2),#6);
#3185=PRESENTATION_STYLE_ASSIGNMENT((#3184));
#3186=STYLED_ITEM('',(#3185),#3183);
#3187=DIRECTION('',(-1.E0,0.E0,0.E0));
#3188=VECTOR('',#3187,5.E-2);
#3189=CARTESIAN_POINT('',(-1.7E0,7.5E-2,3.75E-1));
#3190=LINE('',#3189,#3188);
#3191=CURVE_STYLE('',#33,POSITIVE_LENGTH_MEASURE(2.E-2),#6);
#3192=PRESENTATION_STYLE_ASSIGNMENT((#3191));
#3193=STYLED_ITEM('',(#3192),#3190);
#3194=DIRECTION('',(0.E0,1.E0,0.E0));
#3195=VECTOR('',#3194,1.75E-1);
#3196=CARTESIAN_POINT('',(-1.475E0,0.E0,1.25E-1));
#3197=LINE('',#3196,#3195);
#3198=CURVE_STYLE('',#33,POSITIVE_LENGTH_MEASURE(2.E-2),#6);
#3199=PRESENTATION_STYLE_ASSIGNMENT((#3198));
#3200=STYLED_ITEM('',(#3199),#3197);
#3201=DIRECTION('',(0.E0,1.E0,0.E0));
#3202=VECTOR('',#3201,7.5E-2);
#3203=CARTESIAN_POINT('',(-1.7E0,0.E0,1.25E-1));
#3204=LINE('',#3203,#3202);
#3205=CURVE_STYLE('',#33,POSITIVE_LENGTH_MEASURE(2.E-2),#6);
#3206=PRESENTATION_STYLE_ASSIGNMENT((#3205));
#3207=STYLED_ITEM('',(#3206),#3204);
#3208=DIRECTION('',(1.E0,0.E0,0.E0));
#3209=VECTOR('',#3208,5.E-2);
#3210=CARTESIAN_POINT('',(-1.75E0,7.5E-2,1.25E-1));
#3211=LINE('',#3210,#3209);
#3212=CURVE_STYLE('',#33,POSITIVE_LENGTH_MEASURE(2.E-2),#6);
#3213=PRESENTATION_STYLE_ASSIGNMENT((#3212));
#3214=STYLED_ITEM('',(#3213),#3211);
#3215=DIRECTION('',(0.E0,1.E0,0.E0));
#3216=VECTOR('',#3215,1.E-1);
#3217=CARTESIAN_POINT('',(-1.75E0,7.5E-2,1.25E-1));
#3218=LINE('',#3217,#3216);
#3219=CURVE_STYLE('',#33,POSITIVE_LENGTH_MEASURE(2.E-2),#6);
#3220=PRESENTATION_STYLE_ASSIGNMENT((#3219));
#3221=STYLED_ITEM('',(#3220),#3218);
#3222=DIRECTION('',(1.E0,0.E0,0.E0));
#3223=VECTOR('',#3222,2.75E-1);
#3224=CARTESIAN_POINT('',(-1.75E0,1.75E-1,1.25E-1));
#3225=LINE('',#3224,#3223);
#3226=CURVE_STYLE('',#33,POSITIVE_LENGTH_MEASURE(2.E-2),#6);
#3227=PRESENTATION_STYLE_ASSIGNMENT((#3226));
#3228=STYLED_ITEM('',(#3227),#3225);
#3229=DIRECTION('',(-1.E0,0.E0,0.E0));
#3230=VECTOR('',#3229,2.75E-1);
#3231=CARTESIAN_POINT('',(-1.475E0,1.75E-1,3.75E-1));
#3232=LINE('',#3231,#3230);
#3233=CURVE_STYLE('',#33,POSITIVE_LENGTH_MEASURE(2.E-2),#6);
#3234=PRESENTATION_STYLE_ASSIGNMENT((#3233));
#3235=STYLED_ITEM('',(#3234),#3232);
#3236=CARTESIAN_POINT('',(-1.475E0,1.75E-1,2.5E-1));
#3237=DIRECTION('',(0.E0,-1.E0,0.E0));
#3238=DIRECTION('',(0.E0,0.E0,-1.E0));
#3239=AXIS2_PLACEMENT_3D('',#3236,#3237,#3238);
#3241=CURVE_STYLE('',#33,POSITIVE_LENGTH_MEASURE(2.E-2),#6);
#3242=PRESENTATION_STYLE_ASSIGNMENT((#3241));
#3243=STYLED_ITEM('',(#3242),#3240);
#3244=DIRECTION('',(0.E0,-1.E0,0.E0));
#3245=VECTOR('',#3244,7.5E-2);
#3246=CARTESIAN_POINT('',(-1.7E0,7.5E-2,-1.25E-1));
#3247=LINE('',#3246,#3245);
#3248=CURVE_STYLE('',#33,POSITIVE_LENGTH_MEASURE(2.E-2),#6);
#3249=PRESENTATION_STYLE_ASSIGNMENT((#3248));
#3250=STYLED_ITEM('',(#3249),#3247);
#3251=DIRECTION('',(0.E0,1.E0,0.E0));
#3252=VECTOR('',#3251,1.75E-1);
#3253=CARTESIAN_POINT('',(-1.475E0,0.E0,-1.25E-1));
#3254=LINE('',#3253,#3252);
#3255=CURVE_STYLE('',#33,POSITIVE_LENGTH_MEASURE(2.E-2),#6);
#3256=PRESENTATION_STYLE_ASSIGNMENT((#3255));
#3257=STYLED_ITEM('',(#3256),#3254);
#3258=DIRECTION('',(0.E0,-1.E0,0.E0));
#3259=VECTOR('',#3258,1.E-1);
#3260=CARTESIAN_POINT('',(-1.75E0,1.75E-1,-1.25E-1));
#3261=LINE('',#3260,#3259);
#3262=CURVE_STYLE('',#33,POSITIVE_LENGTH_MEASURE(2.E-2),#6);
#3263=PRESENTATION_STYLE_ASSIGNMENT((#3262));
#3264=STYLED_ITEM('',(#3263),#3261);
#3265=DIRECTION('',(-1.E0,0.E0,0.E0));
#3266=VECTOR('',#3265,5.E-2);
#3267=CARTESIAN_POINT('',(-1.7E0,7.5E-2,-1.25E-1));
#3268=LINE('',#3267,#3266);
#3269=CURVE_STYLE('',#33,POSITIVE_LENGTH_MEASURE(2.E-2),#6);
#3270=PRESENTATION_STYLE_ASSIGNMENT((#3269));
#3271=STYLED_ITEM('',(#3270),#3268);
#3272=DIRECTION('',(0.E0,1.E0,0.E0));
#3273=VECTOR('',#3272,1.75E-1);
#3274=CARTESIAN_POINT('',(-1.475E0,0.E0,-3.75E-1));
#3275=LINE('',#3274,#3273);
#3276=CURVE_STYLE('',#33,POSITIVE_LENGTH_MEASURE(2.E-2),#6);
#3277=PRESENTATION_STYLE_ASSIGNMENT((#3276));
#3278=STYLED_ITEM('',(#3277),#3275);
#3279=DIRECTION('',(0.E0,1.E0,0.E0));
#3280=VECTOR('',#3279,7.5E-2);
#3281=CARTESIAN_POINT('',(-1.7E0,0.E0,-3.75E-1));
#3282=LINE('',#3281,#3280);
#3283=CURVE_STYLE('',#33,POSITIVE_LENGTH_MEASURE(2.E-2),#6);
#3284=PRESENTATION_STYLE_ASSIGNMENT((#3283));
#3285=STYLED_ITEM('',(#3284),#3282);
#3286=DIRECTION('',(1.E0,0.E0,0.E0));
#3287=VECTOR('',#3286,5.E-2);
#3288=CARTESIAN_POINT('',(-1.75E0,7.5E-2,-3.75E-1));
#3289=LINE('',#3288,#3287);
#3290=CURVE_STYLE('',#33,POSITIVE_LENGTH_MEASURE(2.E-2),#6);
#3291=PRESENTATION_STYLE_ASSIGNMENT((#3290));
#3292=STYLED_ITEM('',(#3291),#3289);
#3293=DIRECTION('',(0.E0,1.E0,0.E0));
#3294=VECTOR('',#3293,1.E-1);
#3295=CARTESIAN_POINT('',(-1.75E0,7.5E-2,-3.75E-1));
#3296=LINE('',#3295,#3294);
#3297=CURVE_STYLE('',#33,POSITIVE_LENGTH_MEASURE(2.E-2),#6);
#3298=PRESENTATION_STYLE_ASSIGNMENT((#3297));
#3299=STYLED_ITEM('',(#3298),#3296);
#3300=DIRECTION('',(-1.E0,0.E0,0.E0));
#3301=VECTOR('',#3300,2.75E-1);
#3302=CARTESIAN_POINT('',(-1.475E0,1.75E-1,-1.25E-1));
#3303=LINE('',#3302,#3301);
#3304=CURVE_STYLE('',#33,POSITIVE_LENGTH_MEASURE(2.E-2),#6);
#3305=PRESENTATION_STYLE_ASSIGNMENT((#3304));
#3306=STYLED_ITEM('',(#3305),#3303);
#3307=CARTESIAN_POINT('',(-1.475E0,1.75E-1,-2.5E-1));
#3308=DIRECTION('',(0.E0,-1.E0,0.E0));
#3309=DIRECTION('',(0.E0,0.E0,-1.E0));
#3310=AXIS2_PLACEMENT_3D('',#3307,#3308,#3309);
#3312=CURVE_STYLE('',#33,POSITIVE_LENGTH_MEASURE(2.E-2),#6);
#3313=PRESENTATION_STYLE_ASSIGNMENT((#3312));
#3314=STYLED_ITEM('',(#3313),#3311);
#3315=DIRECTION('',(1.E0,0.E0,0.E0));
#3316=VECTOR('',#3315,2.75E-1);
#3317=CARTESIAN_POINT('',(-1.75E0,1.75E-1,-3.75E-1));
#3318=LINE('',#3317,#3316);
#3319=CURVE_STYLE('',#33,POSITIVE_LENGTH_MEASURE(2.E-2),#6);
#3320=PRESENTATION_STYLE_ASSIGNMENT((#3319));
#3321=STYLED_ITEM('',(#3320),#3318);
#3322=DIRECTION('',(0.E0,-1.E0,0.E0));
#3323=VECTOR('',#3322,7.5E-2);
#3324=CARTESIAN_POINT('',(-1.7E0,7.5E-2,-6.25E-1));
#3325=LINE('',#3324,#3323);
#3326=CURVE_STYLE('',#33,POSITIVE_LENGTH_MEASURE(2.E-2),#6);
#3327=PRESENTATION_STYLE_ASSIGNMENT((#3326));
#3328=STYLED_ITEM('',(#3327),#3325);
#3329=DIRECTION('',(0.E0,1.E0,0.E0));
#3330=VECTOR('',#3329,1.75E-1);
#3331=CARTESIAN_POINT('',(-1.475E0,0.E0,-6.25E-1));
#3332=LINE('',#3331,#3330);
#3333=CURVE_STYLE('',#33,POSITIVE_LENGTH_MEASURE(2.E-2),#6);
#3334=PRESENTATION_STYLE_ASSIGNMENT((#3333));
#3335=STYLED_ITEM('',(#3334),#3332);
#3336=DIRECTION('',(0.E0,-1.E0,0.E0));
#3337=VECTOR('',#3336,1.E-1);
#3338=CARTESIAN_POINT('',(-1.75E0,1.75E-1,-6.25E-1));
#3339=LINE('',#3338,#3337);
#3340=CURVE_STYLE('',#33,POSITIVE_LENGTH_MEASURE(2.E-2),#6);
#3341=PRESENTATION_STYLE_ASSIGNMENT((#3340));
#3342=STYLED_ITEM('',(#3341),#3339);
#3343=DIRECTION('',(-1.E0,0.E0,0.E0));
#3344=VECTOR('',#3343,5.E-2);
#3345=CARTESIAN_POINT('',(-1.7E0,7.5E-2,-6.25E-1));
#3346=LINE('',#3345,#3344);
#3347=CURVE_STYLE('',#33,POSITIVE_LENGTH_MEASURE(2.E-2),#6);
#3348=PRESENTATION_STYLE_ASSIGNMENT((#3347));
#3349=STYLED_ITEM('',(#3348),#3346);
#3350=DIRECTION('',(0.E0,1.E0,0.E0));
#3351=VECTOR('',#3350,1.75E-1);
#3352=CARTESIAN_POINT('',(-1.475E0,0.E0,-8.75E-1));
#3353=LINE('',#3352,#3351);
#3354=CURVE_STYLE('',#33,POSITIVE_LENGTH_MEASURE(2.E-2),#6);
#3355=PRESENTATION_STYLE_ASSIGNMENT((#3354));
#3356=STYLED_ITEM('',(#3355),#3353);
#3357=DIRECTION('',(0.E0,1.E0,0.E0));
#3358=VECTOR('',#3357,7.5E-2);
#3359=CARTESIAN_POINT('',(-1.7E0,0.E0,-8.75E-1));
#3360=LINE('',#3359,#3358);
#3361=CURVE_STYLE('',#33,POSITIVE_LENGTH_MEASURE(2.E-2),#6);
#3362=PRESENTATION_STYLE_ASSIGNMENT((#3361));
#3363=STYLED_ITEM('',(#3362),#3360);
#3364=DIRECTION('',(1.E0,0.E0,0.E0));
#3365=VECTOR('',#3364,5.E-2);
#3366=CARTESIAN_POINT('',(-1.75E0,7.5E-2,-8.75E-1));
#3367=LINE('',#3366,#3365);
#3368=CURVE_STYLE('',#33,POSITIVE_LENGTH_MEASURE(2.E-2),#6);
#3369=PRESENTATION_STYLE_ASSIGNMENT((#3368));
#3370=STYLED_ITEM('',(#3369),#3367);
#3371=DIRECTION('',(0.E0,1.E0,0.E0));
#3372=VECTOR('',#3371,1.E-1);
#3373=CARTESIAN_POINT('',(-1.75E0,7.5E-2,-8.75E-1));
#3374=LINE('',#3373,#3372);
#3375=CURVE_STYLE('',#33,POSITIVE_LENGTH_MEASURE(2.E-2),#6);
#3376=PRESENTATION_STYLE_ASSIGNMENT((#3375));
#3377=STYLED_ITEM('',(#3376),#3374);
#3378=DIRECTION('',(-1.E0,0.E0,0.E0));
#3379=VECTOR('',#3378,2.75E-1);
#3380=CARTESIAN_POINT('',(-1.475E0,1.75E-1,-6.25E-1));
#3381=LINE('',#3380,#3379);
#3382=CURVE_STYLE('',#33,POSITIVE_LENGTH_MEASURE(2.E-2),#6);
#3383=PRESENTATION_STYLE_ASSIGNMENT((#3382));
#3384=STYLED_ITEM('',(#3383),#3381);
#3385=CARTESIAN_POINT('',(-1.475E0,1.75E-1,-7.5E-1));
#3386=DIRECTION('',(0.E0,-1.E0,0.E0));
#3387=DIRECTION('',(0.E0,0.E0,-1.E0));
#3388=AXIS2_PLACEMENT_3D('',#3385,#3386,#3387);
#3390=CURVE_STYLE('',#33,POSITIVE_LENGTH_MEASURE(2.E-2),#6);
#3391=PRESENTATION_STYLE_ASSIGNMENT((#3390));
#3392=STYLED_ITEM('',(#3391),#3389);
#3393=DIRECTION('',(1.E0,0.E0,0.E0));
#3394=VECTOR('',#3393,2.75E-1);
#3395=CARTESIAN_POINT('',(-1.75E0,1.75E-1,-8.75E-1));
#3396=LINE('',#3395,#3394);
#3397=CURVE_STYLE('',#33,POSITIVE_LENGTH_MEASURE(2.E-2),#6);
#3398=PRESENTATION_STYLE_ASSIGNMENT((#3397));
#3399=STYLED_ITEM('',(#3398),#3396);
#3400=DIRECTION('',(0.E0,-1.E0,0.E0));
#3401=VECTOR('',#3400,7.5E-2);
#3402=CARTESIAN_POINT('',(-1.7E0,7.5E-2,-1.125E0));
#3403=LINE('',#3402,#3401);
#3404=CURVE_STYLE('',#33,POSITIVE_LENGTH_MEASURE(2.E-2),#6);
#3405=PRESENTATION_STYLE_ASSIGNMENT((#3404));
#3406=STYLED_ITEM('',(#3405),#3403);
#3407=DIRECTION('',(0.E0,1.E0,0.E0));
#3408=VECTOR('',#3407,1.75E-1);
#3409=CARTESIAN_POINT('',(-1.475E0,0.E0,-1.125E0));
#3410=LINE('',#3409,#3408);
#3411=CURVE_STYLE('',#33,POSITIVE_LENGTH_MEASURE(2.E-2),#6);
#3412=PRESENTATION_STYLE_ASSIGNMENT((#3411));
#3413=STYLED_ITEM('',(#3412),#3410);
#3414=DIRECTION('',(0.E0,-1.E0,0.E0));
#3415=VECTOR('',#3414,1.E-1);
#3416=CARTESIAN_POINT('',(-1.75E0,1.75E-1,-1.125E0));
#3417=LINE('',#3416,#3415);
#3418=CURVE_STYLE('',#33,POSITIVE_LENGTH_MEASURE(2.E-2),#6);
#3419=PRESENTATION_STYLE_ASSIGNMENT((#3418));
#3420=STYLED_ITEM('',(#3419),#3417);
#3421=DIRECTION('',(-1.E0,0.E0,0.E0));
#3422=VECTOR('',#3421,5.E-2);
#3423=CARTESIAN_POINT('',(-1.7E0,7.5E-2,-1.125E0));
#3424=LINE('',#3423,#3422);
#3425=CURVE_STYLE('',#33,POSITIVE_LENGTH_MEASURE(2.E-2),#6);
#3426=PRESENTATION_STYLE_ASSIGNMENT((#3425));
#3427=STYLED_ITEM('',(#3426),#3424);
#3428=DIRECTION('',(0.E0,1.E0,0.E0));
#3429=VECTOR('',#3428,1.75E-1);
#3430=CARTESIAN_POINT('',(-1.475E0,0.E0,-1.375E0));
#3431=LINE('',#3430,#3429);
#3432=CURVE_STYLE('',#33,POSITIVE_LENGTH_MEASURE(2.E-2),#6);
#3433=PRESENTATION_STYLE_ASSIGNMENT((#3432));
#3434=STYLED_ITEM('',(#3433),#3431);
#3435=DIRECTION('',(0.E0,1.E0,0.E0));
#3436=VECTOR('',#3435,7.5E-2);
#3437=CARTESIAN_POINT('',(-1.7E0,0.E0,-1.375E0));
#3438=LINE('',#3437,#3436);
#3439=CURVE_STYLE('',#33,POSITIVE_LENGTH_MEASURE(2.E-2),#6);
#3440=PRESENTATION_STYLE_ASSIGNMENT((#3439));
#3441=STYLED_ITEM('',(#3440),#3438);
#3442=DIRECTION('',(1.E0,0.E0,0.E0));
#3443=VECTOR('',#3442,5.E-2);
#3444=CARTESIAN_POINT('',(-1.75E0,7.5E-2,-1.375E0));
#3445=LINE('',#3444,#3443);
#3446=CURVE_STYLE('',#33,POSITIVE_LENGTH_MEASURE(2.E-2),#6);
#3447=PRESENTATION_STYLE_ASSIGNMENT((#3446));
#3448=STYLED_ITEM('',(#3447),#3445);
#3449=DIRECTION('',(0.E0,1.E0,0.E0));
#3450=VECTOR('',#3449,1.E-1);
#3451=CARTESIAN_POINT('',(-1.75E0,7.5E-2,-1.375E0));
#3452=LINE('',#3451,#3450);
#3453=CURVE_STYLE('',#33,POSITIVE_LENGTH_MEASURE(2.E-2),#6);
#3454=PRESENTATION_STYLE_ASSIGNMENT((#3453));
#3455=STYLED_ITEM('',(#3454),#3452);
#3456=DIRECTION('',(-1.E0,0.E0,0.E0));
#3457=VECTOR('',#3456,2.75E-1);
#3458=CARTESIAN_POINT('',(-1.475E0,1.75E-1,-1.125E0));
#3459=LINE('',#3458,#3457);
#3460=CURVE_STYLE('',#33,POSITIVE_LENGTH_MEASURE(2.E-2),#6);
#3461=PRESENTATION_STYLE_ASSIGNMENT((#3460));
#3462=STYLED_ITEM('',(#3461),#3459);
#3463=CARTESIAN_POINT('',(-1.475E0,1.75E-1,-1.25E0));
#3464=DIRECTION('',(0.E0,-1.E0,0.E0));
#3465=DIRECTION('',(0.E0,0.E0,-1.E0));
#3466=AXIS2_PLACEMENT_3D('',#3463,#3464,#3465);
#3468=CURVE_STYLE('',#33,POSITIVE_LENGTH_MEASURE(2.E-2),#6);
#3469=PRESENTATION_STYLE_ASSIGNMENT((#3468));
#3470=STYLED_ITEM('',(#3469),#3467);
#3471=DIRECTION('',(1.E0,0.E0,0.E0));
#3472=VECTOR('',#3471,2.75E-1);
#3473=CARTESIAN_POINT('',(-1.75E0,1.75E-1,-1.375E0));
#3474=LINE('',#3473,#3472);
#3475=CURVE_STYLE('',#33,POSITIVE_LENGTH_MEASURE(2.E-2),#6);
#3476=PRESENTATION_STYLE_ASSIGNMENT((#3475));
#3477=STYLED_ITEM('',(#3476),#3474);
#3478=DIRECTION('',(0.E0,-1.E0,0.E0));
#3479=VECTOR('',#3478,7.5E-2);
#3480=CARTESIAN_POINT('',(-1.7E0,7.5E-2,-1.625E0));
#3481=LINE('',#3480,#3479);
#3482=CURVE_STYLE('',#33,POSITIVE_LENGTH_MEASURE(2.E-2),#6);
#3483=PRESENTATION_STYLE_ASSIGNMENT((#3482));
#3484=STYLED_ITEM('',(#3483),#3481);
#3485=DIRECTION('',(0.E0,1.E0,0.E0));
#3486=VECTOR('',#3485,1.75E-1);
#3487=CARTESIAN_POINT('',(-1.475E0,0.E0,-1.625E0));
#3488=LINE('',#3487,#3486);
#3489=CURVE_STYLE('',#33,POSITIVE_LENGTH_MEASURE(2.E-2),#6);
#3490=PRESENTATION_STYLE_ASSIGNMENT((#3489));
#3491=STYLED_ITEM('',(#3490),#3488);
#3492=DIRECTION('',(0.E0,-1.E0,0.E0));
#3493=VECTOR('',#3492,1.E-1);
#3494=CARTESIAN_POINT('',(-1.75E0,1.75E-1,-1.625E0));
#3495=LINE('',#3494,#3493);
#3496=CURVE_STYLE('',#33,POSITIVE_LENGTH_MEASURE(2.E-2),#6);
#3497=PRESENTATION_STYLE_ASSIGNMENT((#3496));
#3498=STYLED_ITEM('',(#3497),#3495);
#3499=DIRECTION('',(-1.E0,0.E0,0.E0));
#3500=VECTOR('',#3499,5.E-2);
#3501=CARTESIAN_POINT('',(-1.7E0,7.5E-2,-1.625E0));
#3502=LINE('',#3501,#3500);
#3503=CURVE_STYLE('',#33,POSITIVE_LENGTH_MEASURE(2.E-2),#6);
#3504=PRESENTATION_STYLE_ASSIGNMENT((#3503));
#3505=STYLED_ITEM('',(#3504),#3502);
#3506=DIRECTION('',(0.E0,1.E0,0.E0));
#3507=VECTOR('',#3506,1.75E-1);
#3508=CARTESIAN_POINT('',(-1.475E0,0.E0,-1.875E0));
#3509=LINE('',#3508,#3507);
#3510=CURVE_STYLE('',#33,POSITIVE_LENGTH_MEASURE(2.E-2),#6);
#3511=PRESENTATION_STYLE_ASSIGNMENT((#3510));
#3512=STYLED_ITEM('',(#3511),#3509);
#3513=DIRECTION('',(-1.E0,0.E0,0.E0));
#3514=VECTOR('',#3513,2.75E-1);
#3515=CARTESIAN_POINT('',(-1.475E0,1.75E-1,-1.625E0));
#3516=LINE('',#3515,#3514);
#3517=CURVE_STYLE('',#33,POSITIVE_LENGTH_MEASURE(2.E-2),#6);
#3518=PRESENTATION_STYLE_ASSIGNMENT((#3517));
#3519=STYLED_ITEM('',(#3518),#3516);
#3520=CARTESIAN_POINT('',(-1.475E0,1.75E-1,-1.75E0));
#3521=DIRECTION('',(0.E0,-1.E0,0.E0));
#3522=DIRECTION('',(0.E0,0.E0,-1.E0));
#3523=AXIS2_PLACEMENT_3D('',#3520,#3521,#3522);
#3525=CURVE_STYLE('',#33,POSITIVE_LENGTH_MEASURE(2.E-2),#6);
#3526=PRESENTATION_STYLE_ASSIGNMENT((#3525));
#3527=STYLED_ITEM('',(#3526),#3524);
#3528=DIRECTION('',(1.E0,0.E0,0.E0));
#3529=VECTOR('',#3528,2.75E-1);
#3530=CARTESIAN_POINT('',(-1.75E0,1.75E-1,-1.875E0));
#3531=LINE('',#3530,#3529);
#3532=CURVE_STYLE('',#33,POSITIVE_LENGTH_MEASURE(2.E-2),#6);
#3533=PRESENTATION_STYLE_ASSIGNMENT((#3532));
#3534=STYLED_ITEM('',(#3533),#3531);
#3535=CARTESIAN_POINT('',(-1.75E0,9.75E-1,-2.25E0));
#3536=CARTESIAN_POINT('',(-1.75E0,9.75E-1,2.25E0));
#3537=VERTEX_POINT('',#3535);
#3538=VERTEX_POINT('',#3536);
#3539=CARTESIAN_POINT('',(1.75E0,9.75E-1,2.25E0));
#3540=VERTEX_POINT('',#3539);
#3541=CARTESIAN_POINT('',(1.75E0,9.75E-1,-2.25E0));
#3542=VERTEX_POINT('',#3541);
#3543=CARTESIAN_POINT('',(-1.2E0,6.E-2,-1.7E0));
#3544=CARTESIAN_POINT('',(-1.2E0,6.E-2,1.7E0));
#3545=VERTEX_POINT('',#3543);
#3546=VERTEX_POINT('',#3544);
#3547=CARTESIAN_POINT('',(1.475E0,0.E0,1.625E0));
#3548=CARTESIAN_POINT('',(1.475E0,0.E0,1.875E0));
#3549=VERTEX_POINT('',#3547);
#3550=VERTEX_POINT('',#3548);
#3551=CARTESIAN_POINT('',(1.475E0,0.E0,1.125E0));
#3552=CARTESIAN_POINT('',(1.475E0,0.E0,1.375E0));
#3553=VERTEX_POINT('',#3551);
#3554=VERTEX_POINT('',#3552);
#3555=CARTESIAN_POINT('',(1.475E0,0.E0,6.25E-1));
#3556=CARTESIAN_POINT('',(1.475E0,0.E0,8.75E-1));
#3557=VERTEX_POINT('',#3555);
#3558=VERTEX_POINT('',#3556);
#3559=CARTESIAN_POINT('',(1.475E0,0.E0,1.25E-1));
#3560=CARTESIAN_POINT('',(1.475E0,0.E0,3.75E-1));
#3561=VERTEX_POINT('',#3559);
#3562=VERTEX_POINT('',#3560);
#3563=CARTESIAN_POINT('',(1.475E0,0.E0,-3.75E-1));
#3564=CARTESIAN_POINT('',(1.475E0,0.E0,-1.25E-1));
#3565=VERTEX_POINT('',#3563);
#3566=VERTEX_POINT('',#3564);
#3567=CARTESIAN_POINT('',(1.1E0,6.E-2,-1.6E0));
#3568=CARTESIAN_POINT('',(1.1E0,6.E-2,1.6E0));
#3569=VERTEX_POINT('',#3567);
#3570=VERTEX_POINT('',#3568);
#3571=CARTESIAN_POINT('',(-3.75E-1,0.E0,-1.6E0));
#3572=CARTESIAN_POINT('',(-7.5E-1,0.E0,-1.6E0));
#3573=VERTEX_POINT('',#3571);
#3574=VERTEX_POINT('',#3572);
#3575=CARTESIAN_POINT('',(-1.1E0,0.E0,-1.25E0));
#3576=CARTESIAN_POINT('',(-1.1E0,0.E0,1.6E0));
#3577=VERTEX_POINT('',#3575);
#3578=VERTEX_POINT('',#3576);
#3579=CARTESIAN_POINT('',(3.75E-1,0.E0,1.6E0));
#3580=CARTESIAN_POINT('',(1.1E0,0.E0,1.6E0));
#3581=VERTEX_POINT('',#3579);
#3582=VERTEX_POINT('',#3580);
#3583=CARTESIAN_POINT('',(1.1E0,0.E0,-1.6E0));
#3584=VERTEX_POINT('',#3583);
#3585=CARTESIAN_POINT('',(1.2E0,6.E-2,1.7E0));
#3586=CARTESIAN_POINT('',(1.2E0,6.E-2,-1.7E0));
#3587=VERTEX_POINT('',#3585);
#3588=VERTEX_POINT('',#3586);
#3589=CARTESIAN_POINT('',(-1.1E0,6.E-2,1.6E0));
#3590=VERTEX_POINT('',#3589);
#3591=CARTESIAN_POINT('',(-1.2E0,1.75E-1,-1.7E0));
#3592=CARTESIAN_POINT('',(-1.2E0,1.75E-1,1.7E0));
#3593=VERTEX_POINT('',#3591);
#3594=VERTEX_POINT('',#3592);
#3595=CARTESIAN_POINT('',(1.2E0,1.75E-1,1.7E0));
#3596=CARTESIAN_POINT('',(1.2E0,1.75E-1,-1.7E0));
#3597=VERTEX_POINT('',#3595);
#3598=VERTEX_POINT('',#3596);
#3599=CARTESIAN_POINT('',(1.475E0,1.75E-1,1.625E0));
#3600=CARTESIAN_POINT('',(1.475E0,1.75E-1,1.875E0));
#3601=VERTEX_POINT('',#3599);
#3602=VERTEX_POINT('',#3600);
#3603=CARTESIAN_POINT('',(1.475E0,1.75E-1,1.125E0));
#3604=CARTESIAN_POINT('',(1.475E0,1.75E-1,1.375E0));
#3605=VERTEX_POINT('',#3603);
#3606=VERTEX_POINT('',#3604);
#3607=CARTESIAN_POINT('',(1.475E0,1.75E-1,6.25E-1));
#3608=CARTESIAN_POINT('',(1.475E0,1.75E-1,8.75E-1));
#3609=VERTEX_POINT('',#3607);
#3610=VERTEX_POINT('',#3608);
#3611=CARTESIAN_POINT('',(1.475E0,1.75E-1,1.25E-1));
#3612=CARTESIAN_POINT('',(1.475E0,1.75E-1,3.75E-1));
#3613=VERTEX_POINT('',#3611);
#3614=VERTEX_POINT('',#3612);
#3615=CARTESIAN_POINT('',(1.475E0,1.75E-1,-3.75E-1));
#3616=CARTESIAN_POINT('',(1.475E0,1.75E-1,-1.25E-1));
#3617=VERTEX_POINT('',#3615);
#3618=VERTEX_POINT('',#3616);
#3619=CARTESIAN_POINT('',(-1.475E0,0.E0,1.625E0));
#3620=CARTESIAN_POINT('',(-1.475E0,0.E0,1.875E0));
#3621=VERTEX_POINT('',#3619);
#3622=VERTEX_POINT('',#3620);
#3623=CARTESIAN_POINT('',(-1.475E0,0.E0,1.125E0));
#3624=CARTESIAN_POINT('',(-1.475E0,0.E0,1.375E0));
#3625=VERTEX_POINT('',#3623);
#3626=VERTEX_POINT('',#3624);
#3627=CARTESIAN_POINT('',(-1.475E0,0.E0,6.25E-1));
#3628=CARTESIAN_POINT('',(-1.475E0,0.E0,8.75E-1));
#3629=VERTEX_POINT('',#3627);
#3630=VERTEX_POINT('',#3628);
#3631=CARTESIAN_POINT('',(-1.475E0,0.E0,1.25E-1));
#3632=CARTESIAN_POINT('',(-1.475E0,0.E0,3.75E-1));
#3633=VERTEX_POINT('',#3631);
#3634=VERTEX_POINT('',#3632);
#3635=CARTESIAN_POINT('',(-1.475E0,0.E0,-3.75E-1));
#3636=CARTESIAN_POINT('',(-1.475E0,0.E0,-1.25E-1));
#3637=VERTEX_POINT('',#3635);
#3638=VERTEX_POINT('',#3636);
#3639=CARTESIAN_POINT('',(-1.475E0,1.75E-1,1.625E0));
#3640=CARTESIAN_POINT('',(-1.475E0,1.75E-1,1.875E0));
#3641=VERTEX_POINT('',#3639);
#3642=VERTEX_POINT('',#3640);
#3643=CARTESIAN_POINT('',(-1.475E0,1.75E-1,1.125E0));
#3644=CARTESIAN_POINT('',(-1.475E0,1.75E-1,1.375E0));
#3645=VERTEX_POINT('',#3643);
#3646=VERTEX_POINT('',#3644);
#3647=CARTESIAN_POINT('',(-1.475E0,1.75E-1,6.25E-1));
#3648=CARTESIAN_POINT('',(-1.475E0,1.75E-1,8.75E-1));
#3649=VERTEX_POINT('',#3647);
#3650=VERTEX_POINT('',#3648);
#3651=CARTESIAN_POINT('',(-1.475E0,1.75E-1,1.25E-1));
#3652=CARTESIAN_POINT('',(-1.475E0,1.75E-1,3.75E-1));
#3653=VERTEX_POINT('',#3651);
#3654=VERTEX_POINT('',#3652);
#3655=CARTESIAN_POINT('',(-1.475E0,1.75E-1,-3.75E-1));
#3656=CARTESIAN_POINT('',(-1.475E0,1.75E-1,-1.25E-1));
#3657=VERTEX_POINT('',#3655);
#3658=VERTEX_POINT('',#3656);
#3659=CARTESIAN_POINT('',(-1.75E0,1.75E-1,1.875E0));
#3660=CARTESIAN_POINT('',(-1.75E0,1.75E-1,1.625E0));
#3661=VERTEX_POINT('',#3659);
#3662=VERTEX_POINT('',#3660);
#3663=CARTESIAN_POINT('',(-1.75E0,1.75E-1,1.375E0));
#3664=CARTESIAN_POINT('',(-1.75E0,1.75E-1,1.125E0));
#3665=VERTEX_POINT('',#3663);
#3666=VERTEX_POINT('',#3664);
#3667=CARTESIAN_POINT('',(-1.75E0,1.75E-1,8.75E-1));
#3668=CARTESIAN_POINT('',(-1.75E0,1.75E-1,6.25E-1));
#3669=VERTEX_POINT('',#3667);
#3670=VERTEX_POINT('',#3668);
#3671=CARTESIAN_POINT('',(-1.75E0,1.75E-1,-1.25E-1));
#3672=CARTESIAN_POINT('',(-1.75E0,1.75E-1,-3.75E-1));
#3673=VERTEX_POINT('',#3671);
#3674=VERTEX_POINT('',#3672);
#3675=CARTESIAN_POINT('',(1.75E0,1.75E-1,1.875E0));
#3676=CARTESIAN_POINT('',(1.75E0,1.75E-1,1.625E0));
#3677=VERTEX_POINT('',#3675);
#3678=VERTEX_POINT('',#3676);
#3679=CARTESIAN_POINT('',(1.75E0,1.75E-1,1.375E0));
#3680=CARTESIAN_POINT('',(1.75E0,1.75E-1,1.125E0));
#3681=VERTEX_POINT('',#3679);
#3682=VERTEX_POINT('',#3680);
#3683=CARTESIAN_POINT('',(1.75E0,1.75E-1,8.75E-1));
#3684=CARTESIAN_POINT('',(1.75E0,1.75E-1,6.25E-1));
#3685=VERTEX_POINT('',#3683);
#3686=VERTEX_POINT('',#3684);
#3687=CARTESIAN_POINT('',(1.75E0,1.75E-1,-1.25E-1));
#3688=CARTESIAN_POINT('',(1.75E0,1.75E-1,-3.75E-1));
#3689=VERTEX_POINT('',#3687);
#3690=VERTEX_POINT('',#3688);
#3691=CARTESIAN_POINT('',(1.75E0,1.75E-1,1.25E-1));
#3692=VERTEX_POINT('',#3691);
#3693=CARTESIAN_POINT('',(1.75E0,1.75E-1,3.75E-1));
#3694=VERTEX_POINT('',#3693);
#3695=CARTESIAN_POINT('',(-1.75E0,1.75E-1,1.25E-1));
#3696=VERTEX_POINT('',#3695);
#3697=CARTESIAN_POINT('',(-1.75E0,1.75E-1,3.75E-1));
#3698=VERTEX_POINT('',#3697);
#3699=CARTESIAN_POINT('',(1.475E0,0.E0,-8.75E-1));
#3700=CARTESIAN_POINT('',(1.475E0,0.E0,-6.25E-1));
#3701=VERTEX_POINT('',#3699);
#3702=VERTEX_POINT('',#3700);
#3703=CARTESIAN_POINT('',(1.475E0,0.E0,-1.375E0));
#3704=CARTESIAN_POINT('',(1.475E0,0.E0,-1.125E0));
#3705=VERTEX_POINT('',#3703);
#3706=VERTEX_POINT('',#3704);
#3707=CARTESIAN_POINT('',(1.475E0,0.E0,-1.875E0));
#3708=CARTESIAN_POINT('',(1.475E0,0.E0,-1.625E0));
#3709=VERTEX_POINT('',#3707);
#3710=VERTEX_POINT('',#3708);
#3711=CARTESIAN_POINT('',(-1.475E0,0.E0,-8.75E-1));
#3712=CARTESIAN_POINT('',(-1.475E0,0.E0,-6.25E-1));
#3713=VERTEX_POINT('',#3711);
#3714=VERTEX_POINT('',#3712);
#3715=CARTESIAN_POINT('',(-1.475E0,0.E0,-1.375E0));
#3716=CARTESIAN_POINT('',(-1.475E0,0.E0,-1.125E0));
#3717=VERTEX_POINT('',#3715);
#3718=VERTEX_POINT('',#3716);
#3719=CARTESIAN_POINT('',(-1.475E0,0.E0,-1.875E0));
#3720=CARTESIAN_POINT('',(-1.475E0,0.E0,-1.625E0));
#3721=VERTEX_POINT('',#3719);
#3722=VERTEX_POINT('',#3720);
#3723=CARTESIAN_POINT('',(1.475E0,1.75E-1,-8.75E-1));
#3724=CARTESIAN_POINT('',(1.475E0,1.75E-1,-6.25E-1));
#3725=VERTEX_POINT('',#3723);
#3726=VERTEX_POINT('',#3724);
#3727=CARTESIAN_POINT('',(1.475E0,1.75E-1,-1.375E0));
#3728=CARTESIAN_POINT('',(1.475E0,1.75E-1,-1.125E0));
#3729=VERTEX_POINT('',#3727);
#3730=VERTEX_POINT('',#3728);
#3731=CARTESIAN_POINT('',(1.475E0,1.75E-1,-1.875E0));
#3732=CARTESIAN_POINT('',(1.475E0,1.75E-1,-1.625E0));
#3733=VERTEX_POINT('',#3731);
#3734=VERTEX_POINT('',#3732);
#3735=CARTESIAN_POINT('',(-1.475E0,1.75E-1,-8.75E-1));
#3736=CARTESIAN_POINT('',(-1.475E0,1.75E-1,-6.25E-1));
#3737=VERTEX_POINT('',#3735);
#3738=VERTEX_POINT('',#3736);
#3739=CARTESIAN_POINT('',(-1.475E0,1.75E-1,-1.375E0));
#3740=CARTESIAN_POINT('',(-1.475E0,1.75E-1,-1.125E0));
#3741=VERTEX_POINT('',#3739);
#3742=VERTEX_POINT('',#3740);
#3743=CARTESIAN_POINT('',(-1.475E0,1.75E-1,-1.875E0));
#3744=CARTESIAN_POINT('',(-1.475E0,1.75E-1,-1.625E0));
#3745=VERTEX_POINT('',#3743);
#3746=VERTEX_POINT('',#3744);
#3747=CARTESIAN_POINT('',(-1.75E0,1.75E-1,-6.25E-1));
#3748=CARTESIAN_POINT('',(-1.75E0,1.75E-1,-8.75E-1));
#3749=VERTEX_POINT('',#3747);
#3750=VERTEX_POINT('',#3748);
#3751=CARTESIAN_POINT('',(-1.75E0,1.75E-1,-1.125E0));
#3752=CARTESIAN_POINT('',(-1.75E0,1.75E-1,-1.375E0));
#3753=VERTEX_POINT('',#3751);
#3754=VERTEX_POINT('',#3752);
#3755=CARTESIAN_POINT('',(-1.75E0,1.75E-1,-1.625E0));
#3756=CARTESIAN_POINT('',(-1.75E0,1.75E-1,-1.875E0));
#3757=VERTEX_POINT('',#3755);
#3758=VERTEX_POINT('',#3756);
#3759=CARTESIAN_POINT('',(1.75E0,1.75E-1,-6.25E-1));
#3760=CARTESIAN_POINT('',(1.75E0,1.75E-1,-8.75E-1));
#3761=VERTEX_POINT('',#3759);
#3762=VERTEX_POINT('',#3760);
#3763=CARTESIAN_POINT('',(1.75E0,1.75E-1,-1.125E0));
#3764=CARTESIAN_POINT('',(1.75E0,1.75E-1,-1.375E0));
#3765=VERTEX_POINT('',#3763);
#3766=VERTEX_POINT('',#3764);
#3767=CARTESIAN_POINT('',(1.75E0,1.75E-1,-1.625E0));
#3768=CARTESIAN_POINT('',(1.75E0,1.75E-1,-1.875E0));
#3769=VERTEX_POINT('',#3767);
#3770=VERTEX_POINT('',#3768);
#3771=CARTESIAN_POINT('',(-8.75E-1,0.E0,-1.975E0));
#3772=CARTESIAN_POINT('',(-6.25E-1,0.E0,-1.975E0));
#3773=VERTEX_POINT('',#3771);
#3774=VERTEX_POINT('',#3772);
#3775=CARTESIAN_POINT('',(6.25E-1,0.E0,-1.975E0));
#3776=CARTESIAN_POINT('',(8.75E-1,0.E0,-1.975E0));
#3777=VERTEX_POINT('',#3775);
#3778=VERTEX_POINT('',#3776);
#3779=CARTESIAN_POINT('',(-8.75E-1,0.E0,1.975E0));
#3780=CARTESIAN_POINT('',(-6.25E-1,0.E0,1.975E0));
#3781=VERTEX_POINT('',#3779);
#3782=VERTEX_POINT('',#3780);
#3783=CARTESIAN_POINT('',(6.25E-1,0.E0,1.975E0));
#3784=CARTESIAN_POINT('',(8.75E-1,0.E0,1.975E0));
#3785=VERTEX_POINT('',#3783);
#3786=VERTEX_POINT('',#3784);
#3787=CARTESIAN_POINT('',(-8.75E-1,1.75E-1,-1.975E0));
#3788=CARTESIAN_POINT('',(-6.25E-1,1.75E-1,-1.975E0));
#3789=VERTEX_POINT('',#3787);
#3790=VERTEX_POINT('',#3788);
#3791=CARTESIAN_POINT('',(6.25E-1,1.75E-1,-1.975E0));
#3792=CARTESIAN_POINT('',(8.75E-1,1.75E-1,-1.975E0));
#3793=VERTEX_POINT('',#3791);
#3794=VERTEX_POINT('',#3792);
#3795=CARTESIAN_POINT('',(-8.75E-1,1.75E-1,1.975E0));
#3796=CARTESIAN_POINT('',(-6.25E-1,1.75E-1,1.975E0));
#3797=VERTEX_POINT('',#3795);
#3798=VERTEX_POINT('',#3796);
#3799=CARTESIAN_POINT('',(6.25E-1,1.75E-1,1.975E0));
#3800=CARTESIAN_POINT('',(8.75E-1,1.75E-1,1.975E0));
#3801=VERTEX_POINT('',#3799);
#3802=VERTEX_POINT('',#3800);
#3803=CARTESIAN_POINT('',(-8.75E-1,1.75E-1,2.25E0));
#3804=CARTESIAN_POINT('',(-6.25E-1,1.75E-1,2.25E0));
#3805=VERTEX_POINT('',#3803);
#3806=VERTEX_POINT('',#3804);
#3807=CARTESIAN_POINT('',(6.25E-1,1.75E-1,2.25E0));
#3808=CARTESIAN_POINT('',(8.75E-1,1.75E-1,2.25E0));
#3809=VERTEX_POINT('',#3807);
#3810=VERTEX_POINT('',#3808);
#3811=CARTESIAN_POINT('',(-8.75E-1,1.75E-1,-2.25E0));
#3812=CARTESIAN_POINT('',(-6.25E-1,1.75E-1,-2.25E0));
#3813=VERTEX_POINT('',#3811);
#3814=VERTEX_POINT('',#3812);
#3815=CARTESIAN_POINT('',(6.25E-1,1.75E-1,-2.25E0));
#3816=VERTEX_POINT('',#3815);
#3817=CARTESIAN_POINT('',(8.75E-1,1.75E-1,-2.25E0));
#3818=VERTEX_POINT('',#3817);
#3819=CARTESIAN_POINT('',(3.75E-1,0.E0,-1.6E0));
#3820=VERTEX_POINT('',#3819);
#3821=CARTESIAN_POINT('',(-3.75E-1,0.E0,1.6E0));
#3822=VERTEX_POINT('',#3821);
#3823=CARTESIAN_POINT('',(-3.75E-1,1.75E-1,2.25E0));
#3824=CARTESIAN_POINT('',(-1.25E-1,1.75E-1,2.25E0));
#3825=VERTEX_POINT('',#3823);
#3826=VERTEX_POINT('',#3824);
#3827=CARTESIAN_POINT('',(1.25E-1,1.75E-1,2.25E0));
#3828=CARTESIAN_POINT('',(3.75E-1,1.75E-1,2.25E0));
#3829=VERTEX_POINT('',#3827);
#3830=VERTEX_POINT('',#3828);
#3831=CARTESIAN_POINT('',(-1.25E-1,1.75E-1,-2.25E0));
#3832=CARTESIAN_POINT('',(-3.75E-1,1.75E-1,-2.25E0));
#3833=VERTEX_POINT('',#3831);
#3834=VERTEX_POINT('',#3832);
#3835=CARTESIAN_POINT('',(3.75E-1,1.75E-1,-2.25E0));
#3836=CARTESIAN_POINT('',(1.25E-1,1.75E-1,-2.25E0));
#3837=VERTEX_POINT('',#3835);
#3838=VERTEX_POINT('',#3836);
#3839=CARTESIAN_POINT('',(-1.1E0,6.E-2,-1.25E0));
#3840=VERTEX_POINT('',#3839);
#3841=CARTESIAN_POINT('',(-7.5E-1,6.E-2,-1.6E0));
#3842=VERTEX_POINT('',#3841);
#3843=CARTESIAN_POINT('',(3.75E-1,6.E-2,-1.7E0));
#3844=VERTEX_POINT('',#3843);
#3845=CARTESIAN_POINT('',(-3.75E-1,6.E-2,-1.7E0));
#3846=VERTEX_POINT('',#3845);
#3847=CARTESIAN_POINT('',(-3.75E-1,6.E-2,-1.6E0));
#3848=VERTEX_POINT('',#3847);
#3849=CARTESIAN_POINT('',(3.75E-1,6.E-2,-1.6E0));
#3850=VERTEX_POINT('',#3849);
#3851=CARTESIAN_POINT('',(-3.75E-1,6.E-2,1.7E0));
#3852=VERTEX_POINT('',#3851);
#3853=CARTESIAN_POINT('',(3.75E-1,6.E-2,1.7E0));
#3854=VERTEX_POINT('',#3853);
#3855=CARTESIAN_POINT('',(-3.75E-1,6.E-2,1.6E0));
#3856=VERTEX_POINT('',#3855);
#3857=CARTESIAN_POINT('',(3.75E-1,6.E-2,1.6E0));
#3858=VERTEX_POINT('',#3857);
#3859=CARTESIAN_POINT('',(1.25E-1,0.E0,-2.1E0));
#3860=CARTESIAN_POINT('',(-1.25E-1,0.E0,-2.1E0));
#3861=VERTEX_POINT('',#3859);
#3862=VERTEX_POINT('',#3860);
#3863=CARTESIAN_POINT('',(1.25E-1,0.E0,2.1E0));
#3864=CARTESIAN_POINT('',(-1.25E-1,0.E0,2.1E0));
#3865=VERTEX_POINT('',#3863);
#3866=VERTEX_POINT('',#3864);
#3867=CARTESIAN_POINT('',(1.25E-1,1.75E-1,-2.1E0));
#3868=CARTESIAN_POINT('',(-1.25E-1,1.75E-1,-2.1E0));
#3869=VERTEX_POINT('',#3867);
#3870=VERTEX_POINT('',#3868);
#3871=CARTESIAN_POINT('',(3.75E-1,1.75E-1,-1.7E0));
#3872=VERTEX_POINT('',#3871);
#3873=CARTESIAN_POINT('',(-3.75E-1,1.75E-1,-1.7E0));
#3874=VERTEX_POINT('',#3873);
#3875=CARTESIAN_POINT('',(1.25E-1,1.75E-1,2.1E0));
#3876=CARTESIAN_POINT('',(-1.25E-1,1.75E-1,2.1E0));
#3877=VERTEX_POINT('',#3875);
#3878=VERTEX_POINT('',#3876);
#3879=CARTESIAN_POINT('',(-3.75E-1,1.75E-1,1.7E0));
#3880=VERTEX_POINT('',#3879);
#3881=CARTESIAN_POINT('',(3.75E-1,1.75E-1,1.7E0));
#3882=VERTEX_POINT('',#3881);
#3883=CARTESIAN_POINT('',(-1.7E0,0.E0,-2.2E0));
#3884=CARTESIAN_POINT('',(-1.7E0,0.E0,-1.875E0));
#3885=VERTEX_POINT('',#3883);
#3886=VERTEX_POINT('',#3884);
#3887=CARTESIAN_POINT('',(-1.7E0,0.E0,-1.625E0));
#3888=CARTESIAN_POINT('',(-1.7E0,0.E0,-1.375E0));
#3889=VERTEX_POINT('',#3887);
#3890=VERTEX_POINT('',#3888);
#3891=CARTESIAN_POINT('',(-1.7E0,0.E0,-1.125E0));
#3892=CARTESIAN_POINT('',(-1.7E0,0.E0,-8.75E-1));
#3893=VERTEX_POINT('',#3891);
#3894=VERTEX_POINT('',#3892);
#3895=CARTESIAN_POINT('',(-1.7E0,0.E0,-6.25E-1));
#3896=CARTESIAN_POINT('',(-1.7E0,0.E0,-3.75E-1));
#3897=VERTEX_POINT('',#3895);
#3898=VERTEX_POINT('',#3896);
#3899=CARTESIAN_POINT('',(-1.7E0,0.E0,-1.25E-1));
#3900=CARTESIAN_POINT('',(-1.7E0,0.E0,1.25E-1));
#3901=VERTEX_POINT('',#3899);
#3902=VERTEX_POINT('',#3900);
#3903=CARTESIAN_POINT('',(-1.7E0,0.E0,3.75E-1));
#3904=CARTESIAN_POINT('',(-1.7E0,0.E0,6.25E-1));
#3905=VERTEX_POINT('',#3903);
#3906=VERTEX_POINT('',#3904);
#3907=CARTESIAN_POINT('',(-1.7E0,0.E0,8.75E-1));
#3908=CARTESIAN_POINT('',(-1.7E0,0.E0,1.125E0));
#3909=VERTEX_POINT('',#3907);
#3910=VERTEX_POINT('',#3908);
#3911=CARTESIAN_POINT('',(-1.7E0,0.E0,1.375E0));
#3912=CARTESIAN_POINT('',(-1.7E0,0.E0,1.625E0));
#3913=VERTEX_POINT('',#3911);
#3914=VERTEX_POINT('',#3912);
#3915=CARTESIAN_POINT('',(-1.7E0,0.E0,1.875E0));
#3916=CARTESIAN_POINT('',(-1.7E0,0.E0,2.2E0));
#3917=VERTEX_POINT('',#3915);
#3918=VERTEX_POINT('',#3916);
#3919=CARTESIAN_POINT('',(-8.75E-1,0.E0,2.2E0));
#3920=VERTEX_POINT('',#3919);
#3921=CARTESIAN_POINT('',(-6.25E-1,0.E0,2.2E0));
#3922=CARTESIAN_POINT('',(-3.75E-1,0.E0,2.2E0));
#3923=VERTEX_POINT('',#3921);
#3924=VERTEX_POINT('',#3922);
#3925=CARTESIAN_POINT('',(-1.25E-1,0.E0,2.2E0));
#3926=CARTESIAN_POINT('',(1.25E-1,0.E0,2.2E0));
#3927=VERTEX_POINT('',#3925);
#3928=VERTEX_POINT('',#3926);
#3929=CARTESIAN_POINT('',(1.7E0,0.E0,2.2E0));
#3930=CARTESIAN_POINT('',(1.7E0,0.E0,1.875E0));
#3931=VERTEX_POINT('',#3929);
#3932=VERTEX_POINT('',#3930);
#3933=CARTESIAN_POINT('',(1.7E0,0.E0,1.625E0));
#3934=CARTESIAN_POINT('',(1.7E0,0.E0,1.375E0));
#3935=VERTEX_POINT('',#3933);
#3936=VERTEX_POINT('',#3934);
#3937=CARTESIAN_POINT('',(1.7E0,0.E0,1.125E0));
#3938=CARTESIAN_POINT('',(1.7E0,0.E0,8.75E-1));
#3939=VERTEX_POINT('',#3937);
#3940=VERTEX_POINT('',#3938);
#3941=CARTESIAN_POINT('',(1.7E0,0.E0,6.25E-1));
#3942=CARTESIAN_POINT('',(1.7E0,0.E0,3.75E-1));
#3943=VERTEX_POINT('',#3941);
#3944=VERTEX_POINT('',#3942);
#3945=CARTESIAN_POINT('',(1.7E0,0.E0,1.25E-1));
#3946=CARTESIAN_POINT('',(1.7E0,0.E0,-1.25E-1));
#3947=VERTEX_POINT('',#3945);
#3948=VERTEX_POINT('',#3946);
#3949=CARTESIAN_POINT('',(1.7E0,0.E0,-3.75E-1));
#3950=CARTESIAN_POINT('',(1.7E0,0.E0,-6.25E-1));
#3951=VERTEX_POINT('',#3949);
#3952=VERTEX_POINT('',#3950);
#3953=CARTESIAN_POINT('',(1.7E0,0.E0,-8.75E-1));
#3954=CARTESIAN_POINT('',(1.7E0,0.E0,-1.125E0));
#3955=VERTEX_POINT('',#3953);
#3956=VERTEX_POINT('',#3954);
#3957=CARTESIAN_POINT('',(1.7E0,0.E0,-1.375E0));
#3958=CARTESIAN_POINT('',(1.7E0,0.E0,-1.625E0));
#3959=VERTEX_POINT('',#3957);
#3960=VERTEX_POINT('',#3958);
#3961=CARTESIAN_POINT('',(1.7E0,0.E0,-1.875E0));
#3962=CARTESIAN_POINT('',(1.7E0,0.E0,-2.2E0));
#3963=VERTEX_POINT('',#3961);
#3964=VERTEX_POINT('',#3962);
#3965=CARTESIAN_POINT('',(8.75E-1,0.E0,-2.2E0));
#3966=VERTEX_POINT('',#3965);
#3967=CARTESIAN_POINT('',(6.25E-1,0.E0,-2.2E0));
#3968=CARTESIAN_POINT('',(3.75E-1,0.E0,-2.2E0));
#3969=VERTEX_POINT('',#3967);
#3970=VERTEX_POINT('',#3968);
#3971=CARTESIAN_POINT('',(1.25E-1,0.E0,-2.2E0));
#3972=CARTESIAN_POINT('',(-1.25E-1,0.E0,-2.2E0));
#3973=VERTEX_POINT('',#3971);
#3974=VERTEX_POINT('',#3972);
#3975=CARTESIAN_POINT('',(-1.75E0,7.5E-2,-2.25E0));
#3976=CARTESIAN_POINT('',(-1.75E0,7.5E-2,-1.875E0));
#3977=VERTEX_POINT('',#3975);
#3978=VERTEX_POINT('',#3976);
#3979=CARTESIAN_POINT('',(-1.75E0,7.5E-2,-1.625E0));
#3980=CARTESIAN_POINT('',(-1.75E0,7.5E-2,-1.375E0));
#3981=VERTEX_POINT('',#3979);
#3982=VERTEX_POINT('',#3980);
#3983=CARTESIAN_POINT('',(-1.75E0,7.5E-2,-1.125E0));
#3984=CARTESIAN_POINT('',(-1.75E0,7.5E-2,-8.75E-1));
#3985=VERTEX_POINT('',#3983);
#3986=VERTEX_POINT('',#3984);
#3987=CARTESIAN_POINT('',(-1.75E0,7.5E-2,-6.25E-1));
#3988=CARTESIAN_POINT('',(-1.75E0,7.5E-2,-3.75E-1));
#3989=VERTEX_POINT('',#3987);
#3990=VERTEX_POINT('',#3988);
#3991=CARTESIAN_POINT('',(-1.75E0,7.5E-2,-1.25E-1));
#3992=CARTESIAN_POINT('',(-1.75E0,7.5E-2,1.25E-1));
#3993=VERTEX_POINT('',#3991);
#3994=VERTEX_POINT('',#3992);
#3995=CARTESIAN_POINT('',(-1.75E0,7.5E-2,3.75E-1));
#3996=CARTESIAN_POINT('',(-1.75E0,7.5E-2,6.25E-1));
#3997=VERTEX_POINT('',#3995);
#3998=VERTEX_POINT('',#3996);
#3999=CARTESIAN_POINT('',(-1.75E0,7.5E-2,8.75E-1));
#4000=CARTESIAN_POINT('',(-1.75E0,7.5E-2,1.125E0));
#4001=VERTEX_POINT('',#3999);
#4002=VERTEX_POINT('',#4000);
#4003=CARTESIAN_POINT('',(-1.75E0,7.5E-2,1.375E0));
#4004=CARTESIAN_POINT('',(-1.75E0,7.5E-2,1.625E0));
#4005=VERTEX_POINT('',#4003);
#4006=VERTEX_POINT('',#4004);
#4007=CARTESIAN_POINT('',(-1.75E0,7.5E-2,1.875E0));
#4008=CARTESIAN_POINT('',(-1.75E0,7.5E-2,2.25E0));
#4009=VERTEX_POINT('',#4007);
#4010=VERTEX_POINT('',#4008);
#4011=CARTESIAN_POINT('',(-8.75E-1,7.5E-2,2.25E0));
#4012=VERTEX_POINT('',#4011);
#4013=CARTESIAN_POINT('',(-6.25E-1,7.5E-2,2.25E0));
#4014=CARTESIAN_POINT('',(-3.75E-1,7.5E-2,2.25E0));
#4015=VERTEX_POINT('',#4013);
#4016=VERTEX_POINT('',#4014);
#4017=CARTESIAN_POINT('',(-1.25E-1,7.5E-2,2.25E0));
#4018=CARTESIAN_POINT('',(1.25E-1,7.5E-2,2.25E0));
#4019=VERTEX_POINT('',#4017);
#4020=VERTEX_POINT('',#4018);
#4021=CARTESIAN_POINT('',(1.75E0,7.5E-2,2.25E0));
#4022=CARTESIAN_POINT('',(1.75E0,7.5E-2,1.875E0));
#4023=VERTEX_POINT('',#4021);
#4024=VERTEX_POINT('',#4022);
#4025=CARTESIAN_POINT('',(1.75E0,7.5E-2,1.625E0));
#4026=CARTESIAN_POINT('',(1.75E0,7.5E-2,1.375E0));
#4027=VERTEX_POINT('',#4025);
#4028=VERTEX_POINT('',#4026);
#4029=CARTESIAN_POINT('',(1.75E0,7.5E-2,1.125E0));
#4030=CARTESIAN_POINT('',(1.75E0,7.5E-2,8.75E-1));
#4031=VERTEX_POINT('',#4029);
#4032=VERTEX_POINT('',#4030);
#4033=CARTESIAN_POINT('',(1.75E0,7.5E-2,6.25E-1));
#4034=CARTESIAN_POINT('',(1.75E0,7.5E-2,3.75E-1));
#4035=VERTEX_POINT('',#4033);
#4036=VERTEX_POINT('',#4034);
#4037=CARTESIAN_POINT('',(1.75E0,7.5E-2,1.25E-1));
#4038=CARTESIAN_POINT('',(1.75E0,7.5E-2,-1.25E-1));
#4039=VERTEX_POINT('',#4037);
#4040=VERTEX_POINT('',#4038);
#4041=CARTESIAN_POINT('',(1.75E0,7.5E-2,-3.75E-1));
#4042=CARTESIAN_POINT('',(1.75E0,7.5E-2,-6.25E-1));
#4043=VERTEX_POINT('',#4041);
#4044=VERTEX_POINT('',#4042);
#4045=CARTESIAN_POINT('',(1.75E0,7.5E-2,-8.75E-1));
#4046=CARTESIAN_POINT('',(1.75E0,7.5E-2,-1.125E0));
#4047=VERTEX_POINT('',#4045);
#4048=VERTEX_POINT('',#4046);
#4049=CARTESIAN_POINT('',(1.75E0,7.5E-2,-1.375E0));
#4050=CARTESIAN_POINT('',(1.75E0,7.5E-2,-1.625E0));
#4051=VERTEX_POINT('',#4049);
#4052=VERTEX_POINT('',#4050);
#4053=CARTESIAN_POINT('',(1.75E0,7.5E-2,-1.875E0));
#4054=CARTESIAN_POINT('',(1.75E0,7.5E-2,-2.25E0));
#4055=VERTEX_POINT('',#4053);
#4056=VERTEX_POINT('',#4054);
#4057=CARTESIAN_POINT('',(8.75E-1,7.5E-2,-2.25E0));
#4058=VERTEX_POINT('',#4057);
#4059=CARTESIAN_POINT('',(6.25E-1,7.5E-2,-2.25E0));
#4060=CARTESIAN_POINT('',(3.75E-1,7.5E-2,-2.25E0));
#4061=VERTEX_POINT('',#4059);
#4062=VERTEX_POINT('',#4060);
#4063=CARTESIAN_POINT('',(1.25E-1,7.5E-2,-2.25E0));
#4064=CARTESIAN_POINT('',(-1.25E-1,7.5E-2,-2.25E0));
#4065=VERTEX_POINT('',#4063);
#4066=VERTEX_POINT('',#4064);
#4067=CARTESIAN_POINT('',(1.7E0,7.5E-2,1.625E0));
#4068=VERTEX_POINT('',#4067);
#4069=CARTESIAN_POINT('',(1.7E0,7.5E-2,1.875E0));
#4070=VERTEX_POINT('',#4069);
#4071=CARTESIAN_POINT('',(1.7E0,7.5E-2,1.125E0));
#4072=VERTEX_POINT('',#4071);
#4073=CARTESIAN_POINT('',(1.7E0,7.5E-2,1.375E0));
#4074=VERTEX_POINT('',#4073);
#4075=CARTESIAN_POINT('',(1.7E0,7.5E-2,6.25E-1));
#4076=VERTEX_POINT('',#4075);
#4077=CARTESIAN_POINT('',(1.7E0,7.5E-2,8.75E-1));
#4078=VERTEX_POINT('',#4077);
#4079=CARTESIAN_POINT('',(1.7E0,7.5E-2,1.25E-1));
#4080=VERTEX_POINT('',#4079);
#4081=CARTESIAN_POINT('',(1.7E0,7.5E-2,3.75E-1));
#4082=VERTEX_POINT('',#4081);
#4083=CARTESIAN_POINT('',(1.7E0,7.5E-2,-3.75E-1));
#4084=VERTEX_POINT('',#4083);
#4085=CARTESIAN_POINT('',(1.7E0,7.5E-2,-1.25E-1));
#4086=VERTEX_POINT('',#4085);
#4087=CARTESIAN_POINT('',(-1.7E0,7.5E-2,1.625E0));
#4088=VERTEX_POINT('',#4087);
#4089=CARTESIAN_POINT('',(-1.7E0,7.5E-2,1.875E0));
#4090=VERTEX_POINT('',#4089);
#4091=CARTESIAN_POINT('',(-1.7E0,7.5E-2,1.125E0));
#4092=VERTEX_POINT('',#4091);
#4093=CARTESIAN_POINT('',(-1.7E0,7.5E-2,1.375E0));
#4094=VERTEX_POINT('',#4093);
#4095=CARTESIAN_POINT('',(-1.7E0,7.5E-2,6.25E-1));
#4096=VERTEX_POINT('',#4095);
#4097=CARTESIAN_POINT('',(-1.7E0,7.5E-2,8.75E-1));
#4098=VERTEX_POINT('',#4097);
#4099=CARTESIAN_POINT('',(-1.7E0,7.5E-2,1.25E-1));
#4100=VERTEX_POINT('',#4099);
#4101=CARTESIAN_POINT('',(-1.7E0,7.5E-2,3.75E-1));
#4102=VERTEX_POINT('',#4101);
#4103=CARTESIAN_POINT('',(-1.7E0,7.5E-2,-3.75E-1));
#4104=VERTEX_POINT('',#4103);
#4105=CARTESIAN_POINT('',(-1.7E0,7.5E-2,-1.25E-1));
#4106=VERTEX_POINT('',#4105);
#4107=CARTESIAN_POINT('',(1.7E0,7.5E-2,-8.75E-1));
#4108=VERTEX_POINT('',#4107);
#4109=CARTESIAN_POINT('',(1.7E0,7.5E-2,-6.25E-1));
#4110=VERTEX_POINT('',#4109);
#4111=CARTESIAN_POINT('',(1.7E0,7.5E-2,-1.375E0));
#4112=VERTEX_POINT('',#4111);
#4113=CARTESIAN_POINT('',(1.7E0,7.5E-2,-1.125E0));
#4114=VERTEX_POINT('',#4113);
#4115=CARTESIAN_POINT('',(1.7E0,7.5E-2,-1.875E0));
#4116=VERTEX_POINT('',#4115);
#4117=CARTESIAN_POINT('',(1.7E0,7.5E-2,-1.625E0));
#4118=VERTEX_POINT('',#4117);
#4119=CARTESIAN_POINT('',(-1.7E0,7.5E-2,-8.75E-1));
#4120=VERTEX_POINT('',#4119);
#4121=CARTESIAN_POINT('',(-1.7E0,7.5E-2,-6.25E-1));
#4122=VERTEX_POINT('',#4121);
#4123=CARTESIAN_POINT('',(-1.7E0,7.5E-2,-1.375E0));
#4124=VERTEX_POINT('',#4123);
#4125=CARTESIAN_POINT('',(-1.7E0,7.5E-2,-1.125E0));
#4126=VERTEX_POINT('',#4125);
#4127=CARTESIAN_POINT('',(-1.7E0,7.5E-2,-1.875E0));
#4128=VERTEX_POINT('',#4127);
#4129=CARTESIAN_POINT('',(-1.7E0,7.5E-2,-1.625E0));
#4130=VERTEX_POINT('',#4129);
#4131=CARTESIAN_POINT('',(-8.75E-1,7.5E-2,-2.25E0));
#4132=CARTESIAN_POINT('',(-8.75E-1,7.5E-2,-2.2E0));
#4133=VERTEX_POINT('',#4131);
#4134=VERTEX_POINT('',#4132);
#4135=CARTESIAN_POINT('',(-8.75E-1,0.E0,-2.2E0));
#4136=VERTEX_POINT('',#4135);
#4137=CARTESIAN_POINT('',(-6.25E-1,7.5E-2,-2.2E0));
#4138=CARTESIAN_POINT('',(-6.25E-1,7.5E-2,-2.25E0));
#4139=VERTEX_POINT('',#4137);
#4140=VERTEX_POINT('',#4138);
#4141=CARTESIAN_POINT('',(-6.25E-1,0.E0,-2.2E0));
#4142=VERTEX_POINT('',#4141);
#4143=CARTESIAN_POINT('',(6.25E-1,7.5E-2,-2.2E0));
#4144=VERTEX_POINT('',#4143);
#4145=CARTESIAN_POINT('',(8.75E-1,7.5E-2,-2.2E0));
#4146=VERTEX_POINT('',#4145);
#4147=CARTESIAN_POINT('',(-8.75E-1,7.5E-2,2.2E0));
#4148=VERTEX_POINT('',#4147);
#4149=CARTESIAN_POINT('',(-6.25E-1,7.5E-2,2.2E0));
#4150=VERTEX_POINT('',#4149);
#4151=CARTESIAN_POINT('',(6.25E-1,7.5E-2,2.25E0));
#4152=CARTESIAN_POINT('',(6.25E-1,7.5E-2,2.2E0));
#4153=VERTEX_POINT('',#4151);
#4154=VERTEX_POINT('',#4152);
#4155=CARTESIAN_POINT('',(6.25E-1,0.E0,2.2E0));
#4156=VERTEX_POINT('',#4155);
#4157=CARTESIAN_POINT('',(8.75E-1,7.5E-2,2.2E0));
#4158=CARTESIAN_POINT('',(8.75E-1,7.5E-2,2.25E0));
#4159=VERTEX_POINT('',#4157);
#4160=VERTEX_POINT('',#4158);
#4161=CARTESIAN_POINT('',(8.75E-1,0.E0,2.2E0));
#4162=VERTEX_POINT('',#4161);
#4163=CARTESIAN_POINT('',(-1.7E0,7.5E-2,-2.2E0));
#4164=VERTEX_POINT('',#4163);
#4165=CARTESIAN_POINT('',(-1.7E0,7.5E-2,2.2E0));
#4166=VERTEX_POINT('',#4165);
#4167=CARTESIAN_POINT('',(1.7E0,7.5E-2,2.2E0));
#4168=VERTEX_POINT('',#4167);
#4169=CARTESIAN_POINT('',(-3.75E-1,7.5E-2,2.2E0));
#4170=VERTEX_POINT('',#4169);
#4171=CARTESIAN_POINT('',(-1.25E-1,7.5E-2,2.2E0));
#4172=CARTESIAN_POINT('',(1.25E-1,7.5E-2,2.2E0));
#4173=VERTEX_POINT('',#4171);
#4174=VERTEX_POINT('',#4172);
#4175=CARTESIAN_POINT('',(1.7E0,7.5E-2,-2.2E0));
#4176=VERTEX_POINT('',#4175);
#4177=CARTESIAN_POINT('',(3.75E-1,7.5E-2,-2.2E0));
#4178=VERTEX_POINT('',#4177);
#4179=CARTESIAN_POINT('',(1.25E-1,7.5E-2,-2.2E0));
#4180=CARTESIAN_POINT('',(-1.25E-1,7.5E-2,-2.2E0));
#4181=VERTEX_POINT('',#4179);
#4182=VERTEX_POINT('',#4180);
#4183=CARTESIAN_POINT('',(3.75E-1,0.E0,2.2E0));
#4184=VERTEX_POINT('',#4183);
#4185=CARTESIAN_POINT('',(-3.75E-1,0.E0,-2.2E0));
#4186=VERTEX_POINT('',#4185);
#4187=CARTESIAN_POINT('',(3.75E-1,7.5E-2,2.25E0));
#4188=VERTEX_POINT('',#4187);
#4189=CARTESIAN_POINT('',(-3.75E-1,7.5E-2,-2.25E0));
#4190=VERTEX_POINT('',#4189);
#4191=CARTESIAN_POINT('',(-3.75E-1,7.5E-2,-2.2E0));
#4192=VERTEX_POINT('',#4191);
#4193=CARTESIAN_POINT('',(3.75E-1,7.5E-2,2.2E0));
#4194=VERTEX_POINT('',#4193);
#4195=CARTESIAN_POINT('',(0.E0,0.E0,0.E0));
#4196=DIRECTION('',(0.E0,1.E0,0.E0));
#4197=DIRECTION('',(1.E0,0.E0,0.E0));
#4198=AXIS2_PLACEMENT_3D('',#4195,#4196,#4197);
#4199=PLANE('',#4198);
#4201=ORIENTED_EDGE('',*,*,#4200,.T.);
#4203=ORIENTED_EDGE('',*,*,#4202,.T.);
#4205=ORIENTED_EDGE('',*,*,#4204,.T.);
#4207=ORIENTED_EDGE('',*,*,#4206,.F.);
#4209=ORIENTED_EDGE('',*,*,#4208,.T.);
#4211=ORIENTED_EDGE('',*,*,#4210,.T.);
#4213=ORIENTED_EDGE('',*,*,#4212,.T.);
#4215=ORIENTED_EDGE('',*,*,#4214,.F.);
#4217=ORIENTED_EDGE('',*,*,#4216,.T.);
#4219=ORIENTED_EDGE('',*,*,#4218,.T.);
#4221=ORIENTED_EDGE('',*,*,#4220,.T.);
#4223=ORIENTED_EDGE('',*,*,#4222,.F.);
#4225=ORIENTED_EDGE('',*,*,#4224,.T.);
#4227=ORIENTED_EDGE('',*,*,#4226,.T.);
#4229=ORIENTED_EDGE('',*,*,#4228,.T.);
#4231=ORIENTED_EDGE('',*,*,#4230,.F.);
#4233=ORIENTED_EDGE('',*,*,#4232,.T.);
#4235=ORIENTED_EDGE('',*,*,#4234,.T.);
#4237=ORIENTED_EDGE('',*,*,#4236,.T.);
#4239=ORIENTED_EDGE('',*,*,#4238,.F.);
#4241=ORIENTED_EDGE('',*,*,#4240,.T.);
#4243=ORIENTED_EDGE('',*,*,#4242,.T.);
#4245=ORIENTED_EDGE('',*,*,#4244,.T.);
#4247=ORIENTED_EDGE('',*,*,#4246,.F.);
#4249=ORIENTED_EDGE('',*,*,#4248,.T.);
#4251=ORIENTED_EDGE('',*,*,#4250,.T.);
#4253=ORIENTED_EDGE('',*,*,#4252,.T.);
#4255=ORIENTED_EDGE('',*,*,#4254,.F.);
#4257=ORIENTED_EDGE('',*,*,#4256,.T.);
#4259=ORIENTED_EDGE('',*,*,#4258,.T.);
#4261=ORIENTED_EDGE('',*,*,#4260,.T.);
#4263=ORIENTED_EDGE('',*,*,#4262,.F.);
#4265=ORIENTED_EDGE('',*,*,#4264,.T.);
#4267=ORIENTED_EDGE('',*,*,#4266,.T.);
#4269=ORIENTED_EDGE('',*,*,#4268,.T.);
#4271=ORIENTED_EDGE('',*,*,#4270,.T.);
#4273=ORIENTED_EDGE('',*,*,#4272,.F.);
#4275=ORIENTED_EDGE('',*,*,#4274,.T.);
#4277=ORIENTED_EDGE('',*,*,#4276,.T.);
#4279=ORIENTED_EDGE('',*,*,#4278,.T.);
#4281=ORIENTED_EDGE('',*,*,#4280,.F.);
#4283=ORIENTED_EDGE('',*,*,#4282,.F.);
#4285=ORIENTED_EDGE('',*,*,#4284,.F.);
#4287=ORIENTED_EDGE('',*,*,#4286,.F.);
#4289=ORIENTED_EDGE('',*,*,#4288,.T.);
#4291=ORIENTED_EDGE('',*,*,#4290,.T.);
#4293=ORIENTED_EDGE('',*,*,#4292,.F.);
#4295=ORIENTED_EDGE('',*,*,#4294,.F.);
#4297=ORIENTED_EDGE('',*,*,#4296,.T.);
#4298=EDGE_LOOP('',(#4201,#4203,#4205,#4207,#4209,#4211,#4213,#4215,#4217,#4219,
#4221,#4223,#4225,#4227,#4229,#4231,#4233,#4235,#4237,#4239,#4241,#4243,#4245,
#4247,#4249,#4251,#4253,#4255,#4257,#4259,#4261,#4263,#4265,#4267,#4269,#4271,
#4273,#4275,#4277,#4279,#4281,#4283,#4285,#4287,#4289,#4291,#4293,#4295,#4297));
#4299=FACE_OUTER_BOUND('',#4298,.F.);
#4301=CARTESIAN_POINT('',(0.E0,0.E0,0.E0));
#4302=DIRECTION('',(0.E0,1.E0,0.E0));
#4303=DIRECTION('',(1.E0,0.E0,0.E0));
#4304=AXIS2_PLACEMENT_3D('',#4301,#4302,#4303);
#4305=PLANE('',#4304);
#4307=ORIENTED_EDGE('',*,*,#4306,.T.);
#4309=ORIENTED_EDGE('',*,*,#4308,.T.);
#4311=ORIENTED_EDGE('',*,*,#4310,.T.);
#4313=ORIENTED_EDGE('',*,*,#4312,.F.);
#4314=EDGE_LOOP('',(#4307,#4309,#4311,#4313));
#4315=FACE_OUTER_BOUND('',#4314,.F.);
#4317=CARTESIAN_POINT('',(0.E0,0.E0,0.E0));
#4318=DIRECTION('',(0.E0,1.E0,0.E0));
#4319=DIRECTION('',(1.E0,0.E0,0.E0));
#4320=AXIS2_PLACEMENT_3D('',#4317,#4318,#4319);
#4321=PLANE('',#4320);
#4323=ORIENTED_EDGE('',*,*,#4322,.T.);
#4325=ORIENTED_EDGE('',*,*,#4324,.T.);
#4327=ORIENTED_EDGE('',*,*,#4326,.F.);
#4329=ORIENTED_EDGE('',*,*,#4328,.F.);
#4331=ORIENTED_EDGE('',*,*,#4330,.T.);
#4333=ORIENTED_EDGE('',*,*,#4332,.T.);
#4335=ORIENTED_EDGE('',*,*,#4334,.F.);
#4337=ORIENTED_EDGE('',*,*,#4336,.F.);
#4339=ORIENTED_EDGE('',*,*,#4338,.T.);
#4341=ORIENTED_EDGE('',*,*,#4340,.T.);
#4343=ORIENTED_EDGE('',*,*,#4342,.F.);
#4345=ORIENTED_EDGE('',*,*,#4344,.F.);
#4347=ORIENTED_EDGE('',*,*,#4346,.T.);
#4349=ORIENTED_EDGE('',*,*,#4348,.T.);
#4351=ORIENTED_EDGE('',*,*,#4350,.F.);
#4353=ORIENTED_EDGE('',*,*,#4352,.F.);
#4355=ORIENTED_EDGE('',*,*,#4354,.T.);
#4357=ORIENTED_EDGE('',*,*,#4356,.T.);
#4359=ORIENTED_EDGE('',*,*,#4358,.F.);
#4361=ORIENTED_EDGE('',*,*,#4360,.F.);
#4363=ORIENTED_EDGE('',*,*,#4362,.T.);
#4365=ORIENTED_EDGE('',*,*,#4364,.T.);
#4367=ORIENTED_EDGE('',*,*,#4366,.F.);
#4369=ORIENTED_EDGE('',*,*,#4368,.F.);
#4371=ORIENTED_EDGE('',*,*,#4370,.T.);
#4373=ORIENTED_EDGE('',*,*,#4372,.T.);
#4375=ORIENTED_EDGE('',*,*,#4374,.F.);
#4377=ORIENTED_EDGE('',*,*,#4376,.F.);
#4379=ORIENTED_EDGE('',*,*,#4378,.T.);
#4381=ORIENTED_EDGE('',*,*,#4380,.T.);
#4383=ORIENTED_EDGE('',*,*,#4382,.F.);
#4385=ORIENTED_EDGE('',*,*,#4384,.F.);
#4387=ORIENTED_EDGE('',*,*,#4386,.T.);
#4389=ORIENTED_EDGE('',*,*,#4388,.T.);
#4391=ORIENTED_EDGE('',*,*,#4390,.T.);
#4393=ORIENTED_EDGE('',*,*,#4392,.F.);
#4395=ORIENTED_EDGE('',*,*,#4394,.F.);
#4397=ORIENTED_EDGE('',*,*,#4396,.T.);
#4399=ORIENTED_EDGE('',*,*,#4398,.T.);
#4401=ORIENTED_EDGE('',*,*,#4400,.T.);
#4403=ORIENTED_EDGE('',*,*,#4402,.F.);
#4405=ORIENTED_EDGE('',*,*,#4404,.F.);
#4407=ORIENTED_EDGE('',*,*,#4406,.F.);
#4409=ORIENTED_EDGE('',*,*,#4408,.T.);
#4411=ORIENTED_EDGE('',*,*,#4410,.T.);
#4413=ORIENTED_EDGE('',*,*,#4412,.T.);
#4415=ORIENTED_EDGE('',*,*,#4414,.F.);
#4417=ORIENTED_EDGE('',*,*,#4416,.T.);
#4418=EDGE_LOOP('',(#4323,#4325,#4327,#4329,#4331,#4333,#4335,#4337,#4339,#4341,
#4343,#4345,#4347,#4349,#4351,#4353,#4355,#4357,#4359,#4361,#4363,#4365,#4367,
#4369,#4371,#4373,#4375,#4377,#4379,#4381,#4383,#4385,#4387,#4389,#4391,#4393,
#4395,#4397,#4399,#4401,#4403,#4405,#4407,#4409,#4411,#4413,#4415,#4417));
#4419=FACE_OUTER_BOUND('',#4418,.F.);
#4421=CARTESIAN_POINT('',(0.E0,0.E0,0.E0));
#4422=DIRECTION('',(0.E0,1.E0,0.E0));
#4423=DIRECTION('',(1.E0,0.E0,0.E0));
#4424=AXIS2_PLACEMENT_3D('',#4421,#4422,#4423);
#4425=PLANE('',#4424);
#4427=ORIENTED_EDGE('',*,*,#4426,.T.);
#4429=ORIENTED_EDGE('',*,*,#4428,.T.);
#4431=ORIENTED_EDGE('',*,*,#4430,.F.);
#4433=ORIENTED_EDGE('',*,*,#4432,.F.);
#4434=EDGE_LOOP('',(#4427,#4429,#4431,#4433));
#4435=FACE_OUTER_BOUND('',#4434,.F.);
#4437=CARTESIAN_POINT('',(-1.7E0,-2.5E-2,-2.25E0));
#4438=DIRECTION('',(1.E0,0.E0,0.E0));
#4439=DIRECTION('',(0.E0,1.E0,0.E0));
#4440=AXIS2_PLACEMENT_3D('',#4437,#4438,#4439);
#4441=PLANE('',#4440);
#4442=ORIENTED_EDGE('',*,*,#4200,.F.);
#4444=ORIENTED_EDGE('',*,*,#4443,.T.);
#4446=ORIENTED_EDGE('',*,*,#4445,.T.);
#4448=ORIENTED_EDGE('',*,*,#4447,.F.);
#4449=EDGE_LOOP('',(#4442,#4444,#4446,#4448));
#4450=FACE_OUTER_BOUND('',#4449,.F.);
#4452=CARTESIAN_POINT('',(-1.7E0,-2.5E-2,-2.25E0));
#4453=DIRECTION('',(1.E0,0.E0,0.E0));
#4454=DIRECTION('',(0.E0,1.E0,0.E0));
#4455=AXIS2_PLACEMENT_3D('',#4452,#4453,#4454);
#4456=PLANE('',#4455);
#4457=ORIENTED_EDGE('',*,*,#4208,.F.);
#4459=ORIENTED_EDGE('',*,*,#4458,.F.);
#4461=ORIENTED_EDGE('',*,*,#4460,.T.);
#4463=ORIENTED_EDGE('',*,*,#4462,.F.);
#4464=EDGE_LOOP('',(#4457,#4459,#4461,#4463));
#4465=FACE_OUTER_BOUND('',#4464,.F.);
#4467=CARTESIAN_POINT('',(-1.7E0,-2.5E-2,-2.25E0));
#4468=DIRECTION('',(1.E0,0.E0,0.E0));
#4469=DIRECTION('',(0.E0,1.E0,0.E0));
#4470=AXIS2_PLACEMENT_3D('',#4467,#4468,#4469);
#4471=PLANE('',#4470);
#4472=ORIENTED_EDGE('',*,*,#4216,.F.);
#4474=ORIENTED_EDGE('',*,*,#4473,.F.);
#4476=ORIENTED_EDGE('',*,*,#4475,.T.);
#4478=ORIENTED_EDGE('',*,*,#4477,.F.);
#4479=EDGE_LOOP('',(#4472,#4474,#4476,#4478));
#4480=FACE_OUTER_BOUND('',#4479,.F.);
#4482=CARTESIAN_POINT('',(-1.7E0,-2.5E-2,-2.25E0));
#4483=DIRECTION('',(1.E0,0.E0,0.E0));
#4484=DIRECTION('',(0.E0,1.E0,0.E0));
#4485=AXIS2_PLACEMENT_3D('',#4482,#4483,#4484);
#4486=PLANE('',#4485);
#4487=ORIENTED_EDGE('',*,*,#4224,.F.);
#4489=ORIENTED_EDGE('',*,*,#4488,.F.);
#4491=ORIENTED_EDGE('',*,*,#4490,.T.);
#4493=ORIENTED_EDGE('',*,*,#4492,.F.);
#4494=EDGE_LOOP('',(#4487,#4489,#4491,#4493));
#4495=FACE_OUTER_BOUND('',#4494,.F.);
#4497=CARTESIAN_POINT('',(-1.7E0,-2.5E-2,-2.25E0));
#4498=DIRECTION('',(1.E0,0.E0,0.E0));
#4499=DIRECTION('',(0.E0,1.E0,0.E0));
#4500=AXIS2_PLACEMENT_3D('',#4497,#4498,#4499);
#4501=PLANE('',#4500);
#4502=ORIENTED_EDGE('',*,*,#4232,.F.);
#4504=ORIENTED_EDGE('',*,*,#4503,.F.);
#4506=ORIENTED_EDGE('',*,*,#4505,.T.);
#4508=ORIENTED_EDGE('',*,*,#4507,.F.);
#4509=EDGE_LOOP('',(#4502,#4504,#4506,#4508));
#4510=FACE_OUTER_BOUND('',#4509,.F.);
#4512=CARTESIAN_POINT('',(-1.7E0,-2.5E-2,-2.25E0));
#4513=DIRECTION('',(1.E0,0.E0,0.E0));
#4514=DIRECTION('',(0.E0,1.E0,0.E0));
#4515=AXIS2_PLACEMENT_3D('',#4512,#4513,#4514);
#4516=PLANE('',#4515);
#4517=ORIENTED_EDGE('',*,*,#4240,.F.);
#4519=ORIENTED_EDGE('',*,*,#4518,.F.);
#4521=ORIENTED_EDGE('',*,*,#4520,.T.);
#4523=ORIENTED_EDGE('',*,*,#4522,.F.);
#4524=EDGE_LOOP('',(#4517,#4519,#4521,#4523));
#4525=FACE_OUTER_BOUND('',#4524,.F.);
#4527=CARTESIAN_POINT('',(-1.7E0,-2.5E-2,-2.25E0));
#4528=DIRECTION('',(1.E0,0.E0,0.E0));
#4529=DIRECTION('',(0.E0,1.E0,0.E0));
#4530=AXIS2_PLACEMENT_3D('',#4527,#4528,#4529);
#4531=PLANE('',#4530);
#4532=ORIENTED_EDGE('',*,*,#4248,.F.);
#4534=ORIENTED_EDGE('',*,*,#4533,.F.);
#4536=ORIENTED_EDGE('',*,*,#4535,.T.);
#4538=ORIENTED_EDGE('',*,*,#4537,.F.);
#4539=EDGE_LOOP('',(#4532,#4534,#4536,#4538));
#4540=FACE_OUTER_BOUND('',#4539,.F.);
#4542=CARTESIAN_POINT('',(-1.7E0,-2.5E-2,-2.25E0));
#4543=DIRECTION('',(1.E0,0.E0,0.E0));
#4544=DIRECTION('',(0.E0,1.E0,0.E0));
#4545=AXIS2_PLACEMENT_3D('',#4542,#4543,#4544);
#4546=PLANE('',#4545);
#4547=ORIENTED_EDGE('',*,*,#4256,.F.);
#4549=ORIENTED_EDGE('',*,*,#4548,.F.);
#4551=ORIENTED_EDGE('',*,*,#4550,.T.);
#4553=ORIENTED_EDGE('',*,*,#4552,.F.);
#4554=EDGE_LOOP('',(#4547,#4549,#4551,#4553));
#4555=FACE_OUTER_BOUND('',#4554,.F.);
#4557=CARTESIAN_POINT('',(-1.7E0,-2.5E-2,-2.25E0));
#4558=DIRECTION('',(1.E0,0.E0,0.E0));
#4559=DIRECTION('',(0.E0,1.E0,0.E0));
#4560=AXIS2_PLACEMENT_3D('',#4557,#4558,#4559);
#4561=PLANE('',#4560);
#4562=ORIENTED_EDGE('',*,*,#4264,.F.);
#4564=ORIENTED_EDGE('',*,*,#4563,.F.);
#4566=ORIENTED_EDGE('',*,*,#4565,.T.);
#4568=ORIENTED_EDGE('',*,*,#4567,.F.);
#4569=EDGE_LOOP('',(#4562,#4564,#4566,#4568));
#4570=FACE_OUTER_BOUND('',#4569,.F.);
#4572=CARTESIAN_POINT('',(1.75E0,-2.5E-2,-2.2E0));
#4573=DIRECTION('',(0.E0,0.E0,1.E0));
#4574=DIRECTION('',(0.E0,1.E0,0.E0));
#4575=AXIS2_PLACEMENT_3D('',#4572,#4573,#4574);
#4576=PLANE('',#4575);
#4577=ORIENTED_EDGE('',*,*,#4388,.F.);
#4579=ORIENTED_EDGE('',*,*,#4578,.T.);
#4581=ORIENTED_EDGE('',*,*,#4580,.T.);
#4583=ORIENTED_EDGE('',*,*,#4582,.F.);
#4584=EDGE_LOOP('',(#4577,#4579,#4581,#4583));
#4585=FACE_OUTER_BOUND('',#4584,.F.);
#4587=CARTESIAN_POINT('',(1.75E0,-2.5E-2,-2.2E0));
#4588=DIRECTION('',(0.E0,0.E0,1.E0));
#4589=DIRECTION('',(0.E0,1.E0,0.E0));
#4590=AXIS2_PLACEMENT_3D('',#4587,#4588,#4589);
#4591=PLANE('',#4590);
#4592=ORIENTED_EDGE('',*,*,#4396,.F.);
#4594=ORIENTED_EDGE('',*,*,#4593,.F.);
#4596=ORIENTED_EDGE('',*,*,#4595,.T.);
#4598=ORIENTED_EDGE('',*,*,#4597,.F.);
#4599=EDGE_LOOP('',(#4592,#4594,#4596,#4598));
#4600=FACE_OUTER_BOUND('',#4599,.F.);
#4602=CARTESIAN_POINT('',(1.75E0,-2.5E-2,-2.2E0));
#4603=DIRECTION('',(0.E0,0.E0,1.E0));
#4604=DIRECTION('',(0.E0,1.E0,0.E0));
#4605=AXIS2_PLACEMENT_3D('',#4602,#4603,#4604);
#4606=PLANE('',#4605);
#4607=ORIENTED_EDGE('',*,*,#4426,.F.);
#4609=ORIENTED_EDGE('',*,*,#4608,.T.);
#4611=ORIENTED_EDGE('',*,*,#4610,.T.);
#4613=ORIENTED_EDGE('',*,*,#4612,.F.);
#4614=EDGE_LOOP('',(#4607,#4609,#4611,#4613));
#4615=FACE_OUTER_BOUND('',#4614,.F.);
#4617=CARTESIAN_POINT('',(1.75E0,-2.5E-2,-2.2E0));
#4618=DIRECTION('',(0.E0,0.E0,1.E0));
#4619=DIRECTION('',(0.E0,1.E0,0.E0));
#4620=AXIS2_PLACEMENT_3D('',#4617,#4618,#4619);
#4621=PLANE('',#4620);
#4623=ORIENTED_EDGE('',*,*,#4622,.F.);
#4625=ORIENTED_EDGE('',*,*,#4624,.T.);
#4626=ORIENTED_EDGE('',*,*,#4443,.F.);
#4627=ORIENTED_EDGE('',*,*,#4296,.F.);
#4628=EDGE_LOOP('',(#4623,#4625,#4626,#4627));
#4629=FACE_OUTER_BOUND('',#4628,.F.);
#4631=CARTESIAN_POINT('',(1.75E0,-2.5E-2,-2.2E0));
#4632=DIRECTION('',(0.E0,0.E0,1.E0));
#4633=DIRECTION('',(0.E0,1.E0,0.E0));
#4634=AXIS2_PLACEMENT_3D('',#4631,#4632,#4633);
#4635=PLANE('',#4634);
#4637=ORIENTED_EDGE('',*,*,#4636,.F.);
#4638=ORIENTED_EDGE('',*,*,#4288,.F.);
#4640=ORIENTED_EDGE('',*,*,#4639,.T.);
#4642=ORIENTED_EDGE('',*,*,#4641,.T.);
#4643=EDGE_LOOP('',(#4637,#4638,#4640,#4642));
#4644=FACE_OUTER_BOUND('',#4643,.F.);
#4646=CARTESIAN_POINT('',(1.7E0,-2.5E-2,2.25E0));
#4647=DIRECTION('',(-1.E0,0.E0,0.E0));
#4648=DIRECTION('',(0.E0,1.E0,0.E0));
#4649=AXIS2_PLACEMENT_3D('',#4646,#4647,#4648);
#4650=PLANE('',#4649);
#4651=ORIENTED_EDGE('',*,*,#4322,.F.);
#4653=ORIENTED_EDGE('',*,*,#4652,.T.);
#4655=ORIENTED_EDGE('',*,*,#4654,.T.);
#4657=ORIENTED_EDGE('',*,*,#4656,.F.);
#4658=EDGE_LOOP('',(#4651,#4653,#4655,#4657));
#4659=FACE_OUTER_BOUND('',#4658,.F.);
#4661=CARTESIAN_POINT('',(1.7E0,-2.5E-2,2.25E0));
#4662=DIRECTION('',(-1.E0,0.E0,0.E0));
#4663=DIRECTION('',(0.E0,1.E0,0.E0));
#4664=AXIS2_PLACEMENT_3D('',#4661,#4662,#4663);
#4665=PLANE('',#4664);
#4666=ORIENTED_EDGE('',*,*,#4330,.F.);
#4668=ORIENTED_EDGE('',*,*,#4667,.F.);
#4670=ORIENTED_EDGE('',*,*,#4669,.T.);
#4672=ORIENTED_EDGE('',*,*,#4671,.F.);
#4673=EDGE_LOOP('',(#4666,#4668,#4670,#4672));
#4674=FACE_OUTER_BOUND('',#4673,.F.);
#4676=CARTESIAN_POINT('',(1.7E0,-2.5E-2,2.25E0));
#4677=DIRECTION('',(-1.E0,0.E0,0.E0));
#4678=DIRECTION('',(0.E0,1.E0,0.E0));
#4679=AXIS2_PLACEMENT_3D('',#4676,#4677,#4678);
#4680=PLANE('',#4679);
#4681=ORIENTED_EDGE('',*,*,#4338,.F.);
#4683=ORIENTED_EDGE('',*,*,#4682,.F.);
#4685=ORIENTED_EDGE('',*,*,#4684,.T.);
#4687=ORIENTED_EDGE('',*,*,#4686,.F.);
#4688=EDGE_LOOP('',(#4681,#4683,#4685,#4687));
#4689=FACE_OUTER_BOUND('',#4688,.F.);
#4691=CARTESIAN_POINT('',(1.7E0,-2.5E-2,2.25E0));
#4692=DIRECTION('',(-1.E0,0.E0,0.E0));
#4693=DIRECTION('',(0.E0,1.E0,0.E0));
#4694=AXIS2_PLACEMENT_3D('',#4691,#4692,#4693);
#4695=PLANE('',#4694);
#4696=ORIENTED_EDGE('',*,*,#4346,.F.);
#4698=ORIENTED_EDGE('',*,*,#4697,.F.);
#4700=ORIENTED_EDGE('',*,*,#4699,.T.);
#4702=ORIENTED_EDGE('',*,*,#4701,.F.);
#4703=EDGE_LOOP('',(#4696,#4698,#4700,#4702));
#4704=FACE_OUTER_BOUND('',#4703,.F.);
#4706=CARTESIAN_POINT('',(1.7E0,-2.5E-2,2.25E0));
#4707=DIRECTION('',(-1.E0,0.E0,0.E0));
#4708=DIRECTION('',(0.E0,1.E0,0.E0));
#4709=AXIS2_PLACEMENT_3D('',#4706,#4707,#4708);
#4710=PLANE('',#4709);
#4711=ORIENTED_EDGE('',*,*,#4354,.F.);
#4713=ORIENTED_EDGE('',*,*,#4712,.F.);
#4715=ORIENTED_EDGE('',*,*,#4714,.T.);
#4717=ORIENTED_EDGE('',*,*,#4716,.F.);
#4718=EDGE_LOOP('',(#4711,#4713,#4715,#4717));
#4719=FACE_OUTER_BOUND('',#4718,.F.);
#4721=CARTESIAN_POINT('',(1.7E0,-2.5E-2,2.25E0));
#4722=DIRECTION('',(-1.E0,0.E0,0.E0));
#4723=DIRECTION('',(0.E0,1.E0,0.E0));
#4724=AXIS2_PLACEMENT_3D('',#4721,#4722,#4723);
#4725=PLANE('',#4724);
#4726=ORIENTED_EDGE('',*,*,#4362,.F.);
#4728=ORIENTED_EDGE('',*,*,#4727,.F.);
#4730=ORIENTED_EDGE('',*,*,#4729,.T.);
#4732=ORIENTED_EDGE('',*,*,#4731,.F.);
#4733=EDGE_LOOP('',(#4726,#4728,#4730,#4732));
#4734=FACE_OUTER_BOUND('',#4733,.F.);
#4736=CARTESIAN_POINT('',(1.7E0,-2.5E-2,2.25E0));
#4737=DIRECTION('',(-1.E0,0.E0,0.E0));
#4738=DIRECTION('',(0.E0,1.E0,0.E0));
#4739=AXIS2_PLACEMENT_3D('',#4736,#4737,#4738);
#4740=PLANE('',#4739);
#4741=ORIENTED_EDGE('',*,*,#4370,.F.);
#4743=ORIENTED_EDGE('',*,*,#4742,.F.);
#4745=ORIENTED_EDGE('',*,*,#4744,.T.);
#4747=ORIENTED_EDGE('',*,*,#4746,.F.);
#4748=EDGE_LOOP('',(#4741,#4743,#4745,#4747));
#4749=FACE_OUTER_BOUND('',#4748,.F.);
#4751=CARTESIAN_POINT('',(1.7E0,-2.5E-2,2.25E0));
#4752=DIRECTION('',(-1.E0,0.E0,0.E0));
#4753=DIRECTION('',(0.E0,1.E0,0.E0));
#4754=AXIS2_PLACEMENT_3D('',#4751,#4752,#4753);
#4755=PLANE('',#4754);
#4756=ORIENTED_EDGE('',*,*,#4378,.F.);
#4758=ORIENTED_EDGE('',*,*,#4757,.F.);
#4760=ORIENTED_EDGE('',*,*,#4759,.T.);
#4762=ORIENTED_EDGE('',*,*,#4761,.F.);
#4763=EDGE_LOOP('',(#4756,#4758,#4760,#4762));
#4764=FACE_OUTER_BOUND('',#4763,.F.);
#4766=CARTESIAN_POINT('',(1.7E0,-2.5E-2,2.25E0));
#4767=DIRECTION('',(-1.E0,0.E0,0.E0));
#4768=DIRECTION('',(0.E0,1.E0,0.E0));
#4769=AXIS2_PLACEMENT_3D('',#4766,#4767,#4768);
#4770=PLANE('',#4769);
#4771=ORIENTED_EDGE('',*,*,#4386,.F.);
#4773=ORIENTED_EDGE('',*,*,#4772,.F.);
#4775=ORIENTED_EDGE('',*,*,#4774,.T.);
#4776=ORIENTED_EDGE('',*,*,#4578,.F.);
#4777=EDGE_LOOP('',(#4771,#4773,#4775,#4776));
#4778=FACE_OUTER_BOUND('',#4777,.F.);
#4780=CARTESIAN_POINT('',(-1.75E0,-2.5E-2,2.2E0));
#4781=DIRECTION('',(0.E0,0.E0,-1.E0));
#4782=DIRECTION('',(0.E0,1.E0,0.E0));
#4783=AXIS2_PLACEMENT_3D('',#4780,#4781,#4782);
#4784=PLANE('',#4783);
#4785=ORIENTED_EDGE('',*,*,#4266,.F.);
#4786=ORIENTED_EDGE('',*,*,#4567,.T.);
#4788=ORIENTED_EDGE('',*,*,#4787,.T.);
#4790=ORIENTED_EDGE('',*,*,#4789,.F.);
#4791=EDGE_LOOP('',(#4785,#4786,#4788,#4790));
#4792=FACE_OUTER_BOUND('',#4791,.F.);
#4794=CARTESIAN_POINT('',(-1.75E0,-2.5E-2,2.2E0));
#4795=DIRECTION('',(0.E0,0.E0,-1.E0));
#4796=DIRECTION('',(0.E0,1.E0,0.E0));
#4797=AXIS2_PLACEMENT_3D('',#4794,#4795,#4796);
#4798=PLANE('',#4797);
#4799=ORIENTED_EDGE('',*,*,#4274,.F.);
#4801=ORIENTED_EDGE('',*,*,#4800,.F.);
#4803=ORIENTED_EDGE('',*,*,#4802,.T.);
#4805=ORIENTED_EDGE('',*,*,#4804,.F.);
#4806=EDGE_LOOP('',(#4799,#4801,#4803,#4805));
#4807=FACE_OUTER_BOUND('',#4806,.F.);
#4809=CARTESIAN_POINT('',(-1.75E0,-2.5E-2,2.2E0));
#4810=DIRECTION('',(0.E0,0.E0,-1.E0));
#4811=DIRECTION('',(0.E0,1.E0,0.E0));
#4812=AXIS2_PLACEMENT_3D('',#4809,#4810,#4811);
#4813=PLANE('',#4812);
#4814=ORIENTED_EDGE('',*,*,#4306,.F.);
#4816=ORIENTED_EDGE('',*,*,#4815,.T.);
#4818=ORIENTED_EDGE('',*,*,#4817,.T.);
#4820=ORIENTED_EDGE('',*,*,#4819,.F.);
#4821=EDGE_LOOP('',(#4814,#4816,#4818,#4820));
#4822=FACE_OUTER_BOUND('',#4821,.F.);
#4824=CARTESIAN_POINT('',(-1.75E0,-2.5E-2,2.2E0));
#4825=DIRECTION('',(0.E0,0.E0,-1.E0));
#4826=DIRECTION('',(0.E0,1.E0,0.E0));
#4827=AXIS2_PLACEMENT_3D('',#4824,#4825,#4826);
#4828=PLANE('',#4827);
#4830=ORIENTED_EDGE('',*,*,#4829,.F.);
#4831=ORIENTED_EDGE('',*,*,#4408,.F.);
#4833=ORIENTED_EDGE('',*,*,#4832,.T.);
#4835=ORIENTED_EDGE('',*,*,#4834,.T.);
#4836=EDGE_LOOP('',(#4830,#4831,#4833,#4835));
#4837=FACE_OUTER_BOUND('',#4836,.F.);
#4839=CARTESIAN_POINT('',(-1.75E0,-2.5E-2,2.2E0));
#4840=DIRECTION('',(0.E0,0.E0,-1.E0));
#4841=DIRECTION('',(0.E0,1.E0,0.E0));
#4842=AXIS2_PLACEMENT_3D('',#4839,#4840,#4841);
#4843=PLANE('',#4842);
#4845=ORIENTED_EDGE('',*,*,#4844,.F.);
#4847=ORIENTED_EDGE('',*,*,#4846,.T.);
#4848=ORIENTED_EDGE('',*,*,#4652,.F.);
#4849=ORIENTED_EDGE('',*,*,#4416,.F.);
#4850=EDGE_LOOP('',(#4845,#4847,#4848,#4849));
#4851=FACE_OUTER_BOUND('',#4850,.F.);
#4853=CARTESIAN_POINT('',(-1.7E0,7.5E-2,-2.25E0));
#4854=DIRECTION('',(0.E0,1.E0,0.E0));
#4855=DIRECTION('',(-1.E0,0.E0,0.E0));
#4856=AXIS2_PLACEMENT_3D('',#4853,#4854,#4855);
#4857=PLANE('',#4856);
#4859=ORIENTED_EDGE('',*,*,#4858,.T.);
#4860=ORIENTED_EDGE('',*,*,#4445,.F.);
#4861=ORIENTED_EDGE('',*,*,#4624,.F.);
#4863=ORIENTED_EDGE('',*,*,#4862,.F.);
#4865=ORIENTED_EDGE('',*,*,#4864,.T.);
#4867=ORIENTED_EDGE('',*,*,#4866,.T.);
#4868=EDGE_LOOP('',(#4859,#4860,#4861,#4863,#4865,#4867));
#4869=FACE_OUTER_BOUND('',#4868,.F.);
#4871=CARTESIAN_POINT('',(-1.7E0,7.5E-2,-2.25E0));
#4872=DIRECTION('',(0.E0,1.E0,0.E0));
#4873=DIRECTION('',(-1.E0,0.E0,0.E0));
#4874=AXIS2_PLACEMENT_3D('',#4871,#4872,#4873);
#4875=PLANE('',#4874);
#4877=ORIENTED_EDGE('',*,*,#4876,.T.);
#4878=ORIENTED_EDGE('',*,*,#4460,.F.);
#4880=ORIENTED_EDGE('',*,*,#4879,.T.);
#4882=ORIENTED_EDGE('',*,*,#4881,.T.);
#4883=EDGE_LOOP('',(#4877,#4878,#4880,#4882));
#4884=FACE_OUTER_BOUND('',#4883,.F.);
#4886=CARTESIAN_POINT('',(-1.7E0,7.5E-2,-2.25E0));
#4887=DIRECTION('',(0.E0,1.E0,0.E0));
#4888=DIRECTION('',(-1.E0,0.E0,0.E0));
#4889=AXIS2_PLACEMENT_3D('',#4886,#4887,#4888);
#4890=PLANE('',#4889);
#4892=ORIENTED_EDGE('',*,*,#4891,.T.);
#4893=ORIENTED_EDGE('',*,*,#4475,.F.);
#4895=ORIENTED_EDGE('',*,*,#4894,.T.);
#4897=ORIENTED_EDGE('',*,*,#4896,.T.);
#4898=EDGE_LOOP('',(#4892,#4893,#4895,#4897));
#4899=FACE_OUTER_BOUND('',#4898,.F.);
#4901=CARTESIAN_POINT('',(-1.7E0,7.5E-2,-2.25E0));
#4902=DIRECTION('',(0.E0,1.E0,0.E0));
#4903=DIRECTION('',(-1.E0,0.E0,0.E0));
#4904=AXIS2_PLACEMENT_3D('',#4901,#4902,#4903);
#4905=PLANE('',#4904);
#4907=ORIENTED_EDGE('',*,*,#4906,.T.);
#4908=ORIENTED_EDGE('',*,*,#4490,.F.);
#4910=ORIENTED_EDGE('',*,*,#4909,.T.);
#4912=ORIENTED_EDGE('',*,*,#4911,.T.);
#4913=EDGE_LOOP('',(#4907,#4908,#4910,#4912));
#4914=FACE_OUTER_BOUND('',#4913,.F.);
#4916=CARTESIAN_POINT('',(-1.7E0,7.5E-2,-2.25E0));
#4917=DIRECTION('',(0.E0,1.E0,0.E0));
#4918=DIRECTION('',(-1.E0,0.E0,0.E0));
#4919=AXIS2_PLACEMENT_3D('',#4916,#4917,#4918);
#4920=PLANE('',#4919);
#4922=ORIENTED_EDGE('',*,*,#4921,.T.);
#4923=ORIENTED_EDGE('',*,*,#4505,.F.);
#4925=ORIENTED_EDGE('',*,*,#4924,.T.);
#4927=ORIENTED_EDGE('',*,*,#4926,.T.);
#4928=EDGE_LOOP('',(#4922,#4923,#4925,#4927));
#4929=FACE_OUTER_BOUND('',#4928,.F.);
#4931=CARTESIAN_POINT('',(-1.7E0,7.5E-2,-2.25E0));
#4932=DIRECTION('',(0.E0,1.E0,0.E0));
#4933=DIRECTION('',(-1.E0,0.E0,0.E0));
#4934=AXIS2_PLACEMENT_3D('',#4931,#4932,#4933);
#4935=PLANE('',#4934);
#4937=ORIENTED_EDGE('',*,*,#4936,.T.);
#4938=ORIENTED_EDGE('',*,*,#4520,.F.);
#4940=ORIENTED_EDGE('',*,*,#4939,.T.);
#4942=ORIENTED_EDGE('',*,*,#4941,.T.);
#4943=EDGE_LOOP('',(#4937,#4938,#4940,#4942));
#4944=FACE_OUTER_BOUND('',#4943,.F.);
#4946=CARTESIAN_POINT('',(-1.7E0,7.5E-2,-2.25E0));
#4947=DIRECTION('',(0.E0,1.E0,0.E0));
#4948=DIRECTION('',(-1.E0,0.E0,0.E0));
#4949=AXIS2_PLACEMENT_3D('',#4946,#4947,#4948);
#4950=PLANE('',#4949);
#4952=ORIENTED_EDGE('',*,*,#4951,.T.);
#4953=ORIENTED_EDGE('',*,*,#4535,.F.);
#4955=ORIENTED_EDGE('',*,*,#4954,.T.);
#4957=ORIENTED_EDGE('',*,*,#4956,.T.);
#4958=EDGE_LOOP('',(#4952,#4953,#4955,#4957));
#4959=FACE_OUTER_BOUND('',#4958,.F.);
#4961=CARTESIAN_POINT('',(-1.7E0,7.5E-2,-2.25E0));
#4962=DIRECTION('',(0.E0,1.E0,0.E0));
#4963=DIRECTION('',(-1.E0,0.E0,0.E0));
#4964=AXIS2_PLACEMENT_3D('',#4961,#4962,#4963);
#4965=PLANE('',#4964);
#4967=ORIENTED_EDGE('',*,*,#4966,.T.);
#4968=ORIENTED_EDGE('',*,*,#4550,.F.);
#4970=ORIENTED_EDGE('',*,*,#4969,.T.);
#4972=ORIENTED_EDGE('',*,*,#4971,.T.);
#4973=EDGE_LOOP('',(#4967,#4968,#4970,#4972));
#4974=FACE_OUTER_BOUND('',#4973,.F.);
#4976=CARTESIAN_POINT('',(-1.7E0,7.5E-2,-2.25E0));
#4977=DIRECTION('',(0.E0,1.E0,0.E0));
#4978=DIRECTION('',(-1.E0,0.E0,0.E0));
#4979=AXIS2_PLACEMENT_3D('',#4976,#4977,#4978);
#4980=PLANE('',#4979);
#4982=ORIENTED_EDGE('',*,*,#4981,.T.);
#4983=ORIENTED_EDGE('',*,*,#4787,.F.);
#4984=ORIENTED_EDGE('',*,*,#4565,.F.);
#4986=ORIENTED_EDGE('',*,*,#4985,.T.);
#4988=ORIENTED_EDGE('',*,*,#4987,.T.);
#4990=ORIENTED_EDGE('',*,*,#4989,.T.);
#4991=EDGE_LOOP('',(#4982,#4983,#4984,#4986,#4988,#4990));
#4992=FACE_OUTER_BOUND('',#4991,.F.);
#4994=CARTESIAN_POINT('',(-1.7E0,7.5E-2,-2.25E0));
#4995=DIRECTION('',(0.E0,1.E0,0.E0));
#4996=DIRECTION('',(-1.E0,0.E0,0.E0));
#4997=AXIS2_PLACEMENT_3D('',#4994,#4995,#4996);
#4998=PLANE('',#4997);
#5000=ORIENTED_EDGE('',*,*,#4999,.T.);
#5001=ORIENTED_EDGE('',*,*,#4802,.F.);
#5003=ORIENTED_EDGE('',*,*,#5002,.T.);
#5005=ORIENTED_EDGE('',*,*,#5004,.T.);
#5006=EDGE_LOOP('',(#5000,#5001,#5003,#5005));
#5007=FACE_OUTER_BOUND('',#5006,.F.);
#5009=CARTESIAN_POINT('',(-1.7E0,7.5E-2,-2.25E0));
#5010=DIRECTION('',(0.E0,1.E0,0.E0));
#5011=DIRECTION('',(-1.E0,0.E0,0.E0));
#5012=AXIS2_PLACEMENT_3D('',#5009,#5010,#5011);
#5013=PLANE('',#5012);
#5015=ORIENTED_EDGE('',*,*,#5014,.T.);
#5016=ORIENTED_EDGE('',*,*,#4817,.F.);
#5018=ORIENTED_EDGE('',*,*,#5017,.T.);
#5020=ORIENTED_EDGE('',*,*,#5019,.T.);
#5021=EDGE_LOOP('',(#5015,#5016,#5018,#5020));
#5022=FACE_OUTER_BOUND('',#5021,.F.);
#5024=CARTESIAN_POINT('',(-1.7E0,7.5E-2,-2.25E0));
#5025=DIRECTION('',(0.E0,1.E0,0.E0));
#5026=DIRECTION('',(-1.E0,0.E0,0.E0));
#5027=AXIS2_PLACEMENT_3D('',#5024,#5025,#5026);
#5028=PLANE('',#5027);
#5030=ORIENTED_EDGE('',*,*,#5029,.F.);
#5031=ORIENTED_EDGE('',*,*,#4654,.F.);
#5032=ORIENTED_EDGE('',*,*,#4846,.F.);
#5034=ORIENTED_EDGE('',*,*,#5033,.T.);
#5036=ORIENTED_EDGE('',*,*,#5035,.T.);
#5038=ORIENTED_EDGE('',*,*,#5037,.T.);
#5039=EDGE_LOOP('',(#5030,#5031,#5032,#5034,#5036,#5038));
#5040=FACE_OUTER_BOUND('',#5039,.F.);
#5042=CARTESIAN_POINT('',(-1.7E0,7.5E-2,-2.25E0));
#5043=DIRECTION('',(0.E0,1.E0,0.E0));
#5044=DIRECTION('',(-1.E0,0.E0,0.E0));
#5045=AXIS2_PLACEMENT_3D('',#5042,#5043,#5044);
#5046=PLANE('',#5045);
#5048=ORIENTED_EDGE('',*,*,#5047,.F.);
#5049=ORIENTED_EDGE('',*,*,#4669,.F.);
#5051=ORIENTED_EDGE('',*,*,#5050,.F.);
#5053=ORIENTED_EDGE('',*,*,#5052,.T.);
#5054=EDGE_LOOP('',(#5048,#5049,#5051,#5053));
#5055=FACE_OUTER_BOUND('',#5054,.F.);
#5057=CARTESIAN_POINT('',(-1.7E0,7.5E-2,-2.25E0));
#5058=DIRECTION('',(0.E0,1.E0,0.E0));
#5059=DIRECTION('',(-1.E0,0.E0,0.E0));
#5060=AXIS2_PLACEMENT_3D('',#5057,#5058,#5059);
#5061=PLANE('',#5060);
#5063=ORIENTED_EDGE('',*,*,#5062,.F.);
#5064=ORIENTED_EDGE('',*,*,#4684,.F.);
#5066=ORIENTED_EDGE('',*,*,#5065,.F.);
#5068=ORIENTED_EDGE('',*,*,#5067,.T.);
#5069=EDGE_LOOP('',(#5063,#5064,#5066,#5068));
#5070=FACE_OUTER_BOUND('',#5069,.F.);
#5072=CARTESIAN_POINT('',(-1.7E0,7.5E-2,-2.25E0));
#5073=DIRECTION('',(0.E0,1.E0,0.E0));
#5074=DIRECTION('',(-1.E0,0.E0,0.E0));
#5075=AXIS2_PLACEMENT_3D('',#5072,#5073,#5074);
#5076=PLANE('',#5075);
#5078=ORIENTED_EDGE('',*,*,#5077,.F.);
#5079=ORIENTED_EDGE('',*,*,#4699,.F.);
#5081=ORIENTED_EDGE('',*,*,#5080,.F.);
#5083=ORIENTED_EDGE('',*,*,#5082,.T.);
#5084=EDGE_LOOP('',(#5078,#5079,#5081,#5083));
#5085=FACE_OUTER_BOUND('',#5084,.F.);
#5087=CARTESIAN_POINT('',(-1.7E0,7.5E-2,-2.25E0));
#5088=DIRECTION('',(0.E0,1.E0,0.E0));
#5089=DIRECTION('',(-1.E0,0.E0,0.E0));
#5090=AXIS2_PLACEMENT_3D('',#5087,#5088,#5089);
#5091=PLANE('',#5090);
#5093=ORIENTED_EDGE('',*,*,#5092,.F.);
#5094=ORIENTED_EDGE('',*,*,#4714,.F.);
#5096=ORIENTED_EDGE('',*,*,#5095,.F.);
#5098=ORIENTED_EDGE('',*,*,#5097,.T.);
#5099=EDGE_LOOP('',(#5093,#5094,#5096,#5098));
#5100=FACE_OUTER_BOUND('',#5099,.F.);
#5102=CARTESIAN_POINT('',(-1.7E0,7.5E-2,-2.25E0));
#5103=DIRECTION('',(0.E0,1.E0,0.E0));
#5104=DIRECTION('',(-1.E0,0.E0,0.E0));
#5105=AXIS2_PLACEMENT_3D('',#5102,#5103,#5104);
#5106=PLANE('',#5105);
#5108=ORIENTED_EDGE('',*,*,#5107,.F.);
#5109=ORIENTED_EDGE('',*,*,#4729,.F.);
#5111=ORIENTED_EDGE('',*,*,#5110,.F.);
#5113=ORIENTED_EDGE('',*,*,#5112,.T.);
#5114=EDGE_LOOP('',(#5108,#5109,#5111,#5113));
#5115=FACE_OUTER_BOUND('',#5114,.F.);
#5117=CARTESIAN_POINT('',(-1.7E0,7.5E-2,-2.25E0));
#5118=DIRECTION('',(0.E0,1.E0,0.E0));
#5119=DIRECTION('',(-1.E0,0.E0,0.E0));
#5120=AXIS2_PLACEMENT_3D('',#5117,#5118,#5119);
#5121=PLANE('',#5120);
#5123=ORIENTED_EDGE('',*,*,#5122,.F.);
#5124=ORIENTED_EDGE('',*,*,#4744,.F.);
#5126=ORIENTED_EDGE('',*,*,#5125,.F.);
#5128=ORIENTED_EDGE('',*,*,#5127,.T.);
#5129=EDGE_LOOP('',(#5123,#5124,#5126,#5128));
#5130=FACE_OUTER_BOUND('',#5129,.F.);
#5132=CARTESIAN_POINT('',(-1.7E0,7.5E-2,-2.25E0));
#5133=DIRECTION('',(0.E0,1.E0,0.E0));
#5134=DIRECTION('',(-1.E0,0.E0,0.E0));
#5135=AXIS2_PLACEMENT_3D('',#5132,#5133,#5134);
#5136=PLANE('',#5135);
#5138=ORIENTED_EDGE('',*,*,#5137,.F.);
#5139=ORIENTED_EDGE('',*,*,#4759,.F.);
#5141=ORIENTED_EDGE('',*,*,#5140,.F.);
#5143=ORIENTED_EDGE('',*,*,#5142,.T.);
#5144=EDGE_LOOP('',(#5138,#5139,#5141,#5143));
#5145=FACE_OUTER_BOUND('',#5144,.F.);
#5147=CARTESIAN_POINT('',(-1.7E0,7.5E-2,-2.25E0));
#5148=DIRECTION('',(0.E0,1.E0,0.E0));
#5149=DIRECTION('',(-1.E0,0.E0,0.E0));
#5150=AXIS2_PLACEMENT_3D('',#5147,#5148,#5149);
#5151=PLANE('',#5150);
#5153=ORIENTED_EDGE('',*,*,#5152,.F.);
#5154=ORIENTED_EDGE('',*,*,#4580,.F.);
#5155=ORIENTED_EDGE('',*,*,#4774,.F.);
#5157=ORIENTED_EDGE('',*,*,#5156,.F.);
#5159=ORIENTED_EDGE('',*,*,#5158,.T.);
#5161=ORIENTED_EDGE('',*,*,#5160,.T.);
#5162=EDGE_LOOP('',(#5153,#5154,#5155,#5157,#5159,#5161));
#5163=FACE_OUTER_BOUND('',#5162,.F.);
#5165=CARTESIAN_POINT('',(-1.7E0,7.5E-2,-2.25E0));
#5166=DIRECTION('',(0.E0,1.E0,0.E0));
#5167=DIRECTION('',(-1.E0,0.E0,0.E0));
#5168=AXIS2_PLACEMENT_3D('',#5165,#5166,#5167);
#5169=PLANE('',#5168);
#5171=ORIENTED_EDGE('',*,*,#5170,.F.);
#5172=ORIENTED_EDGE('',*,*,#4595,.F.);
#5174=ORIENTED_EDGE('',*,*,#5173,.F.);
#5176=ORIENTED_EDGE('',*,*,#5175,.T.);
#5177=EDGE_LOOP('',(#5171,#5172,#5174,#5176));
#5178=FACE_OUTER_BOUND('',#5177,.F.);
#5180=CARTESIAN_POINT('',(-1.7E0,7.5E-2,-2.25E0));
#5181=DIRECTION('',(0.E0,1.E0,0.E0));
#5182=DIRECTION('',(-1.E0,0.E0,0.E0));
#5183=AXIS2_PLACEMENT_3D('',#5180,#5181,#5182);
#5184=PLANE('',#5183);
#5186=ORIENTED_EDGE('',*,*,#5185,.F.);
#5187=ORIENTED_EDGE('',*,*,#4610,.F.);
#5189=ORIENTED_EDGE('',*,*,#5188,.F.);
#5191=ORIENTED_EDGE('',*,*,#5190,.T.);
#5192=EDGE_LOOP('',(#5186,#5187,#5189,#5191));
#5193=FACE_OUTER_BOUND('',#5192,.F.);
#5195=CARTESIAN_POINT('',(-1.7E0,7.5E-2,-2.25E0));
#5196=DIRECTION('',(0.E0,1.E0,0.E0));
#5197=DIRECTION('',(-1.E0,0.E0,0.E0));
#5198=AXIS2_PLACEMENT_3D('',#5195,#5196,#5197);
#5199=PLANE('',#5198);
#5201=ORIENTED_EDGE('',*,*,#5200,.F.);
#5202=ORIENTED_EDGE('',*,*,#4641,.F.);
#5204=ORIENTED_EDGE('',*,*,#5203,.F.);
#5206=ORIENTED_EDGE('',*,*,#5205,.T.);
#5207=EDGE_LOOP('',(#5201,#5202,#5204,#5206));
#5208=FACE_OUTER_BOUND('',#5207,.F.);
#5210=CARTESIAN_POINT('',(-1.7E0,7.5E-2,-2.25E0));
#5211=DIRECTION('',(0.E0,1.E0,0.E0));
#5212=DIRECTION('',(-1.E0,0.E0,0.E0));
#5213=AXIS2_PLACEMENT_3D('',#5210,#5211,#5212);
#5214=PLANE('',#5213);
#5216=ORIENTED_EDGE('',*,*,#5215,.T.);
#5217=ORIENTED_EDGE('',*,*,#4834,.F.);
#5219=ORIENTED_EDGE('',*,*,#5218,.T.);
#5221=ORIENTED_EDGE('',*,*,#5220,.T.);
#5222=EDGE_LOOP('',(#5216,#5217,#5219,#5221));
#5223=FACE_OUTER_BOUND('',#5222,.F.);
#5225=CARTESIAN_POINT('',(-1.75E0,-4.E-2,-1.875E0));
#5226=DIRECTION('',(0.E0,0.E0,1.E0));
#5227=DIRECTION('',(1.E0,0.E0,0.E0));
#5228=AXIS2_PLACEMENT_3D('',#5225,#5226,#5227);
#5229=PLANE('',#5228);
#5230=ORIENTED_EDGE('',*,*,#4447,.T.);
#5231=ORIENTED_EDGE('',*,*,#4858,.F.);
#5233=ORIENTED_EDGE('',*,*,#5232,.T.);
#5235=ORIENTED_EDGE('',*,*,#5234,.T.);
#5237=ORIENTED_EDGE('',*,*,#5236,.F.);
#5238=ORIENTED_EDGE('',*,*,#4202,.F.);
#5239=EDGE_LOOP('',(#5230,#5231,#5233,#5235,#5237,#5238));
#5240=FACE_OUTER_BOUND('',#5239,.F.);
#5242=CARTESIAN_POINT('',(-1.75E0,0.E0,-2.25E0));
#5243=DIRECTION('',(-1.E0,0.E0,0.E0));
#5244=DIRECTION('',(0.E0,0.E0,1.E0));
#5245=AXIS2_PLACEMENT_3D('',#5242,#5243,#5244);
#5246=PLANE('',#5245);
#5247=ORIENTED_EDGE('',*,*,#4866,.F.);
#5249=ORIENTED_EDGE('',*,*,#5248,.T.);
#5251=ORIENTED_EDGE('',*,*,#5250,.T.);
#5253=ORIENTED_EDGE('',*,*,#5252,.F.);
#5254=ORIENTED_EDGE('',*,*,#4987,.F.);
#5256=ORIENTED_EDGE('',*,*,#5255,.F.);
#5258=ORIENTED_EDGE('',*,*,#5257,.T.);
#5260=ORIENTED_EDGE('',*,*,#5259,.F.);
#5261=ORIENTED_EDGE('',*,*,#4971,.F.);
#5263=ORIENTED_EDGE('',*,*,#5262,.F.);
#5265=ORIENTED_EDGE('',*,*,#5264,.T.);
#5267=ORIENTED_EDGE('',*,*,#5266,.F.);
#5268=ORIENTED_EDGE('',*,*,#4956,.F.);
#5270=ORIENTED_EDGE('',*,*,#5269,.F.);
#5272=ORIENTED_EDGE('',*,*,#5271,.T.);
#5274=ORIENTED_EDGE('',*,*,#5273,.F.);
#5275=ORIENTED_EDGE('',*,*,#4941,.F.);
#5277=ORIENTED_EDGE('',*,*,#5276,.F.);
#5279=ORIENTED_EDGE('',*,*,#5278,.T.);
#5281=ORIENTED_EDGE('',*,*,#5280,.F.);
#5282=ORIENTED_EDGE('',*,*,#4926,.F.);
#5284=ORIENTED_EDGE('',*,*,#5283,.F.);
#5286=ORIENTED_EDGE('',*,*,#5285,.T.);
#5288=ORIENTED_EDGE('',*,*,#5287,.F.);
#5289=ORIENTED_EDGE('',*,*,#4911,.F.);
#5291=ORIENTED_EDGE('',*,*,#5290,.F.);
#5293=ORIENTED_EDGE('',*,*,#5292,.T.);
#5295=ORIENTED_EDGE('',*,*,#5294,.F.);
#5296=ORIENTED_EDGE('',*,*,#4896,.F.);
#5298=ORIENTED_EDGE('',*,*,#5297,.F.);
#5300=ORIENTED_EDGE('',*,*,#5299,.T.);
#5302=ORIENTED_EDGE('',*,*,#5301,.F.);
#5303=ORIENTED_EDGE('',*,*,#4881,.F.);
#5305=ORIENTED_EDGE('',*,*,#5304,.F.);
#5307=ORIENTED_EDGE('',*,*,#5306,.T.);
#5308=ORIENTED_EDGE('',*,*,#5232,.F.);
#5309=EDGE_LOOP('',(#5247,#5249,#5251,#5253,#5254,#5256,#5258,#5260,#5261,#5263,
#5265,#5267,#5268,#5270,#5272,#5274,#5275,#5277,#5279,#5281,#5282,#5284,#5286,
#5288,#5289,#5291,#5293,#5295,#5296,#5298,#5300,#5302,#5303,#5305,#5307,#5308));
#5310=FACE_OUTER_BOUND('',#5309,.F.);
#5312=CARTESIAN_POINT('',(1.75E0,0.E0,-2.25E0));
#5313=DIRECTION('',(0.E0,0.E0,-1.E0));
#5314=DIRECTION('',(-1.E0,0.E0,0.E0));
#5315=AXIS2_PLACEMENT_3D('',#5312,#5313,#5314);
#5316=PLANE('',#5315);
#5317=ORIENTED_EDGE('',*,*,#5160,.F.);
#5319=ORIENTED_EDGE('',*,*,#5318,.T.);
#5321=ORIENTED_EDGE('',*,*,#5320,.T.);
#5322=ORIENTED_EDGE('',*,*,#5248,.F.);
#5323=ORIENTED_EDGE('',*,*,#4864,.F.);
#5325=ORIENTED_EDGE('',*,*,#5324,.F.);
#5327=ORIENTED_EDGE('',*,*,#5326,.T.);
#5329=ORIENTED_EDGE('',*,*,#5328,.F.);
#5330=ORIENTED_EDGE('',*,*,#5205,.F.);
#5332=ORIENTED_EDGE('',*,*,#5331,.F.);
#5334=ORIENTED_EDGE('',*,*,#5333,.F.);
#5336=ORIENTED_EDGE('',*,*,#5335,.F.);
#5337=ORIENTED_EDGE('',*,*,#5190,.F.);
#5339=ORIENTED_EDGE('',*,*,#5338,.F.);
#5341=ORIENTED_EDGE('',*,*,#5340,.F.);
#5343=ORIENTED_EDGE('',*,*,#5342,.F.);
#5344=ORIENTED_EDGE('',*,*,#5175,.F.);
#5346=ORIENTED_EDGE('',*,*,#5345,.F.);
#5348=ORIENTED_EDGE('',*,*,#5347,.T.);
#5350=ORIENTED_EDGE('',*,*,#5349,.F.);
#5351=EDGE_LOOP('',(#5317,#5319,#5321,#5322,#5323,#5325,#5327,#5329,#5330,#5332,
#5334,#5336,#5337,#5339,#5341,#5343,#5344,#5346,#5348,#5350));
#5352=FACE_OUTER_BOUND('',#5351,.F.);
#5354=CARTESIAN_POINT('',(1.75E0,0.E0,2.25E0));
#5355=DIRECTION('',(1.E0,0.E0,0.E0));
#5356=DIRECTION('',(0.E0,0.E0,-1.E0));
#5357=AXIS2_PLACEMENT_3D('',#5354,#5355,#5356);
#5358=PLANE('',#5357);
#5359=ORIENTED_EDGE('',*,*,#5037,.F.);
#5361=ORIENTED_EDGE('',*,*,#5360,.T.);
#5363=ORIENTED_EDGE('',*,*,#5362,.T.);
#5364=ORIENTED_EDGE('',*,*,#5318,.F.);
#5365=ORIENTED_EDGE('',*,*,#5158,.F.);
#5367=ORIENTED_EDGE('',*,*,#5366,.F.);
#5369=ORIENTED_EDGE('',*,*,#5368,.F.);
#5371=ORIENTED_EDGE('',*,*,#5370,.F.);
#5372=ORIENTED_EDGE('',*,*,#5142,.F.);
#5374=ORIENTED_EDGE('',*,*,#5373,.F.);
#5376=ORIENTED_EDGE('',*,*,#5375,.F.);
#5378=ORIENTED_EDGE('',*,*,#5377,.F.);
#5379=ORIENTED_EDGE('',*,*,#5127,.F.);
#5381=ORIENTED_EDGE('',*,*,#5380,.F.);
#5383=ORIENTED_EDGE('',*,*,#5382,.F.);
#5385=ORIENTED_EDGE('',*,*,#5384,.F.);
#5386=ORIENTED_EDGE('',*,*,#5112,.F.);
#5388=ORIENTED_EDGE('',*,*,#5387,.F.);
#5390=ORIENTED_EDGE('',*,*,#5389,.F.);
#5392=ORIENTED_EDGE('',*,*,#5391,.F.);
#5393=ORIENTED_EDGE('',*,*,#5097,.F.);
#5395=ORIENTED_EDGE('',*,*,#5394,.F.);
#5397=ORIENTED_EDGE('',*,*,#5396,.F.);
#5399=ORIENTED_EDGE('',*,*,#5398,.F.);
#5400=ORIENTED_EDGE('',*,*,#5082,.F.);
#5402=ORIENTED_EDGE('',*,*,#5401,.F.);
#5404=ORIENTED_EDGE('',*,*,#5403,.F.);
#5406=ORIENTED_EDGE('',*,*,#5405,.F.);
#5407=ORIENTED_EDGE('',*,*,#5067,.F.);
#5409=ORIENTED_EDGE('',*,*,#5408,.F.);
#5411=ORIENTED_EDGE('',*,*,#5410,.F.);
#5413=ORIENTED_EDGE('',*,*,#5412,.F.);
#5414=ORIENTED_EDGE('',*,*,#5052,.F.);
#5416=ORIENTED_EDGE('',*,*,#5415,.F.);
#5418=ORIENTED_EDGE('',*,*,#5417,.F.);
#5420=ORIENTED_EDGE('',*,*,#5419,.F.);
#5421=EDGE_LOOP('',(#5359,#5361,#5363,#5364,#5365,#5367,#5369,#5371,#5372,#5374,
#5376,#5378,#5379,#5381,#5383,#5385,#5386,#5388,#5390,#5392,#5393,#5395,#5397,
#5399,#5400,#5402,#5404,#5406,#5407,#5409,#5411,#5413,#5414,#5416,#5418,#5420));
#5422=FACE_OUTER_BOUND('',#5421,.F.);
#5424=CARTESIAN_POINT('',(-1.75E0,0.E0,2.25E0));
#5425=DIRECTION('',(0.E0,0.E0,1.E0));
#5426=DIRECTION('',(1.E0,0.E0,0.E0));
#5427=AXIS2_PLACEMENT_3D('',#5424,#5425,#5426);
#5428=PLANE('',#5427);
#5429=ORIENTED_EDGE('',*,*,#4989,.F.);
#5430=ORIENTED_EDGE('',*,*,#5252,.T.);
#5432=ORIENTED_EDGE('',*,*,#5431,.T.);
#5433=ORIENTED_EDGE('',*,*,#5360,.F.);
#5434=ORIENTED_EDGE('',*,*,#5035,.F.);
#5436=ORIENTED_EDGE('',*,*,#5435,.F.);
#5438=ORIENTED_EDGE('',*,*,#5437,.F.);
#5440=ORIENTED_EDGE('',*,*,#5439,.F.);
#5441=ORIENTED_EDGE('',*,*,#5220,.F.);
#5443=ORIENTED_EDGE('',*,*,#5442,.F.);
#5445=ORIENTED_EDGE('',*,*,#5444,.F.);
#5447=ORIENTED_EDGE('',*,*,#5446,.F.);
#5448=ORIENTED_EDGE('',*,*,#5019,.F.);
#5450=ORIENTED_EDGE('',*,*,#5449,.F.);
#5452=ORIENTED_EDGE('',*,*,#5451,.F.);
#5454=ORIENTED_EDGE('',*,*,#5453,.F.);
#5455=ORIENTED_EDGE('',*,*,#5004,.F.);
#5457=ORIENTED_EDGE('',*,*,#5456,.F.);
#5459=ORIENTED_EDGE('',*,*,#5458,.F.);
#5461=ORIENTED_EDGE('',*,*,#5460,.F.);
#5462=EDGE_LOOP('',(#5429,#5430,#5432,#5433,#5434,#5436,#5438,#5440,#5441,#5443,
#5445,#5447,#5448,#5450,#5452,#5454,#5455,#5457,#5459,#5461));
#5463=FACE_OUTER_BOUND('',#5462,.F.);
#5465=CARTESIAN_POINT('',(0.E0,9.75E-1,0.E0));
#5466=DIRECTION('',(0.E0,1.E0,0.E0));
#5467=DIRECTION('',(1.E0,0.E0,0.E0));
#5468=AXIS2_PLACEMENT_3D('',#5465,#5466,#5467);
#5469=PLANE('',#5468);
#5470=ORIENTED_EDGE('',*,*,#5250,.F.);
#5471=ORIENTED_EDGE('',*,*,#5320,.F.);
#5472=ORIENTED_EDGE('',*,*,#5362,.F.);
#5473=ORIENTED_EDGE('',*,*,#5431,.F.);
#5474=EDGE_LOOP('',(#5470,#5471,#5472,#5473));
#5475=FACE_OUTER_BOUND('',#5474,.F.);
#5477=CARTESIAN_POINT('',(8.75E-1,-4.E-2,1.975E0));
#5478=DIRECTION('',(-1.E0,0.E0,0.E0));
#5479=DIRECTION('',(0.E0,0.E0,1.E0));
#5480=AXIS2_PLACEMENT_3D('',#5477,#5478,#5479);
#5481=PLANE('',#5480);
#5482=ORIENTED_EDGE('',*,*,#5033,.F.);
#5483=ORIENTED_EDGE('',*,*,#4844,.T.);
#5484=ORIENTED_EDGE('',*,*,#4414,.T.);
#5486=ORIENTED_EDGE('',*,*,#5485,.T.);
#5488=ORIENTED_EDGE('',*,*,#5487,.T.);
#5489=ORIENTED_EDGE('',*,*,#5435,.T.);
#5490=EDGE_LOOP('',(#5482,#5483,#5484,#5486,#5488,#5489));
#5491=FACE_OUTER_BOUND('',#5490,.F.);
#5493=CARTESIAN_POINT('',(7.5E-1,-4.E-2,1.975E0));
#5494=DIRECTION('',(0.E0,-1.E0,0.E0));
#5495=DIRECTION('',(1.E0,0.E0,0.E0));
#5496=AXIS2_PLACEMENT_3D('',#5493,#5494,#5495);
#5497=CYLINDRICAL_SURFACE('',#5496,1.25E-1);
#5499=ORIENTED_EDGE('',*,*,#5498,.T.);
#5501=ORIENTED_EDGE('',*,*,#5500,.T.);
#5502=ORIENTED_EDGE('',*,*,#5485,.F.);
#5503=ORIENTED_EDGE('',*,*,#4412,.F.);
#5504=EDGE_LOOP('',(#5499,#5501,#5502,#5503));
#5505=FACE_OUTER_BOUND('',#5504,.F.);
#5507=CARTESIAN_POINT('',(6.25E-1,-4.E-2,2.25E0));
#5508=DIRECTION('',(1.E0,0.E0,0.E0));
#5509=DIRECTION('',(0.E0,0.E0,-1.E0));
#5510=AXIS2_PLACEMENT_3D('',#5507,#5508,#5509);
#5511=PLANE('',#5510);
#5512=ORIENTED_EDGE('',*,*,#5215,.F.);
#5513=ORIENTED_EDGE('',*,*,#5439,.T.);
#5515=ORIENTED_EDGE('',*,*,#5514,.T.);
#5516=ORIENTED_EDGE('',*,*,#5498,.F.);
#5517=ORIENTED_EDGE('',*,*,#4410,.F.);
#5518=ORIENTED_EDGE('',*,*,#4829,.T.);
#5519=EDGE_LOOP('',(#5512,#5513,#5515,#5516,#5517,#5518));
#5520=FACE_OUTER_BOUND('',#5519,.F.);
#5522=CARTESIAN_POINT('',(0.E0,1.75E-1,0.E0));
#5523=DIRECTION('',(0.E0,-1.E0,0.E0));
#5524=DIRECTION('',(1.E0,0.E0,0.E0));
#5525=AXIS2_PLACEMENT_3D('',#5522,#5523,#5524);
#5526=PLANE('',#5525);
#5527=ORIENTED_EDGE('',*,*,#5437,.T.);
#5528=ORIENTED_EDGE('',*,*,#5487,.F.);
#5529=ORIENTED_EDGE('',*,*,#5500,.F.);
#5530=ORIENTED_EDGE('',*,*,#5514,.F.);
#5531=EDGE_LOOP('',(#5527,#5528,#5529,#5530));
#5532=FACE_OUTER_BOUND('',#5531,.F.);
#5534=CARTESIAN_POINT('',(3.75E-1,-4.E-2,1.6E0));
#5535=DIRECTION('',(-1.E0,0.E0,0.E0));
#5536=DIRECTION('',(0.E0,0.E0,1.E0));
#5537=AXIS2_PLACEMENT_3D('',#5534,#5535,#5536);
#5538=PLANE('',#5537);
#5539=ORIENTED_EDGE('',*,*,#5218,.F.);
#5540=ORIENTED_EDGE('',*,*,#4832,.F.);
#5541=ORIENTED_EDGE('',*,*,#4406,.T.);
#5543=ORIENTED_EDGE('',*,*,#5542,.F.);
#5545=ORIENTED_EDGE('',*,*,#5544,.F.);
#5547=ORIENTED_EDGE('',*,*,#5546,.T.);
#5549=ORIENTED_EDGE('',*,*,#5548,.T.);
#5550=ORIENTED_EDGE('',*,*,#5442,.T.);
#5551=EDGE_LOOP('',(#5539,#5540,#5541,#5543,#5545,#5547,#5549,#5550));
#5552=FACE_OUTER_BOUND('',#5551,.F.);
#5554=CARTESIAN_POINT('',(1.1E0,6.E-2,1.6E0));
#5555=DIRECTION('',(0.E0,0.E0,1.E0));
#5556=DIRECTION('',(-1.E0,0.E0,0.E0));
#5557=AXIS2_PLACEMENT_3D('',#5554,#5555,#5556);
#5558=PLANE('',#5557);
#5559=ORIENTED_EDGE('',*,*,#4404,.T.);
#5561=ORIENTED_EDGE('',*,*,#5560,.F.);
#5563=ORIENTED_EDGE('',*,*,#5562,.T.);
#5564=ORIENTED_EDGE('',*,*,#5542,.T.);
#5565=EDGE_LOOP('',(#5559,#5561,#5563,#5564));
#5566=FACE_OUTER_BOUND('',#5565,.F.);
#5568=CARTESIAN_POINT('',(1.1E0,6.E-2,1.6E0));
#5569=DIRECTION('',(0.E0,0.E0,1.E0));
#5570=DIRECTION('',(-1.E0,0.E0,0.E0));
#5571=AXIS2_PLACEMENT_3D('',#5568,#5569,#5570);
#5572=PLANE('',#5571);
#5574=ORIENTED_EDGE('',*,*,#5573,.T.);
#5575=ORIENTED_EDGE('',*,*,#4278,.F.);
#5577=ORIENTED_EDGE('',*,*,#5576,.F.);
#5579=ORIENTED_EDGE('',*,*,#5578,.T.);
#5580=EDGE_LOOP('',(#5574,#5575,#5577,#5579));
#5581=FACE_OUTER_BOUND('',#5580,.F.);
#5583=CARTESIAN_POINT('',(1.1E0,6.E-2,-1.6E0));
#5584=DIRECTION('',(1.E0,0.E0,0.E0));
#5585=DIRECTION('',(0.E0,0.E0,1.E0));
#5586=AXIS2_PLACEMENT_3D('',#5583,#5584,#5585);
#5587=PLANE('',#5586);
#5588=ORIENTED_EDGE('',*,*,#4402,.T.);
#5590=ORIENTED_EDGE('',*,*,#5589,.F.);
#5592=ORIENTED_EDGE('',*,*,#5591,.T.);
#5593=ORIENTED_EDGE('',*,*,#5560,.T.);
#5594=EDGE_LOOP('',(#5588,#5590,#5592,#5593));
#5595=FACE_OUTER_BOUND('',#5594,.F.);
#5597=CARTESIAN_POINT('',(-1.1E0,6.E-2,-1.6E0));
#5598=DIRECTION('',(0.E0,0.E0,-1.E0));
#5599=DIRECTION('',(1.E0,0.E0,0.E0));
#5600=AXIS2_PLACEMENT_3D('',#5597,#5598,#5599);
#5601=PLANE('',#5600);
#5602=ORIENTED_EDGE('',*,*,#4284,.T.);
#5604=ORIENTED_EDGE('',*,*,#5603,.T.);
#5606=ORIENTED_EDGE('',*,*,#5605,.T.);
#5608=ORIENTED_EDGE('',*,*,#5607,.T.);
#5609=EDGE_LOOP('',(#5602,#5604,#5606,#5608));
#5610=FACE_OUTER_BOUND('',#5609,.F.);
#5612=CARTESIAN_POINT('',(-1.1E0,6.E-2,-1.6E0));
#5613=DIRECTION('',(0.E0,0.E0,-1.E0));
#5614=DIRECTION('',(1.E0,0.E0,0.E0));
#5615=AXIS2_PLACEMENT_3D('',#5612,#5613,#5614);
#5616=PLANE('',#5615);
#5617=ORIENTED_EDGE('',*,*,#5589,.T.);
#5618=ORIENTED_EDGE('',*,*,#4400,.F.);
#5620=ORIENTED_EDGE('',*,*,#5619,.T.);
#5622=ORIENTED_EDGE('',*,*,#5621,.T.);
#5623=EDGE_LOOP('',(#5617,#5618,#5620,#5622));
#5624=FACE_OUTER_BOUND('',#5623,.F.);
#5626=CARTESIAN_POINT('',(-9.25E-1,9.999999999999E-3,-1.425E0));
#5627=DIRECTION('',(-7.071067811865E-1,0.E0,-7.071067811865E-1));
#5628=DIRECTION('',(-7.071067811865E-1,0.E0,7.071067811865E-1));
#5629=AXIS2_PLACEMENT_3D('',#5626,#5627,#5628);
#5630=PLANE('',#5629);
#5631=ORIENTED_EDGE('',*,*,#4282,.T.);
#5633=ORIENTED_EDGE('',*,*,#5632,.T.);
#5635=ORIENTED_EDGE('',*,*,#5634,.F.);
#5636=ORIENTED_EDGE('',*,*,#5603,.F.);
#5637=EDGE_LOOP('',(#5631,#5633,#5635,#5636));
#5638=FACE_OUTER_BOUND('',#5637,.F.);
#5640=CARTESIAN_POINT('',(-1.1E0,6.E-2,1.6E0));
#5641=DIRECTION('',(-1.E0,0.E0,0.E0));
#5642=DIRECTION('',(0.E0,0.E0,-1.E0));
#5643=AXIS2_PLACEMENT_3D('',#5640,#5641,#5642);
#5644=PLANE('',#5643);
#5645=ORIENTED_EDGE('',*,*,#4280,.T.);
#5646=ORIENTED_EDGE('',*,*,#5573,.F.);
#5648=ORIENTED_EDGE('',*,*,#5647,.T.);
#5649=ORIENTED_EDGE('',*,*,#5632,.F.);
#5650=EDGE_LOOP('',(#5645,#5646,#5648,#5649));
#5651=FACE_OUTER_BOUND('',#5650,.F.);
#5653=CARTESIAN_POINT('',(0.E0,6.E-2,0.E0));
#5654=DIRECTION('',(0.E0,1.E0,0.E0));
#5655=DIRECTION('',(1.E0,0.E0,0.E0));
#5656=AXIS2_PLACEMENT_3D('',#5653,#5654,#5655);
#5657=PLANE('',#5656);
#5659=ORIENTED_EDGE('',*,*,#5658,.F.);
#5661=ORIENTED_EDGE('',*,*,#5660,.F.);
#5663=ORIENTED_EDGE('',*,*,#5662,.F.);
#5665=ORIENTED_EDGE('',*,*,#5664,.T.);
#5666=ORIENTED_EDGE('',*,*,#5605,.F.);
#5667=ORIENTED_EDGE('',*,*,#5634,.T.);
#5668=ORIENTED_EDGE('',*,*,#5647,.F.);
#5669=ORIENTED_EDGE('',*,*,#5578,.F.);
#5671=ORIENTED_EDGE('',*,*,#5670,.F.);
#5672=EDGE_LOOP('',(#5659,#5661,#5663,#5665,#5666,#5667,#5668,#5669,#5671));
#5673=FACE_OUTER_BOUND('',#5672,.F.);
#5675=FILL_AREA_STYLE_COLOUR('',#27);
#5676=FILL_AREA_STYLE('',(#5675));
#5677=SURFACE_STYLE_FILL_AREA(#5676);
#5678=SURFACE_SIDE_STYLE('',(#5677));
#5679=SURFACE_STYLE_USAGE(.POSITIVE.,#5678);
#5680=FILL_AREA_STYLE_COLOUR('',#6);
#5681=FILL_AREA_STYLE('',(#5680));
#5682=SURFACE_STYLE_FILL_AREA(#5681);
#5683=SURFACE_SIDE_STYLE('',(#5682));
#5684=SURFACE_STYLE_USAGE(.NEGATIVE.,#5683);
#5685=PRESENTATION_STYLE_ASSIGNMENT((#5679,#5684));
#5686=OVER_RIDING_STYLED_ITEM('',(#5685),#5674,#28);
#5687=CARTESIAN_POINT('',(0.E0,6.E-2,0.E0));
#5688=DIRECTION('',(0.E0,1.E0,0.E0));
#5689=DIRECTION('',(1.E0,0.E0,0.E0));
#5690=AXIS2_PLACEMENT_3D('',#5687,#5688,#5689);
#5691=PLANE('',#5690);
#5693=ORIENTED_EDGE('',*,*,#5692,.F.);
#5694=ORIENTED_EDGE('',*,*,#5544,.T.);
#5695=ORIENTED_EDGE('',*,*,#5562,.F.);
#5696=ORIENTED_EDGE('',*,*,#5591,.F.);
#5697=ORIENTED_EDGE('',*,*,#5621,.F.);
#5699=ORIENTED_EDGE('',*,*,#5698,.F.);
#5701=ORIENTED_EDGE('',*,*,#5700,.F.);
#5703=ORIENTED_EDGE('',*,*,#5702,.F.);
#5704=EDGE_LOOP('',(#5693,#5694,#5695,#5696,#5697,#5699,#5701,#5703));
#5705=FACE_OUTER_BOUND('',#5704,.F.);
#5707=FILL_AREA_STYLE_COLOUR('',#27);
#5708=FILL_AREA_STYLE('',(#5707));
#5709=SURFACE_STYLE_FILL_AREA(#5708);
#5710=SURFACE_SIDE_STYLE('',(#5709));
#5711=SURFACE_STYLE_USAGE(.POSITIVE.,#5710);
#5712=FILL_AREA_STYLE_COLOUR('',#6);
#5713=FILL_AREA_STYLE('',(#5712));
#5714=SURFACE_STYLE_FILL_AREA(#5713);
#5715=SURFACE_SIDE_STYLE('',(#5714));
#5716=SURFACE_STYLE_USAGE(.NEGATIVE.,#5715);
#5717=PRESENTATION_STYLE_ASSIGNMENT((#5711,#5716));
#5718=OVER_RIDING_STYLED_ITEM('',(#5717),#5706,#28);
#5719=CARTESIAN_POINT('',(-1.2E0,6.E-2,1.7E0));
#5720=DIRECTION('',(0.E0,0.E0,1.E0));
#5721=DIRECTION('',(1.E0,0.E0,0.E0));
#5722=AXIS2_PLACEMENT_3D('',#5719,#5720,#5721);
#5723=PLANE('',#5722);
#5725=ORIENTED_EDGE('',*,*,#5724,.F.);
#5727=ORIENTED_EDGE('',*,*,#5726,.F.);
#5729=ORIENTED_EDGE('',*,*,#5728,.T.);
#5730=ORIENTED_EDGE('',*,*,#5658,.T.);
#5731=EDGE_LOOP('',(#5725,#5727,#5729,#5730));
#5732=FACE_OUTER_BOUND('',#5731,.F.);
#5734=CARTESIAN_POINT('',(-1.2E0,6.E-2,1.7E0));
#5735=DIRECTION('',(0.E0,0.E0,1.E0));
#5736=DIRECTION('',(1.E0,0.E0,0.E0));
#5737=AXIS2_PLACEMENT_3D('',#5734,#5735,#5736);
#5738=PLANE('',#5737);
#5740=ORIENTED_EDGE('',*,*,#5739,.F.);
#5742=ORIENTED_EDGE('',*,*,#5741,.F.);
#5743=ORIENTED_EDGE('',*,*,#5546,.F.);
#5744=ORIENTED_EDGE('',*,*,#5692,.T.);
#5745=EDGE_LOOP('',(#5740,#5742,#5743,#5744));
#5746=FACE_OUTER_BOUND('',#5745,.F.);
#5748=CARTESIAN_POINT('',(-3.75E-1,-4.E-2,2.25E0));
#5749=DIRECTION('',(1.E0,0.E0,0.E0));
#5750=DIRECTION('',(0.E0,0.E0,-1.E0));
#5751=AXIS2_PLACEMENT_3D('',#5748,#5749,#5750);
#5752=PLANE('',#5751);
#5753=ORIENTED_EDGE('',*,*,#4999,.F.);
#5754=ORIENTED_EDGE('',*,*,#5453,.T.);
#5756=ORIENTED_EDGE('',*,*,#5755,.T.);
#5757=ORIENTED_EDGE('',*,*,#5724,.T.);
#5758=ORIENTED_EDGE('',*,*,#5670,.T.);
#5759=ORIENTED_EDGE('',*,*,#5576,.T.);
#5760=ORIENTED_EDGE('',*,*,#4276,.F.);
#5761=ORIENTED_EDGE('',*,*,#4804,.T.);
#5762=EDGE_LOOP('',(#5753,#5754,#5756,#5757,#5758,#5759,#5760,#5761));
#5763=FACE_OUTER_BOUND('',#5762,.F.);
#5765=CARTESIAN_POINT('',(0.E0,1.75E-1,0.E0));
#5766=DIRECTION('',(0.E0,1.E0,0.E0));
#5767=DIRECTION('',(1.E0,0.E0,0.E0));
#5768=AXIS2_PLACEMENT_3D('',#5765,#5766,#5767);
#5769=PLANE('',#5768);
#5770=ORIENTED_EDGE('',*,*,#5451,.T.);
#5772=ORIENTED_EDGE('',*,*,#5771,.F.);
#5774=ORIENTED_EDGE('',*,*,#5773,.F.);
#5776=ORIENTED_EDGE('',*,*,#5775,.F.);
#5777=ORIENTED_EDGE('',*,*,#5444,.T.);
#5778=ORIENTED_EDGE('',*,*,#5548,.F.);
#5779=ORIENTED_EDGE('',*,*,#5741,.T.);
#5781=ORIENTED_EDGE('',*,*,#5780,.T.);
#5783=ORIENTED_EDGE('',*,*,#5782,.T.);
#5785=ORIENTED_EDGE('',*,*,#5784,.T.);
#5786=ORIENTED_EDGE('',*,*,#5340,.T.);
#5788=ORIENTED_EDGE('',*,*,#5787,.T.);
#5790=ORIENTED_EDGE('',*,*,#5789,.T.);
#5792=ORIENTED_EDGE('',*,*,#5791,.T.);
#5793=ORIENTED_EDGE('',*,*,#5333,.T.);
#5795=ORIENTED_EDGE('',*,*,#5794,.T.);
#5797=ORIENTED_EDGE('',*,*,#5796,.T.);
#5799=ORIENTED_EDGE('',*,*,#5798,.T.);
#5800=ORIENTED_EDGE('',*,*,#5726,.T.);
#5801=ORIENTED_EDGE('',*,*,#5755,.F.);
#5802=EDGE_LOOP('',(#5770,#5772,#5774,#5776,#5777,#5778,#5779,#5781,#5783,#5785,
#5786,#5788,#5790,#5792,#5793,#5795,#5797,#5799,#5800,#5801));
#5803=FACE_OUTER_BOUND('',#5802,.F.);
#5805=CARTESIAN_POINT('',(-1.25E-1,-4.E-2,2.1E0));
#5806=DIRECTION('',(-1.E0,0.E0,0.E0));
#5807=DIRECTION('',(0.E0,0.E0,1.E0));
#5808=AXIS2_PLACEMENT_3D('',#5805,#5806,#5807);
#5809=PLANE('',#5808);
#5810=ORIENTED_EDGE('',*,*,#5017,.F.);
#5811=ORIENTED_EDGE('',*,*,#4815,.F.);
#5812=ORIENTED_EDGE('',*,*,#4312,.T.);
#5814=ORIENTED_EDGE('',*,*,#5813,.T.);
#5815=ORIENTED_EDGE('',*,*,#5771,.T.);
#5816=ORIENTED_EDGE('',*,*,#5449,.T.);
#5817=EDGE_LOOP('',(#5810,#5811,#5812,#5814,#5815,#5816));
#5818=FACE_OUTER_BOUND('',#5817,.F.);
#5820=CARTESIAN_POINT('',(1.25E-1,-4.E-2,2.1E0));
#5821=DIRECTION('',(0.E0,0.E0,-1.E0));
#5822=DIRECTION('',(-1.E0,0.E0,0.E0));
#5823=AXIS2_PLACEMENT_3D('',#5820,#5821,#5822);
#5824=PLANE('',#5823);
#5826=ORIENTED_EDGE('',*,*,#5825,.T.);
#5827=ORIENTED_EDGE('',*,*,#5773,.T.);
#5828=ORIENTED_EDGE('',*,*,#5813,.F.);
#5829=ORIENTED_EDGE('',*,*,#4310,.F.);
#5830=EDGE_LOOP('',(#5826,#5827,#5828,#5829));
#5831=FACE_OUTER_BOUND('',#5830,.F.);
#5833=CARTESIAN_POINT('',(1.25E-1,-4.E-2,2.25E0));
#5834=DIRECTION('',(1.E0,0.E0,0.E0));
#5835=DIRECTION('',(0.E0,0.E0,-1.E0));
#5836=AXIS2_PLACEMENT_3D('',#5833,#5834,#5835);
#5837=PLANE('',#5836);
#5838=ORIENTED_EDGE('',*,*,#5014,.F.);
#5839=ORIENTED_EDGE('',*,*,#5446,.T.);
#5840=ORIENTED_EDGE('',*,*,#5775,.T.);
#5841=ORIENTED_EDGE('',*,*,#5825,.F.);
#5842=ORIENTED_EDGE('',*,*,#4308,.F.);
#5843=ORIENTED_EDGE('',*,*,#4819,.T.);
#5844=EDGE_LOOP('',(#5838,#5839,#5840,#5841,#5842,#5843));
#5845=FACE_OUTER_BOUND('',#5844,.F.);
#5847=CARTESIAN_POINT('',(1.2E0,6.E-2,1.7E0));
#5848=DIRECTION('',(1.E0,0.E0,0.E0));
#5849=DIRECTION('',(0.E0,0.E0,-1.E0));
#5850=AXIS2_PLACEMENT_3D('',#5847,#5848,#5849);
#5851=PLANE('',#5850);
#5853=ORIENTED_EDGE('',*,*,#5852,.F.);
#5854=ORIENTED_EDGE('',*,*,#5780,.F.);
#5855=ORIENTED_EDGE('',*,*,#5739,.T.);
#5856=ORIENTED_EDGE('',*,*,#5702,.T.);
#5857=EDGE_LOOP('',(#5853,#5854,#5855,#5856));
#5858=FACE_OUTER_BOUND('',#5857,.F.);
#5860=CARTESIAN_POINT('',(1.2E0,6.E-2,-1.7E0));
#5861=DIRECTION('',(0.E0,0.E0,-1.E0));
#5862=DIRECTION('',(-1.E0,0.E0,0.E0));
#5863=AXIS2_PLACEMENT_3D('',#5860,#5861,#5862);
#5864=PLANE('',#5863);
#5866=ORIENTED_EDGE('',*,*,#5865,.T.);
#5867=ORIENTED_EDGE('',*,*,#5796,.F.);
#5869=ORIENTED_EDGE('',*,*,#5868,.F.);
#5870=ORIENTED_EDGE('',*,*,#5662,.T.);
#5871=EDGE_LOOP('',(#5866,#5867,#5869,#5870));
#5872=FACE_OUTER_BOUND('',#5871,.F.);
#5874=CARTESIAN_POINT('',(1.2E0,6.E-2,-1.7E0));
#5875=DIRECTION('',(0.E0,0.E0,-1.E0));
#5876=DIRECTION('',(-1.E0,0.E0,0.E0));
#5877=AXIS2_PLACEMENT_3D('',#5874,#5875,#5876);
#5878=PLANE('',#5877);
#5880=ORIENTED_EDGE('',*,*,#5879,.F.);
#5881=ORIENTED_EDGE('',*,*,#5782,.F.);
#5882=ORIENTED_EDGE('',*,*,#5852,.T.);
#5883=ORIENTED_EDGE('',*,*,#5700,.T.);
#5884=EDGE_LOOP('',(#5880,#5881,#5882,#5883));
#5885=FACE_OUTER_BOUND('',#5884,.F.);
#5887=CARTESIAN_POINT('',(-1.2E0,6.E-2,-1.7E0));
#5888=DIRECTION('',(-1.E0,0.E0,0.E0));
#5889=DIRECTION('',(0.E0,0.E0,1.E0));
#5890=AXIS2_PLACEMENT_3D('',#5887,#5888,#5889);
#5891=PLANE('',#5890);
#5892=ORIENTED_EDGE('',*,*,#5728,.F.);
#5893=ORIENTED_EDGE('',*,*,#5798,.F.);
#5894=ORIENTED_EDGE('',*,*,#5865,.F.);
#5895=ORIENTED_EDGE('',*,*,#5660,.T.);
#5896=EDGE_LOOP('',(#5892,#5893,#5894,#5895));
#5897=FACE_OUTER_BOUND('',#5896,.F.);
#5899=CARTESIAN_POINT('',(-3.75E-1,-4.E-2,-2.25E0));
#5900=DIRECTION('',(-1.E0,0.E0,0.E0));
#5901=DIRECTION('',(0.E0,0.E0,1.E0));
#5902=AXIS2_PLACEMENT_3D('',#5899,#5900,#5901);
#5903=PLANE('',#5902);
#5904=ORIENTED_EDGE('',*,*,#5203,.T.);
#5905=ORIENTED_EDGE('',*,*,#4639,.F.);
#5906=ORIENTED_EDGE('',*,*,#4286,.T.);
#5907=ORIENTED_EDGE('',*,*,#5607,.F.);
#5908=ORIENTED_EDGE('',*,*,#5664,.F.);
#5909=ORIENTED_EDGE('',*,*,#5868,.T.);
#5910=ORIENTED_EDGE('',*,*,#5794,.F.);
#5911=ORIENTED_EDGE('',*,*,#5331,.T.);
#5912=EDGE_LOOP('',(#5904,#5905,#5906,#5907,#5908,#5909,#5910,#5911));
#5913=FACE_OUTER_BOUND('',#5912,.F.);
#5915=CARTESIAN_POINT('',(3.75E-1,-4.E-2,-1.6E0));
#5916=DIRECTION('',(1.E0,0.E0,0.E0));
#5917=DIRECTION('',(0.E0,0.E0,-1.E0));
#5918=AXIS2_PLACEMENT_3D('',#5915,#5916,#5917);
#5919=PLANE('',#5918);
#5920=ORIENTED_EDGE('',*,*,#5170,.T.);
#5921=ORIENTED_EDGE('',*,*,#5342,.T.);
#5922=ORIENTED_EDGE('',*,*,#5784,.F.);
#5923=ORIENTED_EDGE('',*,*,#5879,.T.);
#5924=ORIENTED_EDGE('',*,*,#5698,.T.);
#5925=ORIENTED_EDGE('',*,*,#5619,.F.);
#5926=ORIENTED_EDGE('',*,*,#4398,.F.);
#5927=ORIENTED_EDGE('',*,*,#4597,.T.);
#5928=EDGE_LOOP('',(#5920,#5921,#5922,#5923,#5924,#5925,#5926,#5927));
#5929=FACE_OUTER_BOUND('',#5928,.F.);
#5931=CARTESIAN_POINT('',(1.25E-1,-4.E-2,-2.25E0));
#5932=DIRECTION('',(-1.E0,0.E0,0.E0));
#5933=DIRECTION('',(0.E0,0.E0,1.E0));
#5934=AXIS2_PLACEMENT_3D('',#5931,#5932,#5933);
#5935=PLANE('',#5934);
#5936=ORIENTED_EDGE('',*,*,#5188,.T.);
#5937=ORIENTED_EDGE('',*,*,#4608,.F.);
#5938=ORIENTED_EDGE('',*,*,#4432,.T.);
#5940=ORIENTED_EDGE('',*,*,#5939,.F.);
#5941=ORIENTED_EDGE('',*,*,#5787,.F.);
#5942=ORIENTED_EDGE('',*,*,#5338,.T.);
#5943=EDGE_LOOP('',(#5936,#5937,#5938,#5940,#5941,#5942));
#5944=FACE_OUTER_BOUND('',#5943,.F.);
#5946=CARTESIAN_POINT('',(1.25E-1,-4.E-2,-2.1E0));
#5947=DIRECTION('',(0.E0,0.E0,-1.E0));
#5948=DIRECTION('',(-1.E0,0.E0,0.E0));
#5949=AXIS2_PLACEMENT_3D('',#5946,#5947,#5948);
#5950=PLANE('',#5949);
#5952=ORIENTED_EDGE('',*,*,#5951,.F.);
#5953=ORIENTED_EDGE('',*,*,#5789,.F.);
#5954=ORIENTED_EDGE('',*,*,#5939,.T.);
#5955=ORIENTED_EDGE('',*,*,#4430,.T.);
#5956=EDGE_LOOP('',(#5952,#5953,#5954,#5955));
#5957=FACE_OUTER_BOUND('',#5956,.F.);
#5959=CARTESIAN_POINT('',(-1.25E-1,-4.E-2,-2.1E0));
#5960=DIRECTION('',(1.E0,0.E0,0.E0));
#5961=DIRECTION('',(0.E0,0.E0,-1.E0));
#5962=AXIS2_PLACEMENT_3D('',#5959,#5960,#5961);
#5963=PLANE('',#5962);
#5964=ORIENTED_EDGE('',*,*,#5185,.T.);
#5965=ORIENTED_EDGE('',*,*,#5335,.T.);
#5966=ORIENTED_EDGE('',*,*,#5791,.F.);
#5967=ORIENTED_EDGE('',*,*,#5951,.T.);
#5968=ORIENTED_EDGE('',*,*,#4428,.F.);
#5969=ORIENTED_EDGE('',*,*,#4612,.T.);
#5970=EDGE_LOOP('',(#5964,#5965,#5966,#5967,#5968,#5969));
#5971=FACE_OUTER_BOUND('',#5970,.F.);
#5973=CARTESIAN_POINT('',(-6.25E-1,-4.E-2,1.975E0));
#5974=DIRECTION('',(-1.E0,0.E0,0.E0));
#5975=DIRECTION('',(0.E0,0.E0,1.E0));
#5976=AXIS2_PLACEMENT_3D('',#5973,#5974,#5975);
#5977=PLANE('',#5976);
#5978=ORIENTED_EDGE('',*,*,#5002,.F.);
#5979=ORIENTED_EDGE('',*,*,#4800,.T.);
#5980=ORIENTED_EDGE('',*,*,#4272,.T.);
#5982=ORIENTED_EDGE('',*,*,#5981,.T.);
#5984=ORIENTED_EDGE('',*,*,#5983,.T.);
#5985=ORIENTED_EDGE('',*,*,#5456,.T.);
#5986=EDGE_LOOP('',(#5978,#5979,#5980,#5982,#5984,#5985));
#5987=FACE_OUTER_BOUND('',#5986,.F.);
#5989=CARTESIAN_POINT('',(-7.5E-1,-4.E-2,1.975E0));
#5990=DIRECTION('',(0.E0,-1.E0,0.E0));
#5991=DIRECTION('',(1.E0,0.E0,0.E0));
#5992=AXIS2_PLACEMENT_3D('',#5989,#5990,#5991);
#5993=CYLINDRICAL_SURFACE('',#5992,1.25E-1);
#5995=ORIENTED_EDGE('',*,*,#5994,.T.);
#5997=ORIENTED_EDGE('',*,*,#5996,.T.);
#5998=ORIENTED_EDGE('',*,*,#5981,.F.);
#5999=ORIENTED_EDGE('',*,*,#4270,.F.);
#6000=EDGE_LOOP('',(#5995,#5997,#5998,#5999));
#6001=FACE_OUTER_BOUND('',#6000,.F.);
#6003=CARTESIAN_POINT('',(-8.75E-1,-4.E-2,2.25E0));
#6004=DIRECTION('',(1.E0,0.E0,0.E0));
#6005=DIRECTION('',(0.E0,0.E0,-1.E0));
#6006=AXIS2_PLACEMENT_3D('',#6003,#6004,#6005);
#6007=PLANE('',#6006);
#6008=ORIENTED_EDGE('',*,*,#4981,.F.);
#6009=ORIENTED_EDGE('',*,*,#5460,.T.);
#6011=ORIENTED_EDGE('',*,*,#6010,.T.);
#6012=ORIENTED_EDGE('',*,*,#5994,.F.);
#6013=ORIENTED_EDGE('',*,*,#4268,.F.);
#6014=ORIENTED_EDGE('',*,*,#4789,.T.);
#6015=EDGE_LOOP('',(#6008,#6009,#6011,#6012,#6013,#6014));
#6016=FACE_OUTER_BOUND('',#6015,.F.);
#6018=CARTESIAN_POINT('',(0.E0,1.75E-1,0.E0));
#6019=DIRECTION('',(0.E0,-1.E0,0.E0));
#6020=DIRECTION('',(1.E0,0.E0,0.E0));
#6021=AXIS2_PLACEMENT_3D('',#6018,#6019,#6020);
#6022=PLANE('',#6021);
#6023=ORIENTED_EDGE('',*,*,#5458,.T.);
#6024=ORIENTED_EDGE('',*,*,#5983,.F.);
#6025=ORIENTED_EDGE('',*,*,#5996,.F.);
#6026=ORIENTED_EDGE('',*,*,#6010,.F.);
#6027=EDGE_LOOP('',(#6023,#6024,#6025,#6026));
#6028=FACE_OUTER_BOUND('',#6027,.F.);
#6030=CARTESIAN_POINT('',(1.75E0,-4.E-2,-1.875E0));
#6031=DIRECTION('',(0.E0,0.E0,-1.E0));
#6032=DIRECTION('',(-1.E0,0.E0,0.E0));
#6033=AXIS2_PLACEMENT_3D('',#6030,#6031,#6032);
#6034=PLANE('',#6033);
#6035=ORIENTED_EDGE('',*,*,#5156,.T.);
#6036=ORIENTED_EDGE('',*,*,#4772,.T.);
#6037=ORIENTED_EDGE('',*,*,#4384,.T.);
#6039=ORIENTED_EDGE('',*,*,#6038,.F.);
#6041=ORIENTED_EDGE('',*,*,#6040,.F.);
#6042=ORIENTED_EDGE('',*,*,#5366,.T.);
#6043=EDGE_LOOP('',(#6035,#6036,#6037,#6039,#6041,#6042));
#6044=FACE_OUTER_BOUND('',#6043,.F.);
#6046=CARTESIAN_POINT('',(1.475E0,-4.E-2,-1.75E0));
#6047=DIRECTION('',(0.E0,1.E0,0.E0));
#6048=DIRECTION('',(1.E0,0.E0,0.E0));
#6049=AXIS2_PLACEMENT_3D('',#6046,#6047,#6048);
#6050=CYLINDRICAL_SURFACE('',#6049,1.25E-1);
#6052=ORIENTED_EDGE('',*,*,#6051,.F.);
#6054=ORIENTED_EDGE('',*,*,#6053,.F.);
#6055=ORIENTED_EDGE('',*,*,#6038,.T.);
#6056=ORIENTED_EDGE('',*,*,#4382,.T.);
#6057=EDGE_LOOP('',(#6052,#6054,#6055,#6056));
#6058=FACE_OUTER_BOUND('',#6057,.F.);
#6060=CARTESIAN_POINT('',(1.475E0,-4.E-2,-1.625E0));
#6061=DIRECTION('',(0.E0,0.E0,1.E0));
#6062=DIRECTION('',(1.E0,0.E0,0.E0));
#6063=AXIS2_PLACEMENT_3D('',#6060,#6061,#6062);
#6064=PLANE('',#6063);
#6065=ORIENTED_EDGE('',*,*,#5137,.T.);
#6066=ORIENTED_EDGE('',*,*,#5370,.T.);
#6068=ORIENTED_EDGE('',*,*,#6067,.F.);
#6069=ORIENTED_EDGE('',*,*,#6051,.T.);
#6070=ORIENTED_EDGE('',*,*,#4380,.F.);
#6071=ORIENTED_EDGE('',*,*,#4761,.T.);
#6072=EDGE_LOOP('',(#6065,#6066,#6068,#6069,#6070,#6071));
#6073=FACE_OUTER_BOUND('',#6072,.F.);
#6075=CARTESIAN_POINT('',(0.E0,1.75E-1,0.E0));
#6076=DIRECTION('',(0.E0,1.E0,0.E0));
#6077=DIRECTION('',(1.E0,0.E0,0.E0));
#6078=AXIS2_PLACEMENT_3D('',#6075,#6076,#6077);
#6079=PLANE('',#6078);
#6080=ORIENTED_EDGE('',*,*,#5368,.T.);
#6081=ORIENTED_EDGE('',*,*,#6040,.T.);
#6082=ORIENTED_EDGE('',*,*,#6053,.T.);
#6083=ORIENTED_EDGE('',*,*,#6067,.T.);
#6084=EDGE_LOOP('',(#6080,#6081,#6082,#6083));
#6085=FACE_OUTER_BOUND('',#6084,.F.);
#6087=CARTESIAN_POINT('',(1.75E0,-4.E-2,-1.375E0));
#6088=DIRECTION('',(0.E0,0.E0,-1.E0));
#6089=DIRECTION('',(-1.E0,0.E0,0.E0));
#6090=AXIS2_PLACEMENT_3D('',#6087,#6088,#6089);
#6091=PLANE('',#6090);
#6092=ORIENTED_EDGE('',*,*,#5140,.T.);
#6093=ORIENTED_EDGE('',*,*,#4757,.T.);
#6094=ORIENTED_EDGE('',*,*,#4376,.T.);
#6096=ORIENTED_EDGE('',*,*,#6095,.F.);
#6098=ORIENTED_EDGE('',*,*,#6097,.F.);
#6099=ORIENTED_EDGE('',*,*,#5373,.T.);
#6100=EDGE_LOOP('',(#6092,#6093,#6094,#6096,#6098,#6099));
#6101=FACE_OUTER_BOUND('',#6100,.F.);
#6103=CARTESIAN_POINT('',(1.475E0,-4.E-2,-1.25E0));
#6104=DIRECTION('',(0.E0,1.E0,0.E0));
#6105=DIRECTION('',(1.E0,0.E0,0.E0));
#6106=AXIS2_PLACEMENT_3D('',#6103,#6104,#6105);
#6107=CYLINDRICAL_SURFACE('',#6106,1.25E-1);
#6109=ORIENTED_EDGE('',*,*,#6108,.F.);
#6111=ORIENTED_EDGE('',*,*,#6110,.F.);
#6112=ORIENTED_EDGE('',*,*,#6095,.T.);
#6113=ORIENTED_EDGE('',*,*,#4374,.T.);
#6114=EDGE_LOOP('',(#6109,#6111,#6112,#6113));
#6115=FACE_OUTER_BOUND('',#6114,.F.);
#6117=CARTESIAN_POINT('',(1.475E0,-4.E-2,-1.125E0));
#6118=DIRECTION('',(0.E0,0.E0,1.E0));
#6119=DIRECTION('',(1.E0,0.E0,0.E0));
#6120=AXIS2_PLACEMENT_3D('',#6117,#6118,#6119);
#6121=PLANE('',#6120);
#6122=ORIENTED_EDGE('',*,*,#5122,.T.);
#6123=ORIENTED_EDGE('',*,*,#5377,.T.);
#6125=ORIENTED_EDGE('',*,*,#6124,.F.);
#6126=ORIENTED_EDGE('',*,*,#6108,.T.);
#6127=ORIENTED_EDGE('',*,*,#4372,.F.);
#6128=ORIENTED_EDGE('',*,*,#4746,.T.);
#6129=EDGE_LOOP('',(#6122,#6123,#6125,#6126,#6127,#6128));
#6130=FACE_OUTER_BOUND('',#6129,.F.);
#6132=CARTESIAN_POINT('',(0.E0,1.75E-1,0.E0));
#6133=DIRECTION('',(0.E0,1.E0,0.E0));
#6134=DIRECTION('',(1.E0,0.E0,0.E0));
#6135=AXIS2_PLACEMENT_3D('',#6132,#6133,#6134);
#6136=PLANE('',#6135);
#6137=ORIENTED_EDGE('',*,*,#5375,.T.);
#6138=ORIENTED_EDGE('',*,*,#6097,.T.);
#6139=ORIENTED_EDGE('',*,*,#6110,.T.);
#6140=ORIENTED_EDGE('',*,*,#6124,.T.);
#6141=EDGE_LOOP('',(#6137,#6138,#6139,#6140));
#6142=FACE_OUTER_BOUND('',#6141,.F.);
#6144=CARTESIAN_POINT('',(1.75E0,-4.E-2,-8.75E-1));
#6145=DIRECTION('',(0.E0,0.E0,-1.E0));
#6146=DIRECTION('',(-1.E0,0.E0,0.E0));
#6147=AXIS2_PLACEMENT_3D('',#6144,#6145,#6146);
#6148=PLANE('',#6147);
#6149=ORIENTED_EDGE('',*,*,#5125,.T.);
#6150=ORIENTED_EDGE('',*,*,#4742,.T.);
#6151=ORIENTED_EDGE('',*,*,#4368,.T.);
#6153=ORIENTED_EDGE('',*,*,#6152,.F.);
#6155=ORIENTED_EDGE('',*,*,#6154,.F.);
#6156=ORIENTED_EDGE('',*,*,#5380,.T.);
#6157=EDGE_LOOP('',(#6149,#6150,#6151,#6153,#6155,#6156));
#6158=FACE_OUTER_BOUND('',#6157,.F.);
#6160=CARTESIAN_POINT('',(1.475E0,-4.E-2,-7.5E-1));
#6161=DIRECTION('',(0.E0,1.E0,0.E0));
#6162=DIRECTION('',(1.E0,0.E0,0.E0));
#6163=AXIS2_PLACEMENT_3D('',#6160,#6161,#6162);
#6164=CYLINDRICAL_SURFACE('',#6163,1.25E-1);
#6166=ORIENTED_EDGE('',*,*,#6165,.F.);
#6168=ORIENTED_EDGE('',*,*,#6167,.F.);
#6169=ORIENTED_EDGE('',*,*,#6152,.T.);
#6170=ORIENTED_EDGE('',*,*,#4366,.T.);
#6171=EDGE_LOOP('',(#6166,#6168,#6169,#6170));
#6172=FACE_OUTER_BOUND('',#6171,.F.);
#6174=CARTESIAN_POINT('',(1.475E0,-4.E-2,-6.25E-1));
#6175=DIRECTION('',(0.E0,0.E0,1.E0));
#6176=DIRECTION('',(1.E0,0.E0,0.E0));
#6177=AXIS2_PLACEMENT_3D('',#6174,#6175,#6176);
#6178=PLANE('',#6177);
#6179=ORIENTED_EDGE('',*,*,#5107,.T.);
#6180=ORIENTED_EDGE('',*,*,#5384,.T.);
#6182=ORIENTED_EDGE('',*,*,#6181,.F.);
#6183=ORIENTED_EDGE('',*,*,#6165,.T.);
#6184=ORIENTED_EDGE('',*,*,#4364,.F.);
#6185=ORIENTED_EDGE('',*,*,#4731,.T.);
#6186=EDGE_LOOP('',(#6179,#6180,#6182,#6183,#6184,#6185));
#6187=FACE_OUTER_BOUND('',#6186,.F.);
#6189=CARTESIAN_POINT('',(0.E0,1.75E-1,0.E0));
#6190=DIRECTION('',(0.E0,1.E0,0.E0));
#6191=DIRECTION('',(1.E0,0.E0,0.E0));
#6192=AXIS2_PLACEMENT_3D('',#6189,#6190,#6191);
#6193=PLANE('',#6192);
#6194=ORIENTED_EDGE('',*,*,#5382,.T.);
#6195=ORIENTED_EDGE('',*,*,#6154,.T.);
#6196=ORIENTED_EDGE('',*,*,#6167,.T.);
#6197=ORIENTED_EDGE('',*,*,#6181,.T.);
#6198=EDGE_LOOP('',(#6194,#6195,#6196,#6197));
#6199=FACE_OUTER_BOUND('',#6198,.F.);
#6201=CARTESIAN_POINT('',(1.75E0,-4.E-2,-3.75E-1));
#6202=DIRECTION('',(0.E0,0.E0,-1.E0));
#6203=DIRECTION('',(-1.E0,0.E0,0.E0));
#6204=AXIS2_PLACEMENT_3D('',#6201,#6202,#6203);
#6205=PLANE('',#6204);
#6206=ORIENTED_EDGE('',*,*,#5110,.T.);
#6207=ORIENTED_EDGE('',*,*,#4727,.T.);
#6208=ORIENTED_EDGE('',*,*,#4360,.T.);
#6210=ORIENTED_EDGE('',*,*,#6209,.F.);
#6212=ORIENTED_EDGE('',*,*,#6211,.F.);
#6213=ORIENTED_EDGE('',*,*,#5387,.T.);
#6214=EDGE_LOOP('',(#6206,#6207,#6208,#6210,#6212,#6213));
#6215=FACE_OUTER_BOUND('',#6214,.F.);
#6217=CARTESIAN_POINT('',(1.475E0,-4.E-2,-2.5E-1));
#6218=DIRECTION('',(0.E0,1.E0,0.E0));
#6219=DIRECTION('',(1.E0,0.E0,0.E0));
#6220=AXIS2_PLACEMENT_3D('',#6217,#6218,#6219);
#6221=CYLINDRICAL_SURFACE('',#6220,1.25E-1);
#6223=ORIENTED_EDGE('',*,*,#6222,.F.);
#6225=ORIENTED_EDGE('',*,*,#6224,.F.);
#6226=ORIENTED_EDGE('',*,*,#6209,.T.);
#6227=ORIENTED_EDGE('',*,*,#4358,.T.);
#6228=EDGE_LOOP('',(#6223,#6225,#6226,#6227));
#6229=FACE_OUTER_BOUND('',#6228,.F.);
#6231=CARTESIAN_POINT('',(1.475E0,-4.E-2,-1.25E-1));
#6232=DIRECTION('',(0.E0,0.E0,1.E0));
#6233=DIRECTION('',(1.E0,0.E0,0.E0));
#6234=AXIS2_PLACEMENT_3D('',#6231,#6232,#6233);
#6235=PLANE('',#6234);
#6236=ORIENTED_EDGE('',*,*,#5092,.T.);
#6237=ORIENTED_EDGE('',*,*,#5391,.T.);
#6239=ORIENTED_EDGE('',*,*,#6238,.F.);
#6240=ORIENTED_EDGE('',*,*,#6222,.T.);
#6241=ORIENTED_EDGE('',*,*,#4356,.F.);
#6242=ORIENTED_EDGE('',*,*,#4716,.T.);
#6243=EDGE_LOOP('',(#6236,#6237,#6239,#6240,#6241,#6242));
#6244=FACE_OUTER_BOUND('',#6243,.F.);
#6246=CARTESIAN_POINT('',(0.E0,1.75E-1,0.E0));
#6247=DIRECTION('',(0.E0,1.E0,0.E0));
#6248=DIRECTION('',(1.E0,0.E0,0.E0));
#6249=AXIS2_PLACEMENT_3D('',#6246,#6247,#6248);
#6250=PLANE('',#6249);
#6251=ORIENTED_EDGE('',*,*,#5389,.T.);
#6252=ORIENTED_EDGE('',*,*,#6211,.T.);
#6253=ORIENTED_EDGE('',*,*,#6224,.T.);
#6254=ORIENTED_EDGE('',*,*,#6238,.T.);
#6255=EDGE_LOOP('',(#6251,#6252,#6253,#6254));
#6256=FACE_OUTER_BOUND('',#6255,.F.);
#6258=CARTESIAN_POINT('',(1.75E0,-4.E-2,1.25E-1));
#6259=DIRECTION('',(0.E0,0.E0,-1.E0));
#6260=DIRECTION('',(-1.E0,0.E0,0.E0));
#6261=AXIS2_PLACEMENT_3D('',#6258,#6259,#6260);
#6262=PLANE('',#6261);
#6263=ORIENTED_EDGE('',*,*,#5095,.T.);
#6264=ORIENTED_EDGE('',*,*,#4712,.T.);
#6265=ORIENTED_EDGE('',*,*,#4352,.T.);
#6267=ORIENTED_EDGE('',*,*,#6266,.F.);
#6269=ORIENTED_EDGE('',*,*,#6268,.F.);
#6270=ORIENTED_EDGE('',*,*,#5394,.T.);
#6271=EDGE_LOOP('',(#6263,#6264,#6265,#6267,#6269,#6270));
#6272=FACE_OUTER_BOUND('',#6271,.F.);
#6274=CARTESIAN_POINT('',(1.475E0,-4.E-2,2.5E-1));
#6275=DIRECTION('',(0.E0,1.E0,0.E0));
#6276=DIRECTION('',(1.E0,0.E0,0.E0));
#6277=AXIS2_PLACEMENT_3D('',#6274,#6275,#6276);
#6278=CYLINDRICAL_SURFACE('',#6277,1.25E-1);
#6280=ORIENTED_EDGE('',*,*,#6279,.F.);
#6282=ORIENTED_EDGE('',*,*,#6281,.F.);
#6283=ORIENTED_EDGE('',*,*,#6266,.T.);
#6284=ORIENTED_EDGE('',*,*,#4350,.T.);
#6285=EDGE_LOOP('',(#6280,#6282,#6283,#6284));
#6286=FACE_OUTER_BOUND('',#6285,.F.);
#6288=CARTESIAN_POINT('',(1.475E0,-4.E-2,3.75E-1));
#6289=DIRECTION('',(0.E0,0.E0,1.E0));
#6290=DIRECTION('',(1.E0,0.E0,0.E0));
#6291=AXIS2_PLACEMENT_3D('',#6288,#6289,#6290);
#6292=PLANE('',#6291);
#6293=ORIENTED_EDGE('',*,*,#5077,.T.);
#6294=ORIENTED_EDGE('',*,*,#5398,.T.);
#6296=ORIENTED_EDGE('',*,*,#6295,.F.);
#6297=ORIENTED_EDGE('',*,*,#6279,.T.);
#6298=ORIENTED_EDGE('',*,*,#4348,.F.);
#6299=ORIENTED_EDGE('',*,*,#4701,.T.);
#6300=EDGE_LOOP('',(#6293,#6294,#6296,#6297,#6298,#6299));
#6301=FACE_OUTER_BOUND('',#6300,.F.);
#6303=CARTESIAN_POINT('',(0.E0,1.75E-1,0.E0));
#6304=DIRECTION('',(0.E0,1.E0,0.E0));
#6305=DIRECTION('',(1.E0,0.E0,0.E0));
#6306=AXIS2_PLACEMENT_3D('',#6303,#6304,#6305);
#6307=PLANE('',#6306);
#6308=ORIENTED_EDGE('',*,*,#6268,.T.);
#6309=ORIENTED_EDGE('',*,*,#6281,.T.);
#6310=ORIENTED_EDGE('',*,*,#6295,.T.);
#6311=ORIENTED_EDGE('',*,*,#5396,.T.);
#6312=EDGE_LOOP('',(#6308,#6309,#6310,#6311));
#6313=FACE_OUTER_BOUND('',#6312,.F.);
#6315=CARTESIAN_POINT('',(1.75E0,-4.E-2,6.25E-1));
#6316=DIRECTION('',(0.E0,0.E0,-1.E0));
#6317=DIRECTION('',(-1.E0,0.E0,0.E0));
#6318=AXIS2_PLACEMENT_3D('',#6315,#6316,#6317);
#6319=PLANE('',#6318);
#6320=ORIENTED_EDGE('',*,*,#5080,.T.);
#6321=ORIENTED_EDGE('',*,*,#4697,.T.);
#6322=ORIENTED_EDGE('',*,*,#4344,.T.);
#6324=ORIENTED_EDGE('',*,*,#6323,.F.);
#6326=ORIENTED_EDGE('',*,*,#6325,.F.);
#6327=ORIENTED_EDGE('',*,*,#5401,.T.);
#6328=EDGE_LOOP('',(#6320,#6321,#6322,#6324,#6326,#6327));
#6329=FACE_OUTER_BOUND('',#6328,.F.);
#6331=CARTESIAN_POINT('',(1.475E0,-4.E-2,7.5E-1));
#6332=DIRECTION('',(0.E0,1.E0,0.E0));
#6333=DIRECTION('',(1.E0,0.E0,0.E0));
#6334=AXIS2_PLACEMENT_3D('',#6331,#6332,#6333);
#6335=CYLINDRICAL_SURFACE('',#6334,1.25E-1);
#6337=ORIENTED_EDGE('',*,*,#6336,.F.);
#6339=ORIENTED_EDGE('',*,*,#6338,.F.);
#6340=ORIENTED_EDGE('',*,*,#6323,.T.);
#6341=ORIENTED_EDGE('',*,*,#4342,.T.);
#6342=EDGE_LOOP('',(#6337,#6339,#6340,#6341));
#6343=FACE_OUTER_BOUND('',#6342,.F.);
#6345=CARTESIAN_POINT('',(1.475E0,-4.E-2,8.75E-1));
#6346=DIRECTION('',(0.E0,0.E0,1.E0));
#6347=DIRECTION('',(1.E0,0.E0,0.E0));
#6348=AXIS2_PLACEMENT_3D('',#6345,#6346,#6347);
#6349=PLANE('',#6348);
#6350=ORIENTED_EDGE('',*,*,#5062,.T.);
#6351=ORIENTED_EDGE('',*,*,#5405,.T.);
#6353=ORIENTED_EDGE('',*,*,#6352,.F.);
#6354=ORIENTED_EDGE('',*,*,#6336,.T.);
#6355=ORIENTED_EDGE('',*,*,#4340,.F.);
#6356=ORIENTED_EDGE('',*,*,#4686,.T.);
#6357=EDGE_LOOP('',(#6350,#6351,#6353,#6354,#6355,#6356));
#6358=FACE_OUTER_BOUND('',#6357,.F.);
#6360=CARTESIAN_POINT('',(0.E0,1.75E-1,0.E0));
#6361=DIRECTION('',(0.E0,1.E0,0.E0));
#6362=DIRECTION('',(1.E0,0.E0,0.E0));
#6363=AXIS2_PLACEMENT_3D('',#6360,#6361,#6362);
#6364=PLANE('',#6363);
#6365=ORIENTED_EDGE('',*,*,#5403,.T.);
#6366=ORIENTED_EDGE('',*,*,#6325,.T.);
#6367=ORIENTED_EDGE('',*,*,#6338,.T.);
#6368=ORIENTED_EDGE('',*,*,#6352,.T.);
#6369=EDGE_LOOP('',(#6365,#6366,#6367,#6368));
#6370=FACE_OUTER_BOUND('',#6369,.F.);
#6372=CARTESIAN_POINT('',(1.75E0,-4.E-2,1.125E0));
#6373=DIRECTION('',(0.E0,0.E0,-1.E0));
#6374=DIRECTION('',(-1.E0,0.E0,0.E0));
#6375=AXIS2_PLACEMENT_3D('',#6372,#6373,#6374);
#6376=PLANE('',#6375);
#6377=ORIENTED_EDGE('',*,*,#5065,.T.);
#6378=ORIENTED_EDGE('',*,*,#4682,.T.);
#6379=ORIENTED_EDGE('',*,*,#4336,.T.);
#6381=ORIENTED_EDGE('',*,*,#6380,.F.);
#6383=ORIENTED_EDGE('',*,*,#6382,.F.);
#6384=ORIENTED_EDGE('',*,*,#5408,.T.);
#6385=EDGE_LOOP('',(#6377,#6378,#6379,#6381,#6383,#6384));
#6386=FACE_OUTER_BOUND('',#6385,.F.);
#6388=CARTESIAN_POINT('',(1.475E0,-4.E-2,1.25E0));
#6389=DIRECTION('',(0.E0,1.E0,0.E0));
#6390=DIRECTION('',(1.E0,0.E0,0.E0));
#6391=AXIS2_PLACEMENT_3D('',#6388,#6389,#6390);
#6392=CYLINDRICAL_SURFACE('',#6391,1.25E-1);
#6394=ORIENTED_EDGE('',*,*,#6393,.F.);
#6396=ORIENTED_EDGE('',*,*,#6395,.F.);
#6397=ORIENTED_EDGE('',*,*,#6380,.T.);
#6398=ORIENTED_EDGE('',*,*,#4334,.T.);
#6399=EDGE_LOOP('',(#6394,#6396,#6397,#6398));
#6400=FACE_OUTER_BOUND('',#6399,.F.);
#6402=CARTESIAN_POINT('',(1.475E0,-4.E-2,1.375E0));
#6403=DIRECTION('',(0.E0,0.E0,1.E0));
#6404=DIRECTION('',(1.E0,0.E0,0.E0));
#6405=AXIS2_PLACEMENT_3D('',#6402,#6403,#6404);
#6406=PLANE('',#6405);
#6407=ORIENTED_EDGE('',*,*,#5047,.T.);
#6408=ORIENTED_EDGE('',*,*,#5412,.T.);
#6410=ORIENTED_EDGE('',*,*,#6409,.F.);
#6411=ORIENTED_EDGE('',*,*,#6393,.T.);
#6412=ORIENTED_EDGE('',*,*,#4332,.F.);
#6413=ORIENTED_EDGE('',*,*,#4671,.T.);
#6414=EDGE_LOOP('',(#6407,#6408,#6410,#6411,#6412,#6413));
#6415=FACE_OUTER_BOUND('',#6414,.F.);
#6417=CARTESIAN_POINT('',(0.E0,1.75E-1,0.E0));
#6418=DIRECTION('',(0.E0,1.E0,0.E0));
#6419=DIRECTION('',(1.E0,0.E0,0.E0));
#6420=AXIS2_PLACEMENT_3D('',#6417,#6418,#6419);
#6421=PLANE('',#6420);
#6422=ORIENTED_EDGE('',*,*,#5410,.T.);
#6423=ORIENTED_EDGE('',*,*,#6382,.T.);
#6424=ORIENTED_EDGE('',*,*,#6395,.T.);
#6425=ORIENTED_EDGE('',*,*,#6409,.T.);
#6426=EDGE_LOOP('',(#6422,#6423,#6424,#6425));
#6427=FACE_OUTER_BOUND('',#6426,.F.);
#6429=CARTESIAN_POINT('',(1.75E0,-4.E-2,1.625E0));
#6430=DIRECTION('',(0.E0,0.E0,-1.E0));
#6431=DIRECTION('',(-1.E0,0.E0,0.E0));
#6432=AXIS2_PLACEMENT_3D('',#6429,#6430,#6431);
#6433=PLANE('',#6432);
#6434=ORIENTED_EDGE('',*,*,#5050,.T.);
#6435=ORIENTED_EDGE('',*,*,#4667,.T.);
#6436=ORIENTED_EDGE('',*,*,#4328,.T.);
#6438=ORIENTED_EDGE('',*,*,#6437,.F.);
#6440=ORIENTED_EDGE('',*,*,#6439,.F.);
#6441=ORIENTED_EDGE('',*,*,#5415,.T.);
#6442=EDGE_LOOP('',(#6434,#6435,#6436,#6438,#6440,#6441));
#6443=FACE_OUTER_BOUND('',#6442,.F.);
#6445=CARTESIAN_POINT('',(1.475E0,-4.E-2,1.75E0));
#6446=DIRECTION('',(0.E0,1.E0,0.E0));
#6447=DIRECTION('',(1.E0,0.E0,0.E0));
#6448=AXIS2_PLACEMENT_3D('',#6445,#6446,#6447);
#6449=CYLINDRICAL_SURFACE('',#6448,1.25E-1);
#6451=ORIENTED_EDGE('',*,*,#6450,.F.);
#6453=ORIENTED_EDGE('',*,*,#6452,.F.);
#6454=ORIENTED_EDGE('',*,*,#6437,.T.);
#6455=ORIENTED_EDGE('',*,*,#4326,.T.);
#6456=EDGE_LOOP('',(#6451,#6453,#6454,#6455));
#6457=FACE_OUTER_BOUND('',#6456,.F.);
#6459=CARTESIAN_POINT('',(1.475E0,-4.E-2,1.875E0));
#6460=DIRECTION('',(0.E0,0.E0,1.E0));
#6461=DIRECTION('',(1.E0,0.E0,0.E0));
#6462=AXIS2_PLACEMENT_3D('',#6459,#6460,#6461);
#6463=PLANE('',#6462);
#6464=ORIENTED_EDGE('',*,*,#5029,.T.);
#6465=ORIENTED_EDGE('',*,*,#5419,.T.);
#6467=ORIENTED_EDGE('',*,*,#6466,.F.);
#6468=ORIENTED_EDGE('',*,*,#6450,.T.);
#6469=ORIENTED_EDGE('',*,*,#4324,.F.);
#6470=ORIENTED_EDGE('',*,*,#4656,.T.);
#6471=EDGE_LOOP('',(#6464,#6465,#6467,#6468,#6469,#6470));
#6472=FACE_OUTER_BOUND('',#6471,.F.);
#6474=CARTESIAN_POINT('',(0.E0,1.75E-1,0.E0));
#6475=DIRECTION('',(0.E0,1.E0,0.E0));
#6476=DIRECTION('',(1.E0,0.E0,0.E0));
#6477=AXIS2_PLACEMENT_3D('',#6474,#6475,#6476);
#6478=PLANE('',#6477);
#6479=ORIENTED_EDGE('',*,*,#5417,.T.);
#6480=ORIENTED_EDGE('',*,*,#6439,.T.);
#6481=ORIENTED_EDGE('',*,*,#6452,.T.);
#6482=ORIENTED_EDGE('',*,*,#6466,.T.);
#6483=EDGE_LOOP('',(#6479,#6480,#6481,#6482));
#6484=FACE_OUTER_BOUND('',#6483,.F.);
#6486=CARTESIAN_POINT('',(-8.75E-1,-4.E-2,-2.25E0));
#6487=DIRECTION('',(-1.E0,0.E0,0.E0));
#6488=DIRECTION('',(0.E0,0.E0,1.E0));
#6489=AXIS2_PLACEMENT_3D('',#6486,#6487,#6488);
#6490=PLANE('',#6489);
#6491=ORIENTED_EDGE('',*,*,#4862,.T.);
#6492=ORIENTED_EDGE('',*,*,#4622,.T.);
#6493=ORIENTED_EDGE('',*,*,#4294,.T.);
#6495=ORIENTED_EDGE('',*,*,#6494,.F.);
#6497=ORIENTED_EDGE('',*,*,#6496,.F.);
#6498=ORIENTED_EDGE('',*,*,#5324,.T.);
#6499=EDGE_LOOP('',(#6491,#6492,#6493,#6495,#6497,#6498));
#6500=FACE_OUTER_BOUND('',#6499,.F.);
#6502=CARTESIAN_POINT('',(-7.5E-1,-4.E-2,-1.975E0));
#6503=DIRECTION('',(0.E0,1.E0,0.E0));
#6504=DIRECTION('',(1.E0,0.E0,0.E0));
#6505=AXIS2_PLACEMENT_3D('',#6502,#6503,#6504);
#6506=CYLINDRICAL_SURFACE('',#6505,1.25E-1);
#6508=ORIENTED_EDGE('',*,*,#6507,.F.);
#6510=ORIENTED_EDGE('',*,*,#6509,.F.);
#6511=ORIENTED_EDGE('',*,*,#6494,.T.);
#6512=ORIENTED_EDGE('',*,*,#4292,.T.);
#6513=EDGE_LOOP('',(#6508,#6510,#6511,#6512));
#6514=FACE_OUTER_BOUND('',#6513,.F.);
#6516=CARTESIAN_POINT('',(-6.25E-1,-4.E-2,-1.975E0));
#6517=DIRECTION('',(1.E0,0.E0,0.E0));
#6518=DIRECTION('',(0.E0,0.E0,-1.E0));
#6519=AXIS2_PLACEMENT_3D('',#6516,#6517,#6518);
#6520=PLANE('',#6519);
#6521=ORIENTED_EDGE('',*,*,#5200,.T.);
#6522=ORIENTED_EDGE('',*,*,#5328,.T.);
#6524=ORIENTED_EDGE('',*,*,#6523,.F.);
#6525=ORIENTED_EDGE('',*,*,#6507,.T.);
#6526=ORIENTED_EDGE('',*,*,#4290,.F.);
#6527=ORIENTED_EDGE('',*,*,#4636,.T.);
#6528=EDGE_LOOP('',(#6521,#6522,#6524,#6525,#6526,#6527));
#6529=FACE_OUTER_BOUND('',#6528,.F.);
#6531=CARTESIAN_POINT('',(0.E0,1.75E-1,0.E0));
#6532=DIRECTION('',(0.E0,1.E0,0.E0));
#6533=DIRECTION('',(1.E0,0.E0,0.E0));
#6534=AXIS2_PLACEMENT_3D('',#6531,#6532,#6533);
#6535=PLANE('',#6534);
#6536=ORIENTED_EDGE('',*,*,#5326,.F.);
#6537=ORIENTED_EDGE('',*,*,#6496,.T.);
#6538=ORIENTED_EDGE('',*,*,#6509,.T.);
#6539=ORIENTED_EDGE('',*,*,#6523,.T.);
#6540=EDGE_LOOP('',(#6536,#6537,#6538,#6539));
#6541=FACE_OUTER_BOUND('',#6540,.F.);
#6543=CARTESIAN_POINT('',(6.25E-1,-4.E-2,-2.25E0));
#6544=DIRECTION('',(-1.E0,0.E0,0.E0));
#6545=DIRECTION('',(0.E0,0.E0,1.E0));
#6546=AXIS2_PLACEMENT_3D('',#6543,#6544,#6545);
#6547=PLANE('',#6546);
#6548=ORIENTED_EDGE('',*,*,#5173,.T.);
#6549=ORIENTED_EDGE('',*,*,#4593,.T.);
#6550=ORIENTED_EDGE('',*,*,#4394,.T.);
#6552=ORIENTED_EDGE('',*,*,#6551,.F.);
#6554=ORIENTED_EDGE('',*,*,#6553,.F.);
#6555=ORIENTED_EDGE('',*,*,#5345,.T.);
#6556=EDGE_LOOP('',(#6548,#6549,#6550,#6552,#6554,#6555));
#6557=FACE_OUTER_BOUND('',#6556,.F.);
#6559=CARTESIAN_POINT('',(7.5E-1,-4.E-2,-1.975E0));
#6560=DIRECTION('',(0.E0,1.E0,0.E0));
#6561=DIRECTION('',(1.E0,0.E0,0.E0));
#6562=AXIS2_PLACEMENT_3D('',#6559,#6560,#6561);
#6563=CYLINDRICAL_SURFACE('',#6562,1.25E-1);
#6565=ORIENTED_EDGE('',*,*,#6564,.F.);
#6567=ORIENTED_EDGE('',*,*,#6566,.F.);
#6568=ORIENTED_EDGE('',*,*,#6551,.T.);
#6569=ORIENTED_EDGE('',*,*,#4392,.T.);
#6570=EDGE_LOOP('',(#6565,#6567,#6568,#6569));
#6571=FACE_OUTER_BOUND('',#6570,.F.);
#6573=CARTESIAN_POINT('',(8.75E-1,-4.E-2,-1.975E0));
#6574=DIRECTION('',(1.E0,0.E0,0.E0));
#6575=DIRECTION('',(0.E0,0.E0,-1.E0));
#6576=AXIS2_PLACEMENT_3D('',#6573,#6574,#6575);
#6577=PLANE('',#6576);
#6578=ORIENTED_EDGE('',*,*,#5152,.T.);
#6579=ORIENTED_EDGE('',*,*,#5349,.T.);
#6581=ORIENTED_EDGE('',*,*,#6580,.F.);
#6582=ORIENTED_EDGE('',*,*,#6564,.T.);
#6583=ORIENTED_EDGE('',*,*,#4390,.F.);
#6584=ORIENTED_EDGE('',*,*,#4582,.T.);
#6585=EDGE_LOOP('',(#6578,#6579,#6581,#6582,#6583,#6584));
#6586=FACE_OUTER_BOUND('',#6585,.F.);
#6588=CARTESIAN_POINT('',(0.E0,1.75E-1,0.E0));
#6589=DIRECTION('',(0.E0,1.E0,0.E0));
#6590=DIRECTION('',(1.E0,0.E0,0.E0));
#6591=AXIS2_PLACEMENT_3D('',#6588,#6589,#6590);
#6592=PLANE('',#6591);
#6593=ORIENTED_EDGE('',*,*,#6553,.T.);
#6594=ORIENTED_EDGE('',*,*,#6566,.T.);
#6595=ORIENTED_EDGE('',*,*,#6580,.T.);
#6596=ORIENTED_EDGE('',*,*,#5347,.F.);
#6597=EDGE_LOOP('',(#6593,#6594,#6595,#6596));
#6598=FACE_OUTER_BOUND('',#6597,.F.);
#6600=CARTESIAN_POINT('',(-1.475E0,-4.E-2,1.875E0));
#6601=DIRECTION('',(0.E0,0.E0,-1.E0));
#6602=DIRECTION('',(-1.E0,0.E0,0.E0));
#6603=AXIS2_PLACEMENT_3D('',#6600,#6601,#6602);
#6604=PLANE('',#6603);
#6605=ORIENTED_EDGE('',*,*,#4563,.T.);
#6606=ORIENTED_EDGE('',*,*,#4262,.T.);
#6608=ORIENTED_EDGE('',*,*,#6607,.T.);
#6610=ORIENTED_EDGE('',*,*,#6609,.T.);
#6611=ORIENTED_EDGE('',*,*,#5255,.T.);
#6612=ORIENTED_EDGE('',*,*,#4985,.F.);
#6613=EDGE_LOOP('',(#6605,#6606,#6608,#6610,#6611,#6612));
#6614=FACE_OUTER_BOUND('',#6613,.F.);
#6616=CARTESIAN_POINT('',(-1.475E0,-4.E-2,1.75E0));
#6617=DIRECTION('',(0.E0,-1.E0,0.E0));
#6618=DIRECTION('',(-1.E0,0.E0,0.E0));
#6619=AXIS2_PLACEMENT_3D('',#6616,#6617,#6618);
#6620=CYLINDRICAL_SURFACE('',#6619,1.25E-1);
#6622=ORIENTED_EDGE('',*,*,#6621,.T.);
#6624=ORIENTED_EDGE('',*,*,#6623,.T.);
#6625=ORIENTED_EDGE('',*,*,#6607,.F.);
#6626=ORIENTED_EDGE('',*,*,#4260,.F.);
#6627=EDGE_LOOP('',(#6622,#6624,#6625,#6626));
#6628=FACE_OUTER_BOUND('',#6627,.F.);
#6630=CARTESIAN_POINT('',(-1.75E0,-4.E-2,1.625E0));
#6631=DIRECTION('',(0.E0,0.E0,1.E0));
#6632=DIRECTION('',(1.E0,0.E0,0.E0));
#6633=AXIS2_PLACEMENT_3D('',#6630,#6631,#6632);
#6634=PLANE('',#6633);
#6635=ORIENTED_EDGE('',*,*,#4552,.T.);
#6636=ORIENTED_EDGE('',*,*,#4966,.F.);
#6637=ORIENTED_EDGE('',*,*,#5259,.T.);
#6639=ORIENTED_EDGE('',*,*,#6638,.T.);
#6640=ORIENTED_EDGE('',*,*,#6621,.F.);
#6641=ORIENTED_EDGE('',*,*,#4258,.F.);
#6642=EDGE_LOOP('',(#6635,#6636,#6637,#6639,#6640,#6641));
#6643=FACE_OUTER_BOUND('',#6642,.F.);
#6645=CARTESIAN_POINT('',(0.E0,1.75E-1,0.E0));
#6646=DIRECTION('',(0.E0,-1.E0,0.E0));
#6647=DIRECTION('',(-1.E0,0.E0,0.E0));
#6648=AXIS2_PLACEMENT_3D('',#6645,#6646,#6647);
#6649=PLANE('',#6648);
#6650=ORIENTED_EDGE('',*,*,#5257,.F.);
#6651=ORIENTED_EDGE('',*,*,#6609,.F.);
#6652=ORIENTED_EDGE('',*,*,#6623,.F.);
#6653=ORIENTED_EDGE('',*,*,#6638,.F.);
#6654=EDGE_LOOP('',(#6650,#6651,#6652,#6653));
#6655=FACE_OUTER_BOUND('',#6654,.F.);
#6657=CARTESIAN_POINT('',(-1.475E0,-4.E-2,1.375E0));
#6658=DIRECTION('',(0.E0,0.E0,-1.E0));
#6659=DIRECTION('',(-1.E0,0.E0,0.E0));
#6660=AXIS2_PLACEMENT_3D('',#6657,#6658,#6659);
#6661=PLANE('',#6660);
#6662=ORIENTED_EDGE('',*,*,#4548,.T.);
#6663=ORIENTED_EDGE('',*,*,#4254,.T.);
#6665=ORIENTED_EDGE('',*,*,#6664,.T.);
#6667=ORIENTED_EDGE('',*,*,#6666,.T.);
#6668=ORIENTED_EDGE('',*,*,#5262,.T.);
#6669=ORIENTED_EDGE('',*,*,#4969,.F.);
#6670=EDGE_LOOP('',(#6662,#6663,#6665,#6667,#6668,#6669));
#6671=FACE_OUTER_BOUND('',#6670,.F.);
#6673=CARTESIAN_POINT('',(-1.475E0,-4.E-2,1.25E0));
#6674=DIRECTION('',(0.E0,-1.E0,0.E0));
#6675=DIRECTION('',(-1.E0,0.E0,0.E0));
#6676=AXIS2_PLACEMENT_3D('',#6673,#6674,#6675);
#6677=CYLINDRICAL_SURFACE('',#6676,1.25E-1);
#6679=ORIENTED_EDGE('',*,*,#6678,.T.);
#6681=ORIENTED_EDGE('',*,*,#6680,.T.);
#6682=ORIENTED_EDGE('',*,*,#6664,.F.);
#6683=ORIENTED_EDGE('',*,*,#4252,.F.);
#6684=EDGE_LOOP('',(#6679,#6681,#6682,#6683));
#6685=FACE_OUTER_BOUND('',#6684,.F.);
#6687=CARTESIAN_POINT('',(-1.75E0,-4.E-2,1.125E0));
#6688=DIRECTION('',(0.E0,0.E0,1.E0));
#6689=DIRECTION('',(1.E0,0.E0,0.E0));
#6690=AXIS2_PLACEMENT_3D('',#6687,#6688,#6689);
#6691=PLANE('',#6690);
#6692=ORIENTED_EDGE('',*,*,#4537,.T.);
#6693=ORIENTED_EDGE('',*,*,#4951,.F.);
#6694=ORIENTED_EDGE('',*,*,#5266,.T.);
#6696=ORIENTED_EDGE('',*,*,#6695,.T.);
#6697=ORIENTED_EDGE('',*,*,#6678,.F.);
#6698=ORIENTED_EDGE('',*,*,#4250,.F.);
#6699=EDGE_LOOP('',(#6692,#6693,#6694,#6696,#6697,#6698));
#6700=FACE_OUTER_BOUND('',#6699,.F.);
#6702=CARTESIAN_POINT('',(0.E0,1.75E-1,0.E0));
#6703=DIRECTION('',(0.E0,-1.E0,0.E0));
#6704=DIRECTION('',(-1.E0,0.E0,0.E0));
#6705=AXIS2_PLACEMENT_3D('',#6702,#6703,#6704);
#6706=PLANE('',#6705);
#6707=ORIENTED_EDGE('',*,*,#5264,.F.);
#6708=ORIENTED_EDGE('',*,*,#6666,.F.);
#6709=ORIENTED_EDGE('',*,*,#6680,.F.);
#6710=ORIENTED_EDGE('',*,*,#6695,.F.);
#6711=EDGE_LOOP('',(#6707,#6708,#6709,#6710));
#6712=FACE_OUTER_BOUND('',#6711,.F.);
#6714=CARTESIAN_POINT('',(-1.475E0,-4.E-2,8.75E-1));
#6715=DIRECTION('',(0.E0,0.E0,-1.E0));
#6716=DIRECTION('',(-1.E0,0.E0,0.E0));
#6717=AXIS2_PLACEMENT_3D('',#6714,#6715,#6716);
#6718=PLANE('',#6717);
#6719=ORIENTED_EDGE('',*,*,#4533,.T.);
#6720=ORIENTED_EDGE('',*,*,#4246,.T.);
#6722=ORIENTED_EDGE('',*,*,#6721,.T.);
#6724=ORIENTED_EDGE('',*,*,#6723,.T.);
#6725=ORIENTED_EDGE('',*,*,#5269,.T.);
#6726=ORIENTED_EDGE('',*,*,#4954,.F.);
#6727=EDGE_LOOP('',(#6719,#6720,#6722,#6724,#6725,#6726));
#6728=FACE_OUTER_BOUND('',#6727,.F.);
#6730=CARTESIAN_POINT('',(-1.475E0,-4.E-2,7.5E-1));
#6731=DIRECTION('',(0.E0,-1.E0,0.E0));
#6732=DIRECTION('',(-1.E0,0.E0,0.E0));
#6733=AXIS2_PLACEMENT_3D('',#6730,#6731,#6732);
#6734=CYLINDRICAL_SURFACE('',#6733,1.25E-1);
#6736=ORIENTED_EDGE('',*,*,#6735,.T.);
#6738=ORIENTED_EDGE('',*,*,#6737,.T.);
#6739=ORIENTED_EDGE('',*,*,#6721,.F.);
#6740=ORIENTED_EDGE('',*,*,#4244,.F.);
#6741=EDGE_LOOP('',(#6736,#6738,#6739,#6740));
#6742=FACE_OUTER_BOUND('',#6741,.F.);
#6744=CARTESIAN_POINT('',(-1.75E0,-4.E-2,6.25E-1));
#6745=DIRECTION('',(0.E0,0.E0,1.E0));
#6746=DIRECTION('',(1.E0,0.E0,0.E0));
#6747=AXIS2_PLACEMENT_3D('',#6744,#6745,#6746);
#6748=PLANE('',#6747);
#6749=ORIENTED_EDGE('',*,*,#4522,.T.);
#6750=ORIENTED_EDGE('',*,*,#4936,.F.);
#6751=ORIENTED_EDGE('',*,*,#5273,.T.);
#6753=ORIENTED_EDGE('',*,*,#6752,.T.);
#6754=ORIENTED_EDGE('',*,*,#6735,.F.);
#6755=ORIENTED_EDGE('',*,*,#4242,.F.);
#6756=EDGE_LOOP('',(#6749,#6750,#6751,#6753,#6754,#6755));
#6757=FACE_OUTER_BOUND('',#6756,.F.);
#6759=CARTESIAN_POINT('',(0.E0,1.75E-1,0.E0));
#6760=DIRECTION('',(0.E0,-1.E0,0.E0));
#6761=DIRECTION('',(-1.E0,0.E0,0.E0));
#6762=AXIS2_PLACEMENT_3D('',#6759,#6760,#6761);
#6763=PLANE('',#6762);
#6764=ORIENTED_EDGE('',*,*,#5271,.F.);
#6765=ORIENTED_EDGE('',*,*,#6723,.F.);
#6766=ORIENTED_EDGE('',*,*,#6737,.F.);
#6767=ORIENTED_EDGE('',*,*,#6752,.F.);
#6768=EDGE_LOOP('',(#6764,#6765,#6766,#6767));
#6769=FACE_OUTER_BOUND('',#6768,.F.);
#6771=CARTESIAN_POINT('',(-1.475E0,-4.E-2,3.75E-1));
#6772=DIRECTION('',(0.E0,0.E0,-1.E0));
#6773=DIRECTION('',(-1.E0,0.E0,0.E0));
#6774=AXIS2_PLACEMENT_3D('',#6771,#6772,#6773);
#6775=PLANE('',#6774);
#6776=ORIENTED_EDGE('',*,*,#4518,.T.);
#6777=ORIENTED_EDGE('',*,*,#4238,.T.);
#6779=ORIENTED_EDGE('',*,*,#6778,.T.);
#6781=ORIENTED_EDGE('',*,*,#6780,.T.);
#6782=ORIENTED_EDGE('',*,*,#5276,.T.);
#6783=ORIENTED_EDGE('',*,*,#4939,.F.);
#6784=EDGE_LOOP('',(#6776,#6777,#6779,#6781,#6782,#6783));
#6785=FACE_OUTER_BOUND('',#6784,.F.);
#6787=CARTESIAN_POINT('',(-1.475E0,-4.E-2,2.5E-1));
#6788=DIRECTION('',(0.E0,-1.E0,0.E0));
#6789=DIRECTION('',(-1.E0,0.E0,0.E0));
#6790=AXIS2_PLACEMENT_3D('',#6787,#6788,#6789);
#6791=CYLINDRICAL_SURFACE('',#6790,1.25E-1);
#6793=ORIENTED_EDGE('',*,*,#6792,.T.);
#6795=ORIENTED_EDGE('',*,*,#6794,.T.);
#6796=ORIENTED_EDGE('',*,*,#6778,.F.);
#6797=ORIENTED_EDGE('',*,*,#4236,.F.);
#6798=EDGE_LOOP('',(#6793,#6795,#6796,#6797));
#6799=FACE_OUTER_BOUND('',#6798,.F.);
#6801=CARTESIAN_POINT('',(-1.75E0,-4.E-2,1.25E-1));
#6802=DIRECTION('',(0.E0,0.E0,1.E0));
#6803=DIRECTION('',(1.E0,0.E0,0.E0));
#6804=AXIS2_PLACEMENT_3D('',#6801,#6802,#6803);
#6805=PLANE('',#6804);
#6806=ORIENTED_EDGE('',*,*,#4507,.T.);
#6807=ORIENTED_EDGE('',*,*,#4921,.F.);
#6808=ORIENTED_EDGE('',*,*,#5280,.T.);
#6810=ORIENTED_EDGE('',*,*,#6809,.T.);
#6811=ORIENTED_EDGE('',*,*,#6792,.F.);
#6812=ORIENTED_EDGE('',*,*,#4234,.F.);
#6813=EDGE_LOOP('',(#6806,#6807,#6808,#6810,#6811,#6812));
#6814=FACE_OUTER_BOUND('',#6813,.F.);
#6816=CARTESIAN_POINT('',(0.E0,1.75E-1,0.E0));
#6817=DIRECTION('',(0.E0,-1.E0,0.E0));
#6818=DIRECTION('',(-1.E0,0.E0,0.E0));
#6819=AXIS2_PLACEMENT_3D('',#6816,#6817,#6818);
#6820=PLANE('',#6819);
#6821=ORIENTED_EDGE('',*,*,#6809,.F.);
#6822=ORIENTED_EDGE('',*,*,#5278,.F.);
#6823=ORIENTED_EDGE('',*,*,#6780,.F.);
#6824=ORIENTED_EDGE('',*,*,#6794,.F.);
#6825=EDGE_LOOP('',(#6821,#6822,#6823,#6824));
#6826=FACE_OUTER_BOUND('',#6825,.F.);
#6828=CARTESIAN_POINT('',(-1.475E0,-4.E-2,-1.25E-1));
#6829=DIRECTION('',(0.E0,0.E0,-1.E0));
#6830=DIRECTION('',(-1.E0,0.E0,0.E0));
#6831=AXIS2_PLACEMENT_3D('',#6828,#6829,#6830);
#6832=PLANE('',#6831);
#6833=ORIENTED_EDGE('',*,*,#4503,.T.);
#6834=ORIENTED_EDGE('',*,*,#4230,.T.);
#6836=ORIENTED_EDGE('',*,*,#6835,.T.);
#6838=ORIENTED_EDGE('',*,*,#6837,.T.);
#6839=ORIENTED_EDGE('',*,*,#5283,.T.);
#6840=ORIENTED_EDGE('',*,*,#4924,.F.);
#6841=EDGE_LOOP('',(#6833,#6834,#6836,#6838,#6839,#6840));
#6842=FACE_OUTER_BOUND('',#6841,.F.);
#6844=CARTESIAN_POINT('',(-1.475E0,-4.E-2,-2.5E-1));
#6845=DIRECTION('',(0.E0,-1.E0,0.E0));
#6846=DIRECTION('',(-1.E0,0.E0,0.E0));
#6847=AXIS2_PLACEMENT_3D('',#6844,#6845,#6846);
#6848=CYLINDRICAL_SURFACE('',#6847,1.25E-1);
#6850=ORIENTED_EDGE('',*,*,#6849,.T.);
#6852=ORIENTED_EDGE('',*,*,#6851,.T.);
#6853=ORIENTED_EDGE('',*,*,#6835,.F.);
#6854=ORIENTED_EDGE('',*,*,#4228,.F.);
#6855=EDGE_LOOP('',(#6850,#6852,#6853,#6854));
#6856=FACE_OUTER_BOUND('',#6855,.F.);
#6858=CARTESIAN_POINT('',(-1.75E0,-4.E-2,-3.75E-1));
#6859=DIRECTION('',(0.E0,0.E0,1.E0));
#6860=DIRECTION('',(1.E0,0.E0,0.E0));
#6861=AXIS2_PLACEMENT_3D('',#6858,#6859,#6860);
#6862=PLANE('',#6861);
#6863=ORIENTED_EDGE('',*,*,#4492,.T.);
#6864=ORIENTED_EDGE('',*,*,#4906,.F.);
#6865=ORIENTED_EDGE('',*,*,#5287,.T.);
#6867=ORIENTED_EDGE('',*,*,#6866,.T.);
#6868=ORIENTED_EDGE('',*,*,#6849,.F.);
#6869=ORIENTED_EDGE('',*,*,#4226,.F.);
#6870=EDGE_LOOP('',(#6863,#6864,#6865,#6867,#6868,#6869));
#6871=FACE_OUTER_BOUND('',#6870,.F.);
#6873=CARTESIAN_POINT('',(0.E0,1.75E-1,0.E0));
#6874=DIRECTION('',(0.E0,-1.E0,0.E0));
#6875=DIRECTION('',(-1.E0,0.E0,0.E0));
#6876=AXIS2_PLACEMENT_3D('',#6873,#6874,#6875);
#6877=PLANE('',#6876);
#6878=ORIENTED_EDGE('',*,*,#5285,.F.);
#6879=ORIENTED_EDGE('',*,*,#6837,.F.);
#6880=ORIENTED_EDGE('',*,*,#6851,.F.);
#6881=ORIENTED_EDGE('',*,*,#6866,.F.);
#6882=EDGE_LOOP('',(#6878,#6879,#6880,#6881));
#6883=FACE_OUTER_BOUND('',#6882,.F.);
#6885=CARTESIAN_POINT('',(-1.475E0,-4.E-2,-6.25E-1));
#6886=DIRECTION('',(0.E0,0.E0,-1.E0));
#6887=DIRECTION('',(-1.E0,0.E0,0.E0));
#6888=AXIS2_PLACEMENT_3D('',#6885,#6886,#6887);
#6889=PLANE('',#6888);
#6890=ORIENTED_EDGE('',*,*,#4488,.T.);
#6891=ORIENTED_EDGE('',*,*,#4222,.T.);
#6893=ORIENTED_EDGE('',*,*,#6892,.T.);
#6895=ORIENTED_EDGE('',*,*,#6894,.T.);
#6896=ORIENTED_EDGE('',*,*,#5290,.T.);
#6897=ORIENTED_EDGE('',*,*,#4909,.F.);
#6898=EDGE_LOOP('',(#6890,#6891,#6893,#6895,#6896,#6897));
#6899=FACE_OUTER_BOUND('',#6898,.F.);
#6901=CARTESIAN_POINT('',(-1.475E0,-4.E-2,-7.5E-1));
#6902=DIRECTION('',(0.E0,-1.E0,0.E0));
#6903=DIRECTION('',(-1.E0,0.E0,0.E0));
#6904=AXIS2_PLACEMENT_3D('',#6901,#6902,#6903);
#6905=CYLINDRICAL_SURFACE('',#6904,1.25E-1);
#6907=ORIENTED_EDGE('',*,*,#6906,.T.);
#6909=ORIENTED_EDGE('',*,*,#6908,.T.);
#6910=ORIENTED_EDGE('',*,*,#6892,.F.);
#6911=ORIENTED_EDGE('',*,*,#4220,.F.);
#6912=EDGE_LOOP('',(#6907,#6909,#6910,#6911));
#6913=FACE_OUTER_BOUND('',#6912,.F.);
#6915=CARTESIAN_POINT('',(-1.75E0,-4.E-2,-8.75E-1));
#6916=DIRECTION('',(0.E0,0.E0,1.E0));
#6917=DIRECTION('',(1.E0,0.E0,0.E0));
#6918=AXIS2_PLACEMENT_3D('',#6915,#6916,#6917);
#6919=PLANE('',#6918);
#6920=ORIENTED_EDGE('',*,*,#4477,.T.);
#6921=ORIENTED_EDGE('',*,*,#4891,.F.);
#6922=ORIENTED_EDGE('',*,*,#5294,.T.);
#6924=ORIENTED_EDGE('',*,*,#6923,.T.);
#6925=ORIENTED_EDGE('',*,*,#6906,.F.);
#6926=ORIENTED_EDGE('',*,*,#4218,.F.);
#6927=EDGE_LOOP('',(#6920,#6921,#6922,#6924,#6925,#6926));
#6928=FACE_OUTER_BOUND('',#6927,.F.);
#6930=CARTESIAN_POINT('',(0.E0,1.75E-1,0.E0));
#6931=DIRECTION('',(0.E0,-1.E0,0.E0));
#6932=DIRECTION('',(-1.E0,0.E0,0.E0));
#6933=AXIS2_PLACEMENT_3D('',#6930,#6931,#6932);
#6934=PLANE('',#6933);
#6935=ORIENTED_EDGE('',*,*,#5292,.F.);
#6936=ORIENTED_EDGE('',*,*,#6894,.F.);
#6937=ORIENTED_EDGE('',*,*,#6908,.F.);
#6938=ORIENTED_EDGE('',*,*,#6923,.F.);
#6939=EDGE_LOOP('',(#6935,#6936,#6937,#6938));
#6940=FACE_OUTER_BOUND('',#6939,.F.);
#6942=CARTESIAN_POINT('',(-1.475E0,-4.E-2,-1.125E0));
#6943=DIRECTION('',(0.E0,0.E0,-1.E0));
#6944=DIRECTION('',(-1.E0,0.E0,0.E0));
#6945=AXIS2_PLACEMENT_3D('',#6942,#6943,#6944);
#6946=PLANE('',#6945);
#6947=ORIENTED_EDGE('',*,*,#4473,.T.);
#6948=ORIENTED_EDGE('',*,*,#4214,.T.);
#6950=ORIENTED_EDGE('',*,*,#6949,.T.);
#6952=ORIENTED_EDGE('',*,*,#6951,.T.);
#6953=ORIENTED_EDGE('',*,*,#5297,.T.);
#6954=ORIENTED_EDGE('',*,*,#4894,.F.);
#6955=EDGE_LOOP('',(#6947,#6948,#6950,#6952,#6953,#6954));
#6956=FACE_OUTER_BOUND('',#6955,.F.);
#6958=CARTESIAN_POINT('',(-1.475E0,-4.E-2,-1.25E0));
#6959=DIRECTION('',(0.E0,-1.E0,0.E0));
#6960=DIRECTION('',(-1.E0,0.E0,0.E0));
#6961=AXIS2_PLACEMENT_3D('',#6958,#6959,#6960);
#6962=CYLINDRICAL_SURFACE('',#6961,1.25E-1);
#6964=ORIENTED_EDGE('',*,*,#6963,.T.);
#6966=ORIENTED_EDGE('',*,*,#6965,.T.);
#6967=ORIENTED_EDGE('',*,*,#6949,.F.);
#6968=ORIENTED_EDGE('',*,*,#4212,.F.);
#6969=EDGE_LOOP('',(#6964,#6966,#6967,#6968));
#6970=FACE_OUTER_BOUND('',#6969,.F.);
#6972=CARTESIAN_POINT('',(-1.75E0,-4.E-2,-1.375E0));
#6973=DIRECTION('',(0.E0,0.E0,1.E0));
#6974=DIRECTION('',(1.E0,0.E0,0.E0));
#6975=AXIS2_PLACEMENT_3D('',#6972,#6973,#6974);
#6976=PLANE('',#6975);
#6977=ORIENTED_EDGE('',*,*,#4462,.T.);
#6978=ORIENTED_EDGE('',*,*,#4876,.F.);
#6979=ORIENTED_EDGE('',*,*,#5301,.T.);
#6981=ORIENTED_EDGE('',*,*,#6980,.T.);
#6982=ORIENTED_EDGE('',*,*,#6963,.F.);
#6983=ORIENTED_EDGE('',*,*,#4210,.F.);
#6984=EDGE_LOOP('',(#6977,#6978,#6979,#6981,#6982,#6983));
#6985=FACE_OUTER_BOUND('',#6984,.F.);
#6987=CARTESIAN_POINT('',(0.E0,1.75E-1,0.E0));
#6988=DIRECTION('',(0.E0,-1.E0,0.E0));
#6989=DIRECTION('',(-1.E0,0.E0,0.E0));
#6990=AXIS2_PLACEMENT_3D('',#6987,#6988,#6989);
#6991=PLANE('',#6990);
#6992=ORIENTED_EDGE('',*,*,#5299,.F.);
#6993=ORIENTED_EDGE('',*,*,#6951,.F.);
#6994=ORIENTED_EDGE('',*,*,#6965,.F.);
#6995=ORIENTED_EDGE('',*,*,#6980,.F.);
#6996=EDGE_LOOP('',(#6992,#6993,#6994,#6995));
#6997=FACE_OUTER_BOUND('',#6996,.F.);
#6999=CARTESIAN_POINT('',(-1.475E0,-4.E-2,-1.625E0));
#7000=DIRECTION('',(0.E0,0.E0,-1.E0));
#7001=DIRECTION('',(-1.E0,0.E0,0.E0));
#7002=AXIS2_PLACEMENT_3D('',#6999,#7000,#7001);
#7003=PLANE('',#7002);
#7004=ORIENTED_EDGE('',*,*,#4458,.T.);
#7005=ORIENTED_EDGE('',*,*,#4206,.T.);
#7007=ORIENTED_EDGE('',*,*,#7006,.T.);
#7009=ORIENTED_EDGE('',*,*,#7008,.T.);
#7010=ORIENTED_EDGE('',*,*,#5304,.T.);
#7011=ORIENTED_EDGE('',*,*,#4879,.F.);
#7012=EDGE_LOOP('',(#7004,#7005,#7007,#7009,#7010,#7011));
#7013=FACE_OUTER_BOUND('',#7012,.F.);
#7015=CARTESIAN_POINT('',(-1.475E0,-4.E-2,-1.75E0));
#7016=DIRECTION('',(0.E0,-1.E0,0.E0));
#7017=DIRECTION('',(-1.E0,0.E0,0.E0));
#7018=AXIS2_PLACEMENT_3D('',#7015,#7016,#7017);
#7019=CYLINDRICAL_SURFACE('',#7018,1.25E-1);
#7020=ORIENTED_EDGE('',*,*,#5236,.T.);
#7022=ORIENTED_EDGE('',*,*,#7021,.T.);
#7023=ORIENTED_EDGE('',*,*,#7006,.F.);
#7024=ORIENTED_EDGE('',*,*,#4204,.F.);
#7025=EDGE_LOOP('',(#7020,#7022,#7023,#7024));
#7026=FACE_OUTER_BOUND('',#7025,.F.);
#7028=CARTESIAN_POINT('',(0.E0,1.75E-1,0.E0));
#7029=DIRECTION('',(0.E0,-1.E0,0.E0));
#7030=DIRECTION('',(-1.E0,0.E0,0.E0));
#7031=AXIS2_PLACEMENT_3D('',#7028,#7029,#7030);
#7032=PLANE('',#7031);
#7033=ORIENTED_EDGE('',*,*,#5306,.F.);
#7034=ORIENTED_EDGE('',*,*,#7008,.F.);
#7035=ORIENTED_EDGE('',*,*,#7021,.F.);
#7036=ORIENTED_EDGE('',*,*,#5234,.F.);
#7037=EDGE_LOOP('',(#7033,#7034,#7035,#7036));
#7038=FACE_OUTER_BOUND('',#7037,.F.);
#7040=CLOSED_SHELL('',(#4300,#4316,#4420,#4436,#4451,#4466,#4481,#4496,#4511,
#4526,#4541,#4556,#4571,#4586,#4601,#4616,#4630,#4645,#4660,#4675,#4690,#4705,
#4720,#4735,#4750,#4765,#4779,#4793,#4808,#4823,#4838,#4852,#4870,#4885,#4900,
#4915,#4930,#4945,#4960,#4975,#4993,#5008,#5023,#5041,#5056,#5071,#5086,#5101,
#5116,#5131,#5146,#5164,#5179,#5194,#5209,#5224,#5241,#5311,#5353,#5423,#5464,
#5476,#5492,#5506,#5521,#5533,#5553,#5567,#5582,#5596,#5611,#5625,#5639,#5652,
#5674,#5706,#5733,#5747,#5764,#5804,#5819,#5832,#5846,#5859,#5873,#5886,#5898,
#5914,#5930,#5945,#5958,#5972,#5988,#6002,#6017,#6029,#6045,#6059,#6074,#6086,
#6102,#6116,#6131,#6143,#6159,#6173,#6188,#6200,#6216,#6230,#6245,#6257,#6273,
#6287,#6302,#6314,#6330,#6344,#6359,#6371,#6387,#6401,#6416,#6428,#6444,#6458,
#6473,#6485,#6501,#6515,#6530,#6542,#6558,#6572,#6587,#6599,#6615,#6629,#6644,
#6656,#6672,#6686,#6701,#6713,#6729,#6743,#6758,#6770,#6786,#6800,#6815,#6827,
#6843,#6857,#6872,#6884,#6900,#6914,#6929,#6941,#6957,#6971,#6986,#6998,#7014,
#7027,#7039));
#7041=MANIFOLD_SOLID_BREP('',#7040);
#7042=FILL_AREA_STYLE_COLOUR('',#6);
#7043=FILL_AREA_STYLE('',(#7042));
#7044=SURFACE_STYLE_FILL_AREA(#7043);
#7045=SURFACE_SIDE_STYLE('',(#7044));
#7046=SURFACE_STYLE_USAGE(.BOTH.,#7045);
#7047=PRESENTATION_STYLE_ASSIGNMENT((#7046));
#28=STYLED_ITEM('',(#7047),#7041);
#7050=PLANE_ANGLE_MEASURE_WITH_UNIT(PLANE_ANGLE_MEASURE(1.745329251994E-2),
#7049);
#7051=(CONVERSION_BASED_UNIT('DEGREE',#7050)NAMED_UNIT(*)PLANE_ANGLE_UNIT());
#7053=UNCERTAINTY_MEASURE_WITH_UNIT(LENGTH_MEASURE(6.270713999452E-4),#7048,
'distance_accuracy_value',
'Maximum model space distance between geometric entities at asserted connectivities');
#7055=CARTESIAN_POINT('',(0.E0,0.E0,0.E0));
#7056=DIRECTION('',(0.E0,0.E0,1.E0));
#7057=DIRECTION('',(1.E0,0.E0,0.E0));
#7060=APPLICATION_CONTEXT('automotive_design');
#7061=APPLICATION_PROTOCOL_DEFINITION('international standard',
'automotive_design',2001,#7060);
#7062=PRODUCT_DEFINITION_CONTEXT('part definition',#7060,'design');
#7063=PRODUCT_CONTEXT('',#7060,'mechanical');
#7064=PRODUCT('BODY-QFN_AF0','BODY-QFN_AF0','NOT SPECIFIED',(#7063));
#7065=PRODUCT_DEFINITION_FORMATION('111','LAST_VERSION',#7064);
#7073=DERIVED_UNIT_ELEMENT(#7072,2.E0);
#7074=DERIVED_UNIT((#7073));
#7075=MEASURE_REPRESENTATION_ITEM('surface area measure',AREA_MEASURE(
5.351064527034E1),#7074);
#7080=DERIVED_UNIT_ELEMENT(#7079,3.E0);
#7081=DERIVED_UNIT((#7080));
#7082=MEASURE_REPRESENTATION_ITEM('volume measure',VOLUME_MEASURE(
1.349559704763E1),#7081);
#7086=CARTESIAN_POINT('centre point',(-2.677750411418E-4,5.425209718772E-1,
-4.039464366384E-4));
#7091=DERIVED_UNIT_ELEMENT(#7090,2.E0);
#7092=DERIVED_UNIT((#7091));
#7093=MEASURE_REPRESENTATION_ITEM('surface area measure',AREA_MEASURE(
5.351064527034E1),#7092);
#7098=DERIVED_UNIT_ELEMENT(#7097,3.E0);
#7099=DERIVED_UNIT((#7098));
#7100=MEASURE_REPRESENTATION_ITEM('volume measure',VOLUME_MEASURE(
1.349559704763E1),#7099);
#7104=CARTESIAN_POINT('centre point',(-2.677750411418E-4,5.425209718772E-1,
-4.039464366384E-4));
#7114=CARTESIAN_POINT('centre point',(-2.677750411418E-4,4.039464366384E-4,
5.675209718772E-1));
#7118=CARTESIAN_POINT('',(0.E0,0.E0,2.5E-2));
#7119=DIRECTION('',(0.E0,-1.E0,0.E0));
#7120=DIRECTION('',(1.E0,0.E0,0.E0));
#7121=AXIS2_PLACEMENT_3D('',#7118,#7119,#7120);
#7122=ITEM_DEFINED_TRANSFORMATION('','',#7058,#7121);
#7123=(REPRESENTATION_RELATIONSHIP('','',#7059,#7111)REPRESENTATION_RELATIONSHIP_WITH_TRANSFORMATION(#7122)SHAPE_REPRESENTATION_RELATIONSHIP());
#7124=CONTEXT_DEPENDENT_SHAPE_REPRESENTATION(#7123,#7113);
#7126=DIRECTION('',(0.E0,0.E0,1.E0));
#7127=VECTOR('',#7126,5.E-2);
#7128=CARTESIAN_POINT('',(1.25E-1,1.E-1,-2.25E0));
#7129=LINE('',#7128,#7127);
#7130=CURVE_STYLE('',#33,POSITIVE_LENGTH_MEASURE(2.E-2),#18);
#7131=PRESENTATION_STYLE_ASSIGNMENT((#7130));
#7132=STYLED_ITEM('',(#7131),#7129);
#7133=DIRECTION('',(0.E0,1.E0,0.E0));
#7134=VECTOR('',#7133,1.E-1);
#7135=CARTESIAN_POINT('',(1.25E-1,1.E-1,-2.25E0));
#7136=LINE('',#7135,#7134);
#7137=CURVE_STYLE('',#33,POSITIVE_LENGTH_MEASURE(2.E-2),#18);
#7138=PRESENTATION_STYLE_ASSIGNMENT((#7137));
#7139=STYLED_ITEM('',(#7138),#7136);
#7140=DIRECTION('',(0.E0,1.E0,0.E0));
#7141=VECTOR('',#7140,1.E-1);
#7142=CARTESIAN_POINT('',(1.25E-1,0.E0,-2.2E0));
#7143=LINE('',#7142,#7141);
#7144=CURVE_STYLE('',#33,POSITIVE_LENGTH_MEASURE(2.E-2),#18);
#7145=PRESENTATION_STYLE_ASSIGNMENT((#7144));
#7146=STYLED_ITEM('',(#7145),#7143);
#7147=DIRECTION('',(-1.E0,0.E0,0.E0));
#7148=VECTOR('',#7147,2.5E-1);
#7149=CARTESIAN_POINT('',(-1.25E-1,1.E-1,-2.2E0));
#7150=LINE('',#7149,#7148);
#7151=CURVE_STYLE('',#33,POSITIVE_LENGTH_MEASURE(2.E-2),#18);
#7152=PRESENTATION_STYLE_ASSIGNMENT((#7151));
#7153=STYLED_ITEM('',(#7152),#7150);
#7154=DIRECTION('',(-1.E0,0.E0,0.E0));
#7155=VECTOR('',#7154,2.5E-1);
#7156=CARTESIAN_POINT('',(3.75E-1,1.E-1,-2.2E0));
#7157=LINE('',#7156,#7155);
#7158=CURVE_STYLE('',#33,POSITIVE_LENGTH_MEASURE(2.E-2),#18);
#7159=PRESENTATION_STYLE_ASSIGNMENT((#7158));
#7160=STYLED_ITEM('',(#7159),#7157);
#7161=DIRECTION('',(1.E0,0.E0,0.E0));
#7162=VECTOR('',#7161,2.5E-1);
#7163=CARTESIAN_POINT('',(-3.75E-1,1.E-1,2.2E0));
#7164=LINE('',#7163,#7162);
#7165=CURVE_STYLE('',#33,POSITIVE_LENGTH_MEASURE(2.E-2),#18);
#7166=PRESENTATION_STYLE_ASSIGNMENT((#7165));
#7167=STYLED_ITEM('',(#7166),#7164);
#7168=DIRECTION('',(1.E0,0.E0,0.E0));
#7169=VECTOR('',#7168,2.5E-1);
#7170=CARTESIAN_POINT('',(1.25E-1,1.E-1,2.2E0));
#7171=LINE('',#7170,#7169);
#7172=CURVE_STYLE('',#33,POSITIVE_LENGTH_MEASURE(2.E-2),#18);
#7173=PRESENTATION_STYLE_ASSIGNMENT((#7172));
#7174=STYLED_ITEM('',(#7173),#7171);
#7175=DIRECTION('',(0.E0,0.E0,1.E0));
#7176=VECTOR('',#7175,5.E-2);
#7177=CARTESIAN_POINT('',(-3.75E-1,1.E-1,-2.25E0));
#7178=LINE('',#7177,#7176);
#7179=CURVE_STYLE('',#33,POSITIVE_LENGTH_MEASURE(2.E-2),#18);
#7180=PRESENTATION_STYLE_ASSIGNMENT((#7179));
#7181=STYLED_ITEM('',(#7180),#7178);
#7182=DIRECTION('',(0.E0,1.E0,0.E0));
#7183=VECTOR('',#7182,1.E-1);
#7184=CARTESIAN_POINT('',(-3.75E-1,1.E-1,-2.25E0));
#7185=LINE('',#7184,#7183);
#7186=CURVE_STYLE('',#33,POSITIVE_LENGTH_MEASURE(2.E-2),#18);
#7187=PRESENTATION_STYLE_ASSIGNMENT((#7186));
#7188=STYLED_ITEM('',(#7187),#7185);
#7189=DIRECTION('',(0.E0,1.E0,0.E0));
#7190=VECTOR('',#7189,1.E-1);
#7191=CARTESIAN_POINT('',(-3.75E-1,0.E0,-2.2E0));
#7192=LINE('',#7191,#7190);
#7193=CURVE_STYLE('',#33,POSITIVE_LENGTH_MEASURE(2.E-2),#18);
#7194=PRESENTATION_STYLE_ASSIGNMENT((#7193));
#7195=STYLED_ITEM('',(#7194),#7192);
#7196=DIRECTION('',(-1.E0,0.E0,0.E0));
#7197=VECTOR('',#7196,2.5E-1);
#7198=CARTESIAN_POINT('',(-1.25E-1,1.E-1,-2.25E0));
#7199=LINE('',#7198,#7197);
#7200=CURVE_STYLE('',#33,POSITIVE_LENGTH_MEASURE(2.E-2),#18);
#7201=PRESENTATION_STYLE_ASSIGNMENT((#7200));
#7202=STYLED_ITEM('',(#7201),#7199);
#7203=DIRECTION('',(0.E0,1.E0,0.E0));
#7204=VECTOR('',#7203,1.E-1);
#7205=CARTESIAN_POINT('',(-1.25E-1,1.E-1,-2.25E0));
#7206=LINE('',#7205,#7204);
#7207=CURVE_STYLE('',#33,POSITIVE_LENGTH_MEASURE(2.E-2),#18);
#7208=PRESENTATION_STYLE_ASSIGNMENT((#7207));
#7209=STYLED_ITEM('',(#7208),#7206);
#7210=DIRECTION('',(0.E0,0.E0,-1.E0));
#7211=VECTOR('',#7210,5.E-2);
#7212=CARTESIAN_POINT('',(-1.25E-1,1.E-1,-2.2E0));
#7213=LINE('',#7212,#7211);
#7214=CURVE_STYLE('',#33,POSITIVE_LENGTH_MEASURE(2.E-2),#18);
#7215=PRESENTATION_STYLE_ASSIGNMENT((#7214));
#7216=STYLED_ITEM('',(#7215),#7213);
#7217=DIRECTION('',(0.E0,1.E0,0.E0));
#7218=VECTOR('',#7217,1.E-1);
#7219=CARTESIAN_POINT('',(-1.25E-1,0.E0,-2.2E0));
#7220=LINE('',#7219,#7218);
#7221=CURVE_STYLE('',#33,POSITIVE_LENGTH_MEASURE(2.E-2),#18);
#7222=PRESENTATION_STYLE_ASSIGNMENT((#7221));
#7223=STYLED_ITEM('',(#7222),#7220);
#7224=DIRECTION('',(0.E0,1.E0,0.E0));
#7225=VECTOR('',#7224,2.E-1);
#7226=CARTESIAN_POINT('',(-1.25E-1,0.E0,-2.1E0));
#7227=LINE('',#7226,#7225);
#7228=CURVE_STYLE('',#33,POSITIVE_LENGTH_MEASURE(2.E-2),#18);
#7229=PRESENTATION_STYLE_ASSIGNMENT((#7228));
#7230=STYLED_ITEM('',(#7229),#7227);
#7231=DIRECTION('',(-1.E0,0.E0,0.E0));
#7232=VECTOR('',#7231,2.5E-1);
#7233=CARTESIAN_POINT('',(3.75E-1,0.E0,-2.2E0));
#7234=LINE('',#7233,#7232);
#7235=CURVE_STYLE('',#33,POSITIVE_LENGTH_MEASURE(2.E-2),#18);
#7236=PRESENTATION_STYLE_ASSIGNMENT((#7235));
#7237=STYLED_ITEM('',(#7236),#7234);
#7238=DIRECTION('',(0.E0,0.E0,1.E0));
#7239=VECTOR('',#7238,1.E-1);
#7240=CARTESIAN_POINT('',(1.25E-1,0.E0,-2.2E0));
#7241=LINE('',#7240,#7239);
#7242=CURVE_STYLE('',#33,POSITIVE_LENGTH_MEASURE(2.E-2),#18);
#7243=PRESENTATION_STYLE_ASSIGNMENT((#7242));
#7244=STYLED_ITEM('',(#7243),#7241);
#7245=DIRECTION('',(-1.E0,0.E0,0.E0));
#7246=VECTOR('',#7245,2.5E-1);
#7247=CARTESIAN_POINT('',(1.25E-1,0.E0,-2.1E0));
#7248=LINE('',#7247,#7246);
#7249=CURVE_STYLE('',#33,POSITIVE_LENGTH_MEASURE(2.E-2),#18);
#7250=PRESENTATION_STYLE_ASSIGNMENT((#7249));
#7251=STYLED_ITEM('',(#7250),#7248);
#7252=DIRECTION('',(0.E0,0.E0,-1.E0));
#7253=VECTOR('',#7252,1.E-1);
#7254=CARTESIAN_POINT('',(-1.25E-1,0.E0,-2.1E0));
#7255=LINE('',#7254,#7253);
#7256=CURVE_STYLE('',#33,POSITIVE_LENGTH_MEASURE(2.E-2),#18);
#7257=PRESENTATION_STYLE_ASSIGNMENT((#7256));
#7258=STYLED_ITEM('',(#7257),#7255);
#7259=DIRECTION('',(-1.E0,0.E0,0.E0));
#7260=VECTOR('',#7259,2.5E-1);
#7261=CARTESIAN_POINT('',(-1.25E-1,0.E0,-2.2E0));
#7262=LINE('',#7261,#7260);
#7263=CURVE_STYLE('',#33,POSITIVE_LENGTH_MEASURE(2.E-2),#18);
#7264=PRESENTATION_STYLE_ASSIGNMENT((#7263));
#7265=STYLED_ITEM('',(#7264),#7262);
#7266=DIRECTION('',(0.E0,0.E0,1.E0));
#7267=VECTOR('',#7266,6.E-1);
#7268=CARTESIAN_POINT('',(-3.75E-1,0.E0,-2.2E0));
#7269=LINE('',#7268,#7267);
#7270=CURVE_STYLE('',#33,POSITIVE_LENGTH_MEASURE(2.E-2),#18);
#7271=PRESENTATION_STYLE_ASSIGNMENT((#7270));
#7272=STYLED_ITEM('',(#7271),#7269);
#7273=DIRECTION('',(1.E0,0.E0,0.E0));
#7274=VECTOR('',#7273,3.75E-1);
#7275=CARTESIAN_POINT('',(-7.5E-1,0.E0,-1.6E0));
#7276=LINE('',#7275,#7274);
#7277=CURVE_STYLE('',#33,POSITIVE_LENGTH_MEASURE(2.E-2),#18);
#7278=PRESENTATION_STYLE_ASSIGNMENT((#7277));
#7279=STYLED_ITEM('',(#7278),#7276);
#7280=DIRECTION('',(7.071067811865E-1,0.E0,-7.071067811865E-1));
#7281=VECTOR('',#7280,4.949747468306E-1);
#7282=CARTESIAN_POINT('',(-1.1E0,0.E0,-1.25E0));
#7283=LINE('',#7282,#7281);
#7284=CURVE_STYLE('',#33,POSITIVE_LENGTH_MEASURE(2.E-2),#18);
#7285=PRESENTATION_STYLE_ASSIGNMENT((#7284));
#7286=STYLED_ITEM('',(#7285),#7283);
#7287=DIRECTION('',(0.E0,0.E0,-1.E0));
#7288=VECTOR('',#7287,2.85E0);
#7289=CARTESIAN_POINT('',(-1.1E0,0.E0,1.6E0));
#7290=LINE('',#7289,#7288);
#7291=CURVE_STYLE('',#33,POSITIVE_LENGTH_MEASURE(2.E-2),#18);
#7292=PRESENTATION_STYLE_ASSIGNMENT((#7291));
#7293=STYLED_ITEM('',(#7292),#7290);
#7294=DIRECTION('',(-1.E0,0.E0,0.E0));
#7295=VECTOR('',#7294,7.25E-1);
#7296=CARTESIAN_POINT('',(-3.75E-1,0.E0,1.6E0));
#7297=LINE('',#7296,#7295);
#7298=CURVE_STYLE('',#33,POSITIVE_LENGTH_MEASURE(2.E-2),#18);
#7299=PRESENTATION_STYLE_ASSIGNMENT((#7298));
#7300=STYLED_ITEM('',(#7299),#7297);
#7301=DIRECTION('',(0.E0,0.E0,-1.E0));
#7302=VECTOR('',#7301,6.E-1);
#7303=CARTESIAN_POINT('',(-3.75E-1,0.E0,2.2E0));
#7304=LINE('',#7303,#7302);
#7305=CURVE_STYLE('',#33,POSITIVE_LENGTH_MEASURE(2.E-2),#18);
#7306=PRESENTATION_STYLE_ASSIGNMENT((#7305));
#7307=STYLED_ITEM('',(#7306),#7304);
#7308=DIRECTION('',(-1.E0,0.E0,0.E0));
#7309=VECTOR('',#7308,2.5E-1);
#7310=CARTESIAN_POINT('',(-1.25E-1,0.E0,2.2E0));
#7311=LINE('',#7310,#7309);
#7312=CURVE_STYLE('',#33,POSITIVE_LENGTH_MEASURE(2.E-2),#18);
#7313=PRESENTATION_STYLE_ASSIGNMENT((#7312));
#7314=STYLED_ITEM('',(#7313),#7311);
#7315=DIRECTION('',(0.E0,0.E0,1.E0));
#7316=VECTOR('',#7315,1.E-1);
#7317=CARTESIAN_POINT('',(-1.25E-1,0.E0,2.1E0));
#7318=LINE('',#7317,#7316);
#7319=CURVE_STYLE('',#33,POSITIVE_LENGTH_MEASURE(2.E-2),#18);
#7320=PRESENTATION_STYLE_ASSIGNMENT((#7319));
#7321=STYLED_ITEM('',(#7320),#7318);
#7322=DIRECTION('',(-1.E0,0.E0,0.E0));
#7323=VECTOR('',#7322,2.5E-1);
#7324=CARTESIAN_POINT('',(1.25E-1,0.E0,2.1E0));
#7325=LINE('',#7324,#7323);
#7326=CURVE_STYLE('',#33,POSITIVE_LENGTH_MEASURE(2.E-2),#18);
#7327=PRESENTATION_STYLE_ASSIGNMENT((#7326));
#7328=STYLED_ITEM('',(#7327),#7325);
#7329=DIRECTION('',(0.E0,0.E0,-1.E0));
#7330=VECTOR('',#7329,1.E-1);
#7331=CARTESIAN_POINT('',(1.25E-1,0.E0,2.2E0));
#7332=LINE('',#7331,#7330);
#7333=CURVE_STYLE('',#33,POSITIVE_LENGTH_MEASURE(2.E-2),#18);
#7334=PRESENTATION_STYLE_ASSIGNMENT((#7333));
#7335=STYLED_ITEM('',(#7334),#7332);
#7336=DIRECTION('',(-1.E0,0.E0,0.E0));
#7337=VECTOR('',#7336,2.5E-1);
#7338=CARTESIAN_POINT('',(3.75E-1,0.E0,2.2E0));
#7339=LINE('',#7338,#7337);
#7340=CURVE_STYLE('',#33,POSITIVE_LENGTH_MEASURE(2.E-2),#18);
#7341=PRESENTATION_STYLE_ASSIGNMENT((#7340));
#7342=STYLED_ITEM('',(#7341),#7339);
#7343=DIRECTION('',(0.E0,0.E0,1.E0));
#7344=VECTOR('',#7343,6.E-1);
#7345=CARTESIAN_POINT('',(3.75E-1,0.E0,1.6E0));
#7346=LINE('',#7345,#7344);
#7347=CURVE_STYLE('',#33,POSITIVE_LENGTH_MEASURE(2.E-2),#18);
#7348=PRESENTATION_STYLE_ASSIGNMENT((#7347));
#7349=STYLED_ITEM('',(#7348),#7346);
#7350=DIRECTION('',(-1.E0,0.E0,0.E0));
#7351=VECTOR('',#7350,7.25E-1);
#7352=CARTESIAN_POINT('',(1.1E0,0.E0,1.6E0));
#7353=LINE('',#7352,#7351);
#7354=CURVE_STYLE('',#33,POSITIVE_LENGTH_MEASURE(2.E-2),#18);
#7355=PRESENTATION_STYLE_ASSIGNMENT((#7354));
#7356=STYLED_ITEM('',(#7355),#7353);
#7357=DIRECTION('',(0.E0,0.E0,1.E0));
#7358=VECTOR('',#7357,3.2E0);
#7359=CARTESIAN_POINT('',(1.1E0,0.E0,-1.6E0));
#7360=LINE('',#7359,#7358);
#7361=CURVE_STYLE('',#33,POSITIVE_LENGTH_MEASURE(2.E-2),#18);
#7362=PRESENTATION_STYLE_ASSIGNMENT((#7361));
#7363=STYLED_ITEM('',(#7362),#7360);
#7364=DIRECTION('',(1.E0,0.E0,0.E0));
#7365=VECTOR('',#7364,7.25E-1);
#7366=CARTESIAN_POINT('',(3.75E-1,0.E0,-1.6E0));
#7367=LINE('',#7366,#7365);
#7368=CURVE_STYLE('',#33,POSITIVE_LENGTH_MEASURE(2.E-2),#18);
#7369=PRESENTATION_STYLE_ASSIGNMENT((#7368));
#7370=STYLED_ITEM('',(#7369),#7367);
#7371=DIRECTION('',(0.E0,0.E0,-1.E0));
#7372=VECTOR('',#7371,6.E-1);
#7373=CARTESIAN_POINT('',(3.75E-1,0.E0,-1.6E0));
#7374=LINE('',#7373,#7372);
#7375=CURVE_STYLE('',#33,POSITIVE_LENGTH_MEASURE(2.E-2),#18);
#7376=PRESENTATION_STYLE_ASSIGNMENT((#7375));
#7377=STYLED_ITEM('',(#7376),#7374);
#7378=DIRECTION('',(0.E0,1.E0,0.E0));
#7379=VECTOR('',#7378,2.E-1);
#7380=CARTESIAN_POINT('',(1.25E-1,0.E0,-2.1E0));
#7381=LINE('',#7380,#7379);
#7382=CURVE_STYLE('',#33,POSITIVE_LENGTH_MEASURE(2.E-2),#18);
#7383=PRESENTATION_STYLE_ASSIGNMENT((#7382));
#7384=STYLED_ITEM('',(#7383),#7381);
#7385=DIRECTION('',(1.E0,0.E0,0.E0));
#7386=VECTOR('',#7385,8.25E-1);
#7387=CARTESIAN_POINT('',(3.75E-1,2.E-1,1.7E0));
#7388=LINE('',#7387,#7386);
#7389=CURVE_STYLE('',#33,POSITIVE_LENGTH_MEASURE(2.E-2),#18);
#7390=PRESENTATION_STYLE_ASSIGNMENT((#7389));
#7391=STYLED_ITEM('',(#7390),#7388);
#7392=DIRECTION('',(0.E0,0.E0,1.E0));
#7393=VECTOR('',#7392,5.5E-1);
#7394=CARTESIAN_POINT('',(3.75E-1,2.E-1,1.7E0));
#7395=LINE('',#7394,#7393);
#7396=CURVE_STYLE('',#33,POSITIVE_LENGTH_MEASURE(2.E-2),#18);
#7397=PRESENTATION_STYLE_ASSIGNMENT((#7396));
#7398=STYLED_ITEM('',(#7397),#7395);
#7399=DIRECTION('',(-1.E0,0.E0,0.E0));
#7400=VECTOR('',#7399,2.5E-1);
#7401=CARTESIAN_POINT('',(3.75E-1,2.E-1,2.25E0));
#7402=LINE('',#7401,#7400);
#7403=CURVE_STYLE('',#33,POSITIVE_LENGTH_MEASURE(2.E-2),#18);
#7404=PRESENTATION_STYLE_ASSIGNMENT((#7403));
#7405=STYLED_ITEM('',(#7404),#7402);
#7406=DIRECTION('',(0.E0,0.E0,-1.E0));
#7407=VECTOR('',#7406,1.5E-1);
#7408=CARTESIAN_POINT('',(1.25E-1,2.E-1,2.25E0));
#7409=LINE('',#7408,#7407);
#7410=CURVE_STYLE('',#33,POSITIVE_LENGTH_MEASURE(2.E-2),#18);
#7411=PRESENTATION_STYLE_ASSIGNMENT((#7410));
#7412=STYLED_ITEM('',(#7411),#7409);
#7413=DIRECTION('',(-1.E0,0.E0,0.E0));
#7414=VECTOR('',#7413,2.5E-1);
#7415=CARTESIAN_POINT('',(1.25E-1,2.E-1,2.1E0));
#7416=LINE('',#7415,#7414);
#7417=CURVE_STYLE('',#33,POSITIVE_LENGTH_MEASURE(2.E-2),#18);
#7418=PRESENTATION_STYLE_ASSIGNMENT((#7417));
#7419=STYLED_ITEM('',(#7418),#7416);
#7420=DIRECTION('',(0.E0,0.E0,1.E0));
#7421=VECTOR('',#7420,1.5E-1);
#7422=CARTESIAN_POINT('',(-1.25E-1,2.E-1,2.1E0));
#7423=LINE('',#7422,#7421);
#7424=CURVE_STYLE('',#33,POSITIVE_LENGTH_MEASURE(2.E-2),#18);
#7425=PRESENTATION_STYLE_ASSIGNMENT((#7424));
#7426=STYLED_ITEM('',(#7425),#7423);
#7427=DIRECTION('',(-1.E0,0.E0,0.E0));
#7428=VECTOR('',#7427,2.5E-1);
#7429=CARTESIAN_POINT('',(-1.25E-1,2.E-1,2.25E0));
#7430=LINE('',#7429,#7428);
#7431=CURVE_STYLE('',#33,POSITIVE_LENGTH_MEASURE(2.E-2),#18);
#7432=PRESENTATION_STYLE_ASSIGNMENT((#7431));
#7433=STYLED_ITEM('',(#7432),#7430);
#7434=DIRECTION('',(0.E0,0.E0,-1.E0));
#7435=VECTOR('',#7434,5.5E-1);
#7436=CARTESIAN_POINT('',(-3.75E-1,2.E-1,2.25E0));
#7437=LINE('',#7436,#7435);
#7438=CURVE_STYLE('',#33,POSITIVE_LENGTH_MEASURE(2.E-2),#18);
#7439=PRESENTATION_STYLE_ASSIGNMENT((#7438));
#7440=STYLED_ITEM('',(#7439),#7437);
#7441=DIRECTION('',(1.E0,0.E0,0.E0));
#7442=VECTOR('',#7441,8.25E-1);
#7443=CARTESIAN_POINT('',(-1.2E0,2.E-1,1.7E0));
#7444=LINE('',#7443,#7442);
#7445=CURVE_STYLE('',#33,POSITIVE_LENGTH_MEASURE(2.E-2),#18);
#7446=PRESENTATION_STYLE_ASSIGNMENT((#7445));
#7447=STYLED_ITEM('',(#7446),#7444);
#7448=DIRECTION('',(0.E0,0.E0,1.E0));
#7449=VECTOR('',#7448,3.4E0);
#7450=CARTESIAN_POINT('',(-1.2E0,2.E-1,-1.7E0));
#7451=LINE('',#7450,#7449);
#7452=CURVE_STYLE('',#33,POSITIVE_LENGTH_MEASURE(2.E-2),#18);
#7453=PRESENTATION_STYLE_ASSIGNMENT((#7452));
#7454=STYLED_ITEM('',(#7453),#7451);
#7455=DIRECTION('',(-1.E0,0.E0,0.E0));
#7456=VECTOR('',#7455,8.25E-1);
#7457=CARTESIAN_POINT('',(-3.75E-1,2.E-1,-1.7E0));
#7458=LINE('',#7457,#7456);
#7459=CURVE_STYLE('',#33,POSITIVE_LENGTH_MEASURE(2.E-2),#18);
#7460=PRESENTATION_STYLE_ASSIGNMENT((#7459));
#7461=STYLED_ITEM('',(#7460),#7458);
#7462=DIRECTION('',(0.E0,0.E0,1.E0));
#7463=VECTOR('',#7462,5.5E-1);
#7464=CARTESIAN_POINT('',(-3.75E-1,2.E-1,-2.25E0));
#7465=LINE('',#7464,#7463);
#7466=CURVE_STYLE('',#33,POSITIVE_LENGTH_MEASURE(2.E-2),#18);
#7467=PRESENTATION_STYLE_ASSIGNMENT((#7466));
#7468=STYLED_ITEM('',(#7467),#7465);
#7469=DIRECTION('',(-1.E0,0.E0,0.E0));
#7470=VECTOR('',#7469,2.5E-1);
#7471=CARTESIAN_POINT('',(-1.25E-1,2.E-1,-2.25E0));
#7472=LINE('',#7471,#7470);
#7473=CURVE_STYLE('',#33,POSITIVE_LENGTH_MEASURE(2.E-2),#18);
#7474=PRESENTATION_STYLE_ASSIGNMENT((#7473));
#7475=STYLED_ITEM('',(#7474),#7472);
#7476=DIRECTION('',(0.E0,0.E0,-1.E0));
#7477=VECTOR('',#7476,1.5E-1);
#7478=CARTESIAN_POINT('',(-1.25E-1,2.E-1,-2.1E0));
#7479=LINE('',#7478,#7477);
#7480=CURVE_STYLE('',#33,POSITIVE_LENGTH_MEASURE(2.E-2),#18);
#7481=PRESENTATION_STYLE_ASSIGNMENT((#7480));
#7482=STYLED_ITEM('',(#7481),#7479);
#7483=DIRECTION('',(-1.E0,0.E0,0.E0));
#7484=VECTOR('',#7483,2.5E-1);
#7485=CARTESIAN_POINT('',(1.25E-1,2.E-1,-2.1E0));
#7486=LINE('',#7485,#7484);
#7487=CURVE_STYLE('',#33,POSITIVE_LENGTH_MEASURE(2.E-2),#18);
#7488=PRESENTATION_STYLE_ASSIGNMENT((#7487));
#7489=STYLED_ITEM('',(#7488),#7486);
#7490=DIRECTION('',(0.E0,0.E0,1.E0));
#7491=VECTOR('',#7490,1.5E-1);
#7492=CARTESIAN_POINT('',(1.25E-1,2.E-1,-2.25E0));
#7493=LINE('',#7492,#7491);
#7494=CURVE_STYLE('',#33,POSITIVE_LENGTH_MEASURE(2.E-2),#18);
#7495=PRESENTATION_STYLE_ASSIGNMENT((#7494));
#7496=STYLED_ITEM('',(#7495),#7493);
#7497=DIRECTION('',(-1.E0,0.E0,0.E0));
#7498=VECTOR('',#7497,2.5E-1);
#7499=CARTESIAN_POINT('',(3.75E-1,2.E-1,-2.25E0));
#7500=LINE('',#7499,#7498);
#7501=CURVE_STYLE('',#33,POSITIVE_LENGTH_MEASURE(2.E-2),#18);
#7502=PRESENTATION_STYLE_ASSIGNMENT((#7501));
#7503=STYLED_ITEM('',(#7502),#7500);
#7504=DIRECTION('',(0.E0,0.E0,-1.E0));
#7505=VECTOR('',#7504,5.5E-1);
#7506=CARTESIAN_POINT('',(3.75E-1,2.E-1,-1.7E0));
#7507=LINE('',#7506,#7505);
#7508=CURVE_STYLE('',#33,POSITIVE_LENGTH_MEASURE(2.E-2),#18);
#7509=PRESENTATION_STYLE_ASSIGNMENT((#7508));
#7510=STYLED_ITEM('',(#7509),#7507);
#7511=DIRECTION('',(-1.E0,0.E0,0.E0));
#7512=VECTOR('',#7511,8.25E-1);
#7513=CARTESIAN_POINT('',(1.2E0,2.E-1,-1.7E0));
#7514=LINE('',#7513,#7512);
#7515=CURVE_STYLE('',#33,POSITIVE_LENGTH_MEASURE(2.E-2),#18);
#7516=PRESENTATION_STYLE_ASSIGNMENT((#7515));
#7517=STYLED_ITEM('',(#7516),#7514);
#7518=DIRECTION('',(0.E0,0.E0,-1.E0));
#7519=VECTOR('',#7518,3.4E0);
#7520=CARTESIAN_POINT('',(1.2E0,2.E-1,1.7E0));
#7521=LINE('',#7520,#7519);
#7522=CURVE_STYLE('',#33,POSITIVE_LENGTH_MEASURE(2.E-2),#18);
#7523=PRESENTATION_STYLE_ASSIGNMENT((#7522));
#7524=STYLED_ITEM('',(#7523),#7521);
#7525=DIRECTION('',(0.E0,1.E0,0.E0));
#7526=VECTOR('',#7525,1.E-1);
#7527=CARTESIAN_POINT('',(-3.75E-1,1.E-1,1.7E0));
#7528=LINE('',#7527,#7526);
#7529=CURVE_STYLE('',#33,POSITIVE_LENGTH_MEASURE(2.E-2),#18);
#7530=PRESENTATION_STYLE_ASSIGNMENT((#7529));
#7531=STYLED_ITEM('',(#7530),#7528);
#7532=DIRECTION('',(0.E0,1.E0,0.E0));
#7533=VECTOR('',#7532,1.E-1);
#7534=CARTESIAN_POINT('',(-1.2E0,1.E-1,1.7E0));
#7535=LINE('',#7534,#7533);
#7536=CURVE_STYLE('',#33,POSITIVE_LENGTH_MEASURE(2.E-2),#18);
#7537=PRESENTATION_STYLE_ASSIGNMENT((#7536));
#7538=STYLED_ITEM('',(#7537),#7535);
#7539=DIRECTION('',(0.E0,1.E0,0.E0));
#7540=VECTOR('',#7539,1.E-1);
#7541=CARTESIAN_POINT('',(3.75E-1,1.E-1,1.7E0));
#7542=LINE('',#7541,#7540);
#7543=CURVE_STYLE('',#33,POSITIVE_LENGTH_MEASURE(2.E-2),#18);
#7544=PRESENTATION_STYLE_ASSIGNMENT((#7543));
#7545=STYLED_ITEM('',(#7544),#7542);
#7546=DIRECTION('',(0.E0,0.E0,-1.E0));
#7547=VECTOR('',#7546,5.E-2);
#7548=CARTESIAN_POINT('',(-3.75E-1,1.E-1,2.25E0));
#7549=LINE('',#7548,#7547);
#7550=CURVE_STYLE('',#33,POSITIVE_LENGTH_MEASURE(2.E-2),#18);
#7551=PRESENTATION_STYLE_ASSIGNMENT((#7550));
#7552=STYLED_ITEM('',(#7551),#7549);
#7553=DIRECTION('',(0.E0,1.E0,0.E0));
#7554=VECTOR('',#7553,1.E-1);
#7555=CARTESIAN_POINT('',(-3.75E-1,0.E0,2.2E0));
#7556=LINE('',#7555,#7554);
#7557=CURVE_STYLE('',#33,POSITIVE_LENGTH_MEASURE(2.E-2),#18);
#7558=PRESENTATION_STYLE_ASSIGNMENT((#7557));
#7559=STYLED_ITEM('',(#7558),#7556);
#7560=DIRECTION('',(0.E0,1.E0,0.E0));
#7561=VECTOR('',#7560,1.E-1);
#7562=CARTESIAN_POINT('',(-3.75E-1,1.E-1,2.25E0));
#7563=LINE('',#7562,#7561);
#7564=CURVE_STYLE('',#33,POSITIVE_LENGTH_MEASURE(2.E-2),#18);
#7565=PRESENTATION_STYLE_ASSIGNMENT((#7564));
#7566=STYLED_ITEM('',(#7565),#7563);
#7567=DIRECTION('',(0.E0,0.E0,1.E0));
#7568=VECTOR('',#7567,5.E-2);
#7569=CARTESIAN_POINT('',(-1.25E-1,1.E-1,2.2E0));
#7570=LINE('',#7569,#7568);
#7571=CURVE_STYLE('',#33,POSITIVE_LENGTH_MEASURE(2.E-2),#18);
#7572=PRESENTATION_STYLE_ASSIGNMENT((#7571));
#7573=STYLED_ITEM('',(#7572),#7570);
#7574=DIRECTION('',(0.E0,1.E0,0.E0));
#7575=VECTOR('',#7574,2.E-1);
#7576=CARTESIAN_POINT('',(-1.25E-1,0.E0,2.1E0));
#7577=LINE('',#7576,#7575);
#7578=CURVE_STYLE('',#33,POSITIVE_LENGTH_MEASURE(2.E-2),#18);
#7579=PRESENTATION_STYLE_ASSIGNMENT((#7578));
#7580=STYLED_ITEM('',(#7579),#7577);
#7581=DIRECTION('',(0.E0,1.E0,0.E0));
#7582=VECTOR('',#7581,1.E-1);
#7583=CARTESIAN_POINT('',(-1.25E-1,0.E0,2.2E0));
#7584=LINE('',#7583,#7582);
#7585=CURVE_STYLE('',#33,POSITIVE_LENGTH_MEASURE(2.E-2),#18);
#7586=PRESENTATION_STYLE_ASSIGNMENT((#7585));
#7587=STYLED_ITEM('',(#7586),#7584);
#7588=DIRECTION('',(-1.E0,0.E0,0.E0));
#7589=VECTOR('',#7588,2.5E-1);
#7590=CARTESIAN_POINT('',(-1.25E-1,1.E-1,2.25E0));
#7591=LINE('',#7590,#7589);
#7592=CURVE_STYLE('',#33,POSITIVE_LENGTH_MEASURE(2.E-2),#18);
#7593=PRESENTATION_STYLE_ASSIGNMENT((#7592));
#7594=STYLED_ITEM('',(#7593),#7591);
#7595=DIRECTION('',(0.E0,1.E0,0.E0));
#7596=VECTOR('',#7595,1.E-1);
#7597=CARTESIAN_POINT('',(-1.25E-1,1.E-1,2.25E0));
#7598=LINE('',#7597,#7596);
#7599=CURVE_STYLE('',#33,POSITIVE_LENGTH_MEASURE(2.E-2),#18);
#7600=PRESENTATION_STYLE_ASSIGNMENT((#7599));
#7601=STYLED_ITEM('',(#7600),#7598);
#7602=DIRECTION('',(0.E0,1.E0,0.E0));
#7603=VECTOR('',#7602,2.E-1);
#7604=CARTESIAN_POINT('',(1.25E-1,0.E0,2.1E0));
#7605=LINE('',#7604,#7603);
#7606=CURVE_STYLE('',#33,POSITIVE_LENGTH_MEASURE(2.E-2),#18);
#7607=PRESENTATION_STYLE_ASSIGNMENT((#7606));
#7608=STYLED_ITEM('',(#7607),#7605);
#7609=DIRECTION('',(0.E0,0.E0,-1.E0));
#7610=VECTOR('',#7609,5.E-2);
#7611=CARTESIAN_POINT('',(1.25E-1,1.E-1,2.25E0));
#7612=LINE('',#7611,#7610);
#7613=CURVE_STYLE('',#33,POSITIVE_LENGTH_MEASURE(2.E-2),#18);
#7614=PRESENTATION_STYLE_ASSIGNMENT((#7613));
#7615=STYLED_ITEM('',(#7614),#7612);
#7616=DIRECTION('',(0.E0,1.E0,0.E0));
#7617=VECTOR('',#7616,1.E-1);
#7618=CARTESIAN_POINT('',(1.25E-1,0.E0,2.2E0));
#7619=LINE('',#7618,#7617);
#7620=CURVE_STYLE('',#33,POSITIVE_LENGTH_MEASURE(2.E-2),#18);
#7621=PRESENTATION_STYLE_ASSIGNMENT((#7620));
#7622=STYLED_ITEM('',(#7621),#7619);
#7623=DIRECTION('',(0.E0,1.E0,0.E0));
#7624=VECTOR('',#7623,1.E-1);
#7625=CARTESIAN_POINT('',(1.25E-1,1.E-1,2.25E0));
#7626=LINE('',#7625,#7624);
#7627=CURVE_STYLE('',#33,POSITIVE_LENGTH_MEASURE(2.E-2),#18);
#7628=PRESENTATION_STYLE_ASSIGNMENT((#7627));
#7629=STYLED_ITEM('',(#7628),#7626);
#7630=DIRECTION('',(-1.E0,0.E0,0.E0));
#7631=VECTOR('',#7630,2.5E-1);
#7632=CARTESIAN_POINT('',(3.75E-1,1.E-1,2.25E0));
#7633=LINE('',#7632,#7631);
#7634=CURVE_STYLE('',#33,POSITIVE_LENGTH_MEASURE(2.E-2),#18);
#7635=PRESENTATION_STYLE_ASSIGNMENT((#7634));
#7636=STYLED_ITEM('',(#7635),#7633);
#7637=DIRECTION('',(0.E0,1.E0,0.E0));
#7638=VECTOR('',#7637,1.E-1);
#7639=CARTESIAN_POINT('',(3.75E-1,1.E-1,2.25E0));
#7640=LINE('',#7639,#7638);
#7641=CURVE_STYLE('',#33,POSITIVE_LENGTH_MEASURE(2.E-2),#18);
#7642=PRESENTATION_STYLE_ASSIGNMENT((#7641));
#7643=STYLED_ITEM('',(#7642),#7640);
#7644=DIRECTION('',(0.E0,0.E0,1.E0));
#7645=VECTOR('',#7644,5.E-2);
#7646=CARTESIAN_POINT('',(3.75E-1,1.E-1,2.2E0));
#7647=LINE('',#7646,#7645);
#7648=CURVE_STYLE('',#33,POSITIVE_LENGTH_MEASURE(2.E-2),#18);
#7649=PRESENTATION_STYLE_ASSIGNMENT((#7648));
#7650=STYLED_ITEM('',(#7649),#7647);
#7651=DIRECTION('',(0.E0,1.E0,0.E0));
#7652=VECTOR('',#7651,1.E-1);
#7653=CARTESIAN_POINT('',(3.75E-1,0.E0,2.2E0));
#7654=LINE('',#7653,#7652);
#7655=CURVE_STYLE('',#33,POSITIVE_LENGTH_MEASURE(2.E-2),#18);
#7656=PRESENTATION_STYLE_ASSIGNMENT((#7655));
#7657=STYLED_ITEM('',(#7656),#7654);
#7658=DIRECTION('',(1.E0,0.E0,0.E0));
#7659=VECTOR('',#7658,8.25E-1);
#7660=CARTESIAN_POINT('',(-1.2E0,1.E-1,1.7E0));
#7661=LINE('',#7660,#7659);
#7662=CURVE_STYLE('',#33,POSITIVE_LENGTH_MEASURE(2.E-2),#18);
#7663=PRESENTATION_STYLE_ASSIGNMENT((#7662));
#7664=STYLED_ITEM('',(#7663),#7661);
#7665=DIRECTION('',(0.E0,0.E0,-1.E0));
#7666=VECTOR('',#7665,1.E-1);
#7667=CARTESIAN_POINT('',(-3.75E-1,1.E-1,1.7E0));
#7668=LINE('',#7667,#7666);
#7669=CURVE_STYLE('',#33,POSITIVE_LENGTH_MEASURE(2.E-2),#18);
#7670=PRESENTATION_STYLE_ASSIGNMENT((#7669));
#7671=STYLED_ITEM('',(#7670),#7668);
#7672=DIRECTION('',(-1.E0,0.E0,0.E0));
#7673=VECTOR('',#7672,7.25E-1);
#7674=CARTESIAN_POINT('',(-3.75E-1,1.E-1,1.6E0));
#7675=LINE('',#7674,#7673);
#7676=CURVE_STYLE('',#33,POSITIVE_LENGTH_MEASURE(2.E-2),#18);
#7677=PRESENTATION_STYLE_ASSIGNMENT((#7676));
#7678=STYLED_ITEM('',(#7677),#7675);
#7679=DIRECTION('',(0.E0,0.E0,-1.E0));
#7680=VECTOR('',#7679,2.85E0);
#7681=CARTESIAN_POINT('',(-1.1E0,1.E-1,1.6E0));
#7682=LINE('',#7681,#7680);
#7683=CURVE_STYLE('',#33,POSITIVE_LENGTH_MEASURE(2.E-2),#18);
#7684=PRESENTATION_STYLE_ASSIGNMENT((#7683));
#7685=STYLED_ITEM('',(#7684),#7682);
#7686=DIRECTION('',(1.E0,0.E0,0.E0));
#7687=VECTOR('',#7686,3.75E-1);
#7688=CARTESIAN_POINT('',(-7.5E-1,1.E-1,-1.6E0));
#7689=LINE('',#7688,#7687);
#7690=CURVE_STYLE('',#33,POSITIVE_LENGTH_MEASURE(2.E-2),#18);
#7691=PRESENTATION_STYLE_ASSIGNMENT((#7690));
#7692=STYLED_ITEM('',(#7691),#7689);
#7693=DIRECTION('',(0.E0,0.E0,1.E0));
#7694=VECTOR('',#7693,1.E-1);
#7695=CARTESIAN_POINT('',(-3.75E-1,1.E-1,-1.7E0));
#7696=LINE('',#7695,#7694);
#7697=CURVE_STYLE('',#33,POSITIVE_LENGTH_MEASURE(2.E-2),#18);
#7698=PRESENTATION_STYLE_ASSIGNMENT((#7697));
#7699=STYLED_ITEM('',(#7698),#7696);
#7700=DIRECTION('',(-1.E0,0.E0,0.E0));
#7701=VECTOR('',#7700,8.25E-1);
#7702=CARTESIAN_POINT('',(-3.75E-1,1.E-1,-1.7E0));
#7703=LINE('',#7702,#7701);
#7704=CURVE_STYLE('',#33,POSITIVE_LENGTH_MEASURE(2.E-2),#18);
#7705=PRESENTATION_STYLE_ASSIGNMENT((#7704));
#7706=STYLED_ITEM('',(#7705),#7703);
#7707=DIRECTION('',(0.E0,0.E0,1.E0));
#7708=VECTOR('',#7707,3.4E0);
#7709=CARTESIAN_POINT('',(-1.2E0,1.E-1,-1.7E0));
#7710=LINE('',#7709,#7708);
#7711=CURVE_STYLE('',#33,POSITIVE_LENGTH_MEASURE(2.E-2),#18);
#7712=PRESENTATION_STYLE_ASSIGNMENT((#7711));
#7713=STYLED_ITEM('',(#7712),#7710);
#7714=DIRECTION('',(1.E0,0.E0,0.E0));
#7715=VECTOR('',#7714,8.25E-1);
#7716=CARTESIAN_POINT('',(3.75E-1,1.E-1,1.7E0));
#7717=LINE('',#7716,#7715);
#7718=CURVE_STYLE('',#33,POSITIVE_LENGTH_MEASURE(2.E-2),#18);
#7719=PRESENTATION_STYLE_ASSIGNMENT((#7718));
#7720=STYLED_ITEM('',(#7719),#7717);
#7721=DIRECTION('',(0.E0,0.E0,-1.E0));
#7722=VECTOR('',#7721,3.4E0);
#7723=CARTESIAN_POINT('',(1.2E0,1.E-1,1.7E0));
#7724=LINE('',#7723,#7722);
#7725=CURVE_STYLE('',#33,POSITIVE_LENGTH_MEASURE(2.E-2),#18);
#7726=PRESENTATION_STYLE_ASSIGNMENT((#7725));
#7727=STYLED_ITEM('',(#7726),#7724);
#7728=DIRECTION('',(-1.E0,0.E0,0.E0));
#7729=VECTOR('',#7728,8.25E-1);
#7730=CARTESIAN_POINT('',(1.2E0,1.E-1,-1.7E0));
#7731=LINE('',#7730,#7729);
#7732=CURVE_STYLE('',#33,POSITIVE_LENGTH_MEASURE(2.E-2),#18);
#7733=PRESENTATION_STYLE_ASSIGNMENT((#7732));
#7734=STYLED_ITEM('',(#7733),#7731);
#7735=DIRECTION('',(0.E0,0.E0,1.E0));
#7736=VECTOR('',#7735,1.E-1);
#7737=CARTESIAN_POINT('',(3.75E-1,1.E-1,-1.7E0));
#7738=LINE('',#7737,#7736);
#7739=CURVE_STYLE('',#33,POSITIVE_LENGTH_MEASURE(2.E-2),#18);
#7740=PRESENTATION_STYLE_ASSIGNMENT((#7739));
#7741=STYLED_ITEM('',(#7740),#7738);
#7742=DIRECTION('',(1.E0,0.E0,0.E0));
#7743=VECTOR('',#7742,7.25E-1);
#7744=CARTESIAN_POINT('',(3.75E-1,1.E-1,-1.6E0));
#7745=LINE('',#7744,#7743);
#7746=CURVE_STYLE('',#33,POSITIVE_LENGTH_MEASURE(2.E-2),#18);
#7747=PRESENTATION_STYLE_ASSIGNMENT((#7746));
#7748=STYLED_ITEM('',(#7747),#7745);
#7749=DIRECTION('',(0.E0,0.E0,1.E0));
#7750=VECTOR('',#7749,3.2E0);
#7751=CARTESIAN_POINT('',(1.1E0,1.E-1,-1.6E0));
#7752=LINE('',#7751,#7750);
#7753=CURVE_STYLE('',#33,POSITIVE_LENGTH_MEASURE(2.E-2),#18);
#7754=PRESENTATION_STYLE_ASSIGNMENT((#7753));
#7755=STYLED_ITEM('',(#7754),#7752);
#7756=DIRECTION('',(-1.E0,0.E0,0.E0));
#7757=VECTOR('',#7756,7.25E-1);
#7758=CARTESIAN_POINT('',(1.1E0,1.E-1,1.6E0));
#7759=LINE('',#7758,#7757);
#7760=CURVE_STYLE('',#33,POSITIVE_LENGTH_MEASURE(2.E-2),#18);
#7761=PRESENTATION_STYLE_ASSIGNMENT((#7760));
#7762=STYLED_ITEM('',(#7761),#7759);
#7763=DIRECTION('',(0.E0,0.E0,-1.E0));
#7764=VECTOR('',#7763,1.E-1);
#7765=CARTESIAN_POINT('',(3.75E-1,1.E-1,1.7E0));
#7766=LINE('',#7765,#7764);
#7767=CURVE_STYLE('',#33,POSITIVE_LENGTH_MEASURE(2.E-2),#18);
#7768=PRESENTATION_STYLE_ASSIGNMENT((#7767));
#7769=STYLED_ITEM('',(#7768),#7766);
#7770=DIRECTION('',(0.E0,-1.E0,0.E0));
#7771=VECTOR('',#7770,1.E-1);
#7772=CARTESIAN_POINT('',(-3.75E-1,1.E-1,1.6E0));
#7773=LINE('',#7772,#7771);
#7774=CURVE_STYLE('',#33,POSITIVE_LENGTH_MEASURE(2.E-2),#18);
#7775=PRESENTATION_STYLE_ASSIGNMENT((#7774));
#7776=STYLED_ITEM('',(#7775),#7773);
#7777=DIRECTION('',(0.E0,-1.E0,0.E0));
#7778=VECTOR('',#7777,1.E-1);
#7779=CARTESIAN_POINT('',(3.75E-1,1.E-1,1.6E0));
#7780=LINE('',#7779,#7778);
#7781=CURVE_STYLE('',#33,POSITIVE_LENGTH_MEASURE(2.E-2),#18);
#7782=PRESENTATION_STYLE_ASSIGNMENT((#7781));
#7783=STYLED_ITEM('',(#7782),#7780);
#7784=DIRECTION('',(0.E0,-1.E0,0.E0));
#7785=VECTOR('',#7784,1.E-1);
#7786=CARTESIAN_POINT('',(1.1E0,1.E-1,1.6E0));
#7787=LINE('',#7786,#7785);
#7788=CURVE_STYLE('',#33,POSITIVE_LENGTH_MEASURE(2.E-2),#18);
#7789=PRESENTATION_STYLE_ASSIGNMENT((#7788));
#7790=STYLED_ITEM('',(#7789),#7787);
#7791=DIRECTION('',(0.E0,1.E0,0.E0));
#7792=VECTOR('',#7791,1.E-1);
#7793=CARTESIAN_POINT('',(-1.1E0,0.E0,-1.25E0));
#7794=LINE('',#7793,#7792);
#7795=CURVE_STYLE('',#33,POSITIVE_LENGTH_MEASURE(2.E-2),#18);
#7796=PRESENTATION_STYLE_ASSIGNMENT((#7795));
#7797=STYLED_ITEM('',(#7796),#7794);
#7798=DIRECTION('',(0.E0,-1.E0,0.E0));
#7799=VECTOR('',#7798,1.E-1);
#7800=CARTESIAN_POINT('',(-1.1E0,1.E-1,1.6E0));
#7801=LINE('',#7800,#7799);
#7802=CURVE_STYLE('',#33,POSITIVE_LENGTH_MEASURE(2.E-2),#18);
#7803=PRESENTATION_STYLE_ASSIGNMENT((#7802));
#7804=STYLED_ITEM('',(#7803),#7801);
#7805=DIRECTION('',(-7.071067811865E-1,0.E0,7.071067811865E-1));
#7806=VECTOR('',#7805,4.949747468306E-1);
#7807=CARTESIAN_POINT('',(-7.5E-1,1.E-1,-1.6E0));
#7808=LINE('',#7807,#7806);
#7809=CURVE_STYLE('',#33,POSITIVE_LENGTH_MEASURE(2.E-2),#18);
#7810=PRESENTATION_STYLE_ASSIGNMENT((#7809));
#7811=STYLED_ITEM('',(#7810),#7808);
#7812=DIRECTION('',(0.E0,-1.E0,0.E0));
#7813=VECTOR('',#7812,1.E-1);
#7814=CARTESIAN_POINT('',(-3.75E-1,1.E-1,-1.6E0));
#7815=LINE('',#7814,#7813);
#7816=CURVE_STYLE('',#33,POSITIVE_LENGTH_MEASURE(2.E-2),#18);
#7817=PRESENTATION_STYLE_ASSIGNMENT((#7816));
#7818=STYLED_ITEM('',(#7817),#7815);
#7819=DIRECTION('',(0.E0,1.E0,0.E0));
#7820=VECTOR('',#7819,1.E-1);
#7821=CARTESIAN_POINT('',(-7.5E-1,0.E0,-1.6E0));
#7822=LINE('',#7821,#7820);
#7823=CURVE_STYLE('',#33,POSITIVE_LENGTH_MEASURE(2.E-2),#18);
#7824=PRESENTATION_STYLE_ASSIGNMENT((#7823));
#7825=STYLED_ITEM('',(#7824),#7822);
#7826=DIRECTION('',(0.E0,1.E0,0.E0));
#7827=VECTOR('',#7826,1.E-1);
#7828=CARTESIAN_POINT('',(3.75E-1,0.E0,-1.6E0));
#7829=LINE('',#7828,#7827);
#7830=CURVE_STYLE('',#33,POSITIVE_LENGTH_MEASURE(2.E-2),#18);
#7831=PRESENTATION_STYLE_ASSIGNMENT((#7830));
#7832=STYLED_ITEM('',(#7831),#7829);
#7833=DIRECTION('',(0.E0,0.E0,-1.E0));
#7834=VECTOR('',#7833,5.E-2);
#7835=CARTESIAN_POINT('',(3.75E-1,1.E-1,-2.2E0));
#7836=LINE('',#7835,#7834);
#7837=CURVE_STYLE('',#33,POSITIVE_LENGTH_MEASURE(2.E-2),#18);
#7838=PRESENTATION_STYLE_ASSIGNMENT((#7837));
#7839=STYLED_ITEM('',(#7838),#7836);
#7840=DIRECTION('',(0.E0,1.E0,0.E0));
#7841=VECTOR('',#7840,1.E-1);
#7842=CARTESIAN_POINT('',(3.75E-1,0.E0,-2.2E0));
#7843=LINE('',#7842,#7841);
#7844=CURVE_STYLE('',#33,POSITIVE_LENGTH_MEASURE(2.E-2),#18);
#7845=PRESENTATION_STYLE_ASSIGNMENT((#7844));
#7846=STYLED_ITEM('',(#7845),#7843);
#7847=DIRECTION('',(0.E0,1.E0,0.E0));
#7848=VECTOR('',#7847,1.E-1);
#7849=CARTESIAN_POINT('',(1.2E0,1.E-1,-1.7E0));
#7850=LINE('',#7849,#7848);
#7851=CURVE_STYLE('',#33,POSITIVE_LENGTH_MEASURE(2.E-2),#18);
#7852=PRESENTATION_STYLE_ASSIGNMENT((#7851));
#7853=STYLED_ITEM('',(#7852),#7850);
#7854=DIRECTION('',(0.E0,1.E0,0.E0));
#7855=VECTOR('',#7854,1.E-1);
#7856=CARTESIAN_POINT('',(3.75E-1,1.E-1,-1.7E0));
#7857=LINE('',#7856,#7855);
#7858=CURVE_STYLE('',#33,POSITIVE_LENGTH_MEASURE(2.E-2),#18);
#7859=PRESENTATION_STYLE_ASSIGNMENT((#7858));
#7860=STYLED_ITEM('',(#7859),#7857);
#7861=DIRECTION('',(0.E0,1.E0,0.E0));
#7862=VECTOR('',#7861,1.E-1);
#7863=CARTESIAN_POINT('',(-3.75E-1,1.E-1,-1.7E0));
#7864=LINE('',#7863,#7862);
#7865=CURVE_STYLE('',#33,POSITIVE_LENGTH_MEASURE(2.E-2),#18);
#7866=PRESENTATION_STYLE_ASSIGNMENT((#7865));
#7867=STYLED_ITEM('',(#7866),#7864);
#7868=DIRECTION('',(0.E0,1.E0,0.E0));
#7869=VECTOR('',#7868,1.E-1);
#7870=CARTESIAN_POINT('',(1.2E0,1.E-1,1.7E0));
#7871=LINE('',#7870,#7869);
#7872=CURVE_STYLE('',#33,POSITIVE_LENGTH_MEASURE(2.E-2),#18);
#7873=PRESENTATION_STYLE_ASSIGNMENT((#7872));
#7874=STYLED_ITEM('',(#7873),#7871);
#7875=DIRECTION('',(0.E0,1.E0,0.E0));
#7876=VECTOR('',#7875,1.E-1);
#7877=CARTESIAN_POINT('',(-1.2E0,1.E-1,-1.7E0));
#7878=LINE('',#7877,#7876);
#7879=CURVE_STYLE('',#33,POSITIVE_LENGTH_MEASURE(2.E-2),#18);
#7880=PRESENTATION_STYLE_ASSIGNMENT((#7879));
#7881=STYLED_ITEM('',(#7880),#7878);
#7882=DIRECTION('',(-1.E0,0.E0,0.E0));
#7883=VECTOR('',#7882,2.5E-1);
#7884=CARTESIAN_POINT('',(3.75E-1,1.E-1,-2.25E0));
#7885=LINE('',#7884,#7883);
#7886=CURVE_STYLE('',#33,POSITIVE_LENGTH_MEASURE(2.E-2),#18);
#7887=PRESENTATION_STYLE_ASSIGNMENT((#7886));
#7888=STYLED_ITEM('',(#7887),#7885);
#7889=DIRECTION('',(0.E0,1.E0,0.E0));
#7890=VECTOR('',#7889,1.E-1);
#7891=CARTESIAN_POINT('',(3.75E-1,1.E-1,-2.25E0));
#7892=LINE('',#7891,#7890);
#7893=CURVE_STYLE('',#33,POSITIVE_LENGTH_MEASURE(2.E-2),#18);
#7894=PRESENTATION_STYLE_ASSIGNMENT((#7893));
#7895=STYLED_ITEM('',(#7894),#7892);
#7896=DIRECTION('',(0.E0,-1.E0,0.E0));
#7897=VECTOR('',#7896,1.E-1);
#7898=CARTESIAN_POINT('',(1.1E0,1.E-1,-1.6E0));
#7899=LINE('',#7898,#7897);
#7900=CURVE_STYLE('',#33,POSITIVE_LENGTH_MEASURE(2.E-2),#18);
#7901=PRESENTATION_STYLE_ASSIGNMENT((#7900));
#7902=STYLED_ITEM('',(#7901),#7899);
#7903=CARTESIAN_POINT('',(-1.2E0,1.E-1,-1.7E0));
#7904=CARTESIAN_POINT('',(-1.2E0,1.E-1,1.7E0));
#7905=VERTEX_POINT('',#7903);
#7906=VERTEX_POINT('',#7904);
#7907=CARTESIAN_POINT('',(1.2E0,1.E-1,1.7E0));
#7908=CARTESIAN_POINT('',(1.2E0,1.E-1,-1.7E0));
#7909=VERTEX_POINT('',#7907);
#7910=VERTEX_POINT('',#7908);
#7911=CARTESIAN_POINT('',(-1.2E0,2.E-1,-1.7E0));
#7912=CARTESIAN_POINT('',(-1.2E0,2.E-1,1.7E0));
#7913=VERTEX_POINT('',#7911);
#7914=VERTEX_POINT('',#7912);
#7915=CARTESIAN_POINT('',(1.2E0,2.E-1,1.7E0));
#7916=CARTESIAN_POINT('',(1.2E0,2.E-1,-1.7E0));
#7917=VERTEX_POINT('',#7915);
#7918=VERTEX_POINT('',#7916);
#7919=CARTESIAN_POINT('',(1.1E0,0.E0,-1.6E0));
#7920=CARTESIAN_POINT('',(1.1E0,0.E0,1.6E0));
#7921=VERTEX_POINT('',#7919);
#7922=VERTEX_POINT('',#7920);
#7923=CARTESIAN_POINT('',(1.1E0,1.E-1,-1.6E0));
#7924=CARTESIAN_POINT('',(1.1E0,1.E-1,1.6E0));
#7925=VERTEX_POINT('',#7923);
#7926=VERTEX_POINT('',#7924);
#7927=CARTESIAN_POINT('',(-1.1E0,1.E-1,1.6E0));
#7928=CARTESIAN_POINT('',(-1.1E0,0.E0,1.6E0));
#7929=VERTEX_POINT('',#7927);
#7930=VERTEX_POINT('',#7928);
#7931=CARTESIAN_POINT('',(-1.1E0,0.E0,-1.25E0));
#7932=CARTESIAN_POINT('',(-1.1E0,1.E-1,-1.25E0));
#7933=VERTEX_POINT('',#7931);
#7934=VERTEX_POINT('',#7932);
#7935=CARTESIAN_POINT('',(-7.5E-1,0.E0,-1.6E0));
#7936=VERTEX_POINT('',#7935);
#7937=CARTESIAN_POINT('',(-7.5E-1,1.E-1,-1.6E0));
#7938=VERTEX_POINT('',#7937);
#7939=CARTESIAN_POINT('',(1.25E-1,0.E0,-2.1E0));
#7940=CARTESIAN_POINT('',(-1.25E-1,0.E0,-2.1E0));
#7941=VERTEX_POINT('',#7939);
#7942=VERTEX_POINT('',#7940);
#7943=CARTESIAN_POINT('',(3.75E-1,2.E-1,-2.25E0));
#7944=CARTESIAN_POINT('',(1.25E-1,2.E-1,-2.25E0));
#7945=VERTEX_POINT('',#7943);
#7946=VERTEX_POINT('',#7944);
#7947=CARTESIAN_POINT('',(1.25E-1,2.E-1,-2.1E0));
#7948=VERTEX_POINT('',#7947);
#7949=CARTESIAN_POINT('',(-1.25E-1,2.E-1,-2.1E0));
#7950=VERTEX_POINT('',#7949);
#7951=CARTESIAN_POINT('',(-1.25E-1,2.E-1,-2.25E0));
#7952=VERTEX_POINT('',#7951);
#7953=CARTESIAN_POINT('',(-3.75E-1,2.E-1,-2.25E0));
#7954=VERTEX_POINT('',#7953);
#7955=CARTESIAN_POINT('',(-3.75E-1,1.E-1,-1.6E0));
#7956=CARTESIAN_POINT('',(-3.75E-1,0.E0,-1.6E0));
#7957=VERTEX_POINT('',#7955);
#7958=VERTEX_POINT('',#7956);
#7959=CARTESIAN_POINT('',(3.75E-1,0.E0,-1.6E0));
#7960=CARTESIAN_POINT('',(3.75E-1,1.E-1,-1.6E0));
#7961=VERTEX_POINT('',#7959);
#7962=VERTEX_POINT('',#7960);
#7963=CARTESIAN_POINT('',(3.75E-1,1.E-1,-1.7E0));
#7964=VERTEX_POINT('',#7963);
#7965=CARTESIAN_POINT('',(-3.75E-1,1.E-1,-1.7E0));
#7966=VERTEX_POINT('',#7965);
#7967=CARTESIAN_POINT('',(3.75E-1,2.E-1,-1.7E0));
#7968=VERTEX_POINT('',#7967);
#7969=CARTESIAN_POINT('',(-3.75E-1,2.E-1,-1.7E0));
#7970=VERTEX_POINT('',#7969);
#7971=CARTESIAN_POINT('',(1.25E-1,0.E0,2.1E0));
#7972=CARTESIAN_POINT('',(-1.25E-1,0.E0,2.1E0));
#7973=VERTEX_POINT('',#7971);
#7974=VERTEX_POINT('',#7972);
#7975=CARTESIAN_POINT('',(3.75E-1,2.E-1,2.25E0));
#7976=CARTESIAN_POINT('',(1.25E-1,2.E-1,2.25E0));
#7977=VERTEX_POINT('',#7975);
#7978=VERTEX_POINT('',#7976);
#7979=CARTESIAN_POINT('',(1.25E-1,2.E-1,2.1E0));
#7980=VERTEX_POINT('',#7979);
#7981=CARTESIAN_POINT('',(-1.25E-1,2.E-1,2.1E0));
#7982=VERTEX_POINT('',#7981);
#7983=CARTESIAN_POINT('',(-1.25E-1,2.E-1,2.25E0));
#7984=VERTEX_POINT('',#7983);
#7985=CARTESIAN_POINT('',(-3.75E-1,2.E-1,2.25E0));
#7986=VERTEX_POINT('',#7985);
#7987=CARTESIAN_POINT('',(-3.75E-1,2.E-1,1.7E0));
#7988=VERTEX_POINT('',#7987);
#7989=CARTESIAN_POINT('',(3.75E-1,2.E-1,1.7E0));
#7990=VERTEX_POINT('',#7989);
#7991=CARTESIAN_POINT('',(-3.75E-1,1.E-1,1.7E0));
#7992=VERTEX_POINT('',#7991);
#7993=CARTESIAN_POINT('',(3.75E-1,1.E-1,1.7E0));
#7994=VERTEX_POINT('',#7993);
#7995=CARTESIAN_POINT('',(-3.75E-1,1.E-1,1.6E0));
#7996=VERTEX_POINT('',#7995);
#7997=CARTESIAN_POINT('',(3.75E-1,1.E-1,1.6E0));
#7998=VERTEX_POINT('',#7997);
#7999=CARTESIAN_POINT('',(-3.75E-1,0.E0,1.6E0));
#8000=VERTEX_POINT('',#7999);
#8001=CARTESIAN_POINT('',(3.75E-1,0.E0,1.6E0));
#8002=VERTEX_POINT('',#8001);
#8003=CARTESIAN_POINT('',(3.75E-1,0.E0,-2.2E0));
#8004=CARTESIAN_POINT('',(1.25E-1,0.E0,-2.2E0));
#8005=VERTEX_POINT('',#8003);
#8006=VERTEX_POINT('',#8004);
#8007=CARTESIAN_POINT('',(-1.25E-1,0.E0,-2.2E0));
#8008=CARTESIAN_POINT('',(-3.75E-1,0.E0,-2.2E0));
#8009=VERTEX_POINT('',#8007);
#8010=VERTEX_POINT('',#8008);
#8011=CARTESIAN_POINT('',(-3.75E-1,1.E-1,-2.25E0));
#8012=CARTESIAN_POINT('',(-3.75E-1,1.E-1,-2.2E0));
#8013=VERTEX_POINT('',#8011);
#8014=VERTEX_POINT('',#8012);
#8015=CARTESIAN_POINT('',(3.75E-1,1.E-1,-2.2E0));
#8016=CARTESIAN_POINT('',(3.75E-1,1.E-1,-2.25E0));
#8017=VERTEX_POINT('',#8015);
#8018=VERTEX_POINT('',#8016);
#8019=CARTESIAN_POINT('',(1.25E-1,1.E-1,-2.25E0));
#8020=VERTEX_POINT('',#8019);
#8021=CARTESIAN_POINT('',(1.25E-1,1.E-1,-2.2E0));
#8022=VERTEX_POINT('',#8021);
#8023=CARTESIAN_POINT('',(-1.25E-1,1.E-1,-2.2E0));
#8024=CARTESIAN_POINT('',(-1.25E-1,1.E-1,-2.25E0));
#8025=VERTEX_POINT('',#8023);
#8026=VERTEX_POINT('',#8024);
#8027=CARTESIAN_POINT('',(-3.75E-1,1.E-1,2.25E0));
#8028=CARTESIAN_POINT('',(-3.75E-1,1.E-1,2.2E0));
#8029=VERTEX_POINT('',#8027);
#8030=VERTEX_POINT('',#8028);
#8031=CARTESIAN_POINT('',(-3.75E-1,0.E0,2.2E0));
#8032=VERTEX_POINT('',#8031);
#8033=CARTESIAN_POINT('',(3.75E-1,1.E-1,2.2E0));
#8034=CARTESIAN_POINT('',(3.75E-1,1.E-1,2.25E0));
#8035=VERTEX_POINT('',#8033);
#8036=VERTEX_POINT('',#8034);
#8037=CARTESIAN_POINT('',(3.75E-1,0.E0,2.2E0));
#8038=VERTEX_POINT('',#8037);
#8039=CARTESIAN_POINT('',(1.25E-1,1.E-1,2.25E0));
#8040=VERTEX_POINT('',#8039);
#8041=CARTESIAN_POINT('',(1.25E-1,1.E-1,2.2E0));
#8042=VERTEX_POINT('',#8041);
#8043=CARTESIAN_POINT('',(1.25E-1,0.E0,2.2E0));
#8044=VERTEX_POINT('',#8043);
#8045=CARTESIAN_POINT('',(-1.25E-1,1.E-1,2.2E0));
#8046=CARTESIAN_POINT('',(-1.25E-1,1.E-1,2.25E0));
#8047=VERTEX_POINT('',#8045);
#8048=VERTEX_POINT('',#8046);
#8049=CARTESIAN_POINT('',(-1.25E-1,0.E0,2.2E0));
#8050=VERTEX_POINT('',#8049);
#8051=CARTESIAN_POINT('',(1.25E-1,0.E0,-2.25E0));
#8052=DIRECTION('',(-1.E0,0.E0,0.E0));
#8053=DIRECTION('',(0.E0,0.E0,1.E0));
#8054=AXIS2_PLACEMENT_3D('',#8051,#8052,#8053);
#8055=PLANE('',#8054);
#8057=ORIENTED_EDGE('',*,*,#8056,.F.);
#8059=ORIENTED_EDGE('',*,*,#8058,.T.);
#8061=ORIENTED_EDGE('',*,*,#8060,.T.);
#8063=ORIENTED_EDGE('',*,*,#8062,.F.);
#8065=ORIENTED_EDGE('',*,*,#8064,.F.);
#8067=ORIENTED_EDGE('',*,*,#8066,.T.);
#8068=EDGE_LOOP('',(#8057,#8059,#8061,#8063,#8065,#8067));
#8069=FACE_OUTER_BOUND('',#8068,.F.);
#8071=CARTESIAN_POINT('',(-1.7E0,1.E-1,-2.25E0));
#8072=DIRECTION('',(0.E0,1.E0,0.E0));
#8073=DIRECTION('',(-1.E0,0.E0,0.E0));
#8074=AXIS2_PLACEMENT_3D('',#8071,#8072,#8073);
#8075=PLANE('',#8074);
#8077=ORIENTED_EDGE('',*,*,#8076,.T.);
#8079=ORIENTED_EDGE('',*,*,#8078,.F.);
#8081=ORIENTED_EDGE('',*,*,#8080,.T.);
#8083=ORIENTED_EDGE('',*,*,#8082,.T.);
#8084=EDGE_LOOP('',(#8077,#8079,#8081,#8083));
#8085=FACE_OUTER_BOUND('',#8084,.F.);
#8087=CARTESIAN_POINT('',(-1.7E0,1.E-1,-2.25E0));
#8088=DIRECTION('',(0.E0,1.E0,0.E0));
#8089=DIRECTION('',(-1.E0,0.E0,0.E0));
#8090=AXIS2_PLACEMENT_3D('',#8087,#8088,#8089);
#8091=PLANE('',#8090);
#8093=ORIENTED_EDGE('',*,*,#8092,.T.);
#8095=ORIENTED_EDGE('',*,*,#8094,.T.);
#8096=ORIENTED_EDGE('',*,*,#8056,.T.);
#8098=ORIENTED_EDGE('',*,*,#8097,.F.);
#8099=EDGE_LOOP('',(#8093,#8095,#8096,#8098));
#8100=FACE_OUTER_BOUND('',#8099,.F.);
#8102=CARTESIAN_POINT('',(-1.7E0,1.E-1,-2.25E0));
#8103=DIRECTION('',(0.E0,1.E0,0.E0));
#8104=DIRECTION('',(-1.E0,0.E0,0.E0));
#8105=AXIS2_PLACEMENT_3D('',#8102,#8103,#8104);
#8106=PLANE('',#8105);
#8108=ORIENTED_EDGE('',*,*,#8107,.F.);
#8110=ORIENTED_EDGE('',*,*,#8109,.F.);
#8112=ORIENTED_EDGE('',*,*,#8111,.F.);
#8114=ORIENTED_EDGE('',*,*,#8113,.F.);
#8115=EDGE_LOOP('',(#8108,#8110,#8112,#8114));
#8116=FACE_OUTER_BOUND('',#8115,.F.);
#8118=CARTESIAN_POINT('',(-1.7E0,1.E-1,-2.25E0));
#8119=DIRECTION('',(0.E0,1.E0,0.E0));
#8120=DIRECTION('',(-1.E0,0.E0,0.E0));
#8121=AXIS2_PLACEMENT_3D('',#8118,#8119,#8120);
#8122=PLANE('',#8121);
#8124=ORIENTED_EDGE('',*,*,#8123,.F.);
#8126=ORIENTED_EDGE('',*,*,#8125,.F.);
#8128=ORIENTED_EDGE('',*,*,#8127,.F.);
#8130=ORIENTED_EDGE('',*,*,#8129,.F.);
#8131=EDGE_LOOP('',(#8124,#8126,#8128,#8130));
#8132=FACE_OUTER_BOUND('',#8131,.F.);
#8134=CARTESIAN_POINT('',(-3.75E-1,0.E0,-2.25E0));
#8135=DIRECTION('',(-1.E0,0.E0,0.E0));
#8136=DIRECTION('',(0.E0,0.E0,1.E0));
#8137=AXIS2_PLACEMENT_3D('',#8134,#8135,#8136);
#8138=PLANE('',#8137);
#8139=ORIENTED_EDGE('',*,*,#8076,.F.);
#8141=ORIENTED_EDGE('',*,*,#8140,.T.);
#8143=ORIENTED_EDGE('',*,*,#8142,.T.);
#8145=ORIENTED_EDGE('',*,*,#8144,.F.);
#8147=ORIENTED_EDGE('',*,*,#8146,.T.);
#8149=ORIENTED_EDGE('',*,*,#8148,.T.);
#8151=ORIENTED_EDGE('',*,*,#8150,.F.);
#8153=ORIENTED_EDGE('',*,*,#8152,.T.);
#8154=EDGE_LOOP('',(#8139,#8141,#8143,#8145,#8147,#8149,#8151,#8153));
#8155=FACE_OUTER_BOUND('',#8154,.F.);
#8157=CARTESIAN_POINT('',(-1.25E-1,0.E0,-2.25E0));
#8158=DIRECTION('',(0.E0,0.E0,-1.E0));
#8159=DIRECTION('',(-1.E0,0.E0,0.E0));
#8160=AXIS2_PLACEMENT_3D('',#8157,#8158,#8159);
#8161=PLANE('',#8160);
#8162=ORIENTED_EDGE('',*,*,#8082,.F.);
#8164=ORIENTED_EDGE('',*,*,#8163,.T.);
#8166=ORIENTED_EDGE('',*,*,#8165,.T.);
#8167=ORIENTED_EDGE('',*,*,#8140,.F.);
#8168=EDGE_LOOP('',(#8162,#8164,#8166,#8167));
#8169=FACE_OUTER_BOUND('',#8168,.F.);
#8171=CARTESIAN_POINT('',(-1.25E-1,0.E0,-2.1E0));
#8172=DIRECTION('',(1.E0,0.E0,0.E0));
#8173=DIRECTION('',(0.E0,0.E0,-1.E0));
#8174=AXIS2_PLACEMENT_3D('',#8171,#8172,#8173);
#8175=PLANE('',#8174);
#8176=ORIENTED_EDGE('',*,*,#8080,.F.);
#8178=ORIENTED_EDGE('',*,*,#8177,.F.);
#8180=ORIENTED_EDGE('',*,*,#8179,.F.);
#8182=ORIENTED_EDGE('',*,*,#8181,.T.);
#8184=ORIENTED_EDGE('',*,*,#8183,.T.);
#8185=ORIENTED_EDGE('',*,*,#8163,.F.);
#8186=EDGE_LOOP('',(#8176,#8178,#8180,#8182,#8184,#8185));
#8187=FACE_OUTER_BOUND('',#8186,.F.);
#8189=CARTESIAN_POINT('',(1.75E0,0.E0,-2.2E0));
#8190=DIRECTION('',(0.E0,0.E0,1.E0));
#8191=DIRECTION('',(0.E0,1.E0,0.E0));
#8192=AXIS2_PLACEMENT_3D('',#8189,#8190,#8191);
#8193=PLANE('',#8192);
#8195=ORIENTED_EDGE('',*,*,#8194,.F.);
#8197=ORIENTED_EDGE('',*,*,#8196,.T.);
#8198=ORIENTED_EDGE('',*,*,#8097,.T.);
#8199=ORIENTED_EDGE('',*,*,#8066,.F.);
#8200=EDGE_LOOP('',(#8195,#8197,#8198,#8199));
#8201=FACE_OUTER_BOUND('',#8200,.F.);
#8203=CARTESIAN_POINT('',(1.75E0,0.E0,-2.2E0));
#8204=DIRECTION('',(0.E0,0.E0,1.E0));
#8205=DIRECTION('',(0.E0,1.E0,0.E0));
#8206=AXIS2_PLACEMENT_3D('',#8203,#8204,#8205);
#8207=PLANE('',#8206);
#8209=ORIENTED_EDGE('',*,*,#8208,.F.);
#8210=ORIENTED_EDGE('',*,*,#8177,.T.);
#8211=ORIENTED_EDGE('',*,*,#8078,.T.);
#8212=ORIENTED_EDGE('',*,*,#8152,.F.);
#8213=EDGE_LOOP('',(#8209,#8210,#8211,#8212));
#8214=FACE_OUTER_BOUND('',#8213,.F.);
#8216=CARTESIAN_POINT('',(0.E0,0.E0,0.E0));
#8217=DIRECTION('',(0.E0,-1.E0,0.E0));
#8218=DIRECTION('',(-1.E0,0.E0,0.E0));
#8219=AXIS2_PLACEMENT_3D('',#8216,#8217,#8218);
#8220=PLANE('',#8219);
#8221=ORIENTED_EDGE('',*,*,#8194,.T.);
#8222=ORIENTED_EDGE('',*,*,#8064,.T.);
#8224=ORIENTED_EDGE('',*,*,#8223,.T.);
#8225=ORIENTED_EDGE('',*,*,#8179,.T.);
#8226=ORIENTED_EDGE('',*,*,#8208,.T.);
#8227=ORIENTED_EDGE('',*,*,#8150,.T.);
#8229=ORIENTED_EDGE('',*,*,#8228,.F.);
#8231=ORIENTED_EDGE('',*,*,#8230,.F.);
#8233=ORIENTED_EDGE('',*,*,#8232,.F.);
#8235=ORIENTED_EDGE('',*,*,#8234,.F.);
#8237=ORIENTED_EDGE('',*,*,#8236,.F.);
#8239=ORIENTED_EDGE('',*,*,#8238,.F.);
#8241=ORIENTED_EDGE('',*,*,#8240,.F.);
#8243=ORIENTED_EDGE('',*,*,#8242,.F.);
#8245=ORIENTED_EDGE('',*,*,#8244,.F.);
#8247=ORIENTED_EDGE('',*,*,#8246,.F.);
#8249=ORIENTED_EDGE('',*,*,#8248,.F.);
#8251=ORIENTED_EDGE('',*,*,#8250,.F.);
#8253=ORIENTED_EDGE('',*,*,#8252,.F.);
#8255=ORIENTED_EDGE('',*,*,#8254,.F.);
#8257=ORIENTED_EDGE('',*,*,#8256,.T.);
#8258=EDGE_LOOP('',(#8221,#8222,#8224,#8225,#8226,#8227,#8229,#8231,#8233,#8235,
#8237,#8239,#8241,#8243,#8245,#8247,#8249,#8251,#8253,#8255,#8257));
#8259=FACE_OUTER_BOUND('',#8258,.F.);
#8261=FILL_AREA_STYLE_COLOUR('',#26);
#8262=FILL_AREA_STYLE('',(#8261));
#8263=SURFACE_STYLE_FILL_AREA(#8262);
#8264=SURFACE_SIDE_STYLE('',(#8263));
#8265=SURFACE_STYLE_USAGE(.POSITIVE.,#8264);
#8266=FILL_AREA_STYLE_COLOUR('',#18);
#8267=FILL_AREA_STYLE('',(#8266));
#8268=SURFACE_STYLE_FILL_AREA(#8267);
#8269=SURFACE_SIDE_STYLE('',(#8268));
#8270=SURFACE_STYLE_USAGE(.NEGATIVE.,#8269);
#8271=PRESENTATION_STYLE_ASSIGNMENT((#8265,#8270));
#8272=OVER_RIDING_STYLED_ITEM('',(#8271),#8260,#7125);
#8273=CARTESIAN_POINT('',(1.25E-1,0.E0,-2.1E0));
#8274=DIRECTION('',(0.E0,0.E0,-1.E0));
#8275=DIRECTION('',(-1.E0,0.E0,0.E0));
#8276=AXIS2_PLACEMENT_3D('',#8273,#8274,#8275);
#8277=PLANE('',#8276);
#8278=ORIENTED_EDGE('',*,*,#8223,.F.);
#8279=ORIENTED_EDGE('',*,*,#8062,.T.);
#8281=ORIENTED_EDGE('',*,*,#8280,.T.);
#8282=ORIENTED_EDGE('',*,*,#8181,.F.);
#8283=EDGE_LOOP('',(#8278,#8279,#8281,#8282));
#8284=FACE_OUTER_BOUND('',#8283,.F.);
#8286=CARTESIAN_POINT('',(0.E0,2.E-1,0.E0));
#8287=DIRECTION('',(0.E0,1.E0,0.E0));
#8288=DIRECTION('',(1.E0,0.E0,0.E0));
#8289=AXIS2_PLACEMENT_3D('',#8286,#8287,#8288);
#8290=PLANE('',#8289);
#8292=ORIENTED_EDGE('',*,*,#8291,.F.);
#8294=ORIENTED_EDGE('',*,*,#8293,.T.);
#8296=ORIENTED_EDGE('',*,*,#8295,.T.);
#8298=ORIENTED_EDGE('',*,*,#8297,.T.);
#8300=ORIENTED_EDGE('',*,*,#8299,.T.);
#8302=ORIENTED_EDGE('',*,*,#8301,.T.);
#8304=ORIENTED_EDGE('',*,*,#8303,.T.);
#8306=ORIENTED_EDGE('',*,*,#8305,.T.);
#8308=ORIENTED_EDGE('',*,*,#8307,.F.);
#8310=ORIENTED_EDGE('',*,*,#8309,.F.);
#8312=ORIENTED_EDGE('',*,*,#8311,.F.);
#8313=ORIENTED_EDGE('',*,*,#8142,.F.);
#8314=ORIENTED_EDGE('',*,*,#8165,.F.);
#8315=ORIENTED_EDGE('',*,*,#8183,.F.);
#8316=ORIENTED_EDGE('',*,*,#8280,.F.);
#8317=ORIENTED_EDGE('',*,*,#8060,.F.);
#8319=ORIENTED_EDGE('',*,*,#8318,.F.);
#8321=ORIENTED_EDGE('',*,*,#8320,.F.);
#8323=ORIENTED_EDGE('',*,*,#8322,.F.);
#8325=ORIENTED_EDGE('',*,*,#8324,.F.);
#8326=EDGE_LOOP('',(#8292,#8294,#8296,#8298,#8300,#8302,#8304,#8306,#8308,#8310,
#8312,#8313,#8314,#8315,#8316,#8317,#8319,#8321,#8323,#8325));
#8327=FACE_OUTER_BOUND('',#8326,.F.);
#8329=CARTESIAN_POINT('',(-1.2E0,1.E-1,1.7E0));
#8330=DIRECTION('',(0.E0,0.E0,1.E0));
#8331=DIRECTION('',(1.E0,0.E0,0.E0));
#8332=AXIS2_PLACEMENT_3D('',#8329,#8330,#8331);
#8333=PLANE('',#8332);
#8335=ORIENTED_EDGE('',*,*,#8334,.F.);
#8337=ORIENTED_EDGE('',*,*,#8336,.F.);
#8339=ORIENTED_EDGE('',*,*,#8338,.T.);
#8340=ORIENTED_EDGE('',*,*,#8307,.T.);
#8341=EDGE_LOOP('',(#8335,#8337,#8339,#8340));
#8342=FACE_OUTER_BOUND('',#8341,.F.);
#8344=CARTESIAN_POINT('',(-1.2E0,1.E-1,1.7E0));
#8345=DIRECTION('',(0.E0,0.E0,1.E0));
#8346=DIRECTION('',(1.E0,0.E0,0.E0));
#8347=AXIS2_PLACEMENT_3D('',#8344,#8345,#8346);
#8348=PLANE('',#8347);
#8350=ORIENTED_EDGE('',*,*,#8349,.T.);
#8351=ORIENTED_EDGE('',*,*,#8291,.T.);
#8353=ORIENTED_EDGE('',*,*,#8352,.F.);
#8355=ORIENTED_EDGE('',*,*,#8354,.F.);
#8356=EDGE_LOOP('',(#8350,#8351,#8353,#8355));
#8357=FACE_OUTER_BOUND('',#8356,.F.);
#8359=CARTESIAN_POINT('',(-3.75E-1,0.E0,2.25E0));
#8360=DIRECTION('',(1.E0,0.E0,0.E0));
#8361=DIRECTION('',(0.E0,0.E0,-1.E0));
#8362=AXIS2_PLACEMENT_3D('',#8359,#8360,#8361);
#8363=PLANE('',#8362);
#8364=ORIENTED_EDGE('',*,*,#8107,.T.);
#8366=ORIENTED_EDGE('',*,*,#8365,.F.);
#8367=ORIENTED_EDGE('',*,*,#8236,.T.);
#8369=ORIENTED_EDGE('',*,*,#8368,.F.);
#8371=ORIENTED_EDGE('',*,*,#8370,.F.);
#8372=ORIENTED_EDGE('',*,*,#8334,.T.);
#8373=ORIENTED_EDGE('',*,*,#8305,.F.);
#8375=ORIENTED_EDGE('',*,*,#8374,.F.);
#8376=EDGE_LOOP('',(#8364,#8366,#8367,#8369,#8371,#8372,#8373,#8375));
#8377=FACE_OUTER_BOUND('',#8376,.F.);
#8379=CARTESIAN_POINT('',(-1.75E0,0.E0,2.2E0));
#8380=DIRECTION('',(0.E0,0.E0,-1.E0));
#8381=DIRECTION('',(0.E0,1.E0,0.E0));
#8382=AXIS2_PLACEMENT_3D('',#8379,#8380,#8381);
#8383=PLANE('',#8382);
#8384=ORIENTED_EDGE('',*,*,#8365,.T.);
#8385=ORIENTED_EDGE('',*,*,#8113,.T.);
#8387=ORIENTED_EDGE('',*,*,#8386,.F.);
#8388=ORIENTED_EDGE('',*,*,#8238,.T.);
#8389=EDGE_LOOP('',(#8384,#8385,#8387,#8388));
#8390=FACE_OUTER_BOUND('',#8389,.F.);
#8392=CARTESIAN_POINT('',(-1.75E0,0.E0,2.2E0));
#8393=DIRECTION('',(0.E0,0.E0,-1.E0));
#8394=DIRECTION('',(0.E0,1.E0,0.E0));
#8395=AXIS2_PLACEMENT_3D('',#8392,#8393,#8394);
#8396=PLANE('',#8395);
#8398=ORIENTED_EDGE('',*,*,#8397,.F.);
#8399=ORIENTED_EDGE('',*,*,#8246,.T.);
#8401=ORIENTED_EDGE('',*,*,#8400,.T.);
#8402=ORIENTED_EDGE('',*,*,#8125,.T.);
#8403=EDGE_LOOP('',(#8398,#8399,#8401,#8402));
#8404=FACE_OUTER_BOUND('',#8403,.F.);
#8406=CARTESIAN_POINT('',(-1.25E-1,0.E0,2.1E0));
#8407=DIRECTION('',(-1.E0,0.E0,0.E0));
#8408=DIRECTION('',(0.E0,0.E0,1.E0));
#8409=AXIS2_PLACEMENT_3D('',#8406,#8407,#8408);
#8410=PLANE('',#8409);
#8411=ORIENTED_EDGE('',*,*,#8111,.T.);
#8413=ORIENTED_EDGE('',*,*,#8412,.T.);
#8414=ORIENTED_EDGE('',*,*,#8301,.F.);
#8416=ORIENTED_EDGE('',*,*,#8415,.F.);
#8417=ORIENTED_EDGE('',*,*,#8240,.T.);
#8418=ORIENTED_EDGE('',*,*,#8386,.T.);
#8419=EDGE_LOOP('',(#8411,#8413,#8414,#8416,#8417,#8418));
#8420=FACE_OUTER_BOUND('',#8419,.F.);
#8422=CARTESIAN_POINT('',(-1.25E-1,0.E0,2.25E0));
#8423=DIRECTION('',(0.E0,0.E0,-1.E0));
#8424=DIRECTION('',(-1.E0,0.E0,0.E0));
#8425=AXIS2_PLACEMENT_3D('',#8422,#8423,#8424);
#8426=PLANE('',#8425);
#8427=ORIENTED_EDGE('',*,*,#8109,.T.);
#8428=ORIENTED_EDGE('',*,*,#8374,.T.);
#8429=ORIENTED_EDGE('',*,*,#8303,.F.);
#8430=ORIENTED_EDGE('',*,*,#8412,.F.);
#8431=EDGE_LOOP('',(#8427,#8428,#8429,#8430));
#8432=FACE_OUTER_BOUND('',#8431,.F.);
#8434=CARTESIAN_POINT('',(1.25E-1,0.E0,2.1E0));
#8435=DIRECTION('',(0.E0,0.E0,-1.E0));
#8436=DIRECTION('',(-1.E0,0.E0,0.E0));
#8437=AXIS2_PLACEMENT_3D('',#8434,#8435,#8436);
#8438=PLANE('',#8437);
#8439=ORIENTED_EDGE('',*,*,#8242,.T.);
#8440=ORIENTED_EDGE('',*,*,#8415,.T.);
#8441=ORIENTED_EDGE('',*,*,#8299,.F.);
#8443=ORIENTED_EDGE('',*,*,#8442,.F.);
#8444=EDGE_LOOP('',(#8439,#8440,#8441,#8443));
#8445=FACE_OUTER_BOUND('',#8444,.F.);
#8447=CARTESIAN_POINT('',(1.25E-1,0.E0,2.25E0));
#8448=DIRECTION('',(1.E0,0.E0,0.E0));
#8449=DIRECTION('',(0.E0,0.E0,-1.E0));
#8450=AXIS2_PLACEMENT_3D('',#8447,#8448,#8449);
#8451=PLANE('',#8450);
#8452=ORIENTED_EDGE('',*,*,#8127,.T.);
#8453=ORIENTED_EDGE('',*,*,#8400,.F.);
#8454=ORIENTED_EDGE('',*,*,#8244,.T.);
#8455=ORIENTED_EDGE('',*,*,#8442,.T.);
#8456=ORIENTED_EDGE('',*,*,#8297,.F.);
#8458=ORIENTED_EDGE('',*,*,#8457,.F.);
#8459=EDGE_LOOP('',(#8452,#8453,#8454,#8455,#8456,#8458));
#8460=FACE_OUTER_BOUND('',#8459,.F.);
#8462=CARTESIAN_POINT('',(3.75E-1,0.E0,2.25E0));
#8463=DIRECTION('',(0.E0,0.E0,-1.E0));
#8464=DIRECTION('',(-1.E0,0.E0,0.E0));
#8465=AXIS2_PLACEMENT_3D('',#8462,#8463,#8464);
#8466=PLANE('',#8465);
#8467=ORIENTED_EDGE('',*,*,#8129,.T.);
#8468=ORIENTED_EDGE('',*,*,#8457,.T.);
#8469=ORIENTED_EDGE('',*,*,#8295,.F.);
#8471=ORIENTED_EDGE('',*,*,#8470,.F.);
#8472=EDGE_LOOP('',(#8467,#8468,#8469,#8471));
#8473=FACE_OUTER_BOUND('',#8472,.F.);
#8475=CARTESIAN_POINT('',(3.75E-1,0.E0,1.6E0));
#8476=DIRECTION('',(-1.E0,0.E0,0.E0));
#8477=DIRECTION('',(0.E0,0.E0,1.E0));
#8478=AXIS2_PLACEMENT_3D('',#8475,#8476,#8477);
#8479=PLANE('',#8478);
#8480=ORIENTED_EDGE('',*,*,#8123,.T.);
#8481=ORIENTED_EDGE('',*,*,#8470,.T.);
#8482=ORIENTED_EDGE('',*,*,#8293,.F.);
#8483=ORIENTED_EDGE('',*,*,#8349,.F.);
#8485=ORIENTED_EDGE('',*,*,#8484,.T.);
#8487=ORIENTED_EDGE('',*,*,#8486,.T.);
#8488=ORIENTED_EDGE('',*,*,#8248,.T.);
#8489=ORIENTED_EDGE('',*,*,#8397,.T.);
#8490=EDGE_LOOP('',(#8480,#8481,#8482,#8483,#8485,#8487,#8488,#8489));
#8491=FACE_OUTER_BOUND('',#8490,.F.);
#8493=CARTESIAN_POINT('',(0.E0,1.E-1,0.E0));
#8494=DIRECTION('',(0.E0,1.E0,0.E0));
#8495=DIRECTION('',(1.E0,0.E0,0.E0));
#8496=AXIS2_PLACEMENT_3D('',#8493,#8494,#8495);
#8497=PLANE('',#8496);
#8498=ORIENTED_EDGE('',*,*,#8336,.T.);
#8499=ORIENTED_EDGE('',*,*,#8370,.T.);
#8501=ORIENTED_EDGE('',*,*,#8500,.T.);
#8503=ORIENTED_EDGE('',*,*,#8502,.T.);
#8505=ORIENTED_EDGE('',*,*,#8504,.F.);
#8507=ORIENTED_EDGE('',*,*,#8506,.T.);
#8508=ORIENTED_EDGE('',*,*,#8146,.F.);
#8510=ORIENTED_EDGE('',*,*,#8509,.T.);
#8512=ORIENTED_EDGE('',*,*,#8511,.T.);
#8513=EDGE_LOOP('',(#8498,#8499,#8501,#8503,#8505,#8507,#8508,#8510,#8512));
#8514=FACE_OUTER_BOUND('',#8513,.F.);
#8516=CARTESIAN_POINT('',(0.E0,1.E-1,0.E0));
#8517=DIRECTION('',(0.E0,1.E0,0.E0));
#8518=DIRECTION('',(1.E0,0.E0,0.E0));
#8519=AXIS2_PLACEMENT_3D('',#8516,#8517,#8518);
#8520=PLANE('',#8519);
#8521=ORIENTED_EDGE('',*,*,#8354,.T.);
#8523=ORIENTED_EDGE('',*,*,#8522,.T.);
#8525=ORIENTED_EDGE('',*,*,#8524,.T.);
#8527=ORIENTED_EDGE('',*,*,#8526,.T.);
#8529=ORIENTED_EDGE('',*,*,#8528,.T.);
#8531=ORIENTED_EDGE('',*,*,#8530,.T.);
#8533=ORIENTED_EDGE('',*,*,#8532,.T.);
#8534=ORIENTED_EDGE('',*,*,#8484,.F.);
#8535=EDGE_LOOP('',(#8521,#8523,#8525,#8527,#8529,#8531,#8533,#8534));
#8536=FACE_OUTER_BOUND('',#8535,.F.);
#8538=CARTESIAN_POINT('',(1.1E0,1.E-1,1.6E0));
#8539=DIRECTION('',(0.E0,0.E0,1.E0));
#8540=DIRECTION('',(-1.E0,0.E0,0.E0));
#8541=AXIS2_PLACEMENT_3D('',#8538,#8539,#8540);
#8542=PLANE('',#8541);
#8543=ORIENTED_EDGE('',*,*,#8368,.T.);
#8544=ORIENTED_EDGE('',*,*,#8234,.T.);
#8546=ORIENTED_EDGE('',*,*,#8545,.F.);
#8547=ORIENTED_EDGE('',*,*,#8500,.F.);
#8548=EDGE_LOOP('',(#8543,#8544,#8546,#8547));
#8549=FACE_OUTER_BOUND('',#8548,.F.);
#8551=CARTESIAN_POINT('',(1.1E0,1.E-1,1.6E0));
#8552=DIRECTION('',(0.E0,0.E0,1.E0));
#8553=DIRECTION('',(-1.E0,0.E0,0.E0));
#8554=AXIS2_PLACEMENT_3D('',#8551,#8552,#8553);
#8555=PLANE('',#8554);
#8556=ORIENTED_EDGE('',*,*,#8486,.F.);
#8557=ORIENTED_EDGE('',*,*,#8532,.F.);
#8559=ORIENTED_EDGE('',*,*,#8558,.T.);
#8560=ORIENTED_EDGE('',*,*,#8250,.T.);
#8561=EDGE_LOOP('',(#8556,#8557,#8559,#8560));
#8562=FACE_OUTER_BOUND('',#8561,.F.);
#8564=CARTESIAN_POINT('',(-1.1E0,1.E-1,1.6E0));
#8565=DIRECTION('',(-1.E0,0.E0,0.E0));
#8566=DIRECTION('',(0.E0,0.E0,-1.E0));
#8567=AXIS2_PLACEMENT_3D('',#8564,#8565,#8566);
#8568=PLANE('',#8567);
#8570=ORIENTED_EDGE('',*,*,#8569,.T.);
#8571=ORIENTED_EDGE('',*,*,#8502,.F.);
#8572=ORIENTED_EDGE('',*,*,#8545,.T.);
#8573=ORIENTED_EDGE('',*,*,#8232,.T.);
#8574=EDGE_LOOP('',(#8570,#8571,#8572,#8573));
#8575=FACE_OUTER_BOUND('',#8574,.F.);
#8577=CARTESIAN_POINT('',(-9.25E-1,5.E-2,-1.425E0));
#8578=DIRECTION('',(-7.071067811865E-1,0.E0,-7.071067811865E-1));
#8579=DIRECTION('',(-7.071067811865E-1,0.E0,7.071067811865E-1));
#8580=AXIS2_PLACEMENT_3D('',#8577,#8578,#8579);
#8581=PLANE('',#8580);
#8582=ORIENTED_EDGE('',*,*,#8569,.F.);
#8583=ORIENTED_EDGE('',*,*,#8230,.T.);
#8585=ORIENTED_EDGE('',*,*,#8584,.T.);
#8586=ORIENTED_EDGE('',*,*,#8504,.T.);
#8587=EDGE_LOOP('',(#8582,#8583,#8585,#8586));
#8588=FACE_OUTER_BOUND('',#8587,.F.);
#8590=CARTESIAN_POINT('',(-1.1E0,1.E-1,-1.6E0));
#8591=DIRECTION('',(0.E0,0.E0,-1.E0));
#8592=DIRECTION('',(1.E0,0.E0,0.E0));
#8593=AXIS2_PLACEMENT_3D('',#8590,#8591,#8592);
#8594=PLANE('',#8593);
#8595=ORIENTED_EDGE('',*,*,#8148,.F.);
#8596=ORIENTED_EDGE('',*,*,#8506,.F.);
#8597=ORIENTED_EDGE('',*,*,#8584,.F.);
#8598=ORIENTED_EDGE('',*,*,#8228,.T.);
#8599=EDGE_LOOP('',(#8595,#8596,#8597,#8598));
#8600=FACE_OUTER_BOUND('',#8599,.F.);
#8602=CARTESIAN_POINT('',(-1.1E0,1.E-1,-1.6E0));
#8603=DIRECTION('',(0.E0,0.E0,-1.E0));
#8604=DIRECTION('',(1.E0,0.E0,0.E0));
#8605=AXIS2_PLACEMENT_3D('',#8602,#8603,#8604);
#8606=PLANE('',#8605);
#8608=ORIENTED_EDGE('',*,*,#8607,.F.);
#8609=ORIENTED_EDGE('',*,*,#8254,.T.);
#8611=ORIENTED_EDGE('',*,*,#8610,.F.);
#8612=ORIENTED_EDGE('',*,*,#8528,.F.);
#8613=EDGE_LOOP('',(#8608,#8609,#8611,#8612));
#8614=FACE_OUTER_BOUND('',#8613,.F.);
#8616=CARTESIAN_POINT('',(3.75E-1,0.E0,-1.6E0));
#8617=DIRECTION('',(1.E0,0.E0,0.E0));
#8618=DIRECTION('',(0.E0,0.E0,-1.E0));
#8619=AXIS2_PLACEMENT_3D('',#8616,#8617,#8618);
#8620=PLANE('',#8619);
#8621=ORIENTED_EDGE('',*,*,#8092,.F.);
#8622=ORIENTED_EDGE('',*,*,#8196,.F.);
#8623=ORIENTED_EDGE('',*,*,#8256,.F.);
#8624=ORIENTED_EDGE('',*,*,#8607,.T.);
#8625=ORIENTED_EDGE('',*,*,#8526,.F.);
#8627=ORIENTED_EDGE('',*,*,#8626,.T.);
#8628=ORIENTED_EDGE('',*,*,#8320,.T.);
#8630=ORIENTED_EDGE('',*,*,#8629,.F.);
#8631=EDGE_LOOP('',(#8621,#8622,#8623,#8624,#8625,#8627,#8628,#8630));
#8632=FACE_OUTER_BOUND('',#8631,.F.);
#8634=CARTESIAN_POINT('',(1.2E0,1.E-1,-1.7E0));
#8635=DIRECTION('',(0.E0,0.E0,-1.E0));
#8636=DIRECTION('',(-1.E0,0.E0,0.E0));
#8637=AXIS2_PLACEMENT_3D('',#8634,#8635,#8636);
#8638=PLANE('',#8637);
#8639=ORIENTED_EDGE('',*,*,#8524,.F.);
#8641=ORIENTED_EDGE('',*,*,#8640,.T.);
#8642=ORIENTED_EDGE('',*,*,#8322,.T.);
#8643=ORIENTED_EDGE('',*,*,#8626,.F.);
#8644=EDGE_LOOP('',(#8639,#8641,#8642,#8643));
#8645=FACE_OUTER_BOUND('',#8644,.F.);
#8647=CARTESIAN_POINT('',(1.2E0,1.E-1,-1.7E0));
#8648=DIRECTION('',(0.E0,0.E0,-1.E0));
#8649=DIRECTION('',(-1.E0,0.E0,0.E0));
#8650=AXIS2_PLACEMENT_3D('',#8647,#8648,#8649);
#8651=PLANE('',#8650);
#8652=ORIENTED_EDGE('',*,*,#8509,.F.);
#8653=ORIENTED_EDGE('',*,*,#8144,.T.);
#8654=ORIENTED_EDGE('',*,*,#8311,.T.);
#8656=ORIENTED_EDGE('',*,*,#8655,.F.);
#8657=EDGE_LOOP('',(#8652,#8653,#8654,#8656));
#8658=FACE_OUTER_BOUND('',#8657,.F.);
#8660=CARTESIAN_POINT('',(1.2E0,1.E-1,1.7E0));
#8661=DIRECTION('',(1.E0,0.E0,0.E0));
#8662=DIRECTION('',(0.E0,0.E0,-1.E0));
#8663=AXIS2_PLACEMENT_3D('',#8660,#8661,#8662);
#8664=PLANE('',#8663);
#8665=ORIENTED_EDGE('',*,*,#8522,.F.);
#8666=ORIENTED_EDGE('',*,*,#8352,.T.);
#8667=ORIENTED_EDGE('',*,*,#8324,.T.);
#8668=ORIENTED_EDGE('',*,*,#8640,.F.);
#8669=EDGE_LOOP('',(#8665,#8666,#8667,#8668));
#8670=FACE_OUTER_BOUND('',#8669,.F.);
#8672=CARTESIAN_POINT('',(-1.2E0,1.E-1,-1.7E0));
#8673=DIRECTION('',(-1.E0,0.E0,0.E0));
#8674=DIRECTION('',(0.E0,0.E0,1.E0));
#8675=AXIS2_PLACEMENT_3D('',#8672,#8673,#8674);
#8676=PLANE('',#8675);
#8677=ORIENTED_EDGE('',*,*,#8511,.F.);
#8678=ORIENTED_EDGE('',*,*,#8655,.T.);
#8679=ORIENTED_EDGE('',*,*,#8309,.T.);
#8680=ORIENTED_EDGE('',*,*,#8338,.F.);
#8681=EDGE_LOOP('',(#8677,#8678,#8679,#8680));
#8682=FACE_OUTER_BOUND('',#8681,.F.);
#8684=CARTESIAN_POINT('',(3.75E-1,0.E0,-2.25E0));
#8685=DIRECTION('',(0.E0,0.E0,-1.E0));
#8686=DIRECTION('',(-1.E0,0.E0,0.E0));
#8687=AXIS2_PLACEMENT_3D('',#8684,#8685,#8686);
#8688=PLANE('',#8687);
#8689=ORIENTED_EDGE('',*,*,#8094,.F.);
#8690=ORIENTED_EDGE('',*,*,#8629,.T.);
#8691=ORIENTED_EDGE('',*,*,#8318,.T.);
#8692=ORIENTED_EDGE('',*,*,#8058,.F.);
#8693=EDGE_LOOP('',(#8689,#8690,#8691,#8692));
#8694=FACE_OUTER_BOUND('',#8693,.F.);
#8696=CARTESIAN_POINT('',(1.1E0,1.E-1,-1.6E0));
#8697=DIRECTION('',(1.E0,0.E0,0.E0));
#8698=DIRECTION('',(0.E0,0.E0,1.E0));
#8699=AXIS2_PLACEMENT_3D('',#8696,#8697,#8698);
#8700=PLANE('',#8699);
#8701=ORIENTED_EDGE('',*,*,#8530,.F.);
#8702=ORIENTED_EDGE('',*,*,#8610,.T.);
#8703=ORIENTED_EDGE('',*,*,#8252,.T.);
#8704=ORIENTED_EDGE('',*,*,#8558,.F.);
#8705=EDGE_LOOP('',(#8701,#8702,#8703,#8704));
#8706=FACE_OUTER_BOUND('',#8705,.F.);
#8708=CLOSED_SHELL('',(#8070,#8086,#8101,#8117,#8133,#8156,#8170,#8188,#8202,
#8215,#8260,#8285,#8328,#8343,#8358,#8378,#8391,#8405,#8421,#8433,#8446,#8461,
#8474,#8492,#8515,#8537,#8550,#8563,#8576,#8589,#8601,#8615,#8633,#8646,#8659,
#8671,#8683,#8695,#8707));
#8709=MANIFOLD_SOLID_BREP('',#8708);
#8710=FILL_AREA_STYLE_COLOUR('',#18);
#8711=FILL_AREA_STYLE('',(#8710));
#8712=SURFACE_STYLE_FILL_AREA(#8711);
#8713=SURFACE_SIDE_STYLE('',(#8712));
#8714=SURFACE_STYLE_USAGE(.BOTH.,#8713);
#8715=PRESENTATION_STYLE_ASSIGNMENT((#8714));
#7125=STYLED_ITEM('',(#8715),#8709);
#8717=DIRECTION('',(0.E0,0.E0,-1.E0));
#8718=VECTOR('',#8717,2.5E-1);
#8719=CARTESIAN_POINT('',(1.7E0,0.E0,1.875E0));
#8720=LINE('',#8719,#8718);
#8721=CURVE_STYLE('',#33,POSITIVE_LENGTH_MEASURE(2.E-2),#18);
#8722=PRESENTATION_STYLE_ASSIGNMENT((#8721));
#8723=STYLED_ITEM('',(#8722),#8720);
#8724=DIRECTION('',(-1.E0,0.E0,0.E0));
#8725=VECTOR('',#8724,2.25E-1);
#8726=CARTESIAN_POINT('',(1.7E0,0.E0,1.625E0));
#8727=LINE('',#8726,#8725);
#8728=CURVE_STYLE('',#33,POSITIVE_LENGTH_MEASURE(2.E-2),#18);
#8729=PRESENTATION_STYLE_ASSIGNMENT((#8728));
#8730=STYLED_ITEM('',(#8729),#8727);
#8731=CARTESIAN_POINT('',(1.475E0,0.E0,1.75E0));
#8732=DIRECTION('',(0.E0,1.E0,0.E0));
#8733=DIRECTION('',(0.E0,0.E0,-1.E0));
#8734=AXIS2_PLACEMENT_3D('',#8731,#8732,#8733);
#8736=CURVE_STYLE('',#33,POSITIVE_LENGTH_MEASURE(2.E-2),#18);
#8737=PRESENTATION_STYLE_ASSIGNMENT((#8736));
#8738=STYLED_ITEM('',(#8737),#8735);
#8739=DIRECTION('',(1.E0,0.E0,0.E0));
#8740=VECTOR('',#8739,2.25E-1);
#8741=CARTESIAN_POINT('',(1.475E0,0.E0,1.875E0));
#8742=LINE('',#8741,#8740);
#8743=CURVE_STYLE('',#33,POSITIVE_LENGTH_MEASURE(2.E-2),#18);
#8744=PRESENTATION_STYLE_ASSIGNMENT((#8743));
#8745=STYLED_ITEM('',(#8744),#8742);
#8746=DIRECTION('',(0.E0,0.E0,1.E0));
#8747=VECTOR('',#8746,2.5E-1);
#8748=CARTESIAN_POINT('',(1.7E0,1.E-1,1.625E0));
#8749=LINE('',#8748,#8747);
#8750=CURVE_STYLE('',#33,POSITIVE_LENGTH_MEASURE(2.E-2),#18);
#8751=PRESENTATION_STYLE_ASSIGNMENT((#8750));
#8752=STYLED_ITEM('',(#8751),#8749);
#8753=DIRECTION('',(1.E0,0.E0,0.E0));
#8754=VECTOR('',#8753,5.E-2);
#8755=CARTESIAN_POINT('',(1.7E0,1.E-1,1.875E0));
#8756=LINE('',#8755,#8754);
#8757=CURVE_STYLE('',#33,POSITIVE_LENGTH_MEASURE(2.E-2),#18);
#8758=PRESENTATION_STYLE_ASSIGNMENT((#8757));
#8759=STYLED_ITEM('',(#8758),#8756);
#8760=DIRECTION('',(0.E0,1.E0,0.E0));
#8761=VECTOR('',#8760,1.E-1);
#8762=CARTESIAN_POINT('',(1.7E0,0.E0,1.875E0));
#8763=LINE('',#8762,#8761);
#8764=CURVE_STYLE('',#33,POSITIVE_LENGTH_MEASURE(2.E-2),#18);
#8765=PRESENTATION_STYLE_ASSIGNMENT((#8764));
#8766=STYLED_ITEM('',(#8765),#8763);
#8767=DIRECTION('',(0.E0,1.E0,0.E0));
#8768=VECTOR('',#8767,2.E-1);
#8769=CARTESIAN_POINT('',(1.475E0,0.E0,1.875E0));
#8770=LINE('',#8769,#8768);
#8771=CURVE_STYLE('',#33,POSITIVE_LENGTH_MEASURE(2.E-2),#18);
#8772=PRESENTATION_STYLE_ASSIGNMENT((#8771));
#8773=STYLED_ITEM('',(#8772),#8770);
#8774=DIRECTION('',(0.E0,1.E0,0.E0));
#8775=VECTOR('',#8774,2.E-1);
#8776=CARTESIAN_POINT('',(1.475E0,0.E0,1.625E0));
#8777=LINE('',#8776,#8775);
#8778=CURVE_STYLE('',#33,POSITIVE_LENGTH_MEASURE(2.E-2),#18);
#8779=PRESENTATION_STYLE_ASSIGNMENT((#8778));
#8780=STYLED_ITEM('',(#8779),#8777);
#8781=DIRECTION('',(-1.E0,0.E0,0.E0));
#8782=VECTOR('',#8781,5.E-2);
#8783=CARTESIAN_POINT('',(1.75E0,1.E-1,1.625E0));
#8784=LINE('',#8783,#8782);
#8785=CURVE_STYLE('',#33,POSITIVE_LENGTH_MEASURE(2.E-2),#18);
#8786=PRESENTATION_STYLE_ASSIGNMENT((#8785));
#8787=STYLED_ITEM('',(#8786),#8784);
#8788=DIRECTION('',(0.E0,1.E0,0.E0));
#8789=VECTOR('',#8788,1.E-1);
#8790=CARTESIAN_POINT('',(1.75E0,1.E-1,1.625E0));
#8791=LINE('',#8790,#8789);
#8792=CURVE_STYLE('',#33,POSITIVE_LENGTH_MEASURE(2.E-2),#18);
#8793=PRESENTATION_STYLE_ASSIGNMENT((#8792));
#8794=STYLED_ITEM('',(#8793),#8791);
#8795=DIRECTION('',(0.E0,1.E0,0.E0));
#8796=VECTOR('',#8795,1.E-1);
#8797=CARTESIAN_POINT('',(1.7E0,0.E0,1.625E0));
#8798=LINE('',#8797,#8796);
#8799=CURVE_STYLE('',#33,POSITIVE_LENGTH_MEASURE(2.E-2),#18);
#8800=PRESENTATION_STYLE_ASSIGNMENT((#8799));
#8801=STYLED_ITEM('',(#8800),#8798);
#8802=DIRECTION('',(0.E0,0.E0,-1.E0));
#8803=VECTOR('',#8802,2.5E-1);
#8804=CARTESIAN_POINT('',(1.75E0,1.E-1,1.875E0));
#8805=LINE('',#8804,#8803);
#8806=CURVE_STYLE('',#33,POSITIVE_LENGTH_MEASURE(2.E-2),#18);
#8807=PRESENTATION_STYLE_ASSIGNMENT((#8806));
#8808=STYLED_ITEM('',(#8807),#8805);
#8809=DIRECTION('',(0.E0,1.E0,0.E0));
#8810=VECTOR('',#8809,1.E-1);
#8811=CARTESIAN_POINT('',(1.75E0,1.E-1,1.875E0));
#8812=LINE('',#8811,#8810);
#8813=CURVE_STYLE('',#33,POSITIVE_LENGTH_MEASURE(2.E-2),#18);
#8814=PRESENTATION_STYLE_ASSIGNMENT((#8813));
#8815=STYLED_ITEM('',(#8814),#8812);
#8816=DIRECTION('',(-1.E0,0.E0,0.E0));
#8817=VECTOR('',#8816,2.75E-1);
#8818=CARTESIAN_POINT('',(1.75E0,2.E-1,1.625E0));
#8819=LINE('',#8818,#8817);
#8820=CURVE_STYLE('',#33,POSITIVE_LENGTH_MEASURE(2.E-2),#18);
#8821=PRESENTATION_STYLE_ASSIGNMENT((#8820));
#8822=STYLED_ITEM('',(#8821),#8819);
#8823=DIRECTION('',(0.E0,0.E0,-1.E0));
#8824=VECTOR('',#8823,2.5E-1);
#8825=CARTESIAN_POINT('',(1.75E0,2.E-1,1.875E0));
#8826=LINE('',#8825,#8824);
#8827=CURVE_STYLE('',#33,POSITIVE_LENGTH_MEASURE(2.E-2),#18);
#8828=PRESENTATION_STYLE_ASSIGNMENT((#8827));
#8829=STYLED_ITEM('',(#8828),#8826);
#8830=DIRECTION('',(1.E0,0.E0,0.E0));
#8831=VECTOR('',#8830,2.75E-1);
#8832=CARTESIAN_POINT('',(1.475E0,2.E-1,1.875E0));
#8833=LINE('',#8832,#8831);
#8834=CURVE_STYLE('',#33,POSITIVE_LENGTH_MEASURE(2.E-2),#18);
#8835=PRESENTATION_STYLE_ASSIGNMENT((#8834));
#8836=STYLED_ITEM('',(#8835),#8833);
#8837=CARTESIAN_POINT('',(1.475E0,2.E-1,1.75E0));
#8838=DIRECTION('',(0.E0,1.E0,0.E0));
#8839=DIRECTION('',(0.E0,0.E0,-1.E0));
#8840=AXIS2_PLACEMENT_3D('',#8837,#8838,#8839);
#8842=CURVE_STYLE('',#33,POSITIVE_LENGTH_MEASURE(2.E-2),#18);
#8843=PRESENTATION_STYLE_ASSIGNMENT((#8842));
#8844=STYLED_ITEM('',(#8843),#8841);
#8845=CARTESIAN_POINT('',(1.475E0,0.E0,1.625E0));
#8846=CARTESIAN_POINT('',(1.475E0,0.E0,1.875E0));
#8847=VERTEX_POINT('',#8845);
#8848=VERTEX_POINT('',#8846);
#8849=CARTESIAN_POINT('',(1.75E0,2.E-1,1.625E0));
#8850=CARTESIAN_POINT('',(1.475E0,2.E-1,1.625E0));
#8851=VERTEX_POINT('',#8849);
#8852=VERTEX_POINT('',#8850);
#8853=CARTESIAN_POINT('',(1.475E0,2.E-1,1.875E0));
#8854=VERTEX_POINT('',#8853);
#8855=CARTESIAN_POINT('',(1.75E0,2.E-1,1.875E0));
#8856=VERTEX_POINT('',#8855);
#8857=CARTESIAN_POINT('',(1.7E0,1.E-1,1.625E0));
#8858=CARTESIAN_POINT('',(1.7E0,1.E-1,1.875E0));
#8859=VERTEX_POINT('',#8857);
#8860=VERTEX_POINT('',#8858);
#8861=CARTESIAN_POINT('',(1.7E0,0.E0,1.875E0));
#8862=CARTESIAN_POINT('',(1.7E0,0.E0,1.625E0));
#8863=VERTEX_POINT('',#8861);
#8864=VERTEX_POINT('',#8862);
#8865=CARTESIAN_POINT('',(1.75E0,1.E-1,1.625E0));
#8866=VERTEX_POINT('',#8865);
#8867=CARTESIAN_POINT('',(1.75E0,1.E-1,1.875E0));
#8868=VERTEX_POINT('',#8867);
#8869=CARTESIAN_POINT('',(0.E0,0.E0,0.E0));
#8870=DIRECTION('',(0.E0,1.E0,0.E0));
#8871=DIRECTION('',(1.E0,0.E0,0.E0));
#8872=AXIS2_PLACEMENT_3D('',#8869,#8870,#8871);
#8873=PLANE('',#8872);
#8875=ORIENTED_EDGE('',*,*,#8874,.T.);
#8877=ORIENTED_EDGE('',*,*,#8876,.T.);
#8879=ORIENTED_EDGE('',*,*,#8878,.T.);
#8881=ORIENTED_EDGE('',*,*,#8880,.T.);
#8882=EDGE_LOOP('',(#8875,#8877,#8879,#8881));
#8883=FACE_OUTER_BOUND('',#8882,.F.);
#8885=FILL_AREA_STYLE_COLOUR('',#22);
#8886=FILL_AREA_STYLE('',(#8885));
#8887=SURFACE_STYLE_FILL_AREA(#8886);
#8888=SURFACE_SIDE_STYLE('',(#8887));
#8889=SURFACE_STYLE_USAGE(.POSITIVE.,#8888);
#8890=PRESENTATION_STYLE_ASSIGNMENT((#8889));
#8891=OVER_RIDING_STYLED_ITEM('',(#8890),#8884,#8716);
#8892=CARTESIAN_POINT('',(1.7E0,1.E-1,-2.25E0));
#8893=DIRECTION('',(-1.E0,0.E0,0.E0));
#8894=DIRECTION('',(0.E0,-1.E0,0.E0));
#8895=AXIS2_PLACEMENT_3D('',#8892,#8893,#8894);
#8896=PLANE('',#8895);
#8898=ORIENTED_EDGE('',*,*,#8897,.F.);
#8900=ORIENTED_EDGE('',*,*,#8899,.F.);
#8901=ORIENTED_EDGE('',*,*,#8874,.F.);
#8903=ORIENTED_EDGE('',*,*,#8902,.T.);
#8904=EDGE_LOOP('',(#8898,#8900,#8901,#8903));
#8905=FACE_OUTER_BOUND('',#8904,.F.);
#8907=CARTESIAN_POINT('',(-1.75E0,1.E-1,-2.25E0));
#8908=DIRECTION('',(0.E0,1.E0,0.E0));
#8909=DIRECTION('',(0.E0,0.E0,1.E0));
#8910=AXIS2_PLACEMENT_3D('',#8907,#8908,#8909);
#8911=PLANE('',#8910);
#8912=ORIENTED_EDGE('',*,*,#8897,.T.);
#8914=ORIENTED_EDGE('',*,*,#8913,.T.);
#8916=ORIENTED_EDGE('',*,*,#8915,.T.);
#8918=ORIENTED_EDGE('',*,*,#8917,.T.);
#8919=EDGE_LOOP('',(#8912,#8914,#8916,#8918));
#8920=FACE_OUTER_BOUND('',#8919,.F.);
#8922=CARTESIAN_POINT('',(1.475E0,0.E0,1.875E0));
#8923=DIRECTION('',(0.E0,0.E0,1.E0));
#8924=DIRECTION('',(1.E0,0.E0,0.E0));
#8925=AXIS2_PLACEMENT_3D('',#8922,#8923,#8924);
#8926=PLANE('',#8925);
#8927=ORIENTED_EDGE('',*,*,#8913,.F.);
#8928=ORIENTED_EDGE('',*,*,#8902,.F.);
#8929=ORIENTED_EDGE('',*,*,#8880,.F.);
#8931=ORIENTED_EDGE('',*,*,#8930,.T.);
#8933=ORIENTED_EDGE('',*,*,#8932,.T.);
#8935=ORIENTED_EDGE('',*,*,#8934,.F.);
#8936=EDGE_LOOP('',(#8927,#8928,#8929,#8931,#8933,#8935));
#8937=FACE_OUTER_BOUND('',#8936,.F.);
#8939=CARTESIAN_POINT('',(1.475E0,0.E0,1.75E0));
#8940=DIRECTION('',(0.E0,1.E0,0.E0));
#8941=DIRECTION('',(1.E0,0.E0,0.E0));
#8942=AXIS2_PLACEMENT_3D('',#8939,#8940,#8941);
#8943=CYLINDRICAL_SURFACE('',#8942,1.25E-1);
#8944=ORIENTED_EDGE('',*,*,#8878,.F.);
#8946=ORIENTED_EDGE('',*,*,#8945,.T.);
#8948=ORIENTED_EDGE('',*,*,#8947,.T.);
#8949=ORIENTED_EDGE('',*,*,#8930,.F.);
#8950=EDGE_LOOP('',(#8944,#8946,#8948,#8949));
#8951=FACE_OUTER_BOUND('',#8950,.F.);
#8953=CARTESIAN_POINT('',(1.75E0,0.E0,1.625E0));
#8954=DIRECTION('',(0.E0,0.E0,-1.E0));
#8955=DIRECTION('',(-1.E0,0.E0,0.E0));
#8956=AXIS2_PLACEMENT_3D('',#8953,#8954,#8955);
#8957=PLANE('',#8956);
#8958=ORIENTED_EDGE('',*,*,#8917,.F.);
#8960=ORIENTED_EDGE('',*,*,#8959,.T.);
#8962=ORIENTED_EDGE('',*,*,#8961,.T.);
#8963=ORIENTED_EDGE('',*,*,#8945,.F.);
#8964=ORIENTED_EDGE('',*,*,#8876,.F.);
#8965=ORIENTED_EDGE('',*,*,#8899,.T.);
#8966=EDGE_LOOP('',(#8958,#8960,#8962,#8963,#8964,#8965));
#8967=FACE_OUTER_BOUND('',#8966,.F.);
#8969=CARTESIAN_POINT('',(1.75E0,0.E0,1.875E0));
#8970=DIRECTION('',(1.E0,0.E0,0.E0));
#8971=DIRECTION('',(0.E0,0.E0,-1.E0));
#8972=AXIS2_PLACEMENT_3D('',#8969,#8970,#8971);
#8973=PLANE('',#8972);
#8974=ORIENTED_EDGE('',*,*,#8915,.F.);
#8975=ORIENTED_EDGE('',*,*,#8934,.T.);
#8977=ORIENTED_EDGE('',*,*,#8976,.T.);
#8978=ORIENTED_EDGE('',*,*,#8959,.F.);
#8979=EDGE_LOOP('',(#8974,#8975,#8977,#8978));
#8980=FACE_OUTER_BOUND('',#8979,.F.);
#8982=CARTESIAN_POINT('',(0.E0,2.E-1,0.E0));
#8983=DIRECTION('',(0.E0,1.E0,0.E0));
#8984=DIRECTION('',(1.E0,0.E0,0.E0));
#8985=AXIS2_PLACEMENT_3D('',#8982,#8983,#8984);
#8986=PLANE('',#8985);
#8987=ORIENTED_EDGE('',*,*,#8961,.F.);
#8988=ORIENTED_EDGE('',*,*,#8976,.F.);
#8989=ORIENTED_EDGE('',*,*,#8932,.F.);
#8990=ORIENTED_EDGE('',*,*,#8947,.F.);
#8991=EDGE_LOOP('',(#8987,#8988,#8989,#8990));
#8992=FACE_OUTER_BOUND('',#8991,.F.);
#8994=CLOSED_SHELL('',(#8884,#8906,#8921,#8938,#8952,#8968,#8981,#8993));
#8995=MANIFOLD_SOLID_BREP('',#8994);
#8996=FILL_AREA_STYLE_COLOUR('',#18);
#8997=FILL_AREA_STYLE('',(#8996));
#8998=SURFACE_STYLE_FILL_AREA(#8997);
#8999=SURFACE_SIDE_STYLE('',(#8998));
#9000=SURFACE_STYLE_USAGE(.POSITIVE.,#8999);
#9001=PRESENTATION_STYLE_ASSIGNMENT((#9000));
#8716=STYLED_ITEM('',(#9001),#8995);
#9003=DIRECTION('',(0.E0,0.E0,-1.E0));
#9004=VECTOR('',#9003,2.5E-1);
#9005=CARTESIAN_POINT('',(1.7E0,0.E0,1.375E0));
#9006=LINE('',#9005,#9004);
#9007=CURVE_STYLE('',#33,POSITIVE_LENGTH_MEASURE(2.E-2),#18);
#9008=PRESENTATION_STYLE_ASSIGNMENT((#9007));
#9009=STYLED_ITEM('',(#9008),#9006);
#9010=DIRECTION('',(-1.E0,0.E0,0.E0));
#9011=VECTOR('',#9010,2.25E-1);
#9012=CARTESIAN_POINT('',(1.7E0,0.E0,1.125E0));
#9013=LINE('',#9012,#9011);
#9014=CURVE_STYLE('',#33,POSITIVE_LENGTH_MEASURE(2.E-2),#18);
#9015=PRESENTATION_STYLE_ASSIGNMENT((#9014));
#9016=STYLED_ITEM('',(#9015),#9013);
#9017=CARTESIAN_POINT('',(1.475E0,0.E0,1.25E0));
#9018=DIRECTION('',(0.E0,1.E0,0.E0));
#9019=DIRECTION('',(0.E0,0.E0,-1.E0));
#9020=AXIS2_PLACEMENT_3D('',#9017,#9018,#9019);
#9022=CURVE_STYLE('',#33,POSITIVE_LENGTH_MEASURE(2.E-2),#18);
#9023=PRESENTATION_STYLE_ASSIGNMENT((#9022));
#9024=STYLED_ITEM('',(#9023),#9021);
#9025=DIRECTION('',(1.E0,0.E0,0.E0));
#9026=VECTOR('',#9025,2.25E-1);
#9027=CARTESIAN_POINT('',(1.475E0,0.E0,1.375E0));
#9028=LINE('',#9027,#9026);
#9029=CURVE_STYLE('',#33,POSITIVE_LENGTH_MEASURE(2.E-2),#18);
#9030=PRESENTATION_STYLE_ASSIGNMENT((#9029));
#9031=STYLED_ITEM('',(#9030),#9028);
#9032=DIRECTION('',(0.E0,0.E0,1.E0));
#9033=VECTOR('',#9032,2.5E-1);
#9034=CARTESIAN_POINT('',(1.7E0,1.E-1,1.125E0));
#9035=LINE('',#9034,#9033);
#9036=CURVE_STYLE('',#33,POSITIVE_LENGTH_MEASURE(2.E-2),#18);
#9037=PRESENTATION_STYLE_ASSIGNMENT((#9036));
#9038=STYLED_ITEM('',(#9037),#9035);
#9039=DIRECTION('',(1.E0,0.E0,0.E0));
#9040=VECTOR('',#9039,5.E-2);
#9041=CARTESIAN_POINT('',(1.7E0,1.E-1,1.375E0));
#9042=LINE('',#9041,#9040);
#9043=CURVE_STYLE('',#33,POSITIVE_LENGTH_MEASURE(2.E-2),#18);
#9044=PRESENTATION_STYLE_ASSIGNMENT((#9043));
#9045=STYLED_ITEM('',(#9044),#9042);
#9046=DIRECTION('',(0.E0,1.E0,0.E0));
#9047=VECTOR('',#9046,1.E-1);
#9048=CARTESIAN_POINT('',(1.7E0,0.E0,1.375E0));
#9049=LINE('',#9048,#9047);
#9050=CURVE_STYLE('',#33,POSITIVE_LENGTH_MEASURE(2.E-2),#18);
#9051=PRESENTATION_STYLE_ASSIGNMENT((#9050));
#9052=STYLED_ITEM('',(#9051),#9049);
#9053=DIRECTION('',(0.E0,1.E0,0.E0));
#9054=VECTOR('',#9053,2.E-1);
#9055=CARTESIAN_POINT('',(1.475E0,0.E0,1.375E0));
#9056=LINE('',#9055,#9054);
#9057=CURVE_STYLE('',#33,POSITIVE_LENGTH_MEASURE(2.E-2),#18);
#9058=PRESENTATION_STYLE_ASSIGNMENT((#9057));
#9059=STYLED_ITEM('',(#9058),#9056);
#9060=DIRECTION('',(0.E0,1.E0,0.E0));
#9061=VECTOR('',#9060,2.E-1);
#9062=CARTESIAN_POINT('',(1.475E0,0.E0,1.125E0));
#9063=LINE('',#9062,#9061);
#9064=CURVE_STYLE('',#33,POSITIVE_LENGTH_MEASURE(2.E-2),#18);
#9065=PRESENTATION_STYLE_ASSIGNMENT((#9064));
#9066=STYLED_ITEM('',(#9065),#9063);
#9067=DIRECTION('',(-1.E0,0.E0,0.E0));
#9068=VECTOR('',#9067,5.E-2);
#9069=CARTESIAN_POINT('',(1.75E0,1.E-1,1.125E0));
#9070=LINE('',#9069,#9068);
#9071=CURVE_STYLE('',#33,POSITIVE_LENGTH_MEASURE(2.E-2),#18);
#9072=PRESENTATION_STYLE_ASSIGNMENT((#9071));
#9073=STYLED_ITEM('',(#9072),#9070);
#9074=DIRECTION('',(0.E0,1.E0,0.E0));
#9075=VECTOR('',#9074,1.E-1);
#9076=CARTESIAN_POINT('',(1.75E0,1.E-1,1.125E0));
#9077=LINE('',#9076,#9075);
#9078=CURVE_STYLE('',#33,POSITIVE_LENGTH_MEASURE(2.E-2),#18);
#9079=PRESENTATION_STYLE_ASSIGNMENT((#9078));
#9080=STYLED_ITEM('',(#9079),#9077);
#9081=DIRECTION('',(0.E0,1.E0,0.E0));
#9082=VECTOR('',#9081,1.E-1);
#9083=CARTESIAN_POINT('',(1.7E0,0.E0,1.125E0));
#9084=LINE('',#9083,#9082);
#9085=CURVE_STYLE('',#33,POSITIVE_LENGTH_MEASURE(2.E-2),#18);
#9086=PRESENTATION_STYLE_ASSIGNMENT((#9085));
#9087=STYLED_ITEM('',(#9086),#9084);
#9088=DIRECTION('',(0.E0,0.E0,-1.E0));
#9089=VECTOR('',#9088,2.5E-1);
#9090=CARTESIAN_POINT('',(1.75E0,1.E-1,1.375E0));
#9091=LINE('',#9090,#9089);
#9092=CURVE_STYLE('',#33,POSITIVE_LENGTH_MEASURE(2.E-2),#18);
#9093=PRESENTATION_STYLE_ASSIGNMENT((#9092));
#9094=STYLED_ITEM('',(#9093),#9091);
#9095=DIRECTION('',(0.E0,1.E0,0.E0));
#9096=VECTOR('',#9095,1.E-1);
#9097=CARTESIAN_POINT('',(1.75E0,1.E-1,1.375E0));
#9098=LINE('',#9097,#9096);
#9099=CURVE_STYLE('',#33,POSITIVE_LENGTH_MEASURE(2.E-2),#18);
#9100=PRESENTATION_STYLE_ASSIGNMENT((#9099));
#9101=STYLED_ITEM('',(#9100),#9098);
#9102=DIRECTION('',(-1.E0,0.E0,0.E0));
#9103=VECTOR('',#9102,2.75E-1);
#9104=CARTESIAN_POINT('',(1.75E0,2.E-1,1.125E0));
#9105=LINE('',#9104,#9103);
#9106=CURVE_STYLE('',#33,POSITIVE_LENGTH_MEASURE(2.E-2),#18);
#9107=PRESENTATION_STYLE_ASSIGNMENT((#9106));
#9108=STYLED_ITEM('',(#9107),#9105);
#9109=DIRECTION('',(0.E0,0.E0,-1.E0));
#9110=VECTOR('',#9109,2.5E-1);
#9111=CARTESIAN_POINT('',(1.75E0,2.E-1,1.375E0));
#9112=LINE('',#9111,#9110);
#9113=CURVE_STYLE('',#33,POSITIVE_LENGTH_MEASURE(2.E-2),#18);
#9114=PRESENTATION_STYLE_ASSIGNMENT((#9113));
#9115=STYLED_ITEM('',(#9114),#9112);
#9116=DIRECTION('',(1.E0,0.E0,0.E0));
#9117=VECTOR('',#9116,2.75E-1);
#9118=CARTESIAN_POINT('',(1.475E0,2.E-1,1.375E0));
#9119=LINE('',#9118,#9117);
#9120=CURVE_STYLE('',#33,POSITIVE_LENGTH_MEASURE(2.E-2),#18);
#9121=PRESENTATION_STYLE_ASSIGNMENT((#9120));
#9122=STYLED_ITEM('',(#9121),#9119);
#9123=CARTESIAN_POINT('',(1.475E0,2.E-1,1.25E0));
#9124=DIRECTION('',(0.E0,1.E0,0.E0));
#9125=DIRECTION('',(0.E0,0.E0,-1.E0));
#9126=AXIS2_PLACEMENT_3D('',#9123,#9124,#9125);
#9128=CURVE_STYLE('',#33,POSITIVE_LENGTH_MEASURE(2.E-2),#18);
#9129=PRESENTATION_STYLE_ASSIGNMENT((#9128));
#9130=STYLED_ITEM('',(#9129),#9127);
#9131=CARTESIAN_POINT('',(1.475E0,0.E0,1.125E0));
#9132=CARTESIAN_POINT('',(1.475E0,0.E0,1.375E0));
#9133=VERTEX_POINT('',#9131);
#9134=VERTEX_POINT('',#9132);
#9135=CARTESIAN_POINT('',(1.75E0,2.E-1,1.125E0));
#9136=CARTESIAN_POINT('',(1.475E0,2.E-1,1.125E0));
#9137=VERTEX_POINT('',#9135);
#9138=VERTEX_POINT('',#9136);
#9139=CARTESIAN_POINT('',(1.475E0,2.E-1,1.375E0));
#9140=VERTEX_POINT('',#9139);
#9141=CARTESIAN_POINT('',(1.75E0,2.E-1,1.375E0));
#9142=VERTEX_POINT('',#9141);
#9143=CARTESIAN_POINT('',(1.7E0,1.E-1,1.125E0));
#9144=CARTESIAN_POINT('',(1.7E0,1.E-1,1.375E0));
#9145=VERTEX_POINT('',#9143);
#9146=VERTEX_POINT('',#9144);
#9147=CARTESIAN_POINT('',(1.7E0,0.E0,1.375E0));
#9148=CARTESIAN_POINT('',(1.7E0,0.E0,1.125E0));
#9149=VERTEX_POINT('',#9147);
#9150=VERTEX_POINT('',#9148);
#9151=CARTESIAN_POINT('',(1.75E0,1.E-1,1.125E0));
#9152=VERTEX_POINT('',#9151);
#9153=CARTESIAN_POINT('',(1.75E0,1.E-1,1.375E0));
#9154=VERTEX_POINT('',#9153);
#9155=CARTESIAN_POINT('',(0.E0,0.E0,0.E0));
#9156=DIRECTION('',(0.E0,1.E0,0.E0));
#9157=DIRECTION('',(1.E0,0.E0,0.E0));
#9158=AXIS2_PLACEMENT_3D('',#9155,#9156,#9157);
#9159=PLANE('',#9158);
#9161=ORIENTED_EDGE('',*,*,#9160,.T.);
#9163=ORIENTED_EDGE('',*,*,#9162,.T.);
#9165=ORIENTED_EDGE('',*,*,#9164,.T.);
#9167=ORIENTED_EDGE('',*,*,#9166,.T.);
#9168=EDGE_LOOP('',(#9161,#9163,#9165,#9167));
#9169=FACE_OUTER_BOUND('',#9168,.F.);
#9171=FILL_AREA_STYLE_COLOUR('',#22);
#9172=FILL_AREA_STYLE('',(#9171));
#9173=SURFACE_STYLE_FILL_AREA(#9172);
#9174=SURFACE_SIDE_STYLE('',(#9173));
#9175=SURFACE_STYLE_USAGE(.POSITIVE.,#9174);
#9176=PRESENTATION_STYLE_ASSIGNMENT((#9175));
#9177=OVER_RIDING_STYLED_ITEM('',(#9176),#9170,#9002);
#9178=CARTESIAN_POINT('',(1.7E0,1.E-1,-2.25E0));
#9179=DIRECTION('',(-1.E0,0.E0,0.E0));
#9180=DIRECTION('',(0.E0,-1.E0,0.E0));
#9181=AXIS2_PLACEMENT_3D('',#9178,#9179,#9180);
#9182=PLANE('',#9181);
#9184=ORIENTED_EDGE('',*,*,#9183,.F.);
#9186=ORIENTED_EDGE('',*,*,#9185,.F.);
#9187=ORIENTED_EDGE('',*,*,#9160,.F.);
#9189=ORIENTED_EDGE('',*,*,#9188,.T.);
#9190=EDGE_LOOP('',(#9184,#9186,#9187,#9189));
#9191=FACE_OUTER_BOUND('',#9190,.F.);
#9193=CARTESIAN_POINT('',(-1.75E0,1.E-1,-2.25E0));
#9194=DIRECTION('',(0.E0,1.E0,0.E0));
#9195=DIRECTION('',(0.E0,0.E0,1.E0));
#9196=AXIS2_PLACEMENT_3D('',#9193,#9194,#9195);
#9197=PLANE('',#9196);
#9198=ORIENTED_EDGE('',*,*,#9183,.T.);
#9200=ORIENTED_EDGE('',*,*,#9199,.T.);
#9202=ORIENTED_EDGE('',*,*,#9201,.T.);
#9204=ORIENTED_EDGE('',*,*,#9203,.T.);
#9205=EDGE_LOOP('',(#9198,#9200,#9202,#9204));
#9206=FACE_OUTER_BOUND('',#9205,.F.);
#9208=CARTESIAN_POINT('',(1.475E0,0.E0,1.375E0));
#9209=DIRECTION('',(0.E0,0.E0,1.E0));
#9210=DIRECTION('',(1.E0,0.E0,0.E0));
#9211=AXIS2_PLACEMENT_3D('',#9208,#9209,#9210);
#9212=PLANE('',#9211);
#9213=ORIENTED_EDGE('',*,*,#9199,.F.);
#9214=ORIENTED_EDGE('',*,*,#9188,.F.);
#9215=ORIENTED_EDGE('',*,*,#9166,.F.);
#9217=ORIENTED_EDGE('',*,*,#9216,.T.);
#9219=ORIENTED_EDGE('',*,*,#9218,.T.);
#9221=ORIENTED_EDGE('',*,*,#9220,.F.);
#9222=EDGE_LOOP('',(#9213,#9214,#9215,#9217,#9219,#9221));
#9223=FACE_OUTER_BOUND('',#9222,.F.);
#9225=CARTESIAN_POINT('',(1.475E0,0.E0,1.25E0));
#9226=DIRECTION('',(0.E0,1.E0,0.E0));
#9227=DIRECTION('',(1.E0,0.E0,0.E0));
#9228=AXIS2_PLACEMENT_3D('',#9225,#9226,#9227);
#9229=CYLINDRICAL_SURFACE('',#9228,1.25E-1);
#9230=ORIENTED_EDGE('',*,*,#9164,.F.);
#9232=ORIENTED_EDGE('',*,*,#9231,.T.);
#9234=ORIENTED_EDGE('',*,*,#9233,.T.);
#9235=ORIENTED_EDGE('',*,*,#9216,.F.);
#9236=EDGE_LOOP('',(#9230,#9232,#9234,#9235));
#9237=FACE_OUTER_BOUND('',#9236,.F.);
#9239=CARTESIAN_POINT('',(1.75E0,0.E0,1.125E0));
#9240=DIRECTION('',(0.E0,0.E0,-1.E0));
#9241=DIRECTION('',(-1.E0,0.E0,0.E0));
#9242=AXIS2_PLACEMENT_3D('',#9239,#9240,#9241);
#9243=PLANE('',#9242);
#9244=ORIENTED_EDGE('',*,*,#9203,.F.);
#9246=ORIENTED_EDGE('',*,*,#9245,.T.);
#9248=ORIENTED_EDGE('',*,*,#9247,.T.);
#9249=ORIENTED_EDGE('',*,*,#9231,.F.);
#9250=ORIENTED_EDGE('',*,*,#9162,.F.);
#9251=ORIENTED_EDGE('',*,*,#9185,.T.);
#9252=EDGE_LOOP('',(#9244,#9246,#9248,#9249,#9250,#9251));
#9253=FACE_OUTER_BOUND('',#9252,.F.);
#9255=CARTESIAN_POINT('',(1.75E0,0.E0,1.375E0));
#9256=DIRECTION('',(1.E0,0.E0,0.E0));
#9257=DIRECTION('',(0.E0,0.E0,-1.E0));
#9258=AXIS2_PLACEMENT_3D('',#9255,#9256,#9257);
#9259=PLANE('',#9258);
#9260=ORIENTED_EDGE('',*,*,#9201,.F.);
#9261=ORIENTED_EDGE('',*,*,#9220,.T.);
#9263=ORIENTED_EDGE('',*,*,#9262,.T.);
#9264=ORIENTED_EDGE('',*,*,#9245,.F.);
#9265=EDGE_LOOP('',(#9260,#9261,#9263,#9264));
#9266=FACE_OUTER_BOUND('',#9265,.F.);
#9268=CARTESIAN_POINT('',(0.E0,2.E-1,0.E0));
#9269=DIRECTION('',(0.E0,1.E0,0.E0));
#9270=DIRECTION('',(1.E0,0.E0,0.E0));
#9271=AXIS2_PLACEMENT_3D('',#9268,#9269,#9270);
#9272=PLANE('',#9271);
#9273=ORIENTED_EDGE('',*,*,#9247,.F.);
#9274=ORIENTED_EDGE('',*,*,#9262,.F.);
#9275=ORIENTED_EDGE('',*,*,#9218,.F.);
#9276=ORIENTED_EDGE('',*,*,#9233,.F.);
#9277=EDGE_LOOP('',(#9273,#9274,#9275,#9276));
#9278=FACE_OUTER_BOUND('',#9277,.F.);
#9280=CLOSED_SHELL('',(#9170,#9192,#9207,#9224,#9238,#9254,#9267,#9279));
#9281=MANIFOLD_SOLID_BREP('',#9280);
#9282=FILL_AREA_STYLE_COLOUR('',#18);
#9283=FILL_AREA_STYLE('',(#9282));
#9284=SURFACE_STYLE_FILL_AREA(#9283);
#9285=SURFACE_SIDE_STYLE('',(#9284));
#9286=SURFACE_STYLE_USAGE(.POSITIVE.,#9285);
#9287=PRESENTATION_STYLE_ASSIGNMENT((#9286));
#9002=STYLED_ITEM('',(#9287),#9281);
#9289=DIRECTION('',(0.E0,0.E0,-1.E0));
#9290=VECTOR('',#9289,2.5E-1);
#9291=CARTESIAN_POINT('',(1.7E0,0.E0,8.75E-1));
#9292=LINE('',#9291,#9290);
#9293=CURVE_STYLE('',#33,POSITIVE_LENGTH_MEASURE(2.E-2),#18);
#9294=PRESENTATION_STYLE_ASSIGNMENT((#9293));
#9295=STYLED_ITEM('',(#9294),#9292);
#9296=DIRECTION('',(-1.E0,0.E0,0.E0));
#9297=VECTOR('',#9296,2.25E-1);
#9298=CARTESIAN_POINT('',(1.7E0,0.E0,6.25E-1));
#9299=LINE('',#9298,#9297);
#9300=CURVE_STYLE('',#33,POSITIVE_LENGTH_MEASURE(2.E-2),#18);
#9301=PRESENTATION_STYLE_ASSIGNMENT((#9300));
#9302=STYLED_ITEM('',(#9301),#9299);
#9303=CARTESIAN_POINT('',(1.475E0,0.E0,7.5E-1));
#9304=DIRECTION('',(0.E0,1.E0,0.E0));
#9305=DIRECTION('',(0.E0,0.E0,-1.E0));
#9306=AXIS2_PLACEMENT_3D('',#9303,#9304,#9305);
#9308=CURVE_STYLE('',#33,POSITIVE_LENGTH_MEASURE(2.E-2),#18);
#9309=PRESENTATION_STYLE_ASSIGNMENT((#9308));
#9310=STYLED_ITEM('',(#9309),#9307);
#9311=DIRECTION('',(1.E0,0.E0,0.E0));
#9312=VECTOR('',#9311,2.25E-1);
#9313=CARTESIAN_POINT('',(1.475E0,0.E0,8.75E-1));
#9314=LINE('',#9313,#9312);
#9315=CURVE_STYLE('',#33,POSITIVE_LENGTH_MEASURE(2.E-2),#18);
#9316=PRESENTATION_STYLE_ASSIGNMENT((#9315));
#9317=STYLED_ITEM('',(#9316),#9314);
#9318=DIRECTION('',(0.E0,0.E0,1.E0));
#9319=VECTOR('',#9318,2.5E-1);
#9320=CARTESIAN_POINT('',(1.7E0,1.E-1,6.25E-1));
#9321=LINE('',#9320,#9319);
#9322=CURVE_STYLE('',#33,POSITIVE_LENGTH_MEASURE(2.E-2),#18);
#9323=PRESENTATION_STYLE_ASSIGNMENT((#9322));
#9324=STYLED_ITEM('',(#9323),#9321);
#9325=DIRECTION('',(1.E0,0.E0,0.E0));
#9326=VECTOR('',#9325,5.E-2);
#9327=CARTESIAN_POINT('',(1.7E0,1.E-1,8.75E-1));
#9328=LINE('',#9327,#9326);
#9329=CURVE_STYLE('',#33,POSITIVE_LENGTH_MEASURE(2.E-2),#18);
#9330=PRESENTATION_STYLE_ASSIGNMENT((#9329));
#9331=STYLED_ITEM('',(#9330),#9328);
#9332=DIRECTION('',(0.E0,1.E0,0.E0));
#9333=VECTOR('',#9332,1.E-1);
#9334=CARTESIAN_POINT('',(1.7E0,0.E0,8.75E-1));
#9335=LINE('',#9334,#9333);
#9336=CURVE_STYLE('',#33,POSITIVE_LENGTH_MEASURE(2.E-2),#18);
#9337=PRESENTATION_STYLE_ASSIGNMENT((#9336));
#9338=STYLED_ITEM('',(#9337),#9335);
#9339=DIRECTION('',(0.E0,1.E0,0.E0));
#9340=VECTOR('',#9339,2.E-1);
#9341=CARTESIAN_POINT('',(1.475E0,0.E0,8.75E-1));
#9342=LINE('',#9341,#9340);
#9343=CURVE_STYLE('',#33,POSITIVE_LENGTH_MEASURE(2.E-2),#18);
#9344=PRESENTATION_STYLE_ASSIGNMENT((#9343));
#9345=STYLED_ITEM('',(#9344),#9342);
#9346=DIRECTION('',(0.E0,1.E0,0.E0));
#9347=VECTOR('',#9346,2.E-1);
#9348=CARTESIAN_POINT('',(1.475E0,0.E0,6.25E-1));
#9349=LINE('',#9348,#9347);
#9350=CURVE_STYLE('',#33,POSITIVE_LENGTH_MEASURE(2.E-2),#18);
#9351=PRESENTATION_STYLE_ASSIGNMENT((#9350));
#9352=STYLED_ITEM('',(#9351),#9349);
#9353=DIRECTION('',(-1.E0,0.E0,0.E0));
#9354=VECTOR('',#9353,5.E-2);
#9355=CARTESIAN_POINT('',(1.75E0,1.E-1,6.25E-1));
#9356=LINE('',#9355,#9354);
#9357=CURVE_STYLE('',#33,POSITIVE_LENGTH_MEASURE(2.E-2),#18);
#9358=PRESENTATION_STYLE_ASSIGNMENT((#9357));
#9359=STYLED_ITEM('',(#9358),#9356);
#9360=DIRECTION('',(0.E0,1.E0,0.E0));
#9361=VECTOR('',#9360,1.E-1);
#9362=CARTESIAN_POINT('',(1.75E0,1.E-1,6.25E-1));
#9363=LINE('',#9362,#9361);
#9364=CURVE_STYLE('',#33,POSITIVE_LENGTH_MEASURE(2.E-2),#18);
#9365=PRESENTATION_STYLE_ASSIGNMENT((#9364));
#9366=STYLED_ITEM('',(#9365),#9363);
#9367=DIRECTION('',(0.E0,1.E0,0.E0));
#9368=VECTOR('',#9367,1.E-1);
#9369=CARTESIAN_POINT('',(1.7E0,0.E0,6.25E-1));
#9370=LINE('',#9369,#9368);
#9371=CURVE_STYLE('',#33,POSITIVE_LENGTH_MEASURE(2.E-2),#18);
#9372=PRESENTATION_STYLE_ASSIGNMENT((#9371));
#9373=STYLED_ITEM('',(#9372),#9370);
#9374=DIRECTION('',(0.E0,0.E0,-1.E0));
#9375=VECTOR('',#9374,2.5E-1);
#9376=CARTESIAN_POINT('',(1.75E0,1.E-1,8.75E-1));
#9377=LINE('',#9376,#9375);
#9378=CURVE_STYLE('',#33,POSITIVE_LENGTH_MEASURE(2.E-2),#18);
#9379=PRESENTATION_STYLE_ASSIGNMENT((#9378));
#9380=STYLED_ITEM('',(#9379),#9377);
#9381=DIRECTION('',(0.E0,1.E0,0.E0));
#9382=VECTOR('',#9381,1.E-1);
#9383=CARTESIAN_POINT('',(1.75E0,1.E-1,8.75E-1));
#9384=LINE('',#9383,#9382);
#9385=CURVE_STYLE('',#33,POSITIVE_LENGTH_MEASURE(2.E-2),#18);
#9386=PRESENTATION_STYLE_ASSIGNMENT((#9385));
#9387=STYLED_ITEM('',(#9386),#9384);
#9388=DIRECTION('',(-1.E0,0.E0,0.E0));
#9389=VECTOR('',#9388,2.75E-1);
#9390=CARTESIAN_POINT('',(1.75E0,2.E-1,6.25E-1));
#9391=LINE('',#9390,#9389);
#9392=CURVE_STYLE('',#33,POSITIVE_LENGTH_MEASURE(2.E-2),#18);
#9393=PRESENTATION_STYLE_ASSIGNMENT((#9392));
#9394=STYLED_ITEM('',(#9393),#9391);
#9395=DIRECTION('',(0.E0,0.E0,-1.E0));
#9396=VECTOR('',#9395,2.5E-1);
#9397=CARTESIAN_POINT('',(1.75E0,2.E-1,8.75E-1));
#9398=LINE('',#9397,#9396);
#9399=CURVE_STYLE('',#33,POSITIVE_LENGTH_MEASURE(2.E-2),#18);
#9400=PRESENTATION_STYLE_ASSIGNMENT((#9399));
#9401=STYLED_ITEM('',(#9400),#9398);
#9402=DIRECTION('',(1.E0,0.E0,0.E0));
#9403=VECTOR('',#9402,2.75E-1);
#9404=CARTESIAN_POINT('',(1.475E0,2.E-1,8.75E-1));
#9405=LINE('',#9404,#9403);
#9406=CURVE_STYLE('',#33,POSITIVE_LENGTH_MEASURE(2.E-2),#18);
#9407=PRESENTATION_STYLE_ASSIGNMENT((#9406));
#9408=STYLED_ITEM('',(#9407),#9405);
#9409=CARTESIAN_POINT('',(1.475E0,2.E-1,7.5E-1));
#9410=DIRECTION('',(0.E0,1.E0,0.E0));
#9411=DIRECTION('',(0.E0,0.E0,-1.E0));
#9412=AXIS2_PLACEMENT_3D('',#9409,#9410,#9411);
#9414=CURVE_STYLE('',#33,POSITIVE_LENGTH_MEASURE(2.E-2),#18);
#9415=PRESENTATION_STYLE_ASSIGNMENT((#9414));
#9416=STYLED_ITEM('',(#9415),#9413);
#9417=CARTESIAN_POINT('',(1.475E0,0.E0,6.25E-1));
#9418=CARTESIAN_POINT('',(1.475E0,0.E0,8.75E-1));
#9419=VERTEX_POINT('',#9417);
#9420=VERTEX_POINT('',#9418);
#9421=CARTESIAN_POINT('',(1.75E0,2.E-1,6.25E-1));
#9422=CARTESIAN_POINT('',(1.475E0,2.E-1,6.25E-1));
#9423=VERTEX_POINT('',#9421);
#9424=VERTEX_POINT('',#9422);
#9425=CARTESIAN_POINT('',(1.475E0,2.E-1,8.75E-1));
#9426=VERTEX_POINT('',#9425);
#9427=CARTESIAN_POINT('',(1.75E0,2.E-1,8.75E-1));
#9428=VERTEX_POINT('',#9427);
#9429=CARTESIAN_POINT('',(1.7E0,1.E-1,6.25E-1));
#9430=CARTESIAN_POINT('',(1.7E0,1.E-1,8.75E-1));
#9431=VERTEX_POINT('',#9429);
#9432=VERTEX_POINT('',#9430);
#9433=CARTESIAN_POINT('',(1.7E0,0.E0,8.75E-1));
#9434=CARTESIAN_POINT('',(1.7E0,0.E0,6.25E-1));
#9435=VERTEX_POINT('',#9433);
#9436=VERTEX_POINT('',#9434);
#9437=CARTESIAN_POINT('',(1.75E0,1.E-1,6.25E-1));
#9438=VERTEX_POINT('',#9437);
#9439=CARTESIAN_POINT('',(1.75E0,1.E-1,8.75E-1));
#9440=VERTEX_POINT('',#9439);
#9441=CARTESIAN_POINT('',(0.E0,0.E0,0.E0));
#9442=DIRECTION('',(0.E0,1.E0,0.E0));
#9443=DIRECTION('',(1.E0,0.E0,0.E0));
#9444=AXIS2_PLACEMENT_3D('',#9441,#9442,#9443);
#9445=PLANE('',#9444);
#9447=ORIENTED_EDGE('',*,*,#9446,.T.);
#9449=ORIENTED_EDGE('',*,*,#9448,.T.);
#9451=ORIENTED_EDGE('',*,*,#9450,.T.);
#9453=ORIENTED_EDGE('',*,*,#9452,.T.);
#9454=EDGE_LOOP('',(#9447,#9449,#9451,#9453));
#9455=FACE_OUTER_BOUND('',#9454,.F.);
#9457=FILL_AREA_STYLE_COLOUR('',#22);
#9458=FILL_AREA_STYLE('',(#9457));
#9459=SURFACE_STYLE_FILL_AREA(#9458);
#9460=SURFACE_SIDE_STYLE('',(#9459));
#9461=SURFACE_STYLE_USAGE(.POSITIVE.,#9460);
#9462=PRESENTATION_STYLE_ASSIGNMENT((#9461));
#9463=OVER_RIDING_STYLED_ITEM('',(#9462),#9456,#9288);
#9464=CARTESIAN_POINT('',(1.7E0,1.E-1,-2.25E0));
#9465=DIRECTION('',(-1.E0,0.E0,0.E0));
#9466=DIRECTION('',(0.E0,-1.E0,0.E0));
#9467=AXIS2_PLACEMENT_3D('',#9464,#9465,#9466);
#9468=PLANE('',#9467);
#9470=ORIENTED_EDGE('',*,*,#9469,.F.);
#9472=ORIENTED_EDGE('',*,*,#9471,.F.);
#9473=ORIENTED_EDGE('',*,*,#9446,.F.);
#9475=ORIENTED_EDGE('',*,*,#9474,.T.);
#9476=EDGE_LOOP('',(#9470,#9472,#9473,#9475));
#9477=FACE_OUTER_BOUND('',#9476,.F.);
#9479=CARTESIAN_POINT('',(-1.75E0,1.E-1,-2.25E0));
#9480=DIRECTION('',(0.E0,1.E0,0.E0));
#9481=DIRECTION('',(0.E0,0.E0,1.E0));
#9482=AXIS2_PLACEMENT_3D('',#9479,#9480,#9481);
#9483=PLANE('',#9482);
#9484=ORIENTED_EDGE('',*,*,#9469,.T.);
#9486=ORIENTED_EDGE('',*,*,#9485,.T.);
#9488=ORIENTED_EDGE('',*,*,#9487,.T.);
#9490=ORIENTED_EDGE('',*,*,#9489,.T.);
#9491=EDGE_LOOP('',(#9484,#9486,#9488,#9490));
#9492=FACE_OUTER_BOUND('',#9491,.F.);
#9494=CARTESIAN_POINT('',(1.475E0,0.E0,8.75E-1));
#9495=DIRECTION('',(0.E0,0.E0,1.E0));
#9496=DIRECTION('',(1.E0,0.E0,0.E0));
#9497=AXIS2_PLACEMENT_3D('',#9494,#9495,#9496);
#9498=PLANE('',#9497);
#9499=ORIENTED_EDGE('',*,*,#9485,.F.);
#9500=ORIENTED_EDGE('',*,*,#9474,.F.);
#9501=ORIENTED_EDGE('',*,*,#9452,.F.);
#9503=ORIENTED_EDGE('',*,*,#9502,.T.);
#9505=ORIENTED_EDGE('',*,*,#9504,.T.);
#9507=ORIENTED_EDGE('',*,*,#9506,.F.);
#9508=EDGE_LOOP('',(#9499,#9500,#9501,#9503,#9505,#9507));
#9509=FACE_OUTER_BOUND('',#9508,.F.);
#9511=CARTESIAN_POINT('',(1.475E0,0.E0,7.5E-1));
#9512=DIRECTION('',(0.E0,1.E0,0.E0));
#9513=DIRECTION('',(1.E0,0.E0,0.E0));
#9514=AXIS2_PLACEMENT_3D('',#9511,#9512,#9513);
#9515=CYLINDRICAL_SURFACE('',#9514,1.25E-1);
#9516=ORIENTED_EDGE('',*,*,#9450,.F.);
#9518=ORIENTED_EDGE('',*,*,#9517,.T.);
#9520=ORIENTED_EDGE('',*,*,#9519,.T.);
#9521=ORIENTED_EDGE('',*,*,#9502,.F.);
#9522=EDGE_LOOP('',(#9516,#9518,#9520,#9521));
#9523=FACE_OUTER_BOUND('',#9522,.F.);
#9525=CARTESIAN_POINT('',(1.75E0,0.E0,6.25E-1));
#9526=DIRECTION('',(0.E0,0.E0,-1.E0));
#9527=DIRECTION('',(-1.E0,0.E0,0.E0));
#9528=AXIS2_PLACEMENT_3D('',#9525,#9526,#9527);
#9529=PLANE('',#9528);
#9530=ORIENTED_EDGE('',*,*,#9489,.F.);
#9532=ORIENTED_EDGE('',*,*,#9531,.T.);
#9534=ORIENTED_EDGE('',*,*,#9533,.T.);
#9535=ORIENTED_EDGE('',*,*,#9517,.F.);
#9536=ORIENTED_EDGE('',*,*,#9448,.F.);
#9537=ORIENTED_EDGE('',*,*,#9471,.T.);
#9538=EDGE_LOOP('',(#9530,#9532,#9534,#9535,#9536,#9537));
#9539=FACE_OUTER_BOUND('',#9538,.F.);
#9541=CARTESIAN_POINT('',(1.75E0,0.E0,8.75E-1));
#9542=DIRECTION('',(1.E0,0.E0,0.E0));
#9543=DIRECTION('',(0.E0,0.E0,-1.E0));
#9544=AXIS2_PLACEMENT_3D('',#9541,#9542,#9543);
#9545=PLANE('',#9544);
#9546=ORIENTED_EDGE('',*,*,#9487,.F.);
#9547=ORIENTED_EDGE('',*,*,#9506,.T.);
#9549=ORIENTED_EDGE('',*,*,#9548,.T.);
#9550=ORIENTED_EDGE('',*,*,#9531,.F.);
#9551=EDGE_LOOP('',(#9546,#9547,#9549,#9550));
#9552=FACE_OUTER_BOUND('',#9551,.F.);
#9554=CARTESIAN_POINT('',(0.E0,2.E-1,0.E0));
#9555=DIRECTION('',(0.E0,1.E0,0.E0));
#9556=DIRECTION('',(1.E0,0.E0,0.E0));
#9557=AXIS2_PLACEMENT_3D('',#9554,#9555,#9556);
#9558=PLANE('',#9557);
#9559=ORIENTED_EDGE('',*,*,#9533,.F.);
#9560=ORIENTED_EDGE('',*,*,#9548,.F.);
#9561=ORIENTED_EDGE('',*,*,#9504,.F.);
#9562=ORIENTED_EDGE('',*,*,#9519,.F.);
#9563=EDGE_LOOP('',(#9559,#9560,#9561,#9562));
#9564=FACE_OUTER_BOUND('',#9563,.F.);
#9566=CLOSED_SHELL('',(#9456,#9478,#9493,#9510,#9524,#9540,#9553,#9565));
#9567=MANIFOLD_SOLID_BREP('',#9566);
#9568=FILL_AREA_STYLE_COLOUR('',#18);
#9569=FILL_AREA_STYLE('',(#9568));
#9570=SURFACE_STYLE_FILL_AREA(#9569);
#9571=SURFACE_SIDE_STYLE('',(#9570));
#9572=SURFACE_STYLE_USAGE(.POSITIVE.,#9571);
#9573=PRESENTATION_STYLE_ASSIGNMENT((#9572));
#9288=STYLED_ITEM('',(#9573),#9567);
#9575=DIRECTION('',(0.E0,0.E0,-1.E0));
#9576=VECTOR('',#9575,2.5E-1);
#9577=CARTESIAN_POINT('',(1.7E0,0.E0,3.75E-1));
#9578=LINE('',#9577,#9576);
#9579=CURVE_STYLE('',#33,POSITIVE_LENGTH_MEASURE(2.E-2),#18);
#9580=PRESENTATION_STYLE_ASSIGNMENT((#9579));
#9581=STYLED_ITEM('',(#9580),#9578);
#9582=DIRECTION('',(-1.E0,0.E0,0.E0));
#9583=VECTOR('',#9582,2.25E-1);
#9584=CARTESIAN_POINT('',(1.7E0,0.E0,1.25E-1));
#9585=LINE('',#9584,#9583);
#9586=CURVE_STYLE('',#33,POSITIVE_LENGTH_MEASURE(2.E-2),#18);
#9587=PRESENTATION_STYLE_ASSIGNMENT((#9586));
#9588=STYLED_ITEM('',(#9587),#9585);
#9589=CARTESIAN_POINT('',(1.475E0,0.E0,2.5E-1));
#9590=DIRECTION('',(0.E0,1.E0,0.E0));
#9591=DIRECTION('',(0.E0,0.E0,-1.E0));
#9592=AXIS2_PLACEMENT_3D('',#9589,#9590,#9591);
#9594=CURVE_STYLE('',#33,POSITIVE_LENGTH_MEASURE(2.E-2),#18);
#9595=PRESENTATION_STYLE_ASSIGNMENT((#9594));
#9596=STYLED_ITEM('',(#9595),#9593);
#9597=DIRECTION('',(1.E0,0.E0,0.E0));
#9598=VECTOR('',#9597,2.25E-1);
#9599=CARTESIAN_POINT('',(1.475E0,0.E0,3.75E-1));
#9600=LINE('',#9599,#9598);
#9601=CURVE_STYLE('',#33,POSITIVE_LENGTH_MEASURE(2.E-2),#18);
#9602=PRESENTATION_STYLE_ASSIGNMENT((#9601));
#9603=STYLED_ITEM('',(#9602),#9600);
#9604=DIRECTION('',(0.E0,0.E0,1.E0));
#9605=VECTOR('',#9604,2.5E-1);
#9606=CARTESIAN_POINT('',(1.7E0,1.E-1,1.25E-1));
#9607=LINE('',#9606,#9605);
#9608=CURVE_STYLE('',#33,POSITIVE_LENGTH_MEASURE(2.E-2),#18);
#9609=PRESENTATION_STYLE_ASSIGNMENT((#9608));
#9610=STYLED_ITEM('',(#9609),#9607);
#9611=DIRECTION('',(1.E0,0.E0,0.E0));
#9612=VECTOR('',#9611,5.E-2);
#9613=CARTESIAN_POINT('',(1.7E0,1.E-1,3.75E-1));
#9614=LINE('',#9613,#9612);
#9615=CURVE_STYLE('',#33,POSITIVE_LENGTH_MEASURE(2.E-2),#18);
#9616=PRESENTATION_STYLE_ASSIGNMENT((#9615));
#9617=STYLED_ITEM('',(#9616),#9614);
#9618=DIRECTION('',(0.E0,1.E0,0.E0));
#9619=VECTOR('',#9618,1.E-1);
#9620=CARTESIAN_POINT('',(1.7E0,0.E0,3.75E-1));
#9621=LINE('',#9620,#9619);
#9622=CURVE_STYLE('',#33,POSITIVE_LENGTH_MEASURE(2.E-2),#18);
#9623=PRESENTATION_STYLE_ASSIGNMENT((#9622));
#9624=STYLED_ITEM('',(#9623),#9621);
#9625=DIRECTION('',(0.E0,1.E0,0.E0));
#9626=VECTOR('',#9625,2.E-1);
#9627=CARTESIAN_POINT('',(1.475E0,0.E0,3.75E-1));
#9628=LINE('',#9627,#9626);
#9629=CURVE_STYLE('',#33,POSITIVE_LENGTH_MEASURE(2.E-2),#18);
#9630=PRESENTATION_STYLE_ASSIGNMENT((#9629));
#9631=STYLED_ITEM('',(#9630),#9628);
#9632=DIRECTION('',(0.E0,1.E0,0.E0));
#9633=VECTOR('',#9632,2.E-1);
#9634=CARTESIAN_POINT('',(1.475E0,0.E0,1.25E-1));
#9635=LINE('',#9634,#9633);
#9636=CURVE_STYLE('',#33,POSITIVE_LENGTH_MEASURE(2.E-2),#18);
#9637=PRESENTATION_STYLE_ASSIGNMENT((#9636));
#9638=STYLED_ITEM('',(#9637),#9635);
#9639=DIRECTION('',(-1.E0,0.E0,0.E0));
#9640=VECTOR('',#9639,5.E-2);
#9641=CARTESIAN_POINT('',(1.75E0,1.E-1,1.25E-1));
#9642=LINE('',#9641,#9640);
#9643=CURVE_STYLE('',#33,POSITIVE_LENGTH_MEASURE(2.E-2),#18);
#9644=PRESENTATION_STYLE_ASSIGNMENT((#9643));
#9645=STYLED_ITEM('',(#9644),#9642);
#9646=DIRECTION('',(0.E0,1.E0,0.E0));
#9647=VECTOR('',#9646,1.E-1);
#9648=CARTESIAN_POINT('',(1.75E0,1.E-1,1.25E-1));
#9649=LINE('',#9648,#9647);
#9650=CURVE_STYLE('',#33,POSITIVE_LENGTH_MEASURE(2.E-2),#18);
#9651=PRESENTATION_STYLE_ASSIGNMENT((#9650));
#9652=STYLED_ITEM('',(#9651),#9649);
#9653=DIRECTION('',(0.E0,1.E0,0.E0));
#9654=VECTOR('',#9653,1.E-1);
#9655=CARTESIAN_POINT('',(1.7E0,0.E0,1.25E-1));
#9656=LINE('',#9655,#9654);
#9657=CURVE_STYLE('',#33,POSITIVE_LENGTH_MEASURE(2.E-2),#18);
#9658=PRESENTATION_STYLE_ASSIGNMENT((#9657));
#9659=STYLED_ITEM('',(#9658),#9656);
#9660=DIRECTION('',(0.E0,0.E0,-1.E0));
#9661=VECTOR('',#9660,2.5E-1);
#9662=CARTESIAN_POINT('',(1.75E0,1.E-1,3.75E-1));
#9663=LINE('',#9662,#9661);
#9664=CURVE_STYLE('',#33,POSITIVE_LENGTH_MEASURE(2.E-2),#18);
#9665=PRESENTATION_STYLE_ASSIGNMENT((#9664));
#9666=STYLED_ITEM('',(#9665),#9663);
#9667=DIRECTION('',(0.E0,1.E0,0.E0));
#9668=VECTOR('',#9667,1.E-1);
#9669=CARTESIAN_POINT('',(1.75E0,1.E-1,3.75E-1));
#9670=LINE('',#9669,#9668);
#9671=CURVE_STYLE('',#33,POSITIVE_LENGTH_MEASURE(2.E-2),#18);
#9672=PRESENTATION_STYLE_ASSIGNMENT((#9671));
#9673=STYLED_ITEM('',(#9672),#9670);
#9674=DIRECTION('',(-1.E0,0.E0,0.E0));
#9675=VECTOR('',#9674,2.75E-1);
#9676=CARTESIAN_POINT('',(1.75E0,2.E-1,1.25E-1));
#9677=LINE('',#9676,#9675);
#9678=CURVE_STYLE('',#33,POSITIVE_LENGTH_MEASURE(2.E-2),#18);
#9679=PRESENTATION_STYLE_ASSIGNMENT((#9678));
#9680=STYLED_ITEM('',(#9679),#9677);
#9681=DIRECTION('',(0.E0,0.E0,-1.E0));
#9682=VECTOR('',#9681,2.5E-1);
#9683=CARTESIAN_POINT('',(1.75E0,2.E-1,3.75E-1));
#9684=LINE('',#9683,#9682);
#9685=CURVE_STYLE('',#33,POSITIVE_LENGTH_MEASURE(2.E-2),#18);
#9686=PRESENTATION_STYLE_ASSIGNMENT((#9685));
#9687=STYLED_ITEM('',(#9686),#9684);
#9688=DIRECTION('',(1.E0,0.E0,0.E0));
#9689=VECTOR('',#9688,2.75E-1);
#9690=CARTESIAN_POINT('',(1.475E0,2.E-1,3.75E-1));
#9691=LINE('',#9690,#9689);
#9692=CURVE_STYLE('',#33,POSITIVE_LENGTH_MEASURE(2.E-2),#18);
#9693=PRESENTATION_STYLE_ASSIGNMENT((#9692));
#9694=STYLED_ITEM('',(#9693),#9691);
#9695=CARTESIAN_POINT('',(1.475E0,2.E-1,2.5E-1));
#9696=DIRECTION('',(0.E0,1.E0,0.E0));
#9697=DIRECTION('',(0.E0,0.E0,-1.E0));
#9698=AXIS2_PLACEMENT_3D('',#9695,#9696,#9697);
#9700=CURVE_STYLE('',#33,POSITIVE_LENGTH_MEASURE(2.E-2),#18);
#9701=PRESENTATION_STYLE_ASSIGNMENT((#9700));
#9702=STYLED_ITEM('',(#9701),#9699);
#9703=CARTESIAN_POINT('',(1.475E0,0.E0,1.25E-1));
#9704=CARTESIAN_POINT('',(1.475E0,0.E0,3.75E-1));
#9705=VERTEX_POINT('',#9703);
#9706=VERTEX_POINT('',#9704);
#9707=CARTESIAN_POINT('',(1.75E0,2.E-1,1.25E-1));
#9708=CARTESIAN_POINT('',(1.475E0,2.E-1,1.25E-1));
#9709=VERTEX_POINT('',#9707);
#9710=VERTEX_POINT('',#9708);
#9711=CARTESIAN_POINT('',(1.475E0,2.E-1,3.75E-1));
#9712=VERTEX_POINT('',#9711);
#9713=CARTESIAN_POINT('',(1.75E0,2.E-1,3.75E-1));
#9714=VERTEX_POINT('',#9713);
#9715=CARTESIAN_POINT('',(1.7E0,1.E-1,1.25E-1));
#9716=CARTESIAN_POINT('',(1.7E0,1.E-1,3.75E-1));
#9717=VERTEX_POINT('',#9715);
#9718=VERTEX_POINT('',#9716);
#9719=CARTESIAN_POINT('',(1.7E0,0.E0,3.75E-1));
#9720=CARTESIAN_POINT('',(1.7E0,0.E0,1.25E-1));
#9721=VERTEX_POINT('',#9719);
#9722=VERTEX_POINT('',#9720);
#9723=CARTESIAN_POINT('',(1.75E0,1.E-1,1.25E-1));
#9724=VERTEX_POINT('',#9723);
#9725=CARTESIAN_POINT('',(1.75E0,1.E-1,3.75E-1));
#9726=VERTEX_POINT('',#9725);
#9727=CARTESIAN_POINT('',(0.E0,0.E0,0.E0));
#9728=DIRECTION('',(0.E0,1.E0,0.E0));
#9729=DIRECTION('',(1.E0,0.E0,0.E0));
#9730=AXIS2_PLACEMENT_3D('',#9727,#9728,#9729);
#9731=PLANE('',#9730);
#9733=ORIENTED_EDGE('',*,*,#9732,.T.);
#9735=ORIENTED_EDGE('',*,*,#9734,.T.);
#9737=ORIENTED_EDGE('',*,*,#9736,.T.);
#9739=ORIENTED_EDGE('',*,*,#9738,.T.);
#9740=EDGE_LOOP('',(#9733,#9735,#9737,#9739));
#9741=FACE_OUTER_BOUND('',#9740,.F.);
#9743=FILL_AREA_STYLE_COLOUR('',#22);
#9744=FILL_AREA_STYLE('',(#9743));
#9745=SURFACE_STYLE_FILL_AREA(#9744);
#9746=SURFACE_SIDE_STYLE('',(#9745));
#9747=SURFACE_STYLE_USAGE(.POSITIVE.,#9746);
#9748=PRESENTATION_STYLE_ASSIGNMENT((#9747));
#9749=OVER_RIDING_STYLED_ITEM('',(#9748),#9742,#9574);
#9750=CARTESIAN_POINT('',(1.7E0,1.E-1,-2.25E0));
#9751=DIRECTION('',(-1.E0,0.E0,0.E0));
#9752=DIRECTION('',(0.E0,-1.E0,0.E0));
#9753=AXIS2_PLACEMENT_3D('',#9750,#9751,#9752);
#9754=PLANE('',#9753);
#9756=ORIENTED_EDGE('',*,*,#9755,.F.);
#9758=ORIENTED_EDGE('',*,*,#9757,.F.);
#9759=ORIENTED_EDGE('',*,*,#9732,.F.);
#9761=ORIENTED_EDGE('',*,*,#9760,.T.);
#9762=EDGE_LOOP('',(#9756,#9758,#9759,#9761));
#9763=FACE_OUTER_BOUND('',#9762,.F.);
#9765=CARTESIAN_POINT('',(-1.75E0,1.E-1,-2.25E0));
#9766=DIRECTION('',(0.E0,1.E0,0.E0));
#9767=DIRECTION('',(0.E0,0.E0,1.E0));
#9768=AXIS2_PLACEMENT_3D('',#9765,#9766,#9767);
#9769=PLANE('',#9768);
#9770=ORIENTED_EDGE('',*,*,#9755,.T.);
#9772=ORIENTED_EDGE('',*,*,#9771,.T.);
#9774=ORIENTED_EDGE('',*,*,#9773,.T.);
#9776=ORIENTED_EDGE('',*,*,#9775,.T.);
#9777=EDGE_LOOP('',(#9770,#9772,#9774,#9776));
#9778=FACE_OUTER_BOUND('',#9777,.F.);
#9780=CARTESIAN_POINT('',(1.475E0,0.E0,3.75E-1));
#9781=DIRECTION('',(0.E0,0.E0,1.E0));
#9782=DIRECTION('',(1.E0,0.E0,0.E0));
#9783=AXIS2_PLACEMENT_3D('',#9780,#9781,#9782);
#9784=PLANE('',#9783);
#9785=ORIENTED_EDGE('',*,*,#9771,.F.);
#9786=ORIENTED_EDGE('',*,*,#9760,.F.);
#9787=ORIENTED_EDGE('',*,*,#9738,.F.);
#9789=ORIENTED_EDGE('',*,*,#9788,.T.);
#9791=ORIENTED_EDGE('',*,*,#9790,.T.);
#9793=ORIENTED_EDGE('',*,*,#9792,.F.);
#9794=EDGE_LOOP('',(#9785,#9786,#9787,#9789,#9791,#9793));
#9795=FACE_OUTER_BOUND('',#9794,.F.);
#9797=CARTESIAN_POINT('',(1.475E0,0.E0,2.5E-1));
#9798=DIRECTION('',(0.E0,1.E0,0.E0));
#9799=DIRECTION('',(1.E0,0.E0,0.E0));
#9800=AXIS2_PLACEMENT_3D('',#9797,#9798,#9799);
#9801=CYLINDRICAL_SURFACE('',#9800,1.25E-1);
#9802=ORIENTED_EDGE('',*,*,#9736,.F.);
#9804=ORIENTED_EDGE('',*,*,#9803,.T.);
#9806=ORIENTED_EDGE('',*,*,#9805,.T.);
#9807=ORIENTED_EDGE('',*,*,#9788,.F.);
#9808=EDGE_LOOP('',(#9802,#9804,#9806,#9807));
#9809=FACE_OUTER_BOUND('',#9808,.F.);
#9811=CARTESIAN_POINT('',(1.75E0,0.E0,1.25E-1));
#9812=DIRECTION('',(0.E0,0.E0,-1.E0));
#9813=DIRECTION('',(-1.E0,0.E0,0.E0));
#9814=AXIS2_PLACEMENT_3D('',#9811,#9812,#9813);
#9815=PLANE('',#9814);
#9816=ORIENTED_EDGE('',*,*,#9775,.F.);
#9818=ORIENTED_EDGE('',*,*,#9817,.T.);
#9820=ORIENTED_EDGE('',*,*,#9819,.T.);
#9821=ORIENTED_EDGE('',*,*,#9803,.F.);
#9822=ORIENTED_EDGE('',*,*,#9734,.F.);
#9823=ORIENTED_EDGE('',*,*,#9757,.T.);
#9824=EDGE_LOOP('',(#9816,#9818,#9820,#9821,#9822,#9823));
#9825=FACE_OUTER_BOUND('',#9824,.F.);
#9827=CARTESIAN_POINT('',(1.75E0,0.E0,3.75E-1));
#9828=DIRECTION('',(1.E0,0.E0,0.E0));
#9829=DIRECTION('',(0.E0,0.E0,-1.E0));
#9830=AXIS2_PLACEMENT_3D('',#9827,#9828,#9829);
#9831=PLANE('',#9830);
#9832=ORIENTED_EDGE('',*,*,#9773,.F.);
#9833=ORIENTED_EDGE('',*,*,#9792,.T.);
#9835=ORIENTED_EDGE('',*,*,#9834,.T.);
#9836=ORIENTED_EDGE('',*,*,#9817,.F.);
#9837=EDGE_LOOP('',(#9832,#9833,#9835,#9836));
#9838=FACE_OUTER_BOUND('',#9837,.F.);
#9840=CARTESIAN_POINT('',(0.E0,2.E-1,0.E0));
#9841=DIRECTION('',(0.E0,1.E0,0.E0));
#9842=DIRECTION('',(1.E0,0.E0,0.E0));
#9843=AXIS2_PLACEMENT_3D('',#9840,#9841,#9842);
#9844=PLANE('',#9843);
#9845=ORIENTED_EDGE('',*,*,#9819,.F.);
#9846=ORIENTED_EDGE('',*,*,#9834,.F.);
#9847=ORIENTED_EDGE('',*,*,#9790,.F.);
#9848=ORIENTED_EDGE('',*,*,#9805,.F.);
#9849=EDGE_LOOP('',(#9845,#9846,#9847,#9848));
#9850=FACE_OUTER_BOUND('',#9849,.F.);
#9852=CLOSED_SHELL('',(#9742,#9764,#9779,#9796,#9810,#9826,#9839,#9851));
#9853=MANIFOLD_SOLID_BREP('',#9852);
#9854=FILL_AREA_STYLE_COLOUR('',#18);
#9855=FILL_AREA_STYLE('',(#9854));
#9856=SURFACE_STYLE_FILL_AREA(#9855);
#9857=SURFACE_SIDE_STYLE('',(#9856));
#9858=SURFACE_STYLE_USAGE(.POSITIVE.,#9857);
#9859=PRESENTATION_STYLE_ASSIGNMENT((#9858));
#9574=STYLED_ITEM('',(#9859),#9853);
#9861=DIRECTION('',(0.E0,0.E0,-1.E0));
#9862=VECTOR('',#9861,2.5E-1);
#9863=CARTESIAN_POINT('',(1.7E0,0.E0,-1.25E-1));
#9864=LINE('',#9863,#9862);
#9865=CURVE_STYLE('',#33,POSITIVE_LENGTH_MEASURE(2.E-2),#18);
#9866=PRESENTATION_STYLE_ASSIGNMENT((#9865));
#9867=STYLED_ITEM('',(#9866),#9864);
#9868=DIRECTION('',(-1.E0,0.E0,0.E0));
#9869=VECTOR('',#9868,2.25E-1);
#9870=CARTESIAN_POINT('',(1.7E0,0.E0,-3.75E-1));
#9871=LINE('',#9870,#9869);
#9872=CURVE_STYLE('',#33,POSITIVE_LENGTH_MEASURE(2.E-2),#18);
#9873=PRESENTATION_STYLE_ASSIGNMENT((#9872));
#9874=STYLED_ITEM('',(#9873),#9871);
#9875=CARTESIAN_POINT('',(1.475E0,0.E0,-2.5E-1));
#9876=DIRECTION('',(0.E0,1.E0,0.E0));
#9877=DIRECTION('',(0.E0,0.E0,-1.E0));
#9878=AXIS2_PLACEMENT_3D('',#9875,#9876,#9877);
#9880=CURVE_STYLE('',#33,POSITIVE_LENGTH_MEASURE(2.E-2),#18);
#9881=PRESENTATION_STYLE_ASSIGNMENT((#9880));
#9882=STYLED_ITEM('',(#9881),#9879);
#9883=DIRECTION('',(1.E0,0.E0,0.E0));
#9884=VECTOR('',#9883,2.25E-1);
#9885=CARTESIAN_POINT('',(1.475E0,0.E0,-1.25E-1));
#9886=LINE('',#9885,#9884);
#9887=CURVE_STYLE('',#33,POSITIVE_LENGTH_MEASURE(2.E-2),#18);
#9888=PRESENTATION_STYLE_ASSIGNMENT((#9887));
#9889=STYLED_ITEM('',(#9888),#9886);
#9890=DIRECTION('',(0.E0,0.E0,1.E0));
#9891=VECTOR('',#9890,2.5E-1);
#9892=CARTESIAN_POINT('',(1.7E0,1.E-1,-3.75E-1));
#9893=LINE('',#9892,#9891);
#9894=CURVE_STYLE('',#33,POSITIVE_LENGTH_MEASURE(2.E-2),#18);
#9895=PRESENTATION_STYLE_ASSIGNMENT((#9894));
#9896=STYLED_ITEM('',(#9895),#9893);
#9897=DIRECTION('',(1.E0,0.E0,0.E0));
#9898=VECTOR('',#9897,5.E-2);
#9899=CARTESIAN_POINT('',(1.7E0,1.E-1,-1.25E-1));
#9900=LINE('',#9899,#9898);
#9901=CURVE_STYLE('',#33,POSITIVE_LENGTH_MEASURE(2.E-2),#18);
#9902=PRESENTATION_STYLE_ASSIGNMENT((#9901));
#9903=STYLED_ITEM('',(#9902),#9900);
#9904=DIRECTION('',(0.E0,1.E0,0.E0));
#9905=VECTOR('',#9904,1.E-1);
#9906=CARTESIAN_POINT('',(1.7E0,0.E0,-1.25E-1));
#9907=LINE('',#9906,#9905);
#9908=CURVE_STYLE('',#33,POSITIVE_LENGTH_MEASURE(2.E-2),#18);
#9909=PRESENTATION_STYLE_ASSIGNMENT((#9908));
#9910=STYLED_ITEM('',(#9909),#9907);
#9911=DIRECTION('',(0.E0,1.E0,0.E0));
#9912=VECTOR('',#9911,2.E-1);
#9913=CARTESIAN_POINT('',(1.475E0,0.E0,-1.25E-1));
#9914=LINE('',#9913,#9912);
#9915=CURVE_STYLE('',#33,POSITIVE_LENGTH_MEASURE(2.E-2),#18);
#9916=PRESENTATION_STYLE_ASSIGNMENT((#9915));
#9917=STYLED_ITEM('',(#9916),#9914);
#9918=DIRECTION('',(0.E0,1.E0,0.E0));
#9919=VECTOR('',#9918,2.E-1);
#9920=CARTESIAN_POINT('',(1.475E0,0.E0,-3.75E-1));
#9921=LINE('',#9920,#9919);
#9922=CURVE_STYLE('',#33,POSITIVE_LENGTH_MEASURE(2.E-2),#18);
#9923=PRESENTATION_STYLE_ASSIGNMENT((#9922));
#9924=STYLED_ITEM('',(#9923),#9921);
#9925=DIRECTION('',(-1.E0,0.E0,0.E0));
#9926=VECTOR('',#9925,5.E-2);
#9927=CARTESIAN_POINT('',(1.75E0,1.E-1,-3.75E-1));
#9928=LINE('',#9927,#9926);
#9929=CURVE_STYLE('',#33,POSITIVE_LENGTH_MEASURE(2.E-2),#18);
#9930=PRESENTATION_STYLE_ASSIGNMENT((#9929));
#9931=STYLED_ITEM('',(#9930),#9928);
#9932=DIRECTION('',(0.E0,1.E0,0.E0));
#9933=VECTOR('',#9932,1.E-1);
#9934=CARTESIAN_POINT('',(1.75E0,1.E-1,-3.75E-1));
#9935=LINE('',#9934,#9933);
#9936=CURVE_STYLE('',#33,POSITIVE_LENGTH_MEASURE(2.E-2),#18);
#9937=PRESENTATION_STYLE_ASSIGNMENT((#9936));
#9938=STYLED_ITEM('',(#9937),#9935);
#9939=DIRECTION('',(0.E0,1.E0,0.E0));
#9940=VECTOR('',#9939,1.E-1);
#9941=CARTESIAN_POINT('',(1.7E0,0.E0,-3.75E-1));
#9942=LINE('',#9941,#9940);
#9943=CURVE_STYLE('',#33,POSITIVE_LENGTH_MEASURE(2.E-2),#18);
#9944=PRESENTATION_STYLE_ASSIGNMENT((#9943));
#9945=STYLED_ITEM('',(#9944),#9942);
#9946=DIRECTION('',(0.E0,0.E0,-1.E0));
#9947=VECTOR('',#9946,2.5E-1);
#9948=CARTESIAN_POINT('',(1.75E0,1.E-1,-1.25E-1));
#9949=LINE('',#9948,#9947);
#9950=CURVE_STYLE('',#33,POSITIVE_LENGTH_MEASURE(2.E-2),#18);
#9951=PRESENTATION_STYLE_ASSIGNMENT((#9950));
#9952=STYLED_ITEM('',(#9951),#9949);
#9953=DIRECTION('',(0.E0,1.E0,0.E0));
#9954=VECTOR('',#9953,1.E-1);
#9955=CARTESIAN_POINT('',(1.75E0,1.E-1,-1.25E-1));
#9956=LINE('',#9955,#9954);
#9957=CURVE_STYLE('',#33,POSITIVE_LENGTH_MEASURE(2.E-2),#18);
#9958=PRESENTATION_STYLE_ASSIGNMENT((#9957));
#9959=STYLED_ITEM('',(#9958),#9956);
#9960=DIRECTION('',(-1.E0,0.E0,0.E0));
#9961=VECTOR('',#9960,2.75E-1);
#9962=CARTESIAN_POINT('',(1.75E0,2.E-1,-3.75E-1));
#9963=LINE('',#9962,#9961);
#9964=CURVE_STYLE('',#33,POSITIVE_LENGTH_MEASURE(2.E-2),#18);
#9965=PRESENTATION_STYLE_ASSIGNMENT((#9964));
#9966=STYLED_ITEM('',(#9965),#9963);
#9967=DIRECTION('',(0.E0,0.E0,-1.E0));
#9968=VECTOR('',#9967,2.5E-1);
#9969=CARTESIAN_POINT('',(1.75E0,2.E-1,-1.25E-1));
#9970=LINE('',#9969,#9968);
#9971=CURVE_STYLE('',#33,POSITIVE_LENGTH_MEASURE(2.E-2),#18);
#9972=PRESENTATION_STYLE_ASSIGNMENT((#9971));
#9973=STYLED_ITEM('',(#9972),#9970);
#9974=DIRECTION('',(1.E0,0.E0,0.E0));
#9975=VECTOR('',#9974,2.75E-1);
#9976=CARTESIAN_POINT('',(1.475E0,2.E-1,-1.25E-1));
#9977=LINE('',#9976,#9975);
#9978=CURVE_STYLE('',#33,POSITIVE_LENGTH_MEASURE(2.E-2),#18);
#9979=PRESENTATION_STYLE_ASSIGNMENT((#9978));
#9980=STYLED_ITEM('',(#9979),#9977);
#9981=CARTESIAN_POINT('',(1.475E0,2.E-1,-2.5E-1));
#9982=DIRECTION('',(0.E0,1.E0,0.E0));
#9983=DIRECTION('',(0.E0,0.E0,-1.E0));
#9984=AXIS2_PLACEMENT_3D('',#9981,#9982,#9983);
#9986=CURVE_STYLE('',#33,POSITIVE_LENGTH_MEASURE(2.E-2),#18);
#9987=PRESENTATION_STYLE_ASSIGNMENT((#9986));
#9988=STYLED_ITEM('',(#9987),#9985);
#9989=CARTESIAN_POINT('',(1.475E0,0.E0,-3.75E-1));
#9990=CARTESIAN_POINT('',(1.475E0,0.E0,-1.25E-1));
#9991=VERTEX_POINT('',#9989);
#9992=VERTEX_POINT('',#9990);
#9993=CARTESIAN_POINT('',(1.75E0,2.E-1,-3.75E-1));
#9994=CARTESIAN_POINT('',(1.475E0,2.E-1,-3.75E-1));
#9995=VERTEX_POINT('',#9993);
#9996=VERTEX_POINT('',#9994);
#9997=CARTESIAN_POINT('',(1.475E0,2.E-1,-1.25E-1));
#9998=VERTEX_POINT('',#9997);
#9999=CARTESIAN_POINT('',(1.75E0,2.E-1,-1.25E-1));
#10000=VERTEX_POINT('',#9999);
#10001=CARTESIAN_POINT('',(1.7E0,1.E-1,-3.75E-1));
#10002=CARTESIAN_POINT('',(1.7E0,1.E-1,-1.25E-1));
#10003=VERTEX_POINT('',#10001);
#10004=VERTEX_POINT('',#10002);
#10005=CARTESIAN_POINT('',(1.7E0,0.E0,-1.25E-1));
#10006=CARTESIAN_POINT('',(1.7E0,0.E0,-3.75E-1));
#10007=VERTEX_POINT('',#10005);
#10008=VERTEX_POINT('',#10006);
#10009=CARTESIAN_POINT('',(1.75E0,1.E-1,-3.75E-1));
#10010=VERTEX_POINT('',#10009);
#10011=CARTESIAN_POINT('',(1.75E0,1.E-1,-1.25E-1));
#10012=VERTEX_POINT('',#10011);
#10013=CARTESIAN_POINT('',(0.E0,0.E0,0.E0));
#10014=DIRECTION('',(0.E0,1.E0,0.E0));
#10015=DIRECTION('',(1.E0,0.E0,0.E0));
#10016=AXIS2_PLACEMENT_3D('',#10013,#10014,#10015);
#10017=PLANE('',#10016);
#10019=ORIENTED_EDGE('',*,*,#10018,.T.);
#10021=ORIENTED_EDGE('',*,*,#10020,.T.);
#10023=ORIENTED_EDGE('',*,*,#10022,.T.);
#10025=ORIENTED_EDGE('',*,*,#10024,.T.);
#10026=EDGE_LOOP('',(#10019,#10021,#10023,#10025));
#10027=FACE_OUTER_BOUND('',#10026,.F.);
#10029=FILL_AREA_STYLE_COLOUR('',#22);
#10030=FILL_AREA_STYLE('',(#10029));
#10031=SURFACE_STYLE_FILL_AREA(#10030);
#10032=SURFACE_SIDE_STYLE('',(#10031));
#10033=SURFACE_STYLE_USAGE(.POSITIVE.,#10032);
#10034=PRESENTATION_STYLE_ASSIGNMENT((#10033));
#10035=OVER_RIDING_STYLED_ITEM('',(#10034),#10028,#9860);
#10036=CARTESIAN_POINT('',(1.7E0,1.E-1,-2.25E0));
#10037=DIRECTION('',(-1.E0,0.E0,0.E0));
#10038=DIRECTION('',(0.E0,-1.E0,0.E0));
#10039=AXIS2_PLACEMENT_3D('',#10036,#10037,#10038);
#10040=PLANE('',#10039);
#10042=ORIENTED_EDGE('',*,*,#10041,.F.);
#10044=ORIENTED_EDGE('',*,*,#10043,.F.);
#10045=ORIENTED_EDGE('',*,*,#10018,.F.);
#10047=ORIENTED_EDGE('',*,*,#10046,.T.);
#10048=EDGE_LOOP('',(#10042,#10044,#10045,#10047));
#10049=FACE_OUTER_BOUND('',#10048,.F.);
#10051=CARTESIAN_POINT('',(-1.75E0,1.E-1,-2.25E0));
#10052=DIRECTION('',(0.E0,1.E0,0.E0));
#10053=DIRECTION('',(0.E0,0.E0,1.E0));
#10054=AXIS2_PLACEMENT_3D('',#10051,#10052,#10053);
#10055=PLANE('',#10054);
#10056=ORIENTED_EDGE('',*,*,#10041,.T.);
#10058=ORIENTED_EDGE('',*,*,#10057,.T.);
#10060=ORIENTED_EDGE('',*,*,#10059,.T.);
#10062=ORIENTED_EDGE('',*,*,#10061,.T.);
#10063=EDGE_LOOP('',(#10056,#10058,#10060,#10062));
#10064=FACE_OUTER_BOUND('',#10063,.F.);
#10066=CARTESIAN_POINT('',(1.475E0,0.E0,-1.25E-1));
#10067=DIRECTION('',(0.E0,0.E0,1.E0));
#10068=DIRECTION('',(1.E0,0.E0,0.E0));
#10069=AXIS2_PLACEMENT_3D('',#10066,#10067,#10068);
#10070=PLANE('',#10069);
#10071=ORIENTED_EDGE('',*,*,#10057,.F.);
#10072=ORIENTED_EDGE('',*,*,#10046,.F.);
#10073=ORIENTED_EDGE('',*,*,#10024,.F.);
#10075=ORIENTED_EDGE('',*,*,#10074,.T.);
#10077=ORIENTED_EDGE('',*,*,#10076,.T.);
#10079=ORIENTED_EDGE('',*,*,#10078,.F.);
#10080=EDGE_LOOP('',(#10071,#10072,#10073,#10075,#10077,#10079));
#10081=FACE_OUTER_BOUND('',#10080,.F.);
#10083=CARTESIAN_POINT('',(1.475E0,0.E0,-2.5E-1));
#10084=DIRECTION('',(0.E0,1.E0,0.E0));
#10085=DIRECTION('',(1.E0,0.E0,0.E0));
#10086=AXIS2_PLACEMENT_3D('',#10083,#10084,#10085);
#10087=CYLINDRICAL_SURFACE('',#10086,1.25E-1);
#10088=ORIENTED_EDGE('',*,*,#10022,.F.);
#10090=ORIENTED_EDGE('',*,*,#10089,.T.);
#10092=ORIENTED_EDGE('',*,*,#10091,.T.);
#10093=ORIENTED_EDGE('',*,*,#10074,.F.);
#10094=EDGE_LOOP('',(#10088,#10090,#10092,#10093));
#10095=FACE_OUTER_BOUND('',#10094,.F.);
#10097=CARTESIAN_POINT('',(1.75E0,0.E0,-3.75E-1));
#10098=DIRECTION('',(0.E0,0.E0,-1.E0));
#10099=DIRECTION('',(-1.E0,0.E0,0.E0));
#10100=AXIS2_PLACEMENT_3D('',#10097,#10098,#10099);
#10101=PLANE('',#10100);
#10102=ORIENTED_EDGE('',*,*,#10061,.F.);
#10104=ORIENTED_EDGE('',*,*,#10103,.T.);
#10106=ORIENTED_EDGE('',*,*,#10105,.T.);
#10107=ORIENTED_EDGE('',*,*,#10089,.F.);
#10108=ORIENTED_EDGE('',*,*,#10020,.F.);
#10109=ORIENTED_EDGE('',*,*,#10043,.T.);
#10110=EDGE_LOOP('',(#10102,#10104,#10106,#10107,#10108,#10109));
#10111=FACE_OUTER_BOUND('',#10110,.F.);
#10113=CARTESIAN_POINT('',(1.75E0,0.E0,-1.25E-1));
#10114=DIRECTION('',(1.E0,0.E0,0.E0));
#10115=DIRECTION('',(0.E0,0.E0,-1.E0));
#10116=AXIS2_PLACEMENT_3D('',#10113,#10114,#10115);
#10117=PLANE('',#10116);
#10118=ORIENTED_EDGE('',*,*,#10059,.F.);
#10119=ORIENTED_EDGE('',*,*,#10078,.T.);
#10121=ORIENTED_EDGE('',*,*,#10120,.T.);
#10122=ORIENTED_EDGE('',*,*,#10103,.F.);
#10123=EDGE_LOOP('',(#10118,#10119,#10121,#10122));
#10124=FACE_OUTER_BOUND('',#10123,.F.);
#10126=CARTESIAN_POINT('',(0.E0,2.E-1,0.E0));
#10127=DIRECTION('',(0.E0,1.E0,0.E0));
#10128=DIRECTION('',(1.E0,0.E0,0.E0));
#10129=AXIS2_PLACEMENT_3D('',#10126,#10127,#10128);
#10130=PLANE('',#10129);
#10131=ORIENTED_EDGE('',*,*,#10105,.F.);
#10132=ORIENTED_EDGE('',*,*,#10120,.F.);
#10133=ORIENTED_EDGE('',*,*,#10076,.F.);
#10134=ORIENTED_EDGE('',*,*,#10091,.F.);
#10135=EDGE_LOOP('',(#10131,#10132,#10133,#10134));
#10136=FACE_OUTER_BOUND('',#10135,.F.);
#10138=CLOSED_SHELL('',(#10028,#10050,#10065,#10082,#10096,#10112,#10125,
#10137));
#10139=MANIFOLD_SOLID_BREP('',#10138);
#10140=FILL_AREA_STYLE_COLOUR('',#18);
#10141=FILL_AREA_STYLE('',(#10140));
#10142=SURFACE_STYLE_FILL_AREA(#10141);
#10143=SURFACE_SIDE_STYLE('',(#10142));
#10144=SURFACE_STYLE_USAGE(.POSITIVE.,#10143);
#10145=PRESENTATION_STYLE_ASSIGNMENT((#10144));
#9860=STYLED_ITEM('',(#10145),#10139);
#10147=DIRECTION('',(0.E0,0.E0,-1.E0));
#10148=VECTOR('',#10147,2.5E-1);
#10149=CARTESIAN_POINT('',(-1.7E0,0.E0,1.875E0));
#10150=LINE('',#10149,#10148);
#10151=CURVE_STYLE('',#33,POSITIVE_LENGTH_MEASURE(2.E-2),#18);
#10152=PRESENTATION_STYLE_ASSIGNMENT((#10151));
#10153=STYLED_ITEM('',(#10152),#10150);
#10154=DIRECTION('',(-1.E0,0.E0,0.E0));
#10155=VECTOR('',#10154,2.25E-1);
#10156=CARTESIAN_POINT('',(-1.475E0,0.E0,1.875E0));
#10157=LINE('',#10156,#10155);
#10158=CURVE_STYLE('',#33,POSITIVE_LENGTH_MEASURE(2.E-2),#18);
#10159=PRESENTATION_STYLE_ASSIGNMENT((#10158));
#10160=STYLED_ITEM('',(#10159),#10157);
#10161=CARTESIAN_POINT('',(-1.475E0,0.E0,1.75E0));
#10162=DIRECTION('',(0.E0,-1.E0,0.E0));
#10163=DIRECTION('',(0.E0,0.E0,-1.E0));
#10164=AXIS2_PLACEMENT_3D('',#10161,#10162,#10163);
#10166=CURVE_STYLE('',#33,POSITIVE_LENGTH_MEASURE(2.E-2),#18);
#10167=PRESENTATION_STYLE_ASSIGNMENT((#10166));
#10168=STYLED_ITEM('',(#10167),#10165);
#10169=DIRECTION('',(1.E0,0.E0,0.E0));
#10170=VECTOR('',#10169,2.25E-1);
#10171=CARTESIAN_POINT('',(-1.7E0,0.E0,1.625E0));
#10172=LINE('',#10171,#10170);
#10173=CURVE_STYLE('',#33,POSITIVE_LENGTH_MEASURE(2.E-2),#18);
#10174=PRESENTATION_STYLE_ASSIGNMENT((#10173));
#10175=STYLED_ITEM('',(#10174),#10172);
#10176=DIRECTION('',(0.E0,0.E0,-1.E0));
#10177=VECTOR('',#10176,2.5E-1);
#10178=CARTESIAN_POINT('',(-1.7E0,1.E-1,1.875E0));
#10179=LINE('',#10178,#10177);
#10180=CURVE_STYLE('',#33,POSITIVE_LENGTH_MEASURE(2.E-2),#18);
#10181=PRESENTATION_STYLE_ASSIGNMENT((#10180));
#10182=STYLED_ITEM('',(#10181),#10179);
#10183=DIRECTION('',(1.E0,0.E0,0.E0));
#10184=VECTOR('',#10183,5.E-2);
#10185=CARTESIAN_POINT('',(-1.75E0,1.E-1,1.625E0));
#10186=LINE('',#10185,#10184);
#10187=CURVE_STYLE('',#33,POSITIVE_LENGTH_MEASURE(2.E-2),#18);
#10188=PRESENTATION_STYLE_ASSIGNMENT((#10187));
#10189=STYLED_ITEM('',(#10188),#10186);
#10190=DIRECTION('',(0.E0,1.E0,0.E0));
#10191=VECTOR('',#10190,1.E-1);
#10192=CARTESIAN_POINT('',(-1.7E0,0.E0,1.625E0));
#10193=LINE('',#10192,#10191);
#10194=CURVE_STYLE('',#33,POSITIVE_LENGTH_MEASURE(2.E-2),#18);
#10195=PRESENTATION_STYLE_ASSIGNMENT((#10194));
#10196=STYLED_ITEM('',(#10195),#10193);
#10197=DIRECTION('',(0.E0,1.E0,0.E0));
#10198=VECTOR('',#10197,1.E-1);
#10199=CARTESIAN_POINT('',(-1.75E0,1.E-1,1.625E0));
#10200=LINE('',#10199,#10198);
#10201=CURVE_STYLE('',#33,POSITIVE_LENGTH_MEASURE(2.E-2),#18);
#10202=PRESENTATION_STYLE_ASSIGNMENT((#10201));
#10203=STYLED_ITEM('',(#10202),#10200);
#10204=DIRECTION('',(0.E0,1.E0,0.E0));
#10205=VECTOR('',#10204,2.E-1);
#10206=CARTESIAN_POINT('',(-1.475E0,0.E0,1.625E0));
#10207=LINE('',#10206,#10205);
#10208=CURVE_STYLE('',#33,POSITIVE_LENGTH_MEASURE(2.E-2),#18);
#10209=PRESENTATION_STYLE_ASSIGNMENT((#10208));
#10210=STYLED_ITEM('',(#10209),#10207);
#10211=DIRECTION('',(-1.E0,0.E0,0.E0));
#10212=VECTOR('',#10211,5.E-2);
#10213=CARTESIAN_POINT('',(-1.7E0,1.E-1,1.875E0));
#10214=LINE('',#10213,#10212);
#10215=CURVE_STYLE('',#33,POSITIVE_LENGTH_MEASURE(2.E-2),#18);
#10216=PRESENTATION_STYLE_ASSIGNMENT((#10215));
#10217=STYLED_ITEM('',(#10216),#10214);
#10218=DIRECTION('',(0.E0,1.E0,0.E0));
#10219=VECTOR('',#10218,2.E-1);
#10220=CARTESIAN_POINT('',(-1.475E0,0.E0,1.875E0));
#10221=LINE('',#10220,#10219);
#10222=CURVE_STYLE('',#33,POSITIVE_LENGTH_MEASURE(2.E-2),#18);
#10223=PRESENTATION_STYLE_ASSIGNMENT((#10222));
#10224=STYLED_ITEM('',(#10223),#10221);
#10225=DIRECTION('',(0.E0,1.E0,0.E0));
#10226=VECTOR('',#10225,1.E-1);
#10227=CARTESIAN_POINT('',(-1.7E0,0.E0,1.875E0));
#10228=LINE('',#10227,#10226);
#10229=CURVE_STYLE('',#33,POSITIVE_LENGTH_MEASURE(2.E-2),#18);
#10230=PRESENTATION_STYLE_ASSIGNMENT((#10229));
#10231=STYLED_ITEM('',(#10230),#10228);
#10232=DIRECTION('',(0.E0,0.E0,-1.E0));
#10233=VECTOR('',#10232,2.5E-1);
#10234=CARTESIAN_POINT('',(-1.75E0,1.E-1,1.875E0));
#10235=LINE('',#10234,#10233);
#10236=CURVE_STYLE('',#33,POSITIVE_LENGTH_MEASURE(2.E-2),#18);
#10237=PRESENTATION_STYLE_ASSIGNMENT((#10236));
#10238=STYLED_ITEM('',(#10237),#10235);
#10239=DIRECTION('',(0.E0,1.E0,0.E0));
#10240=VECTOR('',#10239,1.E-1);
#10241=CARTESIAN_POINT('',(-1.75E0,1.E-1,1.875E0));
#10242=LINE('',#10241,#10240);
#10243=CURVE_STYLE('',#33,POSITIVE_LENGTH_MEASURE(2.E-2),#18);
#10244=PRESENTATION_STYLE_ASSIGNMENT((#10243));
#10245=STYLED_ITEM('',(#10244),#10242);
#10246=DIRECTION('',(1.E0,0.E0,0.E0));
#10247=VECTOR('',#10246,2.75E-1);
#10248=CARTESIAN_POINT('',(-1.75E0,2.E-1,1.625E0));
#10249=LINE('',#10248,#10247);
#10250=CURVE_STYLE('',#33,POSITIVE_LENGTH_MEASURE(2.E-2),#18);
#10251=PRESENTATION_STYLE_ASSIGNMENT((#10250));
#10252=STYLED_ITEM('',(#10251),#10249);
#10253=CARTESIAN_POINT('',(-1.475E0,2.E-1,1.75E0));
#10254=DIRECTION('',(0.E0,-1.E0,0.E0));
#10255=DIRECTION('',(0.E0,0.E0,-1.E0));
#10256=AXIS2_PLACEMENT_3D('',#10253,#10254,#10255);
#10258=CURVE_STYLE('',#33,POSITIVE_LENGTH_MEASURE(2.E-2),#18);
#10259=PRESENTATION_STYLE_ASSIGNMENT((#10258));
#10260=STYLED_ITEM('',(#10259),#10257);
#10261=DIRECTION('',(-1.E0,0.E0,0.E0));
#10262=VECTOR('',#10261,2.75E-1);
#10263=CARTESIAN_POINT('',(-1.475E0,2.E-1,1.875E0));
#10264=LINE('',#10263,#10262);
#10265=CURVE_STYLE('',#33,POSITIVE_LENGTH_MEASURE(2.E-2),#18);
#10266=PRESENTATION_STYLE_ASSIGNMENT((#10265));
#10267=STYLED_ITEM('',(#10266),#10264);
#10268=DIRECTION('',(0.E0,0.E0,-1.E0));
#10269=VECTOR('',#10268,2.5E-1);
#10270=CARTESIAN_POINT('',(-1.75E0,2.E-1,1.875E0));
#10271=LINE('',#10270,#10269);
#10272=CURVE_STYLE('',#33,POSITIVE_LENGTH_MEASURE(2.E-2),#18);
#10273=PRESENTATION_STYLE_ASSIGNMENT((#10272));
#10274=STYLED_ITEM('',(#10273),#10271);
#10275=CARTESIAN_POINT('',(-1.475E0,0.E0,1.625E0));
#10276=CARTESIAN_POINT('',(-1.475E0,0.E0,1.875E0));
#10277=VERTEX_POINT('',#10275);
#10278=VERTEX_POINT('',#10276);
#10279=CARTESIAN_POINT('',(-1.75E0,2.E-1,1.625E0));
#10280=CARTESIAN_POINT('',(-1.475E0,2.E-1,1.625E0));
#10281=VERTEX_POINT('',#10279);
#10282=VERTEX_POINT('',#10280);
#10283=CARTESIAN_POINT('',(-1.475E0,2.E-1,1.875E0));
#10284=VERTEX_POINT('',#10283);
#10285=CARTESIAN_POINT('',(-1.75E0,2.E-1,1.875E0));
#10286=VERTEX_POINT('',#10285);
#10287=CARTESIAN_POINT('',(-1.7E0,1.E-1,1.875E0));
#10288=CARTESIAN_POINT('',(-1.7E0,1.E-1,1.625E0));
#10289=VERTEX_POINT('',#10287);
#10290=VERTEX_POINT('',#10288);
#10291=CARTESIAN_POINT('',(-1.7E0,0.E0,1.875E0));
#10292=CARTESIAN_POINT('',(-1.7E0,0.E0,1.625E0));
#10293=VERTEX_POINT('',#10291);
#10294=VERTEX_POINT('',#10292);
#10295=CARTESIAN_POINT('',(-1.75E0,1.E-1,1.625E0));
#10296=VERTEX_POINT('',#10295);
#10297=CARTESIAN_POINT('',(-1.75E0,1.E-1,1.875E0));
#10298=VERTEX_POINT('',#10297);
#10299=CARTESIAN_POINT('',(0.E0,0.E0,0.E0));
#10300=DIRECTION('',(0.E0,-1.E0,0.E0));
#10301=DIRECTION('',(-1.E0,0.E0,0.E0));
#10302=AXIS2_PLACEMENT_3D('',#10299,#10300,#10301);
#10303=PLANE('',#10302);
#10305=ORIENTED_EDGE('',*,*,#10304,.F.);
#10307=ORIENTED_EDGE('',*,*,#10306,.F.);
#10309=ORIENTED_EDGE('',*,*,#10308,.F.);
#10311=ORIENTED_EDGE('',*,*,#10310,.F.);
#10312=EDGE_LOOP('',(#10305,#10307,#10309,#10311));
#10313=FACE_OUTER_BOUND('',#10312,.F.);
#10315=FILL_AREA_STYLE_COLOUR('',#22);
#10316=FILL_AREA_STYLE('',(#10315));
#10317=SURFACE_STYLE_FILL_AREA(#10316);
#10318=SURFACE_SIDE_STYLE('',(#10317));
#10319=SURFACE_STYLE_USAGE(.POSITIVE.,#10318);
#10320=PRESENTATION_STYLE_ASSIGNMENT((#10319));
#10321=OVER_RIDING_STYLED_ITEM('',(#10320),#10314,#10146);
#10322=CARTESIAN_POINT('',(-1.7E0,1.E-1,2.25E0));
#10323=DIRECTION('',(1.E0,0.E0,0.E0));
#10324=DIRECTION('',(0.E0,-1.E0,0.E0));
#10325=AXIS2_PLACEMENT_3D('',#10322,#10323,#10324);
#10326=PLANE('',#10325);
#10328=ORIENTED_EDGE('',*,*,#10327,.F.);
#10330=ORIENTED_EDGE('',*,*,#10329,.F.);
#10331=ORIENTED_EDGE('',*,*,#10304,.T.);
#10333=ORIENTED_EDGE('',*,*,#10332,.T.);
#10334=EDGE_LOOP('',(#10328,#10330,#10331,#10333));
#10335=FACE_OUTER_BOUND('',#10334,.F.);
#10337=CARTESIAN_POINT('',(-1.75E0,1.E-1,-2.25E0));
#10338=DIRECTION('',(0.E0,1.E0,0.E0));
#10339=DIRECTION('',(0.E0,0.E0,1.E0));
#10340=AXIS2_PLACEMENT_3D('',#10337,#10338,#10339);
#10341=PLANE('',#10340);
#10342=ORIENTED_EDGE('',*,*,#10327,.T.);
#10344=ORIENTED_EDGE('',*,*,#10343,.F.);
#10346=ORIENTED_EDGE('',*,*,#10345,.F.);
#10348=ORIENTED_EDGE('',*,*,#10347,.F.);
#10349=EDGE_LOOP('',(#10342,#10344,#10346,#10348));
#10350=FACE_OUTER_BOUND('',#10349,.F.);
#10352=CARTESIAN_POINT('',(-1.75E0,0.E0,1.625E0));
#10353=DIRECTION('',(0.E0,0.E0,1.E0));
#10354=DIRECTION('',(1.E0,0.E0,0.E0));
#10355=AXIS2_PLACEMENT_3D('',#10352,#10353,#10354);
#10356=PLANE('',#10355);
#10357=ORIENTED_EDGE('',*,*,#10343,.T.);
#10358=ORIENTED_EDGE('',*,*,#10332,.F.);
#10359=ORIENTED_EDGE('',*,*,#10310,.T.);
#10361=ORIENTED_EDGE('',*,*,#10360,.T.);
#10363=ORIENTED_EDGE('',*,*,#10362,.F.);
#10365=ORIENTED_EDGE('',*,*,#10364,.F.);
#10366=EDGE_LOOP('',(#10357,#10358,#10359,#10361,#10363,#10365));
#10367=FACE_OUTER_BOUND('',#10366,.F.);
#10369=CARTESIAN_POINT('',(-1.475E0,0.E0,1.75E0));
#10370=DIRECTION('',(0.E0,-1.E0,0.E0));
#10371=DIRECTION('',(-1.E0,0.E0,0.E0));
#10372=AXIS2_PLACEMENT_3D('',#10369,#10370,#10371);
#10373=CYLINDRICAL_SURFACE('',#10372,1.25E-1);
#10374=ORIENTED_EDGE('',*,*,#10308,.T.);
#10376=ORIENTED_EDGE('',*,*,#10375,.T.);
#10378=ORIENTED_EDGE('',*,*,#10377,.F.);
#10379=ORIENTED_EDGE('',*,*,#10360,.F.);
#10380=EDGE_LOOP('',(#10374,#10376,#10378,#10379));
#10381=FACE_OUTER_BOUND('',#10380,.F.);
#10383=CARTESIAN_POINT('',(-1.475E0,0.E0,1.875E0));
#10384=DIRECTION('',(0.E0,0.E0,-1.E0));
#10385=DIRECTION('',(-1.E0,0.E0,0.E0));
#10386=AXIS2_PLACEMENT_3D('',#10383,#10384,#10385);
#10387=PLANE('',#10386);
#10388=ORIENTED_EDGE('',*,*,#10347,.T.);
#10390=ORIENTED_EDGE('',*,*,#10389,.T.);
#10392=ORIENTED_EDGE('',*,*,#10391,.F.);
#10393=ORIENTED_EDGE('',*,*,#10375,.F.);
#10394=ORIENTED_EDGE('',*,*,#10306,.T.);
#10395=ORIENTED_EDGE('',*,*,#10329,.T.);
#10396=EDGE_LOOP('',(#10388,#10390,#10392,#10393,#10394,#10395));
#10397=FACE_OUTER_BOUND('',#10396,.F.);
#10399=CARTESIAN_POINT('',(-1.75E0,0.E0,1.875E0));
#10400=DIRECTION('',(1.E0,0.E0,0.E0));
#10401=DIRECTION('',(0.E0,0.E0,-1.E0));
#10402=AXIS2_PLACEMENT_3D('',#10399,#10400,#10401);
#10403=PLANE('',#10402);
#10404=ORIENTED_EDGE('',*,*,#10345,.T.);
#10405=ORIENTED_EDGE('',*,*,#10364,.T.);
#10407=ORIENTED_EDGE('',*,*,#10406,.F.);
#10408=ORIENTED_EDGE('',*,*,#10389,.F.);
#10409=EDGE_LOOP('',(#10404,#10405,#10407,#10408));
#10410=FACE_OUTER_BOUND('',#10409,.F.);
#10412=CARTESIAN_POINT('',(0.E0,2.E-1,0.E0));
#10413=DIRECTION('',(0.E0,-1.E0,0.E0));
#10414=DIRECTION('',(-1.E0,0.E0,0.E0));
#10415=AXIS2_PLACEMENT_3D('',#10412,#10413,#10414);
#10416=PLANE('',#10415);
#10417=ORIENTED_EDGE('',*,*,#10362,.T.);
#10418=ORIENTED_EDGE('',*,*,#10377,.T.);
#10419=ORIENTED_EDGE('',*,*,#10391,.T.);
#10420=ORIENTED_EDGE('',*,*,#10406,.T.);
#10421=EDGE_LOOP('',(#10417,#10418,#10419,#10420));
#10422=FACE_OUTER_BOUND('',#10421,.F.);
#10424=CLOSED_SHELL('',(#10314,#10336,#10351,#10368,#10382,#10398,#10411,
#10423));
#10425=MANIFOLD_SOLID_BREP('',#10424);
#10426=FILL_AREA_STYLE_COLOUR('',#18);
#10427=FILL_AREA_STYLE('',(#10426));
#10428=SURFACE_STYLE_FILL_AREA(#10427);
#10429=SURFACE_SIDE_STYLE('',(#10428));
#10430=SURFACE_STYLE_USAGE(.POSITIVE.,#10429);
#10431=PRESENTATION_STYLE_ASSIGNMENT((#10430));
#10146=STYLED_ITEM('',(#10431),#10425);
#10433=DIRECTION('',(0.E0,0.E0,-1.E0));
#10434=VECTOR('',#10433,2.5E-1);
#10435=CARTESIAN_POINT('',(-1.7E0,0.E0,1.375E0));
#10436=LINE('',#10435,#10434);
#10437=CURVE_STYLE('',#33,POSITIVE_LENGTH_MEASURE(2.E-2),#18);
#10438=PRESENTATION_STYLE_ASSIGNMENT((#10437));
#10439=STYLED_ITEM('',(#10438),#10436);
#10440=DIRECTION('',(-1.E0,0.E0,0.E0));
#10441=VECTOR('',#10440,2.25E-1);
#10442=CARTESIAN_POINT('',(-1.475E0,0.E0,1.375E0));
#10443=LINE('',#10442,#10441);
#10444=CURVE_STYLE('',#33,POSITIVE_LENGTH_MEASURE(2.E-2),#18);
#10445=PRESENTATION_STYLE_ASSIGNMENT((#10444));
#10446=STYLED_ITEM('',(#10445),#10443);
#10447=CARTESIAN_POINT('',(-1.475E0,0.E0,1.25E0));
#10448=DIRECTION('',(0.E0,-1.E0,0.E0));
#10449=DIRECTION('',(0.E0,0.E0,-1.E0));
#10450=AXIS2_PLACEMENT_3D('',#10447,#10448,#10449);
#10452=CURVE_STYLE('',#33,POSITIVE_LENGTH_MEASURE(2.E-2),#18);
#10453=PRESENTATION_STYLE_ASSIGNMENT((#10452));
#10454=STYLED_ITEM('',(#10453),#10451);
#10455=DIRECTION('',(1.E0,0.E0,0.E0));
#10456=VECTOR('',#10455,2.25E-1);
#10457=CARTESIAN_POINT('',(-1.7E0,0.E0,1.125E0));
#10458=LINE('',#10457,#10456);
#10459=CURVE_STYLE('',#33,POSITIVE_LENGTH_MEASURE(2.E-2),#18);
#10460=PRESENTATION_STYLE_ASSIGNMENT((#10459));
#10461=STYLED_ITEM('',(#10460),#10458);
#10462=DIRECTION('',(0.E0,0.E0,-1.E0));
#10463=VECTOR('',#10462,2.5E-1);
#10464=CARTESIAN_POINT('',(-1.7E0,1.E-1,1.375E0));
#10465=LINE('',#10464,#10463);
#10466=CURVE_STYLE('',#33,POSITIVE_LENGTH_MEASURE(2.E-2),#18);
#10467=PRESENTATION_STYLE_ASSIGNMENT((#10466));
#10468=STYLED_ITEM('',(#10467),#10465);
#10469=DIRECTION('',(1.E0,0.E0,0.E0));
#10470=VECTOR('',#10469,5.E-2);
#10471=CARTESIAN_POINT('',(-1.75E0,1.E-1,1.125E0));
#10472=LINE('',#10471,#10470);
#10473=CURVE_STYLE('',#33,POSITIVE_LENGTH_MEASURE(2.E-2),#18);
#10474=PRESENTATION_STYLE_ASSIGNMENT((#10473));
#10475=STYLED_ITEM('',(#10474),#10472);
#10476=DIRECTION('',(0.E0,1.E0,0.E0));
#10477=VECTOR('',#10476,1.E-1);
#10478=CARTESIAN_POINT('',(-1.7E0,0.E0,1.125E0));
#10479=LINE('',#10478,#10477);
#10480=CURVE_STYLE('',#33,POSITIVE_LENGTH_MEASURE(2.E-2),#18);
#10481=PRESENTATION_STYLE_ASSIGNMENT((#10480));
#10482=STYLED_ITEM('',(#10481),#10479);
#10483=DIRECTION('',(0.E0,1.E0,0.E0));
#10484=VECTOR('',#10483,1.E-1);
#10485=CARTESIAN_POINT('',(-1.75E0,1.E-1,1.125E0));
#10486=LINE('',#10485,#10484);
#10487=CURVE_STYLE('',#33,POSITIVE_LENGTH_MEASURE(2.E-2),#18);
#10488=PRESENTATION_STYLE_ASSIGNMENT((#10487));
#10489=STYLED_ITEM('',(#10488),#10486);
#10490=DIRECTION('',(0.E0,1.E0,0.E0));
#10491=VECTOR('',#10490,2.E-1);
#10492=CARTESIAN_POINT('',(-1.475E0,0.E0,1.125E0));
#10493=LINE('',#10492,#10491);
#10494=CURVE_STYLE('',#33,POSITIVE_LENGTH_MEASURE(2.E-2),#18);
#10495=PRESENTATION_STYLE_ASSIGNMENT((#10494));
#10496=STYLED_ITEM('',(#10495),#10493);
#10497=DIRECTION('',(-1.E0,0.E0,0.E0));
#10498=VECTOR('',#10497,5.E-2);
#10499=CARTESIAN_POINT('',(-1.7E0,1.E-1,1.375E0));
#10500=LINE('',#10499,#10498);
#10501=CURVE_STYLE('',#33,POSITIVE_LENGTH_MEASURE(2.E-2),#18);
#10502=PRESENTATION_STYLE_ASSIGNMENT((#10501));
#10503=STYLED_ITEM('',(#10502),#10500);
#10504=DIRECTION('',(0.E0,1.E0,0.E0));
#10505=VECTOR('',#10504,2.E-1);
#10506=CARTESIAN_POINT('',(-1.475E0,0.E0,1.375E0));
#10507=LINE('',#10506,#10505);
#10508=CURVE_STYLE('',#33,POSITIVE_LENGTH_MEASURE(2.E-2),#18);
#10509=PRESENTATION_STYLE_ASSIGNMENT((#10508));
#10510=STYLED_ITEM('',(#10509),#10507);
#10511=DIRECTION('',(0.E0,1.E0,0.E0));
#10512=VECTOR('',#10511,1.E-1);
#10513=CARTESIAN_POINT('',(-1.7E0,0.E0,1.375E0));
#10514=LINE('',#10513,#10512);
#10515=CURVE_STYLE('',#33,POSITIVE_LENGTH_MEASURE(2.E-2),#18);
#10516=PRESENTATION_STYLE_ASSIGNMENT((#10515));
#10517=STYLED_ITEM('',(#10516),#10514);
#10518=DIRECTION('',(0.E0,0.E0,-1.E0));
#10519=VECTOR('',#10518,2.5E-1);
#10520=CARTESIAN_POINT('',(-1.75E0,1.E-1,1.375E0));
#10521=LINE('',#10520,#10519);
#10522=CURVE_STYLE('',#33,POSITIVE_LENGTH_MEASURE(2.E-2),#18);
#10523=PRESENTATION_STYLE_ASSIGNMENT((#10522));
#10524=STYLED_ITEM('',(#10523),#10521);
#10525=DIRECTION('',(0.E0,1.E0,0.E0));
#10526=VECTOR('',#10525,1.E-1);
#10527=CARTESIAN_POINT('',(-1.75E0,1.E-1,1.375E0));
#10528=LINE('',#10527,#10526);
#10529=CURVE_STYLE('',#33,POSITIVE_LENGTH_MEASURE(2.E-2),#18);
#10530=PRESENTATION_STYLE_ASSIGNMENT((#10529));
#10531=STYLED_ITEM('',(#10530),#10528);
#10532=DIRECTION('',(1.E0,0.E0,0.E0));
#10533=VECTOR('',#10532,2.75E-1);
#10534=CARTESIAN_POINT('',(-1.75E0,2.E-1,1.125E0));
#10535=LINE('',#10534,#10533);
#10536=CURVE_STYLE('',#33,POSITIVE_LENGTH_MEASURE(2.E-2),#18);
#10537=PRESENTATION_STYLE_ASSIGNMENT((#10536));
#10538=STYLED_ITEM('',(#10537),#10535);
#10539=CARTESIAN_POINT('',(-1.475E0,2.E-1,1.25E0));
#10540=DIRECTION('',(0.E0,-1.E0,0.E0));
#10541=DIRECTION('',(0.E0,0.E0,-1.E0));
#10542=AXIS2_PLACEMENT_3D('',#10539,#10540,#10541);
#10544=CURVE_STYLE('',#33,POSITIVE_LENGTH_MEASURE(2.E-2),#18);
#10545=PRESENTATION_STYLE_ASSIGNMENT((#10544));
#10546=STYLED_ITEM('',(#10545),#10543);
#10547=DIRECTION('',(-1.E0,0.E0,0.E0));
#10548=VECTOR('',#10547,2.75E-1);
#10549=CARTESIAN_POINT('',(-1.475E0,2.E-1,1.375E0));
#10550=LINE('',#10549,#10548);
#10551=CURVE_STYLE('',#33,POSITIVE_LENGTH_MEASURE(2.E-2),#18);
#10552=PRESENTATION_STYLE_ASSIGNMENT((#10551));
#10553=STYLED_ITEM('',(#10552),#10550);
#10554=DIRECTION('',(0.E0,0.E0,-1.E0));
#10555=VECTOR('',#10554,2.5E-1);
#10556=CARTESIAN_POINT('',(-1.75E0,2.E-1,1.375E0));
#10557=LINE('',#10556,#10555);
#10558=CURVE_STYLE('',#33,POSITIVE_LENGTH_MEASURE(2.E-2),#18);
#10559=PRESENTATION_STYLE_ASSIGNMENT((#10558));
#10560=STYLED_ITEM('',(#10559),#10557);
#10561=CARTESIAN_POINT('',(-1.475E0,0.E0,1.125E0));
#10562=CARTESIAN_POINT('',(-1.475E0,0.E0,1.375E0));
#10563=VERTEX_POINT('',#10561);
#10564=VERTEX_POINT('',#10562);
#10565=CARTESIAN_POINT('',(-1.75E0,2.E-1,1.125E0));
#10566=CARTESIAN_POINT('',(-1.475E0,2.E-1,1.125E0));
#10567=VERTEX_POINT('',#10565);
#10568=VERTEX_POINT('',#10566);
#10569=CARTESIAN_POINT('',(-1.475E0,2.E-1,1.375E0));
#10570=VERTEX_POINT('',#10569);
#10571=CARTESIAN_POINT('',(-1.75E0,2.E-1,1.375E0));
#10572=VERTEX_POINT('',#10571);
#10573=CARTESIAN_POINT('',(-1.7E0,1.E-1,1.375E0));
#10574=CARTESIAN_POINT('',(-1.7E0,1.E-1,1.125E0));
#10575=VERTEX_POINT('',#10573);
#10576=VERTEX_POINT('',#10574);
#10577=CARTESIAN_POINT('',(-1.7E0,0.E0,1.375E0));
#10578=CARTESIAN_POINT('',(-1.7E0,0.E0,1.125E0));
#10579=VERTEX_POINT('',#10577);
#10580=VERTEX_POINT('',#10578);
#10581=CARTESIAN_POINT('',(-1.75E0,1.E-1,1.125E0));
#10582=VERTEX_POINT('',#10581);
#10583=CARTESIAN_POINT('',(-1.75E0,1.E-1,1.375E0));
#10584=VERTEX_POINT('',#10583);
#10585=CARTESIAN_POINT('',(0.E0,0.E0,0.E0));
#10586=DIRECTION('',(0.E0,-1.E0,0.E0));
#10587=DIRECTION('',(-1.E0,0.E0,0.E0));
#10588=AXIS2_PLACEMENT_3D('',#10585,#10586,#10587);
#10589=PLANE('',#10588);
#10591=ORIENTED_EDGE('',*,*,#10590,.F.);
#10593=ORIENTED_EDGE('',*,*,#10592,.F.);
#10595=ORIENTED_EDGE('',*,*,#10594,.F.);
#10597=ORIENTED_EDGE('',*,*,#10596,.F.);
#10598=EDGE_LOOP('',(#10591,#10593,#10595,#10597));
#10599=FACE_OUTER_BOUND('',#10598,.F.);
#10601=FILL_AREA_STYLE_COLOUR('',#22);
#10602=FILL_AREA_STYLE('',(#10601));
#10603=SURFACE_STYLE_FILL_AREA(#10602);
#10604=SURFACE_SIDE_STYLE('',(#10603));
#10605=SURFACE_STYLE_USAGE(.POSITIVE.,#10604);
#10606=PRESENTATION_STYLE_ASSIGNMENT((#10605));
#10607=OVER_RIDING_STYLED_ITEM('',(#10606),#10600,#10432);
#10608=CARTESIAN_POINT('',(-1.7E0,1.E-1,2.25E0));
#10609=DIRECTION('',(1.E0,0.E0,0.E0));
#10610=DIRECTION('',(0.E0,-1.E0,0.E0));
#10611=AXIS2_PLACEMENT_3D('',#10608,#10609,#10610);
#10612=PLANE('',#10611);
#10614=ORIENTED_EDGE('',*,*,#10613,.F.);
#10616=ORIENTED_EDGE('',*,*,#10615,.F.);
#10617=ORIENTED_EDGE('',*,*,#10590,.T.);
#10619=ORIENTED_EDGE('',*,*,#10618,.T.);
#10620=EDGE_LOOP('',(#10614,#10616,#10617,#10619));
#10621=FACE_OUTER_BOUND('',#10620,.F.);
#10623=CARTESIAN_POINT('',(-1.75E0,1.E-1,-2.25E0));
#10624=DIRECTION('',(0.E0,1.E0,0.E0));
#10625=DIRECTION('',(0.E0,0.E0,1.E0));
#10626=AXIS2_PLACEMENT_3D('',#10623,#10624,#10625);
#10627=PLANE('',#10626);
#10628=ORIENTED_EDGE('',*,*,#10613,.T.);
#10630=ORIENTED_EDGE('',*,*,#10629,.F.);
#10632=ORIENTED_EDGE('',*,*,#10631,.F.);
#10634=ORIENTED_EDGE('',*,*,#10633,.F.);
#10635=EDGE_LOOP('',(#10628,#10630,#10632,#10634));
#10636=FACE_OUTER_BOUND('',#10635,.F.);
#10638=CARTESIAN_POINT('',(-1.75E0,0.E0,1.125E0));
#10639=DIRECTION('',(0.E0,0.E0,1.E0));
#10640=DIRECTION('',(1.E0,0.E0,0.E0));
#10641=AXIS2_PLACEMENT_3D('',#10638,#10639,#10640);
#10642=PLANE('',#10641);
#10643=ORIENTED_EDGE('',*,*,#10629,.T.);
#10644=ORIENTED_EDGE('',*,*,#10618,.F.);
#10645=ORIENTED_EDGE('',*,*,#10596,.T.);
#10647=ORIENTED_EDGE('',*,*,#10646,.T.);
#10649=ORIENTED_EDGE('',*,*,#10648,.F.);
#10651=ORIENTED_EDGE('',*,*,#10650,.F.);
#10652=EDGE_LOOP('',(#10643,#10644,#10645,#10647,#10649,#10651));
#10653=FACE_OUTER_BOUND('',#10652,.F.);
#10655=CARTESIAN_POINT('',(-1.475E0,0.E0,1.25E0));
#10656=DIRECTION('',(0.E0,-1.E0,0.E0));
#10657=DIRECTION('',(-1.E0,0.E0,0.E0));
#10658=AXIS2_PLACEMENT_3D('',#10655,#10656,#10657);
#10659=CYLINDRICAL_SURFACE('',#10658,1.25E-1);
#10660=ORIENTED_EDGE('',*,*,#10594,.T.);
#10662=ORIENTED_EDGE('',*,*,#10661,.T.);
#10664=ORIENTED_EDGE('',*,*,#10663,.F.);
#10665=ORIENTED_EDGE('',*,*,#10646,.F.);
#10666=EDGE_LOOP('',(#10660,#10662,#10664,#10665));
#10667=FACE_OUTER_BOUND('',#10666,.F.);
#10669=CARTESIAN_POINT('',(-1.475E0,0.E0,1.375E0));
#10670=DIRECTION('',(0.E0,0.E0,-1.E0));
#10671=DIRECTION('',(-1.E0,0.E0,0.E0));
#10672=AXIS2_PLACEMENT_3D('',#10669,#10670,#10671);
#10673=PLANE('',#10672);
#10674=ORIENTED_EDGE('',*,*,#10633,.T.);
#10676=ORIENTED_EDGE('',*,*,#10675,.T.);
#10678=ORIENTED_EDGE('',*,*,#10677,.F.);
#10679=ORIENTED_EDGE('',*,*,#10661,.F.);
#10680=ORIENTED_EDGE('',*,*,#10592,.T.);
#10681=ORIENTED_EDGE('',*,*,#10615,.T.);
#10682=EDGE_LOOP('',(#10674,#10676,#10678,#10679,#10680,#10681));
#10683=FACE_OUTER_BOUND('',#10682,.F.);
#10685=CARTESIAN_POINT('',(-1.75E0,0.E0,1.375E0));
#10686=DIRECTION('',(1.E0,0.E0,0.E0));
#10687=DIRECTION('',(0.E0,0.E0,-1.E0));
#10688=AXIS2_PLACEMENT_3D('',#10685,#10686,#10687);
#10689=PLANE('',#10688);
#10690=ORIENTED_EDGE('',*,*,#10631,.T.);
#10691=ORIENTED_EDGE('',*,*,#10650,.T.);
#10693=ORIENTED_EDGE('',*,*,#10692,.F.);
#10694=ORIENTED_EDGE('',*,*,#10675,.F.);
#10695=EDGE_LOOP('',(#10690,#10691,#10693,#10694));
#10696=FACE_OUTER_BOUND('',#10695,.F.);
#10698=CARTESIAN_POINT('',(0.E0,2.E-1,0.E0));
#10699=DIRECTION('',(0.E0,-1.E0,0.E0));
#10700=DIRECTION('',(-1.E0,0.E0,0.E0));
#10701=AXIS2_PLACEMENT_3D('',#10698,#10699,#10700);
#10702=PLANE('',#10701);
#10703=ORIENTED_EDGE('',*,*,#10648,.T.);
#10704=ORIENTED_EDGE('',*,*,#10663,.T.);
#10705=ORIENTED_EDGE('',*,*,#10677,.T.);
#10706=ORIENTED_EDGE('',*,*,#10692,.T.);
#10707=EDGE_LOOP('',(#10703,#10704,#10705,#10706));
#10708=FACE_OUTER_BOUND('',#10707,.F.);
#10710=CLOSED_SHELL('',(#10600,#10622,#10637,#10654,#10668,#10684,#10697,
#10709));
#10711=MANIFOLD_SOLID_BREP('',#10710);
#10712=FILL_AREA_STYLE_COLOUR('',#18);
#10713=FILL_AREA_STYLE('',(#10712));
#10714=SURFACE_STYLE_FILL_AREA(#10713);
#10715=SURFACE_SIDE_STYLE('',(#10714));
#10716=SURFACE_STYLE_USAGE(.POSITIVE.,#10715);
#10717=PRESENTATION_STYLE_ASSIGNMENT((#10716));
#10432=STYLED_ITEM('',(#10717),#10711);
#10719=DIRECTION('',(0.E0,0.E0,-1.E0));
#10720=VECTOR('',#10719,2.5E-1);
#10721=CARTESIAN_POINT('',(-1.7E0,0.E0,8.75E-1));
#10722=LINE('',#10721,#10720);
#10723=CURVE_STYLE('',#33,POSITIVE_LENGTH_MEASURE(2.E-2),#18);
#10724=PRESENTATION_STYLE_ASSIGNMENT((#10723));
#10725=STYLED_ITEM('',(#10724),#10722);
#10726=DIRECTION('',(-1.E0,0.E0,0.E0));
#10727=VECTOR('',#10726,2.25E-1);
#10728=CARTESIAN_POINT('',(-1.475E0,0.E0,8.75E-1));
#10729=LINE('',#10728,#10727);
#10730=CURVE_STYLE('',#33,POSITIVE_LENGTH_MEASURE(2.E-2),#18);
#10731=PRESENTATION_STYLE_ASSIGNMENT((#10730));
#10732=STYLED_ITEM('',(#10731),#10729);
#10733=CARTESIAN_POINT('',(-1.475E0,0.E0,7.5E-1));
#10734=DIRECTION('',(0.E0,-1.E0,0.E0));
#10735=DIRECTION('',(0.E0,0.E0,-1.E0));
#10736=AXIS2_PLACEMENT_3D('',#10733,#10734,#10735);
#10738=CURVE_STYLE('',#33,POSITIVE_LENGTH_MEASURE(2.E-2),#18);
#10739=PRESENTATION_STYLE_ASSIGNMENT((#10738));
#10740=STYLED_ITEM('',(#10739),#10737);
#10741=DIRECTION('',(1.E0,0.E0,0.E0));
#10742=VECTOR('',#10741,2.25E-1);
#10743=CARTESIAN_POINT('',(-1.7E0,0.E0,6.25E-1));
#10744=LINE('',#10743,#10742);
#10745=CURVE_STYLE('',#33,POSITIVE_LENGTH_MEASURE(2.E-2),#18);
#10746=PRESENTATION_STYLE_ASSIGNMENT((#10745));
#10747=STYLED_ITEM('',(#10746),#10744);
#10748=DIRECTION('',(0.E0,0.E0,-1.E0));
#10749=VECTOR('',#10748,2.5E-1);
#10750=CARTESIAN_POINT('',(-1.7E0,1.E-1,8.75E-1));
#10751=LINE('',#10750,#10749);
#10752=CURVE_STYLE('',#33,POSITIVE_LENGTH_MEASURE(2.E-2),#18);
#10753=PRESENTATION_STYLE_ASSIGNMENT((#10752));
#10754=STYLED_ITEM('',(#10753),#10751);
#10755=DIRECTION('',(1.E0,0.E0,0.E0));
#10756=VECTOR('',#10755,5.E-2);
#10757=CARTESIAN_POINT('',(-1.75E0,1.E-1,6.25E-1));
#10758=LINE('',#10757,#10756);
#10759=CURVE_STYLE('',#33,POSITIVE_LENGTH_MEASURE(2.E-2),#18);
#10760=PRESENTATION_STYLE_ASSIGNMENT((#10759));
#10761=STYLED_ITEM('',(#10760),#10758);
#10762=DIRECTION('',(0.E0,1.E0,0.E0));
#10763=VECTOR('',#10762,1.E-1);
#10764=CARTESIAN_POINT('',(-1.7E0,0.E0,6.25E-1));
#10765=LINE('',#10764,#10763);
#10766=CURVE_STYLE('',#33,POSITIVE_LENGTH_MEASURE(2.E-2),#18);
#10767=PRESENTATION_STYLE_ASSIGNMENT((#10766));
#10768=STYLED_ITEM('',(#10767),#10765);
#10769=DIRECTION('',(0.E0,1.E0,0.E0));
#10770=VECTOR('',#10769,1.E-1);
#10771=CARTESIAN_POINT('',(-1.75E0,1.E-1,6.25E-1));
#10772=LINE('',#10771,#10770);
#10773=CURVE_STYLE('',#33,POSITIVE_LENGTH_MEASURE(2.E-2),#18);
#10774=PRESENTATION_STYLE_ASSIGNMENT((#10773));
#10775=STYLED_ITEM('',(#10774),#10772);
#10776=DIRECTION('',(0.E0,1.E0,0.E0));
#10777=VECTOR('',#10776,2.E-1);
#10778=CARTESIAN_POINT('',(-1.475E0,0.E0,6.25E-1));
#10779=LINE('',#10778,#10777);
#10780=CURVE_STYLE('',#33,POSITIVE_LENGTH_MEASURE(2.E-2),#18);
#10781=PRESENTATION_STYLE_ASSIGNMENT((#10780));
#10782=STYLED_ITEM('',(#10781),#10779);
#10783=DIRECTION('',(-1.E0,0.E0,0.E0));
#10784=VECTOR('',#10783,5.E-2);
#10785=CARTESIAN_POINT('',(-1.7E0,1.E-1,8.75E-1));
#10786=LINE('',#10785,#10784);
#10787=CURVE_STYLE('',#33,POSITIVE_LENGTH_MEASURE(2.E-2),#18);
#10788=PRESENTATION_STYLE_ASSIGNMENT((#10787));
#10789=STYLED_ITEM('',(#10788),#10786);
#10790=DIRECTION('',(0.E0,1.E0,0.E0));
#10791=VECTOR('',#10790,2.E-1);
#10792=CARTESIAN_POINT('',(-1.475E0,0.E0,8.75E-1));
#10793=LINE('',#10792,#10791);
#10794=CURVE_STYLE('',#33,POSITIVE_LENGTH_MEASURE(2.E-2),#18);
#10795=PRESENTATION_STYLE_ASSIGNMENT((#10794));
#10796=STYLED_ITEM('',(#10795),#10793);
#10797=DIRECTION('',(0.E0,1.E0,0.E0));
#10798=VECTOR('',#10797,1.E-1);
#10799=CARTESIAN_POINT('',(-1.7E0,0.E0,8.75E-1));
#10800=LINE('',#10799,#10798);
#10801=CURVE_STYLE('',#33,POSITIVE_LENGTH_MEASURE(2.E-2),#18);
#10802=PRESENTATION_STYLE_ASSIGNMENT((#10801));
#10803=STYLED_ITEM('',(#10802),#10800);
#10804=DIRECTION('',(0.E0,0.E0,-1.E0));
#10805=VECTOR('',#10804,2.5E-1);
#10806=CARTESIAN_POINT('',(-1.75E0,1.E-1,8.75E-1));
#10807=LINE('',#10806,#10805);
#10808=CURVE_STYLE('',#33,POSITIVE_LENGTH_MEASURE(2.E-2),#18);
#10809=PRESENTATION_STYLE_ASSIGNMENT((#10808));
#10810=STYLED_ITEM('',(#10809),#10807);
#10811=DIRECTION('',(0.E0,1.E0,0.E0));
#10812=VECTOR('',#10811,1.E-1);
#10813=CARTESIAN_POINT('',(-1.75E0,1.E-1,8.75E-1));
#10814=LINE('',#10813,#10812);
#10815=CURVE_STYLE('',#33,POSITIVE_LENGTH_MEASURE(2.E-2),#18);
#10816=PRESENTATION_STYLE_ASSIGNMENT((#10815));
#10817=STYLED_ITEM('',(#10816),#10814);
#10818=DIRECTION('',(1.E0,0.E0,0.E0));
#10819=VECTOR('',#10818,2.75E-1);
#10820=CARTESIAN_POINT('',(-1.75E0,2.E-1,6.25E-1));
#10821=LINE('',#10820,#10819);
#10822=CURVE_STYLE('',#33,POSITIVE_LENGTH_MEASURE(2.E-2),#18);
#10823=PRESENTATION_STYLE_ASSIGNMENT((#10822));
#10824=STYLED_ITEM('',(#10823),#10821);
#10825=CARTESIAN_POINT('',(-1.475E0,2.E-1,7.5E-1));
#10826=DIRECTION('',(0.E0,-1.E0,0.E0));
#10827=DIRECTION('',(0.E0,0.E0,-1.E0));
#10828=AXIS2_PLACEMENT_3D('',#10825,#10826,#10827);
#10830=CURVE_STYLE('',#33,POSITIVE_LENGTH_MEASURE(2.E-2),#18);
#10831=PRESENTATION_STYLE_ASSIGNMENT((#10830));
#10832=STYLED_ITEM('',(#10831),#10829);
#10833=DIRECTION('',(-1.E0,0.E0,0.E0));
#10834=VECTOR('',#10833,2.75E-1);
#10835=CARTESIAN_POINT('',(-1.475E0,2.E-1,8.75E-1));
#10836=LINE('',#10835,#10834);
#10837=CURVE_STYLE('',#33,POSITIVE_LENGTH_MEASURE(2.E-2),#18);
#10838=PRESENTATION_STYLE_ASSIGNMENT((#10837));
#10839=STYLED_ITEM('',(#10838),#10836);
#10840=DIRECTION('',(0.E0,0.E0,-1.E0));
#10841=VECTOR('',#10840,2.5E-1);
#10842=CARTESIAN_POINT('',(-1.75E0,2.E-1,8.75E-1));
#10843=LINE('',#10842,#10841);
#10844=CURVE_STYLE('',#33,POSITIVE_LENGTH_MEASURE(2.E-2),#18);
#10845=PRESENTATION_STYLE_ASSIGNMENT((#10844));
#10846=STYLED_ITEM('',(#10845),#10843);
#10847=CARTESIAN_POINT('',(-1.475E0,0.E0,6.25E-1));
#10848=CARTESIAN_POINT('',(-1.475E0,0.E0,8.75E-1));
#10849=VERTEX_POINT('',#10847);
#10850=VERTEX_POINT('',#10848);
#10851=CARTESIAN_POINT('',(-1.75E0,2.E-1,6.25E-1));
#10852=CARTESIAN_POINT('',(-1.475E0,2.E-1,6.25E-1));
#10853=VERTEX_POINT('',#10851);
#10854=VERTEX_POINT('',#10852);
#10855=CARTESIAN_POINT('',(-1.475E0,2.E-1,8.75E-1));
#10856=VERTEX_POINT('',#10855);
#10857=CARTESIAN_POINT('',(-1.75E0,2.E-1,8.75E-1));
#10858=VERTEX_POINT('',#10857);
#10859=CARTESIAN_POINT('',(-1.7E0,1.E-1,8.75E-1));
#10860=CARTESIAN_POINT('',(-1.7E0,1.E-1,6.25E-1));
#10861=VERTEX_POINT('',#10859);
#10862=VERTEX_POINT('',#10860);
#10863=CARTESIAN_POINT('',(-1.7E0,0.E0,8.75E-1));
#10864=CARTESIAN_POINT('',(-1.7E0,0.E0,6.25E-1));
#10865=VERTEX_POINT('',#10863);
#10866=VERTEX_POINT('',#10864);
#10867=CARTESIAN_POINT('',(-1.75E0,1.E-1,6.25E-1));
#10868=VERTEX_POINT('',#10867);
#10869=CARTESIAN_POINT('',(-1.75E0,1.E-1,8.75E-1));
#10870=VERTEX_POINT('',#10869);
#10871=CARTESIAN_POINT('',(0.E0,0.E0,0.E0));
#10872=DIRECTION('',(0.E0,-1.E0,0.E0));
#10873=DIRECTION('',(-1.E0,0.E0,0.E0));
#10874=AXIS2_PLACEMENT_3D('',#10871,#10872,#10873);
#10875=PLANE('',#10874);
#10877=ORIENTED_EDGE('',*,*,#10876,.F.);
#10879=ORIENTED_EDGE('',*,*,#10878,.F.);
#10881=ORIENTED_EDGE('',*,*,#10880,.F.);
#10883=ORIENTED_EDGE('',*,*,#10882,.F.);
#10884=EDGE_LOOP('',(#10877,#10879,#10881,#10883));
#10885=FACE_OUTER_BOUND('',#10884,.F.);
#10887=FILL_AREA_STYLE_COLOUR('',#22);
#10888=FILL_AREA_STYLE('',(#10887));
#10889=SURFACE_STYLE_FILL_AREA(#10888);
#10890=SURFACE_SIDE_STYLE('',(#10889));
#10891=SURFACE_STYLE_USAGE(.POSITIVE.,#10890);
#10892=PRESENTATION_STYLE_ASSIGNMENT((#10891));
#10893=OVER_RIDING_STYLED_ITEM('',(#10892),#10886,#10718);
#10894=CARTESIAN_POINT('',(-1.7E0,1.E-1,2.25E0));
#10895=DIRECTION('',(1.E0,0.E0,0.E0));
#10896=DIRECTION('',(0.E0,-1.E0,0.E0));
#10897=AXIS2_PLACEMENT_3D('',#10894,#10895,#10896);
#10898=PLANE('',#10897);
#10900=ORIENTED_EDGE('',*,*,#10899,.F.);
#10902=ORIENTED_EDGE('',*,*,#10901,.F.);
#10903=ORIENTED_EDGE('',*,*,#10876,.T.);
#10905=ORIENTED_EDGE('',*,*,#10904,.T.);
#10906=EDGE_LOOP('',(#10900,#10902,#10903,#10905));
#10907=FACE_OUTER_BOUND('',#10906,.F.);
#10909=CARTESIAN_POINT('',(-1.75E0,1.E-1,-2.25E0));
#10910=DIRECTION('',(0.E0,1.E0,0.E0));
#10911=DIRECTION('',(0.E0,0.E0,1.E0));
#10912=AXIS2_PLACEMENT_3D('',#10909,#10910,#10911);
#10913=PLANE('',#10912);
#10914=ORIENTED_EDGE('',*,*,#10899,.T.);
#10916=ORIENTED_EDGE('',*,*,#10915,.F.);
#10918=ORIENTED_EDGE('',*,*,#10917,.F.);
#10920=ORIENTED_EDGE('',*,*,#10919,.F.);
#10921=EDGE_LOOP('',(#10914,#10916,#10918,#10920));
#10922=FACE_OUTER_BOUND('',#10921,.F.);
#10924=CARTESIAN_POINT('',(-1.75E0,0.E0,6.25E-1));
#10925=DIRECTION('',(0.E0,0.E0,1.E0));
#10926=DIRECTION('',(1.E0,0.E0,0.E0));
#10927=AXIS2_PLACEMENT_3D('',#10924,#10925,#10926);
#10928=PLANE('',#10927);
#10929=ORIENTED_EDGE('',*,*,#10915,.T.);
#10930=ORIENTED_EDGE('',*,*,#10904,.F.);
#10931=ORIENTED_EDGE('',*,*,#10882,.T.);
#10933=ORIENTED_EDGE('',*,*,#10932,.T.);
#10935=ORIENTED_EDGE('',*,*,#10934,.F.);
#10937=ORIENTED_EDGE('',*,*,#10936,.F.);
#10938=EDGE_LOOP('',(#10929,#10930,#10931,#10933,#10935,#10937));
#10939=FACE_OUTER_BOUND('',#10938,.F.);
#10941=CARTESIAN_POINT('',(-1.475E0,0.E0,7.5E-1));
#10942=DIRECTION('',(0.E0,-1.E0,0.E0));
#10943=DIRECTION('',(-1.E0,0.E0,0.E0));
#10944=AXIS2_PLACEMENT_3D('',#10941,#10942,#10943);
#10945=CYLINDRICAL_SURFACE('',#10944,1.25E-1);
#10946=ORIENTED_EDGE('',*,*,#10880,.T.);
#10948=ORIENTED_EDGE('',*,*,#10947,.T.);
#10950=ORIENTED_EDGE('',*,*,#10949,.F.);
#10951=ORIENTED_EDGE('',*,*,#10932,.F.);
#10952=EDGE_LOOP('',(#10946,#10948,#10950,#10951));
#10953=FACE_OUTER_BOUND('',#10952,.F.);
#10955=CARTESIAN_POINT('',(-1.475E0,0.E0,8.75E-1));
#10956=DIRECTION('',(0.E0,0.E0,-1.E0));
#10957=DIRECTION('',(-1.E0,0.E0,0.E0));
#10958=AXIS2_PLACEMENT_3D('',#10955,#10956,#10957);
#10959=PLANE('',#10958);
#10960=ORIENTED_EDGE('',*,*,#10919,.T.);
#10962=ORIENTED_EDGE('',*,*,#10961,.T.);
#10964=ORIENTED_EDGE('',*,*,#10963,.F.);
#10965=ORIENTED_EDGE('',*,*,#10947,.F.);
#10966=ORIENTED_EDGE('',*,*,#10878,.T.);
#10967=ORIENTED_EDGE('',*,*,#10901,.T.);
#10968=EDGE_LOOP('',(#10960,#10962,#10964,#10965,#10966,#10967));
#10969=FACE_OUTER_BOUND('',#10968,.F.);
#10971=CARTESIAN_POINT('',(-1.75E0,0.E0,8.75E-1));
#10972=DIRECTION('',(1.E0,0.E0,0.E0));
#10973=DIRECTION('',(0.E0,0.E0,-1.E0));
#10974=AXIS2_PLACEMENT_3D('',#10971,#10972,#10973);
#10975=PLANE('',#10974);
#10976=ORIENTED_EDGE('',*,*,#10917,.T.);
#10977=ORIENTED_EDGE('',*,*,#10936,.T.);
#10979=ORIENTED_EDGE('',*,*,#10978,.F.);
#10980=ORIENTED_EDGE('',*,*,#10961,.F.);
#10981=EDGE_LOOP('',(#10976,#10977,#10979,#10980));
#10982=FACE_OUTER_BOUND('',#10981,.F.);
#10984=CARTESIAN_POINT('',(0.E0,2.E-1,0.E0));
#10985=DIRECTION('',(0.E0,-1.E0,0.E0));
#10986=DIRECTION('',(-1.E0,0.E0,0.E0));
#10987=AXIS2_PLACEMENT_3D('',#10984,#10985,#10986);
#10988=PLANE('',#10987);
#10989=ORIENTED_EDGE('',*,*,#10934,.T.);
#10990=ORIENTED_EDGE('',*,*,#10949,.T.);
#10991=ORIENTED_EDGE('',*,*,#10963,.T.);
#10992=ORIENTED_EDGE('',*,*,#10978,.T.);
#10993=EDGE_LOOP('',(#10989,#10990,#10991,#10992));
#10994=FACE_OUTER_BOUND('',#10993,.F.);
#10996=CLOSED_SHELL('',(#10886,#10908,#10923,#10940,#10954,#10970,#10983,
#10995));
#10997=MANIFOLD_SOLID_BREP('',#10996);
#10998=FILL_AREA_STYLE_COLOUR('',#18);
#10999=FILL_AREA_STYLE('',(#10998));
#11000=SURFACE_STYLE_FILL_AREA(#10999);
#11001=SURFACE_SIDE_STYLE('',(#11000));
#11002=SURFACE_STYLE_USAGE(.POSITIVE.,#11001);
#11003=PRESENTATION_STYLE_ASSIGNMENT((#11002));
#10718=STYLED_ITEM('',(#11003),#10997);
#11005=DIRECTION('',(0.E0,0.E0,-1.E0));
#11006=VECTOR('',#11005,2.5E-1);
#11007=CARTESIAN_POINT('',(-1.7E0,0.E0,3.75E-1));
#11008=LINE('',#11007,#11006);
#11009=CURVE_STYLE('',#33,POSITIVE_LENGTH_MEASURE(2.E-2),#18);
#11010=PRESENTATION_STYLE_ASSIGNMENT((#11009));
#11011=STYLED_ITEM('',(#11010),#11008);
#11012=DIRECTION('',(-1.E0,0.E0,0.E0));
#11013=VECTOR('',#11012,2.25E-1);
#11014=CARTESIAN_POINT('',(-1.475E0,0.E0,3.75E-1));
#11015=LINE('',#11014,#11013);
#11016=CURVE_STYLE('',#33,POSITIVE_LENGTH_MEASURE(2.E-2),#18);
#11017=PRESENTATION_STYLE_ASSIGNMENT((#11016));
#11018=STYLED_ITEM('',(#11017),#11015);
#11019=CARTESIAN_POINT('',(-1.475E0,0.E0,2.5E-1));
#11020=DIRECTION('',(0.E0,-1.E0,0.E0));
#11021=DIRECTION('',(0.E0,0.E0,-1.E0));
#11022=AXIS2_PLACEMENT_3D('',#11019,#11020,#11021);
#11024=CURVE_STYLE('',#33,POSITIVE_LENGTH_MEASURE(2.E-2),#18);
#11025=PRESENTATION_STYLE_ASSIGNMENT((#11024));
#11026=STYLED_ITEM('',(#11025),#11023);
#11027=DIRECTION('',(1.E0,0.E0,0.E0));
#11028=VECTOR('',#11027,2.25E-1);
#11029=CARTESIAN_POINT('',(-1.7E0,0.E0,1.25E-1));
#11030=LINE('',#11029,#11028);
#11031=CURVE_STYLE('',#33,POSITIVE_LENGTH_MEASURE(2.E-2),#18);
#11032=PRESENTATION_STYLE_ASSIGNMENT((#11031));
#11033=STYLED_ITEM('',(#11032),#11030);
#11034=DIRECTION('',(0.E0,0.E0,-1.E0));
#11035=VECTOR('',#11034,2.5E-1);
#11036=CARTESIAN_POINT('',(-1.7E0,1.E-1,3.75E-1));
#11037=LINE('',#11036,#11035);
#11038=CURVE_STYLE('',#33,POSITIVE_LENGTH_MEASURE(2.E-2),#18);
#11039=PRESENTATION_STYLE_ASSIGNMENT((#11038));
#11040=STYLED_ITEM('',(#11039),#11037);
#11041=DIRECTION('',(1.E0,0.E0,0.E0));
#11042=VECTOR('',#11041,5.E-2);
#11043=CARTESIAN_POINT('',(-1.75E0,1.E-1,1.25E-1));
#11044=LINE('',#11043,#11042);
#11045=CURVE_STYLE('',#33,POSITIVE_LENGTH_MEASURE(2.E-2),#18);
#11046=PRESENTATION_STYLE_ASSIGNMENT((#11045));
#11047=STYLED_ITEM('',(#11046),#11044);
#11048=DIRECTION('',(0.E0,1.E0,0.E0));
#11049=VECTOR('',#11048,1.E-1);
#11050=CARTESIAN_POINT('',(-1.7E0,0.E0,1.25E-1));
#11051=LINE('',#11050,#11049);
#11052=CURVE_STYLE('',#33,POSITIVE_LENGTH_MEASURE(2.E-2),#18);
#11053=PRESENTATION_STYLE_ASSIGNMENT((#11052));
#11054=STYLED_ITEM('',(#11053),#11051);
#11055=DIRECTION('',(0.E0,1.E0,0.E0));
#11056=VECTOR('',#11055,1.E-1);
#11057=CARTESIAN_POINT('',(-1.75E0,1.E-1,1.25E-1));
#11058=LINE('',#11057,#11056);
#11059=CURVE_STYLE('',#33,POSITIVE_LENGTH_MEASURE(2.E-2),#18);
#11060=PRESENTATION_STYLE_ASSIGNMENT((#11059));
#11061=STYLED_ITEM('',(#11060),#11058);
#11062=DIRECTION('',(0.E0,1.E0,0.E0));
#11063=VECTOR('',#11062,2.E-1);
#11064=CARTESIAN_POINT('',(-1.475E0,0.E0,1.25E-1));
#11065=LINE('',#11064,#11063);
#11066=CURVE_STYLE('',#33,POSITIVE_LENGTH_MEASURE(2.E-2),#18);
#11067=PRESENTATION_STYLE_ASSIGNMENT((#11066));
#11068=STYLED_ITEM('',(#11067),#11065);
#11069=DIRECTION('',(-1.E0,0.E0,0.E0));
#11070=VECTOR('',#11069,5.E-2);
#11071=CARTESIAN_POINT('',(-1.7E0,1.E-1,3.75E-1));
#11072=LINE('',#11071,#11070);
#11073=CURVE_STYLE('',#33,POSITIVE_LENGTH_MEASURE(2.E-2),#18);
#11074=PRESENTATION_STYLE_ASSIGNMENT((#11073));
#11075=STYLED_ITEM('',(#11074),#11072);
#11076=DIRECTION('',(0.E0,1.E0,0.E0));
#11077=VECTOR('',#11076,2.E-1);
#11078=CARTESIAN_POINT('',(-1.475E0,0.E0,3.75E-1));
#11079=LINE('',#11078,#11077);
#11080=CURVE_STYLE('',#33,POSITIVE_LENGTH_MEASURE(2.E-2),#18);
#11081=PRESENTATION_STYLE_ASSIGNMENT((#11080));
#11082=STYLED_ITEM('',(#11081),#11079);
#11083=DIRECTION('',(0.E0,1.E0,0.E0));
#11084=VECTOR('',#11083,1.E-1);
#11085=CARTESIAN_POINT('',(-1.7E0,0.E0,3.75E-1));
#11086=LINE('',#11085,#11084);
#11087=CURVE_STYLE('',#33,POSITIVE_LENGTH_MEASURE(2.E-2),#18);
#11088=PRESENTATION_STYLE_ASSIGNMENT((#11087));
#11089=STYLED_ITEM('',(#11088),#11086);
#11090=DIRECTION('',(0.E0,0.E0,-1.E0));
#11091=VECTOR('',#11090,2.5E-1);
#11092=CARTESIAN_POINT('',(-1.75E0,1.E-1,3.75E-1));
#11093=LINE('',#11092,#11091);
#11094=CURVE_STYLE('',#33,POSITIVE_LENGTH_MEASURE(2.E-2),#18);
#11095=PRESENTATION_STYLE_ASSIGNMENT((#11094));
#11096=STYLED_ITEM('',(#11095),#11093);
#11097=DIRECTION('',(0.E0,1.E0,0.E0));
#11098=VECTOR('',#11097,1.E-1);
#11099=CARTESIAN_POINT('',(-1.75E0,1.E-1,3.75E-1));
#11100=LINE('',#11099,#11098);
#11101=CURVE_STYLE('',#33,POSITIVE_LENGTH_MEASURE(2.E-2),#18);
#11102=PRESENTATION_STYLE_ASSIGNMENT((#11101));
#11103=STYLED_ITEM('',(#11102),#11100);
#11104=DIRECTION('',(1.E0,0.E0,0.E0));
#11105=VECTOR('',#11104,2.75E-1);
#11106=CARTESIAN_POINT('',(-1.75E0,2.E-1,1.25E-1));
#11107=LINE('',#11106,#11105);
#11108=CURVE_STYLE('',#33,POSITIVE_LENGTH_MEASURE(2.E-2),#18);
#11109=PRESENTATION_STYLE_ASSIGNMENT((#11108));
#11110=STYLED_ITEM('',(#11109),#11107);
#11111=CARTESIAN_POINT('',(-1.475E0,2.E-1,2.5E-1));
#11112=DIRECTION('',(0.E0,-1.E0,0.E0));
#11113=DIRECTION('',(0.E0,0.E0,-1.E0));
#11114=AXIS2_PLACEMENT_3D('',#11111,#11112,#11113);
#11116=CURVE_STYLE('',#33,POSITIVE_LENGTH_MEASURE(2.E-2),#18);
#11117=PRESENTATION_STYLE_ASSIGNMENT((#11116));
#11118=STYLED_ITEM('',(#11117),#11115);
#11119=DIRECTION('',(-1.E0,0.E0,0.E0));
#11120=VECTOR('',#11119,2.75E-1);
#11121=CARTESIAN_POINT('',(-1.475E0,2.E-1,3.75E-1));
#11122=LINE('',#11121,#11120);
#11123=CURVE_STYLE('',#33,POSITIVE_LENGTH_MEASURE(2.E-2),#18);
#11124=PRESENTATION_STYLE_ASSIGNMENT((#11123));
#11125=STYLED_ITEM('',(#11124),#11122);
#11126=DIRECTION('',(0.E0,0.E0,-1.E0));
#11127=VECTOR('',#11126,2.5E-1);
#11128=CARTESIAN_POINT('',(-1.75E0,2.E-1,3.75E-1));
#11129=LINE('',#11128,#11127);
#11130=CURVE_STYLE('',#33,POSITIVE_LENGTH_MEASURE(2.E-2),#18);
#11131=PRESENTATION_STYLE_ASSIGNMENT((#11130));
#11132=STYLED_ITEM('',(#11131),#11129);
#11133=CARTESIAN_POINT('',(-1.475E0,0.E0,1.25E-1));
#11134=CARTESIAN_POINT('',(-1.475E0,0.E0,3.75E-1));
#11135=VERTEX_POINT('',#11133);
#11136=VERTEX_POINT('',#11134);
#11137=CARTESIAN_POINT('',(-1.75E0,2.E-1,1.25E-1));
#11138=CARTESIAN_POINT('',(-1.475E0,2.E-1,1.25E-1));
#11139=VERTEX_POINT('',#11137);
#11140=VERTEX_POINT('',#11138);
#11141=CARTESIAN_POINT('',(-1.475E0,2.E-1,3.75E-1));
#11142=VERTEX_POINT('',#11141);
#11143=CARTESIAN_POINT('',(-1.75E0,2.E-1,3.75E-1));
#11144=VERTEX_POINT('',#11143);
#11145=CARTESIAN_POINT('',(-1.7E0,1.E-1,3.75E-1));
#11146=CARTESIAN_POINT('',(-1.7E0,1.E-1,1.25E-1));
#11147=VERTEX_POINT('',#11145);
#11148=VERTEX_POINT('',#11146);
#11149=CARTESIAN_POINT('',(-1.7E0,0.E0,3.75E-1));
#11150=CARTESIAN_POINT('',(-1.7E0,0.E0,1.25E-1));
#11151=VERTEX_POINT('',#11149);
#11152=VERTEX_POINT('',#11150);
#11153=CARTESIAN_POINT('',(-1.75E0,1.E-1,1.25E-1));
#11154=VERTEX_POINT('',#11153);
#11155=CARTESIAN_POINT('',(-1.75E0,1.E-1,3.75E-1));
#11156=VERTEX_POINT('',#11155);
#11157=CARTESIAN_POINT('',(0.E0,0.E0,0.E0));
#11158=DIRECTION('',(0.E0,-1.E0,0.E0));
#11159=DIRECTION('',(-1.E0,0.E0,0.E0));
#11160=AXIS2_PLACEMENT_3D('',#11157,#11158,#11159);
#11161=PLANE('',#11160);
#11163=ORIENTED_EDGE('',*,*,#11162,.F.);
#11165=ORIENTED_EDGE('',*,*,#11164,.F.);
#11167=ORIENTED_EDGE('',*,*,#11166,.F.);
#11169=ORIENTED_EDGE('',*,*,#11168,.F.);
#11170=EDGE_LOOP('',(#11163,#11165,#11167,#11169));
#11171=FACE_OUTER_BOUND('',#11170,.F.);
#11173=FILL_AREA_STYLE_COLOUR('',#22);
#11174=FILL_AREA_STYLE('',(#11173));
#11175=SURFACE_STYLE_FILL_AREA(#11174);
#11176=SURFACE_SIDE_STYLE('',(#11175));
#11177=SURFACE_STYLE_USAGE(.POSITIVE.,#11176);
#11178=PRESENTATION_STYLE_ASSIGNMENT((#11177));
#11179=OVER_RIDING_STYLED_ITEM('',(#11178),#11172,#11004);
#11180=CARTESIAN_POINT('',(-1.7E0,1.E-1,2.25E0));
#11181=DIRECTION('',(1.E0,0.E0,0.E0));
#11182=DIRECTION('',(0.E0,-1.E0,0.E0));
#11183=AXIS2_PLACEMENT_3D('',#11180,#11181,#11182);
#11184=PLANE('',#11183);
#11186=ORIENTED_EDGE('',*,*,#11185,.F.);
#11188=ORIENTED_EDGE('',*,*,#11187,.F.);
#11189=ORIENTED_EDGE('',*,*,#11162,.T.);
#11191=ORIENTED_EDGE('',*,*,#11190,.T.);
#11192=EDGE_LOOP('',(#11186,#11188,#11189,#11191));
#11193=FACE_OUTER_BOUND('',#11192,.F.);
#11195=CARTESIAN_POINT('',(-1.75E0,1.E-1,-2.25E0));
#11196=DIRECTION('',(0.E0,1.E0,0.E0));
#11197=DIRECTION('',(0.E0,0.E0,1.E0));
#11198=AXIS2_PLACEMENT_3D('',#11195,#11196,#11197);
#11199=PLANE('',#11198);
#11200=ORIENTED_EDGE('',*,*,#11185,.T.);
#11202=ORIENTED_EDGE('',*,*,#11201,.F.);
#11204=ORIENTED_EDGE('',*,*,#11203,.F.);
#11206=ORIENTED_EDGE('',*,*,#11205,.F.);
#11207=EDGE_LOOP('',(#11200,#11202,#11204,#11206));
#11208=FACE_OUTER_BOUND('',#11207,.F.);
#11210=CARTESIAN_POINT('',(-1.75E0,0.E0,1.25E-1));
#11211=DIRECTION('',(0.E0,0.E0,1.E0));
#11212=DIRECTION('',(1.E0,0.E0,0.E0));
#11213=AXIS2_PLACEMENT_3D('',#11210,#11211,#11212);
#11214=PLANE('',#11213);
#11215=ORIENTED_EDGE('',*,*,#11201,.T.);
#11216=ORIENTED_EDGE('',*,*,#11190,.F.);
#11217=ORIENTED_EDGE('',*,*,#11168,.T.);
#11219=ORIENTED_EDGE('',*,*,#11218,.T.);
#11221=ORIENTED_EDGE('',*,*,#11220,.F.);
#11223=ORIENTED_EDGE('',*,*,#11222,.F.);
#11224=EDGE_LOOP('',(#11215,#11216,#11217,#11219,#11221,#11223));
#11225=FACE_OUTER_BOUND('',#11224,.F.);
#11227=CARTESIAN_POINT('',(-1.475E0,0.E0,2.5E-1));
#11228=DIRECTION('',(0.E0,-1.E0,0.E0));
#11229=DIRECTION('',(-1.E0,0.E0,0.E0));
#11230=AXIS2_PLACEMENT_3D('',#11227,#11228,#11229);
#11231=CYLINDRICAL_SURFACE('',#11230,1.25E-1);
#11232=ORIENTED_EDGE('',*,*,#11166,.T.);
#11234=ORIENTED_EDGE('',*,*,#11233,.T.);
#11236=ORIENTED_EDGE('',*,*,#11235,.F.);
#11237=ORIENTED_EDGE('',*,*,#11218,.F.);
#11238=EDGE_LOOP('',(#11232,#11234,#11236,#11237));
#11239=FACE_OUTER_BOUND('',#11238,.F.);
#11241=CARTESIAN_POINT('',(-1.475E0,0.E0,3.75E-1));
#11242=DIRECTION('',(0.E0,0.E0,-1.E0));
#11243=DIRECTION('',(-1.E0,0.E0,0.E0));
#11244=AXIS2_PLACEMENT_3D('',#11241,#11242,#11243);
#11245=PLANE('',#11244);
#11246=ORIENTED_EDGE('',*,*,#11205,.T.);
#11248=ORIENTED_EDGE('',*,*,#11247,.T.);
#11250=ORIENTED_EDGE('',*,*,#11249,.F.);
#11251=ORIENTED_EDGE('',*,*,#11233,.F.);
#11252=ORIENTED_EDGE('',*,*,#11164,.T.);
#11253=ORIENTED_EDGE('',*,*,#11187,.T.);
#11254=EDGE_LOOP('',(#11246,#11248,#11250,#11251,#11252,#11253));
#11255=FACE_OUTER_BOUND('',#11254,.F.);
#11257=CARTESIAN_POINT('',(-1.75E0,0.E0,3.75E-1));
#11258=DIRECTION('',(1.E0,0.E0,0.E0));
#11259=DIRECTION('',(0.E0,0.E0,-1.E0));
#11260=AXIS2_PLACEMENT_3D('',#11257,#11258,#11259);
#11261=PLANE('',#11260);
#11262=ORIENTED_EDGE('',*,*,#11203,.T.);
#11263=ORIENTED_EDGE('',*,*,#11222,.T.);
#11265=ORIENTED_EDGE('',*,*,#11264,.F.);
#11266=ORIENTED_EDGE('',*,*,#11247,.F.);
#11267=EDGE_LOOP('',(#11262,#11263,#11265,#11266));
#11268=FACE_OUTER_BOUND('',#11267,.F.);
#11270=CARTESIAN_POINT('',(0.E0,2.E-1,0.E0));
#11271=DIRECTION('',(0.E0,-1.E0,0.E0));
#11272=DIRECTION('',(-1.E0,0.E0,0.E0));
#11273=AXIS2_PLACEMENT_3D('',#11270,#11271,#11272);
#11274=PLANE('',#11273);
#11275=ORIENTED_EDGE('',*,*,#11220,.T.);
#11276=ORIENTED_EDGE('',*,*,#11235,.T.);
#11277=ORIENTED_EDGE('',*,*,#11249,.T.);
#11278=ORIENTED_EDGE('',*,*,#11264,.T.);
#11279=EDGE_LOOP('',(#11275,#11276,#11277,#11278));
#11280=FACE_OUTER_BOUND('',#11279,.F.);
#11282=CLOSED_SHELL('',(#11172,#11194,#11209,#11226,#11240,#11256,#11269,
#11281));
#11283=MANIFOLD_SOLID_BREP('',#11282);
#11284=FILL_AREA_STYLE_COLOUR('',#18);
#11285=FILL_AREA_STYLE('',(#11284));
#11286=SURFACE_STYLE_FILL_AREA(#11285);
#11287=SURFACE_SIDE_STYLE('',(#11286));
#11288=SURFACE_STYLE_USAGE(.POSITIVE.,#11287);
#11289=PRESENTATION_STYLE_ASSIGNMENT((#11288));
#11004=STYLED_ITEM('',(#11289),#11283);
#11291=DIRECTION('',(0.E0,0.E0,-1.E0));
#11292=VECTOR('',#11291,2.5E-1);
#11293=CARTESIAN_POINT('',(-1.7E0,0.E0,-1.25E-1));
#11294=LINE('',#11293,#11292);
#11295=CURVE_STYLE('',#33,POSITIVE_LENGTH_MEASURE(2.E-2),#18);
#11296=PRESENTATION_STYLE_ASSIGNMENT((#11295));
#11297=STYLED_ITEM('',(#11296),#11294);
#11298=DIRECTION('',(-1.E0,0.E0,0.E0));
#11299=VECTOR('',#11298,2.25E-1);
#11300=CARTESIAN_POINT('',(-1.475E0,0.E0,-1.25E-1));
#11301=LINE('',#11300,#11299);
#11302=CURVE_STYLE('',#33,POSITIVE_LENGTH_MEASURE(2.E-2),#18);
#11303=PRESENTATION_STYLE_ASSIGNMENT((#11302));
#11304=STYLED_ITEM('',(#11303),#11301);
#11305=CARTESIAN_POINT('',(-1.475E0,0.E0,-2.5E-1));
#11306=DIRECTION('',(0.E0,-1.E0,0.E0));
#11307=DIRECTION('',(0.E0,0.E0,-1.E0));
#11308=AXIS2_PLACEMENT_3D('',#11305,#11306,#11307);
#11310=CURVE_STYLE('',#33,POSITIVE_LENGTH_MEASURE(2.E-2),#18);
#11311=PRESENTATION_STYLE_ASSIGNMENT((#11310));
#11312=STYLED_ITEM('',(#11311),#11309);
#11313=DIRECTION('',(1.E0,0.E0,0.E0));
#11314=VECTOR('',#11313,2.25E-1);
#11315=CARTESIAN_POINT('',(-1.7E0,0.E0,-3.75E-1));
#11316=LINE('',#11315,#11314);
#11317=CURVE_STYLE('',#33,POSITIVE_LENGTH_MEASURE(2.E-2),#18);
#11318=PRESENTATION_STYLE_ASSIGNMENT((#11317));
#11319=STYLED_ITEM('',(#11318),#11316);
#11320=DIRECTION('',(0.E0,0.E0,-1.E0));
#11321=VECTOR('',#11320,2.5E-1);
#11322=CARTESIAN_POINT('',(-1.7E0,1.E-1,-1.25E-1));
#11323=LINE('',#11322,#11321);
#11324=CURVE_STYLE('',#33,POSITIVE_LENGTH_MEASURE(2.E-2),#18);
#11325=PRESENTATION_STYLE_ASSIGNMENT((#11324));
#11326=STYLED_ITEM('',(#11325),#11323);
#11327=DIRECTION('',(1.E0,0.E0,0.E0));
#11328=VECTOR('',#11327,5.E-2);
#11329=CARTESIAN_POINT('',(-1.75E0,1.E-1,-3.75E-1));
#11330=LINE('',#11329,#11328);
#11331=CURVE_STYLE('',#33,POSITIVE_LENGTH_MEASURE(2.E-2),#18);
#11332=PRESENTATION_STYLE_ASSIGNMENT((#11331));
#11333=STYLED_ITEM('',(#11332),#11330);
#11334=DIRECTION('',(0.E0,1.E0,0.E0));
#11335=VECTOR('',#11334,1.E-1);
#11336=CARTESIAN_POINT('',(-1.7E0,0.E0,-3.75E-1));
#11337=LINE('',#11336,#11335);
#11338=CURVE_STYLE('',#33,POSITIVE_LENGTH_MEASURE(2.E-2),#18);
#11339=PRESENTATION_STYLE_ASSIGNMENT((#11338));
#11340=STYLED_ITEM('',(#11339),#11337);
#11341=DIRECTION('',(0.E0,1.E0,0.E0));
#11342=VECTOR('',#11341,1.E-1);
#11343=CARTESIAN_POINT('',(-1.75E0,1.E-1,-3.75E-1));
#11344=LINE('',#11343,#11342);
#11345=CURVE_STYLE('',#33,POSITIVE_LENGTH_MEASURE(2.E-2),#18);
#11346=PRESENTATION_STYLE_ASSIGNMENT((#11345));
#11347=STYLED_ITEM('',(#11346),#11344);
#11348=DIRECTION('',(0.E0,1.E0,0.E0));
#11349=VECTOR('',#11348,2.E-1);
#11350=CARTESIAN_POINT('',(-1.475E0,0.E0,-3.75E-1));
#11351=LINE('',#11350,#11349);
#11352=CURVE_STYLE('',#33,POSITIVE_LENGTH_MEASURE(2.E-2),#18);
#11353=PRESENTATION_STYLE_ASSIGNMENT((#11352));
#11354=STYLED_ITEM('',(#11353),#11351);
#11355=DIRECTION('',(-1.E0,0.E0,0.E0));
#11356=VECTOR('',#11355,5.E-2);
#11357=CARTESIAN_POINT('',(-1.7E0,1.E-1,-1.25E-1));
#11358=LINE('',#11357,#11356);
#11359=CURVE_STYLE('',#33,POSITIVE_LENGTH_MEASURE(2.E-2),#18);
#11360=PRESENTATION_STYLE_ASSIGNMENT((#11359));
#11361=STYLED_ITEM('',(#11360),#11358);
#11362=DIRECTION('',(0.E0,1.E0,0.E0));
#11363=VECTOR('',#11362,2.E-1);
#11364=CARTESIAN_POINT('',(-1.475E0,0.E0,-1.25E-1));
#11365=LINE('',#11364,#11363);
#11366=CURVE_STYLE('',#33,POSITIVE_LENGTH_MEASURE(2.E-2),#18);
#11367=PRESENTATION_STYLE_ASSIGNMENT((#11366));
#11368=STYLED_ITEM('',(#11367),#11365);
#11369=DIRECTION('',(0.E0,1.E0,0.E0));
#11370=VECTOR('',#11369,1.E-1);
#11371=CARTESIAN_POINT('',(-1.7E0,0.E0,-1.25E-1));
#11372=LINE('',#11371,#11370);
#11373=CURVE_STYLE('',#33,POSITIVE_LENGTH_MEASURE(2.E-2),#18);
#11374=PRESENTATION_STYLE_ASSIGNMENT((#11373));
#11375=STYLED_ITEM('',(#11374),#11372);
#11376=DIRECTION('',(0.E0,0.E0,-1.E0));
#11377=VECTOR('',#11376,2.5E-1);
#11378=CARTESIAN_POINT('',(-1.75E0,1.E-1,-1.25E-1));
#11379=LINE('',#11378,#11377);
#11380=CURVE_STYLE('',#33,POSITIVE_LENGTH_MEASURE(2.E-2),#18);
#11381=PRESENTATION_STYLE_ASSIGNMENT((#11380));
#11382=STYLED_ITEM('',(#11381),#11379);
#11383=DIRECTION('',(0.E0,1.E0,0.E0));
#11384=VECTOR('',#11383,1.E-1);
#11385=CARTESIAN_POINT('',(-1.75E0,1.E-1,-1.25E-1));
#11386=LINE('',#11385,#11384);
#11387=CURVE_STYLE('',#33,POSITIVE_LENGTH_MEASURE(2.E-2),#18);
#11388=PRESENTATION_STYLE_ASSIGNMENT((#11387));
#11389=STYLED_ITEM('',(#11388),#11386);
#11390=DIRECTION('',(1.E0,0.E0,0.E0));
#11391=VECTOR('',#11390,2.75E-1);
#11392=CARTESIAN_POINT('',(-1.75E0,2.E-1,-3.75E-1));
#11393=LINE('',#11392,#11391);
#11394=CURVE_STYLE('',#33,POSITIVE_LENGTH_MEASURE(2.E-2),#18);
#11395=PRESENTATION_STYLE_ASSIGNMENT((#11394));
#11396=STYLED_ITEM('',(#11395),#11393);
#11397=CARTESIAN_POINT('',(-1.475E0,2.E-1,-2.5E-1));
#11398=DIRECTION('',(0.E0,-1.E0,0.E0));
#11399=DIRECTION('',(0.E0,0.E0,-1.E0));
#11400=AXIS2_PLACEMENT_3D('',#11397,#11398,#11399);
#11402=CURVE_STYLE('',#33,POSITIVE_LENGTH_MEASURE(2.E-2),#18);
#11403=PRESENTATION_STYLE_ASSIGNMENT((#11402));
#11404=STYLED_ITEM('',(#11403),#11401);
#11405=DIRECTION('',(-1.E0,0.E0,0.E0));
#11406=VECTOR('',#11405,2.75E-1);
#11407=CARTESIAN_POINT('',(-1.475E0,2.E-1,-1.25E-1));
#11408=LINE('',#11407,#11406);
#11409=CURVE_STYLE('',#33,POSITIVE_LENGTH_MEASURE(2.E-2),#18);
#11410=PRESENTATION_STYLE_ASSIGNMENT((#11409));
#11411=STYLED_ITEM('',(#11410),#11408);
#11412=DIRECTION('',(0.E0,0.E0,-1.E0));
#11413=VECTOR('',#11412,2.5E-1);
#11414=CARTESIAN_POINT('',(-1.75E0,2.E-1,-1.25E-1));
#11415=LINE('',#11414,#11413);
#11416=CURVE_STYLE('',#33,POSITIVE_LENGTH_MEASURE(2.E-2),#18);
#11417=PRESENTATION_STYLE_ASSIGNMENT((#11416));
#11418=STYLED_ITEM('',(#11417),#11415);
#11419=CARTESIAN_POINT('',(-1.475E0,0.E0,-3.75E-1));
#11420=CARTESIAN_POINT('',(-1.475E0,0.E0,-1.25E-1));
#11421=VERTEX_POINT('',#11419);
#11422=VERTEX_POINT('',#11420);
#11423=CARTESIAN_POINT('',(-1.75E0,2.E-1,-3.75E-1));
#11424=CARTESIAN_POINT('',(-1.475E0,2.E-1,-3.75E-1));
#11425=VERTEX_POINT('',#11423);
#11426=VERTEX_POINT('',#11424);
#11427=CARTESIAN_POINT('',(-1.475E0,2.E-1,-1.25E-1));
#11428=VERTEX_POINT('',#11427);
#11429=CARTESIAN_POINT('',(-1.75E0,2.E-1,-1.25E-1));
#11430=VERTEX_POINT('',#11429);
#11431=CARTESIAN_POINT('',(-1.7E0,1.E-1,-1.25E-1));
#11432=CARTESIAN_POINT('',(-1.7E0,1.E-1,-3.75E-1));
#11433=VERTEX_POINT('',#11431);
#11434=VERTEX_POINT('',#11432);
#11435=CARTESIAN_POINT('',(-1.7E0,0.E0,-1.25E-1));
#11436=CARTESIAN_POINT('',(-1.7E0,0.E0,-3.75E-1));
#11437=VERTEX_POINT('',#11435);
#11438=VERTEX_POINT('',#11436);
#11439=CARTESIAN_POINT('',(-1.75E0,1.E-1,-3.75E-1));
#11440=VERTEX_POINT('',#11439);
#11441=CARTESIAN_POINT('',(-1.75E0,1.E-1,-1.25E-1));
#11442=VERTEX_POINT('',#11441);
#11443=CARTESIAN_POINT('',(0.E0,0.E0,0.E0));
#11444=DIRECTION('',(0.E0,-1.E0,0.E0));
#11445=DIRECTION('',(-1.E0,0.E0,0.E0));
#11446=AXIS2_PLACEMENT_3D('',#11443,#11444,#11445);
#11447=PLANE('',#11446);
#11449=ORIENTED_EDGE('',*,*,#11448,.F.);
#11451=ORIENTED_EDGE('',*,*,#11450,.F.);
#11453=ORIENTED_EDGE('',*,*,#11452,.F.);
#11455=ORIENTED_EDGE('',*,*,#11454,.F.);
#11456=EDGE_LOOP('',(#11449,#11451,#11453,#11455));
#11457=FACE_OUTER_BOUND('',#11456,.F.);
#11459=FILL_AREA_STYLE_COLOUR('',#22);
#11460=FILL_AREA_STYLE('',(#11459));
#11461=SURFACE_STYLE_FILL_AREA(#11460);
#11462=SURFACE_SIDE_STYLE('',(#11461));
#11463=SURFACE_STYLE_USAGE(.POSITIVE.,#11462);
#11464=PRESENTATION_STYLE_ASSIGNMENT((#11463));
#11465=OVER_RIDING_STYLED_ITEM('',(#11464),#11458,#11290);
#11466=CARTESIAN_POINT('',(-1.7E0,1.E-1,2.25E0));
#11467=DIRECTION('',(1.E0,0.E0,0.E0));
#11468=DIRECTION('',(0.E0,-1.E0,0.E0));
#11469=AXIS2_PLACEMENT_3D('',#11466,#11467,#11468);
#11470=PLANE('',#11469);
#11472=ORIENTED_EDGE('',*,*,#11471,.F.);
#11474=ORIENTED_EDGE('',*,*,#11473,.F.);
#11475=ORIENTED_EDGE('',*,*,#11448,.T.);
#11477=ORIENTED_EDGE('',*,*,#11476,.T.);
#11478=EDGE_LOOP('',(#11472,#11474,#11475,#11477));
#11479=FACE_OUTER_BOUND('',#11478,.F.);
#11481=CARTESIAN_POINT('',(-1.75E0,1.E-1,-2.25E0));
#11482=DIRECTION('',(0.E0,1.E0,0.E0));
#11483=DIRECTION('',(0.E0,0.E0,1.E0));
#11484=AXIS2_PLACEMENT_3D('',#11481,#11482,#11483);
#11485=PLANE('',#11484);
#11486=ORIENTED_EDGE('',*,*,#11471,.T.);
#11488=ORIENTED_EDGE('',*,*,#11487,.F.);
#11490=ORIENTED_EDGE('',*,*,#11489,.F.);
#11492=ORIENTED_EDGE('',*,*,#11491,.F.);
#11493=EDGE_LOOP('',(#11486,#11488,#11490,#11492));
#11494=FACE_OUTER_BOUND('',#11493,.F.);
#11496=CARTESIAN_POINT('',(-1.75E0,0.E0,-3.75E-1));
#11497=DIRECTION('',(0.E0,0.E0,1.E0));
#11498=DIRECTION('',(1.E0,0.E0,0.E0));
#11499=AXIS2_PLACEMENT_3D('',#11496,#11497,#11498);
#11500=PLANE('',#11499);
#11501=ORIENTED_EDGE('',*,*,#11487,.T.);
#11502=ORIENTED_EDGE('',*,*,#11476,.F.);
#11503=ORIENTED_EDGE('',*,*,#11454,.T.);
#11505=ORIENTED_EDGE('',*,*,#11504,.T.);
#11507=ORIENTED_EDGE('',*,*,#11506,.F.);
#11509=ORIENTED_EDGE('',*,*,#11508,.F.);
#11510=EDGE_LOOP('',(#11501,#11502,#11503,#11505,#11507,#11509));
#11511=FACE_OUTER_BOUND('',#11510,.F.);
#11513=CARTESIAN_POINT('',(-1.475E0,0.E0,-2.5E-1));
#11514=DIRECTION('',(0.E0,-1.E0,0.E0));
#11515=DIRECTION('',(-1.E0,0.E0,0.E0));
#11516=AXIS2_PLACEMENT_3D('',#11513,#11514,#11515);
#11517=CYLINDRICAL_SURFACE('',#11516,1.25E-1);
#11518=ORIENTED_EDGE('',*,*,#11452,.T.);
#11520=ORIENTED_EDGE('',*,*,#11519,.T.);
#11522=ORIENTED_EDGE('',*,*,#11521,.F.);
#11523=ORIENTED_EDGE('',*,*,#11504,.F.);
#11524=EDGE_LOOP('',(#11518,#11520,#11522,#11523));
#11525=FACE_OUTER_BOUND('',#11524,.F.);
#11527=CARTESIAN_POINT('',(-1.475E0,0.E0,-1.25E-1));
#11528=DIRECTION('',(0.E0,0.E0,-1.E0));
#11529=DIRECTION('',(-1.E0,0.E0,0.E0));
#11530=AXIS2_PLACEMENT_3D('',#11527,#11528,#11529);
#11531=PLANE('',#11530);
#11532=ORIENTED_EDGE('',*,*,#11491,.T.);
#11534=ORIENTED_EDGE('',*,*,#11533,.T.);
#11536=ORIENTED_EDGE('',*,*,#11535,.F.);
#11537=ORIENTED_EDGE('',*,*,#11519,.F.);
#11538=ORIENTED_EDGE('',*,*,#11450,.T.);
#11539=ORIENTED_EDGE('',*,*,#11473,.T.);
#11540=EDGE_LOOP('',(#11532,#11534,#11536,#11537,#11538,#11539));
#11541=FACE_OUTER_BOUND('',#11540,.F.);
#11543=CARTESIAN_POINT('',(-1.75E0,0.E0,-1.25E-1));
#11544=DIRECTION('',(1.E0,0.E0,0.E0));
#11545=DIRECTION('',(0.E0,0.E0,-1.E0));
#11546=AXIS2_PLACEMENT_3D('',#11543,#11544,#11545);
#11547=PLANE('',#11546);
#11548=ORIENTED_EDGE('',*,*,#11489,.T.);
#11549=ORIENTED_EDGE('',*,*,#11508,.T.);
#11551=ORIENTED_EDGE('',*,*,#11550,.F.);
#11552=ORIENTED_EDGE('',*,*,#11533,.F.);
#11553=EDGE_LOOP('',(#11548,#11549,#11551,#11552));
#11554=FACE_OUTER_BOUND('',#11553,.F.);
#11556=CARTESIAN_POINT('',(0.E0,2.E-1,0.E0));
#11557=DIRECTION('',(0.E0,-1.E0,0.E0));
#11558=DIRECTION('',(-1.E0,0.E0,0.E0));
#11559=AXIS2_PLACEMENT_3D('',#11556,#11557,#11558);
#11560=PLANE('',#11559);
#11561=ORIENTED_EDGE('',*,*,#11506,.T.);
#11562=ORIENTED_EDGE('',*,*,#11521,.T.);
#11563=ORIENTED_EDGE('',*,*,#11535,.T.);
#11564=ORIENTED_EDGE('',*,*,#11550,.T.);
#11565=EDGE_LOOP('',(#11561,#11562,#11563,#11564));
#11566=FACE_OUTER_BOUND('',#11565,.F.);
#11568=CLOSED_SHELL('',(#11458,#11480,#11495,#11512,#11526,#11542,#11555,
#11567));
#11569=MANIFOLD_SOLID_BREP('',#11568);
#11570=FILL_AREA_STYLE_COLOUR('',#18);
#11571=FILL_AREA_STYLE('',(#11570));
#11572=SURFACE_STYLE_FILL_AREA(#11571);
#11573=SURFACE_SIDE_STYLE('',(#11572));
#11574=SURFACE_STYLE_USAGE(.POSITIVE.,#11573);
#11575=PRESENTATION_STYLE_ASSIGNMENT((#11574));
#11290=STYLED_ITEM('',(#11575),#11569);
#11577=DIRECTION('',(0.E0,0.E0,-1.E0));
#11578=VECTOR('',#11577,2.5E-1);
#11579=CARTESIAN_POINT('',(1.7E0,0.E0,-6.25E-1));
#11580=LINE('',#11579,#11578);
#11581=CURVE_STYLE('',#33,POSITIVE_LENGTH_MEASURE(2.E-2),#18);
#11582=PRESENTATION_STYLE_ASSIGNMENT((#11581));
#11583=STYLED_ITEM('',(#11582),#11580);
#11584=DIRECTION('',(-1.E0,0.E0,0.E0));
#11585=VECTOR('',#11584,2.25E-1);
#11586=CARTESIAN_POINT('',(1.7E0,0.E0,-8.75E-1));
#11587=LINE('',#11586,#11585);
#11588=CURVE_STYLE('',#33,POSITIVE_LENGTH_MEASURE(2.E-2),#18);
#11589=PRESENTATION_STYLE_ASSIGNMENT((#11588));
#11590=STYLED_ITEM('',(#11589),#11587);
#11591=CARTESIAN_POINT('',(1.475E0,0.E0,-7.5E-1));
#11592=DIRECTION('',(0.E0,1.E0,0.E0));
#11593=DIRECTION('',(0.E0,0.E0,-1.E0));
#11594=AXIS2_PLACEMENT_3D('',#11591,#11592,#11593);
#11596=CURVE_STYLE('',#33,POSITIVE_LENGTH_MEASURE(2.E-2),#18);
#11597=PRESENTATION_STYLE_ASSIGNMENT((#11596));
#11598=STYLED_ITEM('',(#11597),#11595);
#11599=DIRECTION('',(1.E0,0.E0,0.E0));
#11600=VECTOR('',#11599,2.25E-1);
#11601=CARTESIAN_POINT('',(1.475E0,0.E0,-6.25E-1));
#11602=LINE('',#11601,#11600);
#11603=CURVE_STYLE('',#33,POSITIVE_LENGTH_MEASURE(2.E-2),#18);
#11604=PRESENTATION_STYLE_ASSIGNMENT((#11603));
#11605=STYLED_ITEM('',(#11604),#11602);
#11606=DIRECTION('',(0.E0,0.E0,1.E0));
#11607=VECTOR('',#11606,2.5E-1);
#11608=CARTESIAN_POINT('',(1.7E0,1.E-1,-8.75E-1));
#11609=LINE('',#11608,#11607);
#11610=CURVE_STYLE('',#33,POSITIVE_LENGTH_MEASURE(2.E-2),#18);
#11611=PRESENTATION_STYLE_ASSIGNMENT((#11610));
#11612=STYLED_ITEM('',(#11611),#11609);
#11613=DIRECTION('',(1.E0,0.E0,0.E0));
#11614=VECTOR('',#11613,5.E-2);
#11615=CARTESIAN_POINT('',(1.7E0,1.E-1,-6.25E-1));
#11616=LINE('',#11615,#11614);
#11617=CURVE_STYLE('',#33,POSITIVE_LENGTH_MEASURE(2.E-2),#18);
#11618=PRESENTATION_STYLE_ASSIGNMENT((#11617));
#11619=STYLED_ITEM('',(#11618),#11616);
#11620=DIRECTION('',(0.E0,1.E0,0.E0));
#11621=VECTOR('',#11620,1.E-1);
#11622=CARTESIAN_POINT('',(1.7E0,0.E0,-6.25E-1));
#11623=LINE('',#11622,#11621);
#11624=CURVE_STYLE('',#33,POSITIVE_LENGTH_MEASURE(2.E-2),#18);
#11625=PRESENTATION_STYLE_ASSIGNMENT((#11624));
#11626=STYLED_ITEM('',(#11625),#11623);
#11627=DIRECTION('',(0.E0,1.E0,0.E0));
#11628=VECTOR('',#11627,2.E-1);
#11629=CARTESIAN_POINT('',(1.475E0,0.E0,-6.25E-1));
#11630=LINE('',#11629,#11628);
#11631=CURVE_STYLE('',#33,POSITIVE_LENGTH_MEASURE(2.E-2),#18);
#11632=PRESENTATION_STYLE_ASSIGNMENT((#11631));
#11633=STYLED_ITEM('',(#11632),#11630);
#11634=DIRECTION('',(0.E0,1.E0,0.E0));
#11635=VECTOR('',#11634,2.E-1);
#11636=CARTESIAN_POINT('',(1.475E0,0.E0,-8.75E-1));
#11637=LINE('',#11636,#11635);
#11638=CURVE_STYLE('',#33,POSITIVE_LENGTH_MEASURE(2.E-2),#18);
#11639=PRESENTATION_STYLE_ASSIGNMENT((#11638));
#11640=STYLED_ITEM('',(#11639),#11637);
#11641=DIRECTION('',(-1.E0,0.E0,0.E0));
#11642=VECTOR('',#11641,5.E-2);
#11643=CARTESIAN_POINT('',(1.75E0,1.E-1,-8.75E-1));
#11644=LINE('',#11643,#11642);
#11645=CURVE_STYLE('',#33,POSITIVE_LENGTH_MEASURE(2.E-2),#18);
#11646=PRESENTATION_STYLE_ASSIGNMENT((#11645));
#11647=STYLED_ITEM('',(#11646),#11644);
#11648=DIRECTION('',(0.E0,1.E0,0.E0));
#11649=VECTOR('',#11648,1.E-1);
#11650=CARTESIAN_POINT('',(1.75E0,1.E-1,-8.75E-1));
#11651=LINE('',#11650,#11649);
#11652=CURVE_STYLE('',#33,POSITIVE_LENGTH_MEASURE(2.E-2),#18);
#11653=PRESENTATION_STYLE_ASSIGNMENT((#11652));
#11654=STYLED_ITEM('',(#11653),#11651);
#11655=DIRECTION('',(0.E0,1.E0,0.E0));
#11656=VECTOR('',#11655,1.E-1);
#11657=CARTESIAN_POINT('',(1.7E0,0.E0,-8.75E-1));
#11658=LINE('',#11657,#11656);
#11659=CURVE_STYLE('',#33,POSITIVE_LENGTH_MEASURE(2.E-2),#18);
#11660=PRESENTATION_STYLE_ASSIGNMENT((#11659));
#11661=STYLED_ITEM('',(#11660),#11658);
#11662=DIRECTION('',(0.E0,0.E0,-1.E0));
#11663=VECTOR('',#11662,2.5E-1);
#11664=CARTESIAN_POINT('',(1.75E0,1.E-1,-6.25E-1));
#11665=LINE('',#11664,#11663);
#11666=CURVE_STYLE('',#33,POSITIVE_LENGTH_MEASURE(2.E-2),#18);
#11667=PRESENTATION_STYLE_ASSIGNMENT((#11666));
#11668=STYLED_ITEM('',(#11667),#11665);
#11669=DIRECTION('',(0.E0,1.E0,0.E0));
#11670=VECTOR('',#11669,1.E-1);
#11671=CARTESIAN_POINT('',(1.75E0,1.E-1,-6.25E-1));
#11672=LINE('',#11671,#11670);
#11673=CURVE_STYLE('',#33,POSITIVE_LENGTH_MEASURE(2.E-2),#18);
#11674=PRESENTATION_STYLE_ASSIGNMENT((#11673));
#11675=STYLED_ITEM('',(#11674),#11672);
#11676=DIRECTION('',(-1.E0,0.E0,0.E0));
#11677=VECTOR('',#11676,2.75E-1);
#11678=CARTESIAN_POINT('',(1.75E0,2.E-1,-8.75E-1));
#11679=LINE('',#11678,#11677);
#11680=CURVE_STYLE('',#33,POSITIVE_LENGTH_MEASURE(2.E-2),#18);
#11681=PRESENTATION_STYLE_ASSIGNMENT((#11680));
#11682=STYLED_ITEM('',(#11681),#11679);
#11683=DIRECTION('',(0.E0,0.E0,-1.E0));
#11684=VECTOR('',#11683,2.5E-1);
#11685=CARTESIAN_POINT('',(1.75E0,2.E-1,-6.25E-1));
#11686=LINE('',#11685,#11684);
#11687=CURVE_STYLE('',#33,POSITIVE_LENGTH_MEASURE(2.E-2),#18);
#11688=PRESENTATION_STYLE_ASSIGNMENT((#11687));
#11689=STYLED_ITEM('',(#11688),#11686);
#11690=DIRECTION('',(1.E0,0.E0,0.E0));
#11691=VECTOR('',#11690,2.75E-1);
#11692=CARTESIAN_POINT('',(1.475E0,2.E-1,-6.25E-1));
#11693=LINE('',#11692,#11691);
#11694=CURVE_STYLE('',#33,POSITIVE_LENGTH_MEASURE(2.E-2),#18);
#11695=PRESENTATION_STYLE_ASSIGNMENT((#11694));
#11696=STYLED_ITEM('',(#11695),#11693);
#11697=CARTESIAN_POINT('',(1.475E0,2.E-1,-7.5E-1));
#11698=DIRECTION('',(0.E0,1.E0,0.E0));
#11699=DIRECTION('',(0.E0,0.E0,-1.E0));
#11700=AXIS2_PLACEMENT_3D('',#11697,#11698,#11699);
#11702=CURVE_STYLE('',#33,POSITIVE_LENGTH_MEASURE(2.E-2),#18);
#11703=PRESENTATION_STYLE_ASSIGNMENT((#11702));
#11704=STYLED_ITEM('',(#11703),#11701);
#11705=CARTESIAN_POINT('',(1.475E0,0.E0,-8.75E-1));
#11706=CARTESIAN_POINT('',(1.475E0,0.E0,-6.25E-1));
#11707=VERTEX_POINT('',#11705);
#11708=VERTEX_POINT('',#11706);
#11709=CARTESIAN_POINT('',(1.75E0,2.E-1,-8.75E-1));
#11710=CARTESIAN_POINT('',(1.475E0,2.E-1,-8.75E-1));
#11711=VERTEX_POINT('',#11709);
#11712=VERTEX_POINT('',#11710);
#11713=CARTESIAN_POINT('',(1.475E0,2.E-1,-6.25E-1));
#11714=VERTEX_POINT('',#11713);
#11715=CARTESIAN_POINT('',(1.75E0,2.E-1,-6.25E-1));
#11716=VERTEX_POINT('',#11715);
#11717=CARTESIAN_POINT('',(1.7E0,1.E-1,-8.75E-1));
#11718=CARTESIAN_POINT('',(1.7E0,1.E-1,-6.25E-1));
#11719=VERTEX_POINT('',#11717);
#11720=VERTEX_POINT('',#11718);
#11721=CARTESIAN_POINT('',(1.7E0,0.E0,-6.25E-1));
#11722=CARTESIAN_POINT('',(1.7E0,0.E0,-8.75E-1));
#11723=VERTEX_POINT('',#11721);
#11724=VERTEX_POINT('',#11722);
#11725=CARTESIAN_POINT('',(1.75E0,1.E-1,-8.75E-1));
#11726=VERTEX_POINT('',#11725);
#11727=CARTESIAN_POINT('',(1.75E0,1.E-1,-6.25E-1));
#11728=VERTEX_POINT('',#11727);
#11729=CARTESIAN_POINT('',(0.E0,0.E0,0.E0));
#11730=DIRECTION('',(0.E0,1.E0,0.E0));
#11731=DIRECTION('',(1.E0,0.E0,0.E0));
#11732=AXIS2_PLACEMENT_3D('',#11729,#11730,#11731);
#11733=PLANE('',#11732);
#11735=ORIENTED_EDGE('',*,*,#11734,.T.);
#11737=ORIENTED_EDGE('',*,*,#11736,.T.);
#11739=ORIENTED_EDGE('',*,*,#11738,.T.);
#11741=ORIENTED_EDGE('',*,*,#11740,.T.);
#11742=EDGE_LOOP('',(#11735,#11737,#11739,#11741));
#11743=FACE_OUTER_BOUND('',#11742,.F.);
#11745=FILL_AREA_STYLE_COLOUR('',#22);
#11746=FILL_AREA_STYLE('',(#11745));
#11747=SURFACE_STYLE_FILL_AREA(#11746);
#11748=SURFACE_SIDE_STYLE('',(#11747));
#11749=SURFACE_STYLE_USAGE(.POSITIVE.,#11748);
#11750=PRESENTATION_STYLE_ASSIGNMENT((#11749));
#11751=OVER_RIDING_STYLED_ITEM('',(#11750),#11744,#11576);
#11752=CARTESIAN_POINT('',(1.7E0,1.E-1,-2.25E0));
#11753=DIRECTION('',(-1.E0,0.E0,0.E0));
#11754=DIRECTION('',(0.E0,-1.E0,0.E0));
#11755=AXIS2_PLACEMENT_3D('',#11752,#11753,#11754);
#11756=PLANE('',#11755);
#11758=ORIENTED_EDGE('',*,*,#11757,.F.);
#11760=ORIENTED_EDGE('',*,*,#11759,.F.);
#11761=ORIENTED_EDGE('',*,*,#11734,.F.);
#11763=ORIENTED_EDGE('',*,*,#11762,.T.);
#11764=EDGE_LOOP('',(#11758,#11760,#11761,#11763));
#11765=FACE_OUTER_BOUND('',#11764,.F.);
#11767=CARTESIAN_POINT('',(-1.75E0,1.E-1,-2.25E0));
#11768=DIRECTION('',(0.E0,1.E0,0.E0));
#11769=DIRECTION('',(0.E0,0.E0,1.E0));
#11770=AXIS2_PLACEMENT_3D('',#11767,#11768,#11769);
#11771=PLANE('',#11770);
#11772=ORIENTED_EDGE('',*,*,#11757,.T.);
#11774=ORIENTED_EDGE('',*,*,#11773,.T.);
#11776=ORIENTED_EDGE('',*,*,#11775,.T.);
#11778=ORIENTED_EDGE('',*,*,#11777,.T.);
#11779=EDGE_LOOP('',(#11772,#11774,#11776,#11778));
#11780=FACE_OUTER_BOUND('',#11779,.F.);
#11782=CARTESIAN_POINT('',(1.475E0,0.E0,-6.25E-1));
#11783=DIRECTION('',(0.E0,0.E0,1.E0));
#11784=DIRECTION('',(1.E0,0.E0,0.E0));
#11785=AXIS2_PLACEMENT_3D('',#11782,#11783,#11784);
#11786=PLANE('',#11785);
#11787=ORIENTED_EDGE('',*,*,#11773,.F.);
#11788=ORIENTED_EDGE('',*,*,#11762,.F.);
#11789=ORIENTED_EDGE('',*,*,#11740,.F.);
#11791=ORIENTED_EDGE('',*,*,#11790,.T.);
#11793=ORIENTED_EDGE('',*,*,#11792,.T.);
#11795=ORIENTED_EDGE('',*,*,#11794,.F.);
#11796=EDGE_LOOP('',(#11787,#11788,#11789,#11791,#11793,#11795));
#11797=FACE_OUTER_BOUND('',#11796,.F.);
#11799=CARTESIAN_POINT('',(1.475E0,0.E0,-7.5E-1));
#11800=DIRECTION('',(0.E0,1.E0,0.E0));
#11801=DIRECTION('',(1.E0,0.E0,0.E0));
#11802=AXIS2_PLACEMENT_3D('',#11799,#11800,#11801);
#11803=CYLINDRICAL_SURFACE('',#11802,1.25E-1);
#11804=ORIENTED_EDGE('',*,*,#11738,.F.);
#11806=ORIENTED_EDGE('',*,*,#11805,.T.);
#11808=ORIENTED_EDGE('',*,*,#11807,.T.);
#11809=ORIENTED_EDGE('',*,*,#11790,.F.);
#11810=EDGE_LOOP('',(#11804,#11806,#11808,#11809));
#11811=FACE_OUTER_BOUND('',#11810,.F.);
#11813=CARTESIAN_POINT('',(1.75E0,0.E0,-8.75E-1));
#11814=DIRECTION('',(0.E0,0.E0,-1.E0));
#11815=DIRECTION('',(-1.E0,0.E0,0.E0));
#11816=AXIS2_PLACEMENT_3D('',#11813,#11814,#11815);
#11817=PLANE('',#11816);
#11818=ORIENTED_EDGE('',*,*,#11777,.F.);
#11820=ORIENTED_EDGE('',*,*,#11819,.T.);
#11822=ORIENTED_EDGE('',*,*,#11821,.T.);
#11823=ORIENTED_EDGE('',*,*,#11805,.F.);
#11824=ORIENTED_EDGE('',*,*,#11736,.F.);
#11825=ORIENTED_EDGE('',*,*,#11759,.T.);
#11826=EDGE_LOOP('',(#11818,#11820,#11822,#11823,#11824,#11825));
#11827=FACE_OUTER_BOUND('',#11826,.F.);
#11829=CARTESIAN_POINT('',(1.75E0,0.E0,-6.25E-1));
#11830=DIRECTION('',(1.E0,0.E0,0.E0));
#11831=DIRECTION('',(0.E0,0.E0,-1.E0));
#11832=AXIS2_PLACEMENT_3D('',#11829,#11830,#11831);
#11833=PLANE('',#11832);
#11834=ORIENTED_EDGE('',*,*,#11775,.F.);
#11835=ORIENTED_EDGE('',*,*,#11794,.T.);
#11837=ORIENTED_EDGE('',*,*,#11836,.T.);
#11838=ORIENTED_EDGE('',*,*,#11819,.F.);
#11839=EDGE_LOOP('',(#11834,#11835,#11837,#11838));
#11840=FACE_OUTER_BOUND('',#11839,.F.);
#11842=CARTESIAN_POINT('',(0.E0,2.E-1,0.E0));
#11843=DIRECTION('',(0.E0,1.E0,0.E0));
#11844=DIRECTION('',(1.E0,0.E0,0.E0));
#11845=AXIS2_PLACEMENT_3D('',#11842,#11843,#11844);
#11846=PLANE('',#11845);
#11847=ORIENTED_EDGE('',*,*,#11821,.F.);
#11848=ORIENTED_EDGE('',*,*,#11836,.F.);
#11849=ORIENTED_EDGE('',*,*,#11792,.F.);
#11850=ORIENTED_EDGE('',*,*,#11807,.F.);
#11851=EDGE_LOOP('',(#11847,#11848,#11849,#11850));
#11852=FACE_OUTER_BOUND('',#11851,.F.);
#11854=CLOSED_SHELL('',(#11744,#11766,#11781,#11798,#11812,#11828,#11841,
#11853));
#11855=MANIFOLD_SOLID_BREP('',#11854);
#11856=FILL_AREA_STYLE_COLOUR('',#18);
#11857=FILL_AREA_STYLE('',(#11856));
#11858=SURFACE_STYLE_FILL_AREA(#11857);
#11859=SURFACE_SIDE_STYLE('',(#11858));
#11860=SURFACE_STYLE_USAGE(.POSITIVE.,#11859);
#11861=PRESENTATION_STYLE_ASSIGNMENT((#11860));
#11576=STYLED_ITEM('',(#11861),#11855);
#11863=DIRECTION('',(0.E0,0.E0,-1.E0));
#11864=VECTOR('',#11863,2.5E-1);
#11865=CARTESIAN_POINT('',(1.7E0,0.E0,-1.125E0));
#11866=LINE('',#11865,#11864);
#11867=CURVE_STYLE('',#33,POSITIVE_LENGTH_MEASURE(2.E-2),#18);
#11868=PRESENTATION_STYLE_ASSIGNMENT((#11867));
#11869=STYLED_ITEM('',(#11868),#11866);
#11870=DIRECTION('',(-1.E0,0.E0,0.E0));
#11871=VECTOR('',#11870,2.25E-1);
#11872=CARTESIAN_POINT('',(1.7E0,0.E0,-1.375E0));
#11873=LINE('',#11872,#11871);
#11874=CURVE_STYLE('',#33,POSITIVE_LENGTH_MEASURE(2.E-2),#18);
#11875=PRESENTATION_STYLE_ASSIGNMENT((#11874));
#11876=STYLED_ITEM('',(#11875),#11873);
#11877=CARTESIAN_POINT('',(1.475E0,0.E0,-1.25E0));
#11878=DIRECTION('',(0.E0,1.E0,0.E0));
#11879=DIRECTION('',(0.E0,0.E0,-1.E0));
#11880=AXIS2_PLACEMENT_3D('',#11877,#11878,#11879);
#11882=CURVE_STYLE('',#33,POSITIVE_LENGTH_MEASURE(2.E-2),#18);
#11883=PRESENTATION_STYLE_ASSIGNMENT((#11882));
#11884=STYLED_ITEM('',(#11883),#11881);
#11885=DIRECTION('',(1.E0,0.E0,0.E0));
#11886=VECTOR('',#11885,2.25E-1);
#11887=CARTESIAN_POINT('',(1.475E0,0.E0,-1.125E0));
#11888=LINE('',#11887,#11886);
#11889=CURVE_STYLE('',#33,POSITIVE_LENGTH_MEASURE(2.E-2),#18);
#11890=PRESENTATION_STYLE_ASSIGNMENT((#11889));
#11891=STYLED_ITEM('',(#11890),#11888);
#11892=DIRECTION('',(0.E0,0.E0,1.E0));
#11893=VECTOR('',#11892,2.5E-1);
#11894=CARTESIAN_POINT('',(1.7E0,1.E-1,-1.375E0));
#11895=LINE('',#11894,#11893);
#11896=CURVE_STYLE('',#33,POSITIVE_LENGTH_MEASURE(2.E-2),#18);
#11897=PRESENTATION_STYLE_ASSIGNMENT((#11896));
#11898=STYLED_ITEM('',(#11897),#11895);
#11899=DIRECTION('',(1.E0,0.E0,0.E0));
#11900=VECTOR('',#11899,5.E-2);
#11901=CARTESIAN_POINT('',(1.7E0,1.E-1,-1.125E0));
#11902=LINE('',#11901,#11900);
#11903=CURVE_STYLE('',#33,POSITIVE_LENGTH_MEASURE(2.E-2),#18);
#11904=PRESENTATION_STYLE_ASSIGNMENT((#11903));
#11905=STYLED_ITEM('',(#11904),#11902);
#11906=DIRECTION('',(0.E0,1.E0,0.E0));
#11907=VECTOR('',#11906,1.E-1);
#11908=CARTESIAN_POINT('',(1.7E0,0.E0,-1.125E0));
#11909=LINE('',#11908,#11907);
#11910=CURVE_STYLE('',#33,POSITIVE_LENGTH_MEASURE(2.E-2),#18);
#11911=PRESENTATION_STYLE_ASSIGNMENT((#11910));
#11912=STYLED_ITEM('',(#11911),#11909);
#11913=DIRECTION('',(0.E0,1.E0,0.E0));
#11914=VECTOR('',#11913,2.E-1);
#11915=CARTESIAN_POINT('',(1.475E0,0.E0,-1.125E0));
#11916=LINE('',#11915,#11914);
#11917=CURVE_STYLE('',#33,POSITIVE_LENGTH_MEASURE(2.E-2),#18);
#11918=PRESENTATION_STYLE_ASSIGNMENT((#11917));
#11919=STYLED_ITEM('',(#11918),#11916);
#11920=DIRECTION('',(0.E0,1.E0,0.E0));
#11921=VECTOR('',#11920,2.E-1);
#11922=CARTESIAN_POINT('',(1.475E0,0.E0,-1.375E0));
#11923=LINE('',#11922,#11921);
#11924=CURVE_STYLE('',#33,POSITIVE_LENGTH_MEASURE(2.E-2),#18);
#11925=PRESENTATION_STYLE_ASSIGNMENT((#11924));
#11926=STYLED_ITEM('',(#11925),#11923);
#11927=DIRECTION('',(-1.E0,0.E0,0.E0));
#11928=VECTOR('',#11927,5.E-2);
#11929=CARTESIAN_POINT('',(1.75E0,1.E-1,-1.375E0));
#11930=LINE('',#11929,#11928);
#11931=CURVE_STYLE('',#33,POSITIVE_LENGTH_MEASURE(2.E-2),#18);
#11932=PRESENTATION_STYLE_ASSIGNMENT((#11931));
#11933=STYLED_ITEM('',(#11932),#11930);
#11934=DIRECTION('',(0.E0,1.E0,0.E0));
#11935=VECTOR('',#11934,1.E-1);
#11936=CARTESIAN_POINT('',(1.75E0,1.E-1,-1.375E0));
#11937=LINE('',#11936,#11935);
#11938=CURVE_STYLE('',#33,POSITIVE_LENGTH_MEASURE(2.E-2),#18);
#11939=PRESENTATION_STYLE_ASSIGNMENT((#11938));
#11940=STYLED_ITEM('',(#11939),#11937);
#11941=DIRECTION('',(0.E0,1.E0,0.E0));
#11942=VECTOR('',#11941,1.E-1);
#11943=CARTESIAN_POINT('',(1.7E0,0.E0,-1.375E0));
#11944=LINE('',#11943,#11942);
#11945=CURVE_STYLE('',#33,POSITIVE_LENGTH_MEASURE(2.E-2),#18);
#11946=PRESENTATION_STYLE_ASSIGNMENT((#11945));
#11947=STYLED_ITEM('',(#11946),#11944);
#11948=DIRECTION('',(0.E0,0.E0,-1.E0));
#11949=VECTOR('',#11948,2.5E-1);
#11950=CARTESIAN_POINT('',(1.75E0,1.E-1,-1.125E0));
#11951=LINE('',#11950,#11949);
#11952=CURVE_STYLE('',#33,POSITIVE_LENGTH_MEASURE(2.E-2),#18);
#11953=PRESENTATION_STYLE_ASSIGNMENT((#11952));
#11954=STYLED_ITEM('',(#11953),#11951);
#11955=DIRECTION('',(0.E0,1.E0,0.E0));
#11956=VECTOR('',#11955,1.E-1);
#11957=CARTESIAN_POINT('',(1.75E0,1.E-1,-1.125E0));
#11958=LINE('',#11957,#11956);
#11959=CURVE_STYLE('',#33,POSITIVE_LENGTH_MEASURE(2.E-2),#18);
#11960=PRESENTATION_STYLE_ASSIGNMENT((#11959));
#11961=STYLED_ITEM('',(#11960),#11958);
#11962=DIRECTION('',(-1.E0,0.E0,0.E0));
#11963=VECTOR('',#11962,2.75E-1);
#11964=CARTESIAN_POINT('',(1.75E0,2.E-1,-1.375E0));
#11965=LINE('',#11964,#11963);
#11966=CURVE_STYLE('',#33,POSITIVE_LENGTH_MEASURE(2.E-2),#18);
#11967=PRESENTATION_STYLE_ASSIGNMENT((#11966));
#11968=STYLED_ITEM('',(#11967),#11965);
#11969=DIRECTION('',(0.E0,0.E0,-1.E0));
#11970=VECTOR('',#11969,2.5E-1);
#11971=CARTESIAN_POINT('',(1.75E0,2.E-1,-1.125E0));
#11972=LINE('',#11971,#11970);
#11973=CURVE_STYLE('',#33,POSITIVE_LENGTH_MEASURE(2.E-2),#18);
#11974=PRESENTATION_STYLE_ASSIGNMENT((#11973));
#11975=STYLED_ITEM('',(#11974),#11972);
#11976=DIRECTION('',(1.E0,0.E0,0.E0));
#11977=VECTOR('',#11976,2.75E-1);
#11978=CARTESIAN_POINT('',(1.475E0,2.E-1,-1.125E0));
#11979=LINE('',#11978,#11977);
#11980=CURVE_STYLE('',#33,POSITIVE_LENGTH_MEASURE(2.E-2),#18);
#11981=PRESENTATION_STYLE_ASSIGNMENT((#11980));
#11982=STYLED_ITEM('',(#11981),#11979);
#11983=CARTESIAN_POINT('',(1.475E0,2.E-1,-1.25E0));
#11984=DIRECTION('',(0.E0,1.E0,0.E0));
#11985=DIRECTION('',(0.E0,0.E0,-1.E0));
#11986=AXIS2_PLACEMENT_3D('',#11983,#11984,#11985);
#11988=CURVE_STYLE('',#33,POSITIVE_LENGTH_MEASURE(2.E-2),#18);
#11989=PRESENTATION_STYLE_ASSIGNMENT((#11988));
#11990=STYLED_ITEM('',(#11989),#11987);
#11991=CARTESIAN_POINT('',(1.475E0,0.E0,-1.375E0));
#11992=CARTESIAN_POINT('',(1.475E0,0.E0,-1.125E0));
#11993=VERTEX_POINT('',#11991);
#11994=VERTEX_POINT('',#11992);
#11995=CARTESIAN_POINT('',(1.75E0,2.E-1,-1.375E0));
#11996=CARTESIAN_POINT('',(1.475E0,2.E-1,-1.375E0));
#11997=VERTEX_POINT('',#11995);
#11998=VERTEX_POINT('',#11996);
#11999=CARTESIAN_POINT('',(1.475E0,2.E-1,-1.125E0));
#12000=VERTEX_POINT('',#11999);
#12001=CARTESIAN_POINT('',(1.75E0,2.E-1,-1.125E0));
#12002=VERTEX_POINT('',#12001);
#12003=CARTESIAN_POINT('',(1.7E0,1.E-1,-1.375E0));
#12004=CARTESIAN_POINT('',(1.7E0,1.E-1,-1.125E0));
#12005=VERTEX_POINT('',#12003);
#12006=VERTEX_POINT('',#12004);
#12007=CARTESIAN_POINT('',(1.7E0,0.E0,-1.125E0));
#12008=CARTESIAN_POINT('',(1.7E0,0.E0,-1.375E0));
#12009=VERTEX_POINT('',#12007);
#12010=VERTEX_POINT('',#12008);
#12011=CARTESIAN_POINT('',(1.75E0,1.E-1,-1.375E0));
#12012=VERTEX_POINT('',#12011);
#12013=CARTESIAN_POINT('',(1.75E0,1.E-1,-1.125E0));
#12014=VERTEX_POINT('',#12013);
#12015=CARTESIAN_POINT('',(0.E0,0.E0,0.E0));
#12016=DIRECTION('',(0.E0,1.E0,0.E0));
#12017=DIRECTION('',(1.E0,0.E0,0.E0));
#12018=AXIS2_PLACEMENT_3D('',#12015,#12016,#12017);
#12019=PLANE('',#12018);
#12021=ORIENTED_EDGE('',*,*,#12020,.T.);
#12023=ORIENTED_EDGE('',*,*,#12022,.T.);
#12025=ORIENTED_EDGE('',*,*,#12024,.T.);
#12027=ORIENTED_EDGE('',*,*,#12026,.T.);
#12028=EDGE_LOOP('',(#12021,#12023,#12025,#12027));
#12029=FACE_OUTER_BOUND('',#12028,.F.);
#12031=FILL_AREA_STYLE_COLOUR('',#22);
#12032=FILL_AREA_STYLE('',(#12031));
#12033=SURFACE_STYLE_FILL_AREA(#12032);
#12034=SURFACE_SIDE_STYLE('',(#12033));
#12035=SURFACE_STYLE_USAGE(.POSITIVE.,#12034);
#12036=PRESENTATION_STYLE_ASSIGNMENT((#12035));
#12037=OVER_RIDING_STYLED_ITEM('',(#12036),#12030,#11862);
#12038=CARTESIAN_POINT('',(1.7E0,1.E-1,-2.25E0));
#12039=DIRECTION('',(-1.E0,0.E0,0.E0));
#12040=DIRECTION('',(0.E0,-1.E0,0.E0));
#12041=AXIS2_PLACEMENT_3D('',#12038,#12039,#12040);
#12042=PLANE('',#12041);
#12044=ORIENTED_EDGE('',*,*,#12043,.F.);
#12046=ORIENTED_EDGE('',*,*,#12045,.F.);
#12047=ORIENTED_EDGE('',*,*,#12020,.F.);
#12049=ORIENTED_EDGE('',*,*,#12048,.T.);
#12050=EDGE_LOOP('',(#12044,#12046,#12047,#12049));
#12051=FACE_OUTER_BOUND('',#12050,.F.);
#12053=CARTESIAN_POINT('',(-1.75E0,1.E-1,-2.25E0));
#12054=DIRECTION('',(0.E0,1.E0,0.E0));
#12055=DIRECTION('',(0.E0,0.E0,1.E0));
#12056=AXIS2_PLACEMENT_3D('',#12053,#12054,#12055);
#12057=PLANE('',#12056);
#12058=ORIENTED_EDGE('',*,*,#12043,.T.);
#12060=ORIENTED_EDGE('',*,*,#12059,.T.);
#12062=ORIENTED_EDGE('',*,*,#12061,.T.);
#12064=ORIENTED_EDGE('',*,*,#12063,.T.);
#12065=EDGE_LOOP('',(#12058,#12060,#12062,#12064));
#12066=FACE_OUTER_BOUND('',#12065,.F.);
#12068=CARTESIAN_POINT('',(1.475E0,0.E0,-1.125E0));
#12069=DIRECTION('',(0.E0,0.E0,1.E0));
#12070=DIRECTION('',(1.E0,0.E0,0.E0));
#12071=AXIS2_PLACEMENT_3D('',#12068,#12069,#12070);
#12072=PLANE('',#12071);
#12073=ORIENTED_EDGE('',*,*,#12059,.F.);
#12074=ORIENTED_EDGE('',*,*,#12048,.F.);
#12075=ORIENTED_EDGE('',*,*,#12026,.F.);
#12077=ORIENTED_EDGE('',*,*,#12076,.T.);
#12079=ORIENTED_EDGE('',*,*,#12078,.T.);
#12081=ORIENTED_EDGE('',*,*,#12080,.F.);
#12082=EDGE_LOOP('',(#12073,#12074,#12075,#12077,#12079,#12081));
#12083=FACE_OUTER_BOUND('',#12082,.F.);
#12085=CARTESIAN_POINT('',(1.475E0,0.E0,-1.25E0));
#12086=DIRECTION('',(0.E0,1.E0,0.E0));
#12087=DIRECTION('',(1.E0,0.E0,0.E0));
#12088=AXIS2_PLACEMENT_3D('',#12085,#12086,#12087);
#12089=CYLINDRICAL_SURFACE('',#12088,1.25E-1);
#12090=ORIENTED_EDGE('',*,*,#12024,.F.);
#12092=ORIENTED_EDGE('',*,*,#12091,.T.);
#12094=ORIENTED_EDGE('',*,*,#12093,.T.);
#12095=ORIENTED_EDGE('',*,*,#12076,.F.);
#12096=EDGE_LOOP('',(#12090,#12092,#12094,#12095));
#12097=FACE_OUTER_BOUND('',#12096,.F.);
#12099=CARTESIAN_POINT('',(1.75E0,0.E0,-1.375E0));
#12100=DIRECTION('',(0.E0,0.E0,-1.E0));
#12101=DIRECTION('',(-1.E0,0.E0,0.E0));
#12102=AXIS2_PLACEMENT_3D('',#12099,#12100,#12101);
#12103=PLANE('',#12102);
#12104=ORIENTED_EDGE('',*,*,#12063,.F.);
#12106=ORIENTED_EDGE('',*,*,#12105,.T.);
#12108=ORIENTED_EDGE('',*,*,#12107,.T.);
#12109=ORIENTED_EDGE('',*,*,#12091,.F.);
#12110=ORIENTED_EDGE('',*,*,#12022,.F.);
#12111=ORIENTED_EDGE('',*,*,#12045,.T.);
#12112=EDGE_LOOP('',(#12104,#12106,#12108,#12109,#12110,#12111));
#12113=FACE_OUTER_BOUND('',#12112,.F.);
#12115=CARTESIAN_POINT('',(1.75E0,0.E0,-1.125E0));
#12116=DIRECTION('',(1.E0,0.E0,0.E0));
#12117=DIRECTION('',(0.E0,0.E0,-1.E0));
#12118=AXIS2_PLACEMENT_3D('',#12115,#12116,#12117);
#12119=PLANE('',#12118);
#12120=ORIENTED_EDGE('',*,*,#12061,.F.);
#12121=ORIENTED_EDGE('',*,*,#12080,.T.);
#12123=ORIENTED_EDGE('',*,*,#12122,.T.);
#12124=ORIENTED_EDGE('',*,*,#12105,.F.);
#12125=EDGE_LOOP('',(#12120,#12121,#12123,#12124));
#12126=FACE_OUTER_BOUND('',#12125,.F.);
#12128=CARTESIAN_POINT('',(0.E0,2.E-1,0.E0));
#12129=DIRECTION('',(0.E0,1.E0,0.E0));
#12130=DIRECTION('',(1.E0,0.E0,0.E0));
#12131=AXIS2_PLACEMENT_3D('',#12128,#12129,#12130);
#12132=PLANE('',#12131);
#12133=ORIENTED_EDGE('',*,*,#12107,.F.);
#12134=ORIENTED_EDGE('',*,*,#12122,.F.);
#12135=ORIENTED_EDGE('',*,*,#12078,.F.);
#12136=ORIENTED_EDGE('',*,*,#12093,.F.);
#12137=EDGE_LOOP('',(#12133,#12134,#12135,#12136));
#12138=FACE_OUTER_BOUND('',#12137,.F.);
#12140=CLOSED_SHELL('',(#12030,#12052,#12067,#12084,#12098,#12114,#12127,
#12139));
#12141=MANIFOLD_SOLID_BREP('',#12140);
#12142=FILL_AREA_STYLE_COLOUR('',#18);
#12143=FILL_AREA_STYLE('',(#12142));
#12144=SURFACE_STYLE_FILL_AREA(#12143);
#12145=SURFACE_SIDE_STYLE('',(#12144));
#12146=SURFACE_STYLE_USAGE(.POSITIVE.,#12145);
#12147=PRESENTATION_STYLE_ASSIGNMENT((#12146));
#11862=STYLED_ITEM('',(#12147),#12141);
#12149=DIRECTION('',(0.E0,0.E0,-1.E0));
#12150=VECTOR('',#12149,2.5E-1);
#12151=CARTESIAN_POINT('',(1.7E0,0.E0,-1.625E0));
#12152=LINE('',#12151,#12150);
#12153=CURVE_STYLE('',#33,POSITIVE_LENGTH_MEASURE(2.E-2),#18);
#12154=PRESENTATION_STYLE_ASSIGNMENT((#12153));
#12155=STYLED_ITEM('',(#12154),#12152);
#12156=DIRECTION('',(-1.E0,0.E0,0.E0));
#12157=VECTOR('',#12156,2.25E-1);
#12158=CARTESIAN_POINT('',(1.7E0,0.E0,-1.875E0));
#12159=LINE('',#12158,#12157);
#12160=CURVE_STYLE('',#33,POSITIVE_LENGTH_MEASURE(2.E-2),#18);
#12161=PRESENTATION_STYLE_ASSIGNMENT((#12160));
#12162=STYLED_ITEM('',(#12161),#12159);
#12163=CARTESIAN_POINT('',(1.475E0,0.E0,-1.75E0));
#12164=DIRECTION('',(0.E0,1.E0,0.E0));
#12165=DIRECTION('',(0.E0,0.E0,-1.E0));
#12166=AXIS2_PLACEMENT_3D('',#12163,#12164,#12165);
#12168=CURVE_STYLE('',#33,POSITIVE_LENGTH_MEASURE(2.E-2),#18);
#12169=PRESENTATION_STYLE_ASSIGNMENT((#12168));
#12170=STYLED_ITEM('',(#12169),#12167);
#12171=DIRECTION('',(1.E0,0.E0,0.E0));
#12172=VECTOR('',#12171,2.25E-1);
#12173=CARTESIAN_POINT('',(1.475E0,0.E0,-1.625E0));
#12174=LINE('',#12173,#12172);
#12175=CURVE_STYLE('',#33,POSITIVE_LENGTH_MEASURE(2.E-2),#18);
#12176=PRESENTATION_STYLE_ASSIGNMENT((#12175));
#12177=STYLED_ITEM('',(#12176),#12174);
#12178=DIRECTION('',(0.E0,0.E0,1.E0));
#12179=VECTOR('',#12178,2.5E-1);
#12180=CARTESIAN_POINT('',(1.7E0,1.E-1,-1.875E0));
#12181=LINE('',#12180,#12179);
#12182=CURVE_STYLE('',#33,POSITIVE_LENGTH_MEASURE(2.E-2),#18);
#12183=PRESENTATION_STYLE_ASSIGNMENT((#12182));
#12184=STYLED_ITEM('',(#12183),#12181);
#12185=DIRECTION('',(1.E0,0.E0,0.E0));
#12186=VECTOR('',#12185,5.E-2);
#12187=CARTESIAN_POINT('',(1.7E0,1.E-1,-1.625E0));
#12188=LINE('',#12187,#12186);
#12189=CURVE_STYLE('',#33,POSITIVE_LENGTH_MEASURE(2.E-2),#18);
#12190=PRESENTATION_STYLE_ASSIGNMENT((#12189));
#12191=STYLED_ITEM('',(#12190),#12188);
#12192=DIRECTION('',(0.E0,1.E0,0.E0));
#12193=VECTOR('',#12192,1.E-1);
#12194=CARTESIAN_POINT('',(1.7E0,0.E0,-1.625E0));
#12195=LINE('',#12194,#12193);
#12196=CURVE_STYLE('',#33,POSITIVE_LENGTH_MEASURE(2.E-2),#18);
#12197=PRESENTATION_STYLE_ASSIGNMENT((#12196));
#12198=STYLED_ITEM('',(#12197),#12195);
#12199=DIRECTION('',(0.E0,1.E0,0.E0));
#12200=VECTOR('',#12199,2.E-1);
#12201=CARTESIAN_POINT('',(1.475E0,0.E0,-1.625E0));
#12202=LINE('',#12201,#12200);
#12203=CURVE_STYLE('',#33,POSITIVE_LENGTH_MEASURE(2.E-2),#18);
#12204=PRESENTATION_STYLE_ASSIGNMENT((#12203));
#12205=STYLED_ITEM('',(#12204),#12202);
#12206=DIRECTION('',(0.E0,1.E0,0.E0));
#12207=VECTOR('',#12206,2.E-1);
#12208=CARTESIAN_POINT('',(1.475E0,0.E0,-1.875E0));
#12209=LINE('',#12208,#12207);
#12210=CURVE_STYLE('',#33,POSITIVE_LENGTH_MEASURE(2.E-2),#18);
#12211=PRESENTATION_STYLE_ASSIGNMENT((#12210));
#12212=STYLED_ITEM('',(#12211),#12209);
#12213=DIRECTION('',(-1.E0,0.E0,0.E0));
#12214=VECTOR('',#12213,5.E-2);
#12215=CARTESIAN_POINT('',(1.75E0,1.E-1,-1.875E0));
#12216=LINE('',#12215,#12214);
#12217=CURVE_STYLE('',#33,POSITIVE_LENGTH_MEASURE(2.E-2),#18);
#12218=PRESENTATION_STYLE_ASSIGNMENT((#12217));
#12219=STYLED_ITEM('',(#12218),#12216);
#12220=DIRECTION('',(0.E0,1.E0,0.E0));
#12221=VECTOR('',#12220,1.E-1);
#12222=CARTESIAN_POINT('',(1.75E0,1.E-1,-1.875E0));
#12223=LINE('',#12222,#12221);
#12224=CURVE_STYLE('',#33,POSITIVE_LENGTH_MEASURE(2.E-2),#18);
#12225=PRESENTATION_STYLE_ASSIGNMENT((#12224));
#12226=STYLED_ITEM('',(#12225),#12223);
#12227=DIRECTION('',(0.E0,1.E0,0.E0));
#12228=VECTOR('',#12227,1.E-1);
#12229=CARTESIAN_POINT('',(1.7E0,0.E0,-1.875E0));
#12230=LINE('',#12229,#12228);
#12231=CURVE_STYLE('',#33,POSITIVE_LENGTH_MEASURE(2.E-2),#18);
#12232=PRESENTATION_STYLE_ASSIGNMENT((#12231));
#12233=STYLED_ITEM('',(#12232),#12230);
#12234=DIRECTION('',(0.E0,0.E0,-1.E0));
#12235=VECTOR('',#12234,2.5E-1);
#12236=CARTESIAN_POINT('',(1.75E0,1.E-1,-1.625E0));
#12237=LINE('',#12236,#12235);
#12238=CURVE_STYLE('',#33,POSITIVE_LENGTH_MEASURE(2.E-2),#18);
#12239=PRESENTATION_STYLE_ASSIGNMENT((#12238));
#12240=STYLED_ITEM('',(#12239),#12237);
#12241=DIRECTION('',(0.E0,1.E0,0.E0));
#12242=VECTOR('',#12241,1.E-1);
#12243=CARTESIAN_POINT('',(1.75E0,1.E-1,-1.625E0));
#12244=LINE('',#12243,#12242);
#12245=CURVE_STYLE('',#33,POSITIVE_LENGTH_MEASURE(2.E-2),#18);
#12246=PRESENTATION_STYLE_ASSIGNMENT((#12245));
#12247=STYLED_ITEM('',(#12246),#12244);
#12248=DIRECTION('',(-1.E0,0.E0,0.E0));
#12249=VECTOR('',#12248,2.75E-1);
#12250=CARTESIAN_POINT('',(1.75E0,2.E-1,-1.875E0));
#12251=LINE('',#12250,#12249);
#12252=CURVE_STYLE('',#33,POSITIVE_LENGTH_MEASURE(2.E-2),#18);
#12253=PRESENTATION_STYLE_ASSIGNMENT((#12252));
#12254=STYLED_ITEM('',(#12253),#12251);
#12255=DIRECTION('',(0.E0,0.E0,-1.E0));
#12256=VECTOR('',#12255,2.5E-1);
#12257=CARTESIAN_POINT('',(1.75E0,2.E-1,-1.625E0));
#12258=LINE('',#12257,#12256);
#12259=CURVE_STYLE('',#33,POSITIVE_LENGTH_MEASURE(2.E-2),#18);
#12260=PRESENTATION_STYLE_ASSIGNMENT((#12259));
#12261=STYLED_ITEM('',(#12260),#12258);
#12262=DIRECTION('',(1.E0,0.E0,0.E0));
#12263=VECTOR('',#12262,2.75E-1);
#12264=CARTESIAN_POINT('',(1.475E0,2.E-1,-1.625E0));
#12265=LINE('',#12264,#12263);
#12266=CURVE_STYLE('',#33,POSITIVE_LENGTH_MEASURE(2.E-2),#18);
#12267=PRESENTATION_STYLE_ASSIGNMENT((#12266));
#12268=STYLED_ITEM('',(#12267),#12265);
#12269=CARTESIAN_POINT('',(1.475E0,2.E-1,-1.75E0));
#12270=DIRECTION('',(0.E0,1.E0,0.E0));
#12271=DIRECTION('',(0.E0,0.E0,-1.E0));
#12272=AXIS2_PLACEMENT_3D('',#12269,#12270,#12271);
#12274=CURVE_STYLE('',#33,POSITIVE_LENGTH_MEASURE(2.E-2),#18);
#12275=PRESENTATION_STYLE_ASSIGNMENT((#12274));
#12276=STYLED_ITEM('',(#12275),#12273);
#12277=CARTESIAN_POINT('',(1.475E0,0.E0,-1.875E0));
#12278=CARTESIAN_POINT('',(1.475E0,0.E0,-1.625E0));
#12279=VERTEX_POINT('',#12277);
#12280=VERTEX_POINT('',#12278);
#12281=CARTESIAN_POINT('',(1.75E0,2.E-1,-1.875E0));
#12282=CARTESIAN_POINT('',(1.475E0,2.E-1,-1.875E0));
#12283=VERTEX_POINT('',#12281);
#12284=VERTEX_POINT('',#12282);
#12285=CARTESIAN_POINT('',(1.475E0,2.E-1,-1.625E0));
#12286=VERTEX_POINT('',#12285);
#12287=CARTESIAN_POINT('',(1.75E0,2.E-1,-1.625E0));
#12288=VERTEX_POINT('',#12287);
#12289=CARTESIAN_POINT('',(1.7E0,1.E-1,-1.875E0));
#12290=CARTESIAN_POINT('',(1.7E0,1.E-1,-1.625E0));
#12291=VERTEX_POINT('',#12289);
#12292=VERTEX_POINT('',#12290);
#12293=CARTESIAN_POINT('',(1.7E0,0.E0,-1.625E0));
#12294=CARTESIAN_POINT('',(1.7E0,0.E0,-1.875E0));
#12295=VERTEX_POINT('',#12293);
#12296=VERTEX_POINT('',#12294);
#12297=CARTESIAN_POINT('',(1.75E0,1.E-1,-1.875E0));
#12298=VERTEX_POINT('',#12297);
#12299=CARTESIAN_POINT('',(1.75E0,1.E-1,-1.625E0));
#12300=VERTEX_POINT('',#12299);
#12301=CARTESIAN_POINT('',(0.E0,0.E0,0.E0));
#12302=DIRECTION('',(0.E0,1.E0,0.E0));
#12303=DIRECTION('',(1.E0,0.E0,0.E0));
#12304=AXIS2_PLACEMENT_3D('',#12301,#12302,#12303);
#12305=PLANE('',#12304);
#12307=ORIENTED_EDGE('',*,*,#12306,.T.);
#12309=ORIENTED_EDGE('',*,*,#12308,.T.);
#12311=ORIENTED_EDGE('',*,*,#12310,.T.);
#12313=ORIENTED_EDGE('',*,*,#12312,.T.);
#12314=EDGE_LOOP('',(#12307,#12309,#12311,#12313));
#12315=FACE_OUTER_BOUND('',#12314,.F.);
#12317=FILL_AREA_STYLE_COLOUR('',#22);
#12318=FILL_AREA_STYLE('',(#12317));
#12319=SURFACE_STYLE_FILL_AREA(#12318);
#12320=SURFACE_SIDE_STYLE('',(#12319));
#12321=SURFACE_STYLE_USAGE(.POSITIVE.,#12320);
#12322=PRESENTATION_STYLE_ASSIGNMENT((#12321));
#12323=OVER_RIDING_STYLED_ITEM('',(#12322),#12316,#12148);
#12324=CARTESIAN_POINT('',(1.7E0,1.E-1,-2.25E0));
#12325=DIRECTION('',(-1.E0,0.E0,0.E0));
#12326=DIRECTION('',(0.E0,-1.E0,0.E0));
#12327=AXIS2_PLACEMENT_3D('',#12324,#12325,#12326);
#12328=PLANE('',#12327);
#12330=ORIENTED_EDGE('',*,*,#12329,.F.);
#12332=ORIENTED_EDGE('',*,*,#12331,.F.);
#12333=ORIENTED_EDGE('',*,*,#12306,.F.);
#12335=ORIENTED_EDGE('',*,*,#12334,.T.);
#12336=EDGE_LOOP('',(#12330,#12332,#12333,#12335));
#12337=FACE_OUTER_BOUND('',#12336,.F.);
#12339=CARTESIAN_POINT('',(-1.75E0,1.E-1,-2.25E0));
#12340=DIRECTION('',(0.E0,1.E0,0.E0));
#12341=DIRECTION('',(0.E0,0.E0,1.E0));
#12342=AXIS2_PLACEMENT_3D('',#12339,#12340,#12341);
#12343=PLANE('',#12342);
#12344=ORIENTED_EDGE('',*,*,#12329,.T.);
#12346=ORIENTED_EDGE('',*,*,#12345,.T.);
#12348=ORIENTED_EDGE('',*,*,#12347,.T.);
#12350=ORIENTED_EDGE('',*,*,#12349,.T.);
#12351=EDGE_LOOP('',(#12344,#12346,#12348,#12350));
#12352=FACE_OUTER_BOUND('',#12351,.F.);
#12354=CARTESIAN_POINT('',(1.475E0,0.E0,-1.625E0));
#12355=DIRECTION('',(0.E0,0.E0,1.E0));
#12356=DIRECTION('',(1.E0,0.E0,0.E0));
#12357=AXIS2_PLACEMENT_3D('',#12354,#12355,#12356);
#12358=PLANE('',#12357);
#12359=ORIENTED_EDGE('',*,*,#12345,.F.);
#12360=ORIENTED_EDGE('',*,*,#12334,.F.);
#12361=ORIENTED_EDGE('',*,*,#12312,.F.);
#12363=ORIENTED_EDGE('',*,*,#12362,.T.);
#12365=ORIENTED_EDGE('',*,*,#12364,.T.);
#12367=ORIENTED_EDGE('',*,*,#12366,.F.);
#12368=EDGE_LOOP('',(#12359,#12360,#12361,#12363,#12365,#12367));
#12369=FACE_OUTER_BOUND('',#12368,.F.);
#12371=CARTESIAN_POINT('',(1.475E0,0.E0,-1.75E0));
#12372=DIRECTION('',(0.E0,1.E0,0.E0));
#12373=DIRECTION('',(1.E0,0.E0,0.E0));
#12374=AXIS2_PLACEMENT_3D('',#12371,#12372,#12373);
#12375=CYLINDRICAL_SURFACE('',#12374,1.25E-1);
#12376=ORIENTED_EDGE('',*,*,#12310,.F.);
#12378=ORIENTED_EDGE('',*,*,#12377,.T.);
#12380=ORIENTED_EDGE('',*,*,#12379,.T.);
#12381=ORIENTED_EDGE('',*,*,#12362,.F.);
#12382=EDGE_LOOP('',(#12376,#12378,#12380,#12381));
#12383=FACE_OUTER_BOUND('',#12382,.F.);
#12385=CARTESIAN_POINT('',(1.75E0,0.E0,-1.875E0));
#12386=DIRECTION('',(0.E0,0.E0,-1.E0));
#12387=DIRECTION('',(-1.E0,0.E0,0.E0));
#12388=AXIS2_PLACEMENT_3D('',#12385,#12386,#12387);
#12389=PLANE('',#12388);
#12390=ORIENTED_EDGE('',*,*,#12349,.F.);
#12392=ORIENTED_EDGE('',*,*,#12391,.T.);
#12394=ORIENTED_EDGE('',*,*,#12393,.T.);
#12395=ORIENTED_EDGE('',*,*,#12377,.F.);
#12396=ORIENTED_EDGE('',*,*,#12308,.F.);
#12397=ORIENTED_EDGE('',*,*,#12331,.T.);
#12398=EDGE_LOOP('',(#12390,#12392,#12394,#12395,#12396,#12397));
#12399=FACE_OUTER_BOUND('',#12398,.F.);
#12401=CARTESIAN_POINT('',(1.75E0,0.E0,-1.625E0));
#12402=DIRECTION('',(1.E0,0.E0,0.E0));
#12403=DIRECTION('',(0.E0,0.E0,-1.E0));
#12404=AXIS2_PLACEMENT_3D('',#12401,#12402,#12403);
#12405=PLANE('',#12404);
#12406=ORIENTED_EDGE('',*,*,#12347,.F.);
#12407=ORIENTED_EDGE('',*,*,#12366,.T.);
#12409=ORIENTED_EDGE('',*,*,#12408,.T.);
#12410=ORIENTED_EDGE('',*,*,#12391,.F.);
#12411=EDGE_LOOP('',(#12406,#12407,#12409,#12410));
#12412=FACE_OUTER_BOUND('',#12411,.F.);
#12414=CARTESIAN_POINT('',(0.E0,2.E-1,0.E0));
#12415=DIRECTION('',(0.E0,1.E0,0.E0));
#12416=DIRECTION('',(1.E0,0.E0,0.E0));
#12417=AXIS2_PLACEMENT_3D('',#12414,#12415,#12416);
#12418=PLANE('',#12417);
#12419=ORIENTED_EDGE('',*,*,#12393,.F.);
#12420=ORIENTED_EDGE('',*,*,#12408,.F.);
#12421=ORIENTED_EDGE('',*,*,#12364,.F.);
#12422=ORIENTED_EDGE('',*,*,#12379,.F.);
#12423=EDGE_LOOP('',(#12419,#12420,#12421,#12422));
#12424=FACE_OUTER_BOUND('',#12423,.F.);
#12426=CLOSED_SHELL('',(#12316,#12338,#12353,#12370,#12384,#12400,#12413,
#12425));
#12427=MANIFOLD_SOLID_BREP('',#12426);
#12428=FILL_AREA_STYLE_COLOUR('',#18);
#12429=FILL_AREA_STYLE('',(#12428));
#12430=SURFACE_STYLE_FILL_AREA(#12429);
#12431=SURFACE_SIDE_STYLE('',(#12430));
#12432=SURFACE_STYLE_USAGE(.POSITIVE.,#12431);
#12433=PRESENTATION_STYLE_ASSIGNMENT((#12432));
#12148=STYLED_ITEM('',(#12433),#12427);
#12435=DIRECTION('',(0.E0,0.E0,-1.E0));
#12436=VECTOR('',#12435,2.5E-1);
#12437=CARTESIAN_POINT('',(-1.7E0,0.E0,-6.25E-1));
#12438=LINE('',#12437,#12436);
#12439=CURVE_STYLE('',#33,POSITIVE_LENGTH_MEASURE(2.E-2),#18);
#12440=PRESENTATION_STYLE_ASSIGNMENT((#12439));
#12441=STYLED_ITEM('',(#12440),#12438);
#12442=DIRECTION('',(-1.E0,0.E0,0.E0));
#12443=VECTOR('',#12442,2.25E-1);
#12444=CARTESIAN_POINT('',(-1.475E0,0.E0,-6.25E-1));
#12445=LINE('',#12444,#12443);
#12446=CURVE_STYLE('',#33,POSITIVE_LENGTH_MEASURE(2.E-2),#18);
#12447=PRESENTATION_STYLE_ASSIGNMENT((#12446));
#12448=STYLED_ITEM('',(#12447),#12445);
#12449=CARTESIAN_POINT('',(-1.475E0,0.E0,-7.5E-1));
#12450=DIRECTION('',(0.E0,-1.E0,0.E0));
#12451=DIRECTION('',(0.E0,0.E0,-1.E0));
#12452=AXIS2_PLACEMENT_3D('',#12449,#12450,#12451);
#12454=CURVE_STYLE('',#33,POSITIVE_LENGTH_MEASURE(2.E-2),#18);
#12455=PRESENTATION_STYLE_ASSIGNMENT((#12454));
#12456=STYLED_ITEM('',(#12455),#12453);
#12457=DIRECTION('',(1.E0,0.E0,0.E0));
#12458=VECTOR('',#12457,2.25E-1);
#12459=CARTESIAN_POINT('',(-1.7E0,0.E0,-8.75E-1));
#12460=LINE('',#12459,#12458);
#12461=CURVE_STYLE('',#33,POSITIVE_LENGTH_MEASURE(2.E-2),#18);
#12462=PRESENTATION_STYLE_ASSIGNMENT((#12461));
#12463=STYLED_ITEM('',(#12462),#12460);
#12464=DIRECTION('',(0.E0,0.E0,-1.E0));
#12465=VECTOR('',#12464,2.5E-1);
#12466=CARTESIAN_POINT('',(-1.7E0,1.E-1,-6.25E-1));
#12467=LINE('',#12466,#12465);
#12468=CURVE_STYLE('',#33,POSITIVE_LENGTH_MEASURE(2.E-2),#18);
#12469=PRESENTATION_STYLE_ASSIGNMENT((#12468));
#12470=STYLED_ITEM('',(#12469),#12467);
#12471=DIRECTION('',(1.E0,0.E0,0.E0));
#12472=VECTOR('',#12471,5.E-2);
#12473=CARTESIAN_POINT('',(-1.75E0,1.E-1,-8.75E-1));
#12474=LINE('',#12473,#12472);
#12475=CURVE_STYLE('',#33,POSITIVE_LENGTH_MEASURE(2.E-2),#18);
#12476=PRESENTATION_STYLE_ASSIGNMENT((#12475));
#12477=STYLED_ITEM('',(#12476),#12474);
#12478=DIRECTION('',(0.E0,1.E0,0.E0));
#12479=VECTOR('',#12478,1.E-1);
#12480=CARTESIAN_POINT('',(-1.7E0,0.E0,-8.75E-1));
#12481=LINE('',#12480,#12479);
#12482=CURVE_STYLE('',#33,POSITIVE_LENGTH_MEASURE(2.E-2),#18);
#12483=PRESENTATION_STYLE_ASSIGNMENT((#12482));
#12484=STYLED_ITEM('',(#12483),#12481);
#12485=DIRECTION('',(0.E0,1.E0,0.E0));
#12486=VECTOR('',#12485,1.E-1);
#12487=CARTESIAN_POINT('',(-1.75E0,1.E-1,-8.75E-1));
#12488=LINE('',#12487,#12486);
#12489=CURVE_STYLE('',#33,POSITIVE_LENGTH_MEASURE(2.E-2),#18);
#12490=PRESENTATION_STYLE_ASSIGNMENT((#12489));
#12491=STYLED_ITEM('',(#12490),#12488);
#12492=DIRECTION('',(0.E0,1.E0,0.E0));
#12493=VECTOR('',#12492,2.E-1);
#12494=CARTESIAN_POINT('',(-1.475E0,0.E0,-8.75E-1));
#12495=LINE('',#12494,#12493);
#12496=CURVE_STYLE('',#33,POSITIVE_LENGTH_MEASURE(2.E-2),#18);
#12497=PRESENTATION_STYLE_ASSIGNMENT((#12496));
#12498=STYLED_ITEM('',(#12497),#12495);
#12499=DIRECTION('',(-1.E0,0.E0,0.E0));
#12500=VECTOR('',#12499,5.E-2);
#12501=CARTESIAN_POINT('',(-1.7E0,1.E-1,-6.25E-1));
#12502=LINE('',#12501,#12500);
#12503=CURVE_STYLE('',#33,POSITIVE_LENGTH_MEASURE(2.E-2),#18);
#12504=PRESENTATION_STYLE_ASSIGNMENT((#12503));
#12505=STYLED_ITEM('',(#12504),#12502);
#12506=DIRECTION('',(0.E0,1.E0,0.E0));
#12507=VECTOR('',#12506,2.E-1);
#12508=CARTESIAN_POINT('',(-1.475E0,0.E0,-6.25E-1));
#12509=LINE('',#12508,#12507);
#12510=CURVE_STYLE('',#33,POSITIVE_LENGTH_MEASURE(2.E-2),#18);
#12511=PRESENTATION_STYLE_ASSIGNMENT((#12510));
#12512=STYLED_ITEM('',(#12511),#12509);
#12513=DIRECTION('',(0.E0,1.E0,0.E0));
#12514=VECTOR('',#12513,1.E-1);
#12515=CARTESIAN_POINT('',(-1.7E0,0.E0,-6.25E-1));
#12516=LINE('',#12515,#12514);
#12517=CURVE_STYLE('',#33,POSITIVE_LENGTH_MEASURE(2.E-2),#18);
#12518=PRESENTATION_STYLE_ASSIGNMENT((#12517));
#12519=STYLED_ITEM('',(#12518),#12516);
#12520=DIRECTION('',(0.E0,0.E0,-1.E0));
#12521=VECTOR('',#12520,2.5E-1);
#12522=CARTESIAN_POINT('',(-1.75E0,1.E-1,-6.25E-1));
#12523=LINE('',#12522,#12521);
#12524=CURVE_STYLE('',#33,POSITIVE_LENGTH_MEASURE(2.E-2),#18);
#12525=PRESENTATION_STYLE_ASSIGNMENT((#12524));
#12526=STYLED_ITEM('',(#12525),#12523);
#12527=DIRECTION('',(0.E0,1.E0,0.E0));
#12528=VECTOR('',#12527,1.E-1);
#12529=CARTESIAN_POINT('',(-1.75E0,1.E-1,-6.25E-1));
#12530=LINE('',#12529,#12528);
#12531=CURVE_STYLE('',#33,POSITIVE_LENGTH_MEASURE(2.E-2),#18);
#12532=PRESENTATION_STYLE_ASSIGNMENT((#12531));
#12533=STYLED_ITEM('',(#12532),#12530);
#12534=DIRECTION('',(1.E0,0.E0,0.E0));
#12535=VECTOR('',#12534,2.75E-1);
#12536=CARTESIAN_POINT('',(-1.75E0,2.E-1,-8.75E-1));
#12537=LINE('',#12536,#12535);
#12538=CURVE_STYLE('',#33,POSITIVE_LENGTH_MEASURE(2.E-2),#18);
#12539=PRESENTATION_STYLE_ASSIGNMENT((#12538));
#12540=STYLED_ITEM('',(#12539),#12537);
#12541=CARTESIAN_POINT('',(-1.475E0,2.E-1,-7.5E-1));
#12542=DIRECTION('',(0.E0,-1.E0,0.E0));
#12543=DIRECTION('',(0.E0,0.E0,-1.E0));
#12544=AXIS2_PLACEMENT_3D('',#12541,#12542,#12543);
#12546=CURVE_STYLE('',#33,POSITIVE_LENGTH_MEASURE(2.E-2),#18);
#12547=PRESENTATION_STYLE_ASSIGNMENT((#12546));
#12548=STYLED_ITEM('',(#12547),#12545);
#12549=DIRECTION('',(-1.E0,0.E0,0.E0));
#12550=VECTOR('',#12549,2.75E-1);
#12551=CARTESIAN_POINT('',(-1.475E0,2.E-1,-6.25E-1));
#12552=LINE('',#12551,#12550);
#12553=CURVE_STYLE('',#33,POSITIVE_LENGTH_MEASURE(2.E-2),#18);
#12554=PRESENTATION_STYLE_ASSIGNMENT((#12553));
#12555=STYLED_ITEM('',(#12554),#12552);
#12556=DIRECTION('',(0.E0,0.E0,-1.E0));
#12557=VECTOR('',#12556,2.5E-1);
#12558=CARTESIAN_POINT('',(-1.75E0,2.E-1,-6.25E-1));
#12559=LINE('',#12558,#12557);
#12560=CURVE_STYLE('',#33,POSITIVE_LENGTH_MEASURE(2.E-2),#18);
#12561=PRESENTATION_STYLE_ASSIGNMENT((#12560));
#12562=STYLED_ITEM('',(#12561),#12559);
#12563=CARTESIAN_POINT('',(-1.475E0,0.E0,-8.75E-1));
#12564=CARTESIAN_POINT('',(-1.475E0,0.E0,-6.25E-1));
#12565=VERTEX_POINT('',#12563);
#12566=VERTEX_POINT('',#12564);
#12567=CARTESIAN_POINT('',(-1.75E0,2.E-1,-8.75E-1));
#12568=CARTESIAN_POINT('',(-1.475E0,2.E-1,-8.75E-1));
#12569=VERTEX_POINT('',#12567);
#12570=VERTEX_POINT('',#12568);
#12571=CARTESIAN_POINT('',(-1.475E0,2.E-1,-6.25E-1));
#12572=VERTEX_POINT('',#12571);
#12573=CARTESIAN_POINT('',(-1.75E0,2.E-1,-6.25E-1));
#12574=VERTEX_POINT('',#12573);
#12575=CARTESIAN_POINT('',(-1.7E0,1.E-1,-6.25E-1));
#12576=CARTESIAN_POINT('',(-1.7E0,1.E-1,-8.75E-1));
#12577=VERTEX_POINT('',#12575);
#12578=VERTEX_POINT('',#12576);
#12579=CARTESIAN_POINT('',(-1.7E0,0.E0,-6.25E-1));
#12580=CARTESIAN_POINT('',(-1.7E0,0.E0,-8.75E-1));
#12581=VERTEX_POINT('',#12579);
#12582=VERTEX_POINT('',#12580);
#12583=CARTESIAN_POINT('',(-1.75E0,1.E-1,-8.75E-1));
#12584=VERTEX_POINT('',#12583);
#12585=CARTESIAN_POINT('',(-1.75E0,1.E-1,-6.25E-1));
#12586=VERTEX_POINT('',#12585);
#12587=CARTESIAN_POINT('',(0.E0,0.E0,0.E0));
#12588=DIRECTION('',(0.E0,-1.E0,0.E0));
#12589=DIRECTION('',(-1.E0,0.E0,0.E0));
#12590=AXIS2_PLACEMENT_3D('',#12587,#12588,#12589);
#12591=PLANE('',#12590);
#12593=ORIENTED_EDGE('',*,*,#12592,.F.);
#12595=ORIENTED_EDGE('',*,*,#12594,.F.);
#12597=ORIENTED_EDGE('',*,*,#12596,.F.);
#12599=ORIENTED_EDGE('',*,*,#12598,.F.);
#12600=EDGE_LOOP('',(#12593,#12595,#12597,#12599));
#12601=FACE_OUTER_BOUND('',#12600,.F.);
#12603=FILL_AREA_STYLE_COLOUR('',#22);
#12604=FILL_AREA_STYLE('',(#12603));
#12605=SURFACE_STYLE_FILL_AREA(#12604);
#12606=SURFACE_SIDE_STYLE('',(#12605));
#12607=SURFACE_STYLE_USAGE(.POSITIVE.,#12606);
#12608=PRESENTATION_STYLE_ASSIGNMENT((#12607));
#12609=OVER_RIDING_STYLED_ITEM('',(#12608),#12602,#12434);
#12610=CARTESIAN_POINT('',(-1.7E0,1.E-1,2.25E0));
#12611=DIRECTION('',(1.E0,0.E0,0.E0));
#12612=DIRECTION('',(0.E0,-1.E0,0.E0));
#12613=AXIS2_PLACEMENT_3D('',#12610,#12611,#12612);
#12614=PLANE('',#12613);
#12616=ORIENTED_EDGE('',*,*,#12615,.F.);
#12618=ORIENTED_EDGE('',*,*,#12617,.F.);
#12619=ORIENTED_EDGE('',*,*,#12592,.T.);
#12621=ORIENTED_EDGE('',*,*,#12620,.T.);
#12622=EDGE_LOOP('',(#12616,#12618,#12619,#12621));
#12623=FACE_OUTER_BOUND('',#12622,.F.);
#12625=CARTESIAN_POINT('',(-1.75E0,1.E-1,-2.25E0));
#12626=DIRECTION('',(0.E0,1.E0,0.E0));
#12627=DIRECTION('',(0.E0,0.E0,1.E0));
#12628=AXIS2_PLACEMENT_3D('',#12625,#12626,#12627);
#12629=PLANE('',#12628);
#12630=ORIENTED_EDGE('',*,*,#12615,.T.);
#12632=ORIENTED_EDGE('',*,*,#12631,.F.);
#12634=ORIENTED_EDGE('',*,*,#12633,.F.);
#12636=ORIENTED_EDGE('',*,*,#12635,.F.);
#12637=EDGE_LOOP('',(#12630,#12632,#12634,#12636));
#12638=FACE_OUTER_BOUND('',#12637,.F.);
#12640=CARTESIAN_POINT('',(-1.75E0,0.E0,-8.75E-1));
#12641=DIRECTION('',(0.E0,0.E0,1.E0));
#12642=DIRECTION('',(1.E0,0.E0,0.E0));
#12643=AXIS2_PLACEMENT_3D('',#12640,#12641,#12642);
#12644=PLANE('',#12643);
#12645=ORIENTED_EDGE('',*,*,#12631,.T.);
#12646=ORIENTED_EDGE('',*,*,#12620,.F.);
#12647=ORIENTED_EDGE('',*,*,#12598,.T.);
#12649=ORIENTED_EDGE('',*,*,#12648,.T.);
#12651=ORIENTED_EDGE('',*,*,#12650,.F.);
#12653=ORIENTED_EDGE('',*,*,#12652,.F.);
#12654=EDGE_LOOP('',(#12645,#12646,#12647,#12649,#12651,#12653));
#12655=FACE_OUTER_BOUND('',#12654,.F.);
#12657=CARTESIAN_POINT('',(-1.475E0,0.E0,-7.5E-1));
#12658=DIRECTION('',(0.E0,-1.E0,0.E0));
#12659=DIRECTION('',(-1.E0,0.E0,0.E0));
#12660=AXIS2_PLACEMENT_3D('',#12657,#12658,#12659);
#12661=CYLINDRICAL_SURFACE('',#12660,1.25E-1);
#12662=ORIENTED_EDGE('',*,*,#12596,.T.);
#12664=ORIENTED_EDGE('',*,*,#12663,.T.);
#12666=ORIENTED_EDGE('',*,*,#12665,.F.);
#12667=ORIENTED_EDGE('',*,*,#12648,.F.);
#12668=EDGE_LOOP('',(#12662,#12664,#12666,#12667));
#12669=FACE_OUTER_BOUND('',#12668,.F.);
#12671=CARTESIAN_POINT('',(-1.475E0,0.E0,-6.25E-1));
#12672=DIRECTION('',(0.E0,0.E0,-1.E0));
#12673=DIRECTION('',(-1.E0,0.E0,0.E0));
#12674=AXIS2_PLACEMENT_3D('',#12671,#12672,#12673);
#12675=PLANE('',#12674);
#12676=ORIENTED_EDGE('',*,*,#12635,.T.);
#12678=ORIENTED_EDGE('',*,*,#12677,.T.);
#12680=ORIENTED_EDGE('',*,*,#12679,.F.);
#12681=ORIENTED_EDGE('',*,*,#12663,.F.);
#12682=ORIENTED_EDGE('',*,*,#12594,.T.);
#12683=ORIENTED_EDGE('',*,*,#12617,.T.);
#12684=EDGE_LOOP('',(#12676,#12678,#12680,#12681,#12682,#12683));
#12685=FACE_OUTER_BOUND('',#12684,.F.);
#12687=CARTESIAN_POINT('',(-1.75E0,0.E0,-6.25E-1));
#12688=DIRECTION('',(1.E0,0.E0,0.E0));
#12689=DIRECTION('',(0.E0,0.E0,-1.E0));
#12690=AXIS2_PLACEMENT_3D('',#12687,#12688,#12689);
#12691=PLANE('',#12690);
#12692=ORIENTED_EDGE('',*,*,#12633,.T.);
#12693=ORIENTED_EDGE('',*,*,#12652,.T.);
#12695=ORIENTED_EDGE('',*,*,#12694,.F.);
#12696=ORIENTED_EDGE('',*,*,#12677,.F.);
#12697=EDGE_LOOP('',(#12692,#12693,#12695,#12696));
#12698=FACE_OUTER_BOUND('',#12697,.F.);
#12700=CARTESIAN_POINT('',(0.E0,2.E-1,0.E0));
#12701=DIRECTION('',(0.E0,-1.E0,0.E0));
#12702=DIRECTION('',(-1.E0,0.E0,0.E0));
#12703=AXIS2_PLACEMENT_3D('',#12700,#12701,#12702);
#12704=PLANE('',#12703);
#12705=ORIENTED_EDGE('',*,*,#12650,.T.);
#12706=ORIENTED_EDGE('',*,*,#12665,.T.);
#12707=ORIENTED_EDGE('',*,*,#12679,.T.);
#12708=ORIENTED_EDGE('',*,*,#12694,.T.);
#12709=EDGE_LOOP('',(#12705,#12706,#12707,#12708));
#12710=FACE_OUTER_BOUND('',#12709,.F.);
#12712=CLOSED_SHELL('',(#12602,#12624,#12639,#12656,#12670,#12686,#12699,
#12711));
#12713=MANIFOLD_SOLID_BREP('',#12712);
#12714=FILL_AREA_STYLE_COLOUR('',#18);
#12715=FILL_AREA_STYLE('',(#12714));
#12716=SURFACE_STYLE_FILL_AREA(#12715);
#12717=SURFACE_SIDE_STYLE('',(#12716));
#12718=SURFACE_STYLE_USAGE(.POSITIVE.,#12717);
#12719=PRESENTATION_STYLE_ASSIGNMENT((#12718));
#12434=STYLED_ITEM('',(#12719),#12713);
#12721=DIRECTION('',(0.E0,0.E0,-1.E0));
#12722=VECTOR('',#12721,2.5E-1);
#12723=CARTESIAN_POINT('',(-1.7E0,0.E0,-1.125E0));
#12724=LINE('',#12723,#12722);
#12725=CURVE_STYLE('',#33,POSITIVE_LENGTH_MEASURE(2.E-2),#18);
#12726=PRESENTATION_STYLE_ASSIGNMENT((#12725));
#12727=STYLED_ITEM('',(#12726),#12724);
#12728=DIRECTION('',(-1.E0,0.E0,0.E0));
#12729=VECTOR('',#12728,2.25E-1);
#12730=CARTESIAN_POINT('',(-1.475E0,0.E0,-1.125E0));
#12731=LINE('',#12730,#12729);
#12732=CURVE_STYLE('',#33,POSITIVE_LENGTH_MEASURE(2.E-2),#18);
#12733=PRESENTATION_STYLE_ASSIGNMENT((#12732));
#12734=STYLED_ITEM('',(#12733),#12731);
#12735=CARTESIAN_POINT('',(-1.475E0,0.E0,-1.25E0));
#12736=DIRECTION('',(0.E0,-1.E0,0.E0));
#12737=DIRECTION('',(0.E0,0.E0,-1.E0));
#12738=AXIS2_PLACEMENT_3D('',#12735,#12736,#12737);
#12740=CURVE_STYLE('',#33,POSITIVE_LENGTH_MEASURE(2.E-2),#18);
#12741=PRESENTATION_STYLE_ASSIGNMENT((#12740));
#12742=STYLED_ITEM('',(#12741),#12739);
#12743=DIRECTION('',(1.E0,0.E0,0.E0));
#12744=VECTOR('',#12743,2.25E-1);
#12745=CARTESIAN_POINT('',(-1.7E0,0.E0,-1.375E0));
#12746=LINE('',#12745,#12744);
#12747=CURVE_STYLE('',#33,POSITIVE_LENGTH_MEASURE(2.E-2),#18);
#12748=PRESENTATION_STYLE_ASSIGNMENT((#12747));
#12749=STYLED_ITEM('',(#12748),#12746);
#12750=DIRECTION('',(0.E0,0.E0,-1.E0));
#12751=VECTOR('',#12750,2.5E-1);
#12752=CARTESIAN_POINT('',(-1.7E0,1.E-1,-1.125E0));
#12753=LINE('',#12752,#12751);
#12754=CURVE_STYLE('',#33,POSITIVE_LENGTH_MEASURE(2.E-2),#18);
#12755=PRESENTATION_STYLE_ASSIGNMENT((#12754));
#12756=STYLED_ITEM('',(#12755),#12753);
#12757=DIRECTION('',(1.E0,0.E0,0.E0));
#12758=VECTOR('',#12757,5.E-2);
#12759=CARTESIAN_POINT('',(-1.75E0,1.E-1,-1.375E0));
#12760=LINE('',#12759,#12758);
#12761=CURVE_STYLE('',#33,POSITIVE_LENGTH_MEASURE(2.E-2),#18);
#12762=PRESENTATION_STYLE_ASSIGNMENT((#12761));
#12763=STYLED_ITEM('',(#12762),#12760);
#12764=DIRECTION('',(0.E0,1.E0,0.E0));
#12765=VECTOR('',#12764,1.E-1);
#12766=CARTESIAN_POINT('',(-1.7E0,0.E0,-1.375E0));
#12767=LINE('',#12766,#12765);
#12768=CURVE_STYLE('',#33,POSITIVE_LENGTH_MEASURE(2.E-2),#18);
#12769=PRESENTATION_STYLE_ASSIGNMENT((#12768));
#12770=STYLED_ITEM('',(#12769),#12767);
#12771=DIRECTION('',(0.E0,1.E0,0.E0));
#12772=VECTOR('',#12771,1.E-1);
#12773=CARTESIAN_POINT('',(-1.75E0,1.E-1,-1.375E0));
#12774=LINE('',#12773,#12772);
#12775=CURVE_STYLE('',#33,POSITIVE_LENGTH_MEASURE(2.E-2),#18);
#12776=PRESENTATION_STYLE_ASSIGNMENT((#12775));
#12777=STYLED_ITEM('',(#12776),#12774);
#12778=DIRECTION('',(0.E0,1.E0,0.E0));
#12779=VECTOR('',#12778,2.E-1);
#12780=CARTESIAN_POINT('',(-1.475E0,0.E0,-1.375E0));
#12781=LINE('',#12780,#12779);
#12782=CURVE_STYLE('',#33,POSITIVE_LENGTH_MEASURE(2.E-2),#18);
#12783=PRESENTATION_STYLE_ASSIGNMENT((#12782));
#12784=STYLED_ITEM('',(#12783),#12781);
#12785=DIRECTION('',(-1.E0,0.E0,0.E0));
#12786=VECTOR('',#12785,5.E-2);
#12787=CARTESIAN_POINT('',(-1.7E0,1.E-1,-1.125E0));
#12788=LINE('',#12787,#12786);
#12789=CURVE_STYLE('',#33,POSITIVE_LENGTH_MEASURE(2.E-2),#18);
#12790=PRESENTATION_STYLE_ASSIGNMENT((#12789));
#12791=STYLED_ITEM('',(#12790),#12788);
#12792=DIRECTION('',(0.E0,1.E0,0.E0));
#12793=VECTOR('',#12792,2.E-1);
#12794=CARTESIAN_POINT('',(-1.475E0,0.E0,-1.125E0));
#12795=LINE('',#12794,#12793);
#12796=CURVE_STYLE('',#33,POSITIVE_LENGTH_MEASURE(2.E-2),#18);
#12797=PRESENTATION_STYLE_ASSIGNMENT((#12796));
#12798=STYLED_ITEM('',(#12797),#12795);
#12799=DIRECTION('',(0.E0,1.E0,0.E0));
#12800=VECTOR('',#12799,1.E-1);
#12801=CARTESIAN_POINT('',(-1.7E0,0.E0,-1.125E0));
#12802=LINE('',#12801,#12800);
#12803=CURVE_STYLE('',#33,POSITIVE_LENGTH_MEASURE(2.E-2),#18);
#12804=PRESENTATION_STYLE_ASSIGNMENT((#12803));
#12805=STYLED_ITEM('',(#12804),#12802);
#12806=DIRECTION('',(0.E0,0.E0,-1.E0));
#12807=VECTOR('',#12806,2.5E-1);
#12808=CARTESIAN_POINT('',(-1.75E0,1.E-1,-1.125E0));
#12809=LINE('',#12808,#12807);
#12810=CURVE_STYLE('',#33,POSITIVE_LENGTH_MEASURE(2.E-2),#18);
#12811=PRESENTATION_STYLE_ASSIGNMENT((#12810));
#12812=STYLED_ITEM('',(#12811),#12809);
#12813=DIRECTION('',(0.E0,1.E0,0.E0));
#12814=VECTOR('',#12813,1.E-1);
#12815=CARTESIAN_POINT('',(-1.75E0,1.E-1,-1.125E0));
#12816=LINE('',#12815,#12814);
#12817=CURVE_STYLE('',#33,POSITIVE_LENGTH_MEASURE(2.E-2),#18);
#12818=PRESENTATION_STYLE_ASSIGNMENT((#12817));
#12819=STYLED_ITEM('',(#12818),#12816);
#12820=DIRECTION('',(1.E0,0.E0,0.E0));
#12821=VECTOR('',#12820,2.75E-1);
#12822=CARTESIAN_POINT('',(-1.75E0,2.E-1,-1.375E0));
#12823=LINE('',#12822,#12821);
#12824=CURVE_STYLE('',#33,POSITIVE_LENGTH_MEASURE(2.E-2),#18);
#12825=PRESENTATION_STYLE_ASSIGNMENT((#12824));
#12826=STYLED_ITEM('',(#12825),#12823);
#12827=CARTESIAN_POINT('',(-1.475E0,2.E-1,-1.25E0));
#12828=DIRECTION('',(0.E0,-1.E0,0.E0));
#12829=DIRECTION('',(0.E0,0.E0,-1.E0));
#12830=AXIS2_PLACEMENT_3D('',#12827,#12828,#12829);
#12832=CURVE_STYLE('',#33,POSITIVE_LENGTH_MEASURE(2.E-2),#18);
#12833=PRESENTATION_STYLE_ASSIGNMENT((#12832));
#12834=STYLED_ITEM('',(#12833),#12831);
#12835=DIRECTION('',(-1.E0,0.E0,0.E0));
#12836=VECTOR('',#12835,2.75E-1);
#12837=CARTESIAN_POINT('',(-1.475E0,2.E-1,-1.125E0));
#12838=LINE('',#12837,#12836);
#12839=CURVE_STYLE('',#33,POSITIVE_LENGTH_MEASURE(2.E-2),#18);
#12840=PRESENTATION_STYLE_ASSIGNMENT((#12839));
#12841=STYLED_ITEM('',(#12840),#12838);
#12842=DIRECTION('',(0.E0,0.E0,-1.E0));
#12843=VECTOR('',#12842,2.5E-1);
#12844=CARTESIAN_POINT('',(-1.75E0,2.E-1,-1.125E0));
#12845=LINE('',#12844,#12843);
#12846=CURVE_STYLE('',#33,POSITIVE_LENGTH_MEASURE(2.E-2),#18);
#12847=PRESENTATION_STYLE_ASSIGNMENT((#12846));
#12848=STYLED_ITEM('',(#12847),#12845);
#12849=CARTESIAN_POINT('',(-1.475E0,0.E0,-1.375E0));
#12850=CARTESIAN_POINT('',(-1.475E0,0.E0,-1.125E0));
#12851=VERTEX_POINT('',#12849);
#12852=VERTEX_POINT('',#12850);
#12853=CARTESIAN_POINT('',(-1.75E0,2.E-1,-1.375E0));
#12854=CARTESIAN_POINT('',(-1.475E0,2.E-1,-1.375E0));
#12855=VERTEX_POINT('',#12853);
#12856=VERTEX_POINT('',#12854);
#12857=CARTESIAN_POINT('',(-1.475E0,2.E-1,-1.125E0));
#12858=VERTEX_POINT('',#12857);
#12859=CARTESIAN_POINT('',(-1.75E0,2.E-1,-1.125E0));
#12860=VERTEX_POINT('',#12859);
#12861=CARTESIAN_POINT('',(-1.7E0,1.E-1,-1.125E0));
#12862=CARTESIAN_POINT('',(-1.7E0,1.E-1,-1.375E0));
#12863=VERTEX_POINT('',#12861);
#12864=VERTEX_POINT('',#12862);
#12865=CARTESIAN_POINT('',(-1.7E0,0.E0,-1.125E0));
#12866=CARTESIAN_POINT('',(-1.7E0,0.E0,-1.375E0));
#12867=VERTEX_POINT('',#12865);
#12868=VERTEX_POINT('',#12866);
#12869=CARTESIAN_POINT('',(-1.75E0,1.E-1,-1.375E0));
#12870=VERTEX_POINT('',#12869);
#12871=CARTESIAN_POINT('',(-1.75E0,1.E-1,-1.125E0));
#12872=VERTEX_POINT('',#12871);
#12873=CARTESIAN_POINT('',(0.E0,0.E0,0.E0));
#12874=DIRECTION('',(0.E0,-1.E0,0.E0));
#12875=DIRECTION('',(-1.E0,0.E0,0.E0));
#12876=AXIS2_PLACEMENT_3D('',#12873,#12874,#12875);
#12877=PLANE('',#12876);
#12879=ORIENTED_EDGE('',*,*,#12878,.F.);
#12881=ORIENTED_EDGE('',*,*,#12880,.F.);
#12883=ORIENTED_EDGE('',*,*,#12882,.F.);
#12885=ORIENTED_EDGE('',*,*,#12884,.F.);
#12886=EDGE_LOOP('',(#12879,#12881,#12883,#12885));
#12887=FACE_OUTER_BOUND('',#12886,.F.);
#12889=FILL_AREA_STYLE_COLOUR('',#22);
#12890=FILL_AREA_STYLE('',(#12889));
#12891=SURFACE_STYLE_FILL_AREA(#12890);
#12892=SURFACE_SIDE_STYLE('',(#12891));
#12893=SURFACE_STYLE_USAGE(.POSITIVE.,#12892);
#12894=PRESENTATION_STYLE_ASSIGNMENT((#12893));
#12895=OVER_RIDING_STYLED_ITEM('',(#12894),#12888,#12720);
#12896=CARTESIAN_POINT('',(-1.7E0,1.E-1,2.25E0));
#12897=DIRECTION('',(1.E0,0.E0,0.E0));
#12898=DIRECTION('',(0.E0,-1.E0,0.E0));
#12899=AXIS2_PLACEMENT_3D('',#12896,#12897,#12898);
#12900=PLANE('',#12899);
#12902=ORIENTED_EDGE('',*,*,#12901,.F.);
#12904=ORIENTED_EDGE('',*,*,#12903,.F.);
#12905=ORIENTED_EDGE('',*,*,#12878,.T.);
#12907=ORIENTED_EDGE('',*,*,#12906,.T.);
#12908=EDGE_LOOP('',(#12902,#12904,#12905,#12907));
#12909=FACE_OUTER_BOUND('',#12908,.F.);
#12911=CARTESIAN_POINT('',(-1.75E0,1.E-1,-2.25E0));
#12912=DIRECTION('',(0.E0,1.E0,0.E0));
#12913=DIRECTION('',(0.E0,0.E0,1.E0));
#12914=AXIS2_PLACEMENT_3D('',#12911,#12912,#12913);
#12915=PLANE('',#12914);
#12916=ORIENTED_EDGE('',*,*,#12901,.T.);
#12918=ORIENTED_EDGE('',*,*,#12917,.F.);
#12920=ORIENTED_EDGE('',*,*,#12919,.F.);
#12922=ORIENTED_EDGE('',*,*,#12921,.F.);
#12923=EDGE_LOOP('',(#12916,#12918,#12920,#12922));
#12924=FACE_OUTER_BOUND('',#12923,.F.);
#12926=CARTESIAN_POINT('',(-1.75E0,0.E0,-1.375E0));
#12927=DIRECTION('',(0.E0,0.E0,1.E0));
#12928=DIRECTION('',(1.E0,0.E0,0.E0));
#12929=AXIS2_PLACEMENT_3D('',#12926,#12927,#12928);
#12930=PLANE('',#12929);
#12931=ORIENTED_EDGE('',*,*,#12917,.T.);
#12932=ORIENTED_EDGE('',*,*,#12906,.F.);
#12933=ORIENTED_EDGE('',*,*,#12884,.T.);
#12935=ORIENTED_EDGE('',*,*,#12934,.T.);
#12937=ORIENTED_EDGE('',*,*,#12936,.F.);
#12939=ORIENTED_EDGE('',*,*,#12938,.F.);
#12940=EDGE_LOOP('',(#12931,#12932,#12933,#12935,#12937,#12939));
#12941=FACE_OUTER_BOUND('',#12940,.F.);
#12943=CARTESIAN_POINT('',(-1.475E0,0.E0,-1.25E0));
#12944=DIRECTION('',(0.E0,-1.E0,0.E0));
#12945=DIRECTION('',(-1.E0,0.E0,0.E0));
#12946=AXIS2_PLACEMENT_3D('',#12943,#12944,#12945);
#12947=CYLINDRICAL_SURFACE('',#12946,1.25E-1);
#12948=ORIENTED_EDGE('',*,*,#12882,.T.);
#12950=ORIENTED_EDGE('',*,*,#12949,.T.);
#12952=ORIENTED_EDGE('',*,*,#12951,.F.);
#12953=ORIENTED_EDGE('',*,*,#12934,.F.);
#12954=EDGE_LOOP('',(#12948,#12950,#12952,#12953));
#12955=FACE_OUTER_BOUND('',#12954,.F.);
#12957=CARTESIAN_POINT('',(-1.475E0,0.E0,-1.125E0));
#12958=DIRECTION('',(0.E0,0.E0,-1.E0));
#12959=DIRECTION('',(-1.E0,0.E0,0.E0));
#12960=AXIS2_PLACEMENT_3D('',#12957,#12958,#12959);
#12961=PLANE('',#12960);
#12962=ORIENTED_EDGE('',*,*,#12921,.T.);
#12964=ORIENTED_EDGE('',*,*,#12963,.T.);
#12966=ORIENTED_EDGE('',*,*,#12965,.F.);
#12967=ORIENTED_EDGE('',*,*,#12949,.F.);
#12968=ORIENTED_EDGE('',*,*,#12880,.T.);
#12969=ORIENTED_EDGE('',*,*,#12903,.T.);
#12970=EDGE_LOOP('',(#12962,#12964,#12966,#12967,#12968,#12969));
#12971=FACE_OUTER_BOUND('',#12970,.F.);
#12973=CARTESIAN_POINT('',(-1.75E0,0.E0,-1.125E0));
#12974=DIRECTION('',(1.E0,0.E0,0.E0));
#12975=DIRECTION('',(0.E0,0.E0,-1.E0));
#12976=AXIS2_PLACEMENT_3D('',#12973,#12974,#12975);
#12977=PLANE('',#12976);
#12978=ORIENTED_EDGE('',*,*,#12919,.T.);
#12979=ORIENTED_EDGE('',*,*,#12938,.T.);
#12981=ORIENTED_EDGE('',*,*,#12980,.F.);
#12982=ORIENTED_EDGE('',*,*,#12963,.F.);
#12983=EDGE_LOOP('',(#12978,#12979,#12981,#12982));
#12984=FACE_OUTER_BOUND('',#12983,.F.);
#12986=CARTESIAN_POINT('',(0.E0,2.E-1,0.E0));
#12987=DIRECTION('',(0.E0,-1.E0,0.E0));
#12988=DIRECTION('',(-1.E0,0.E0,0.E0));
#12989=AXIS2_PLACEMENT_3D('',#12986,#12987,#12988);
#12990=PLANE('',#12989);
#12991=ORIENTED_EDGE('',*,*,#12936,.T.);
#12992=ORIENTED_EDGE('',*,*,#12951,.T.);
#12993=ORIENTED_EDGE('',*,*,#12965,.T.);
#12994=ORIENTED_EDGE('',*,*,#12980,.T.);
#12995=EDGE_LOOP('',(#12991,#12992,#12993,#12994));
#12996=FACE_OUTER_BOUND('',#12995,.F.);
#12998=CLOSED_SHELL('',(#12888,#12910,#12925,#12942,#12956,#12972,#12985,
#12997));
#12999=MANIFOLD_SOLID_BREP('',#12998);
#13000=FILL_AREA_STYLE_COLOUR('',#18);
#13001=FILL_AREA_STYLE('',(#13000));
#13002=SURFACE_STYLE_FILL_AREA(#13001);
#13003=SURFACE_SIDE_STYLE('',(#13002));
#13004=SURFACE_STYLE_USAGE(.POSITIVE.,#13003);
#13005=PRESENTATION_STYLE_ASSIGNMENT((#13004));
#12720=STYLED_ITEM('',(#13005),#12999);
#13007=DIRECTION('',(0.E0,0.E0,-1.E0));
#13008=VECTOR('',#13007,2.5E-1);
#13009=CARTESIAN_POINT('',(-1.7E0,0.E0,-1.625E0));
#13010=LINE('',#13009,#13008);
#13011=CURVE_STYLE('',#33,POSITIVE_LENGTH_MEASURE(2.E-2),#18);
#13012=PRESENTATION_STYLE_ASSIGNMENT((#13011));
#13013=STYLED_ITEM('',(#13012),#13010);
#13014=DIRECTION('',(-1.E0,0.E0,0.E0));
#13015=VECTOR('',#13014,2.25E-1);
#13016=CARTESIAN_POINT('',(-1.475E0,0.E0,-1.625E0));
#13017=LINE('',#13016,#13015);
#13018=CURVE_STYLE('',#33,POSITIVE_LENGTH_MEASURE(2.E-2),#18);
#13019=PRESENTATION_STYLE_ASSIGNMENT((#13018));
#13020=STYLED_ITEM('',(#13019),#13017);
#13021=CARTESIAN_POINT('',(-1.475E0,0.E0,-1.75E0));
#13022=DIRECTION('',(0.E0,-1.E0,0.E0));
#13023=DIRECTION('',(0.E0,0.E0,-1.E0));
#13024=AXIS2_PLACEMENT_3D('',#13021,#13022,#13023);
#13026=CURVE_STYLE('',#33,POSITIVE_LENGTH_MEASURE(2.E-2),#18);
#13027=PRESENTATION_STYLE_ASSIGNMENT((#13026));
#13028=STYLED_ITEM('',(#13027),#13025);
#13029=DIRECTION('',(1.E0,0.E0,0.E0));
#13030=VECTOR('',#13029,2.25E-1);
#13031=CARTESIAN_POINT('',(-1.7E0,0.E0,-1.875E0));
#13032=LINE('',#13031,#13030);
#13033=CURVE_STYLE('',#33,POSITIVE_LENGTH_MEASURE(2.E-2),#18);
#13034=PRESENTATION_STYLE_ASSIGNMENT((#13033));
#13035=STYLED_ITEM('',(#13034),#13032);
#13036=DIRECTION('',(0.E0,0.E0,-1.E0));
#13037=VECTOR('',#13036,2.5E-1);
#13038=CARTESIAN_POINT('',(-1.7E0,1.E-1,-1.625E0));
#13039=LINE('',#13038,#13037);
#13040=CURVE_STYLE('',#33,POSITIVE_LENGTH_MEASURE(2.E-2),#18);
#13041=PRESENTATION_STYLE_ASSIGNMENT((#13040));
#13042=STYLED_ITEM('',(#13041),#13039);
#13043=DIRECTION('',(1.E0,0.E0,0.E0));
#13044=VECTOR('',#13043,5.E-2);
#13045=CARTESIAN_POINT('',(-1.75E0,1.E-1,-1.875E0));
#13046=LINE('',#13045,#13044);
#13047=CURVE_STYLE('',#33,POSITIVE_LENGTH_MEASURE(2.E-2),#18);
#13048=PRESENTATION_STYLE_ASSIGNMENT((#13047));
#13049=STYLED_ITEM('',(#13048),#13046);
#13050=DIRECTION('',(0.E0,1.E0,0.E0));
#13051=VECTOR('',#13050,1.E-1);
#13052=CARTESIAN_POINT('',(-1.7E0,0.E0,-1.875E0));
#13053=LINE('',#13052,#13051);
#13054=CURVE_STYLE('',#33,POSITIVE_LENGTH_MEASURE(2.E-2),#18);
#13055=PRESENTATION_STYLE_ASSIGNMENT((#13054));
#13056=STYLED_ITEM('',(#13055),#13053);
#13057=DIRECTION('',(0.E0,1.E0,0.E0));
#13058=VECTOR('',#13057,1.E-1);
#13059=CARTESIAN_POINT('',(-1.75E0,1.E-1,-1.875E0));
#13060=LINE('',#13059,#13058);
#13061=CURVE_STYLE('',#33,POSITIVE_LENGTH_MEASURE(2.E-2),#18);
#13062=PRESENTATION_STYLE_ASSIGNMENT((#13061));
#13063=STYLED_ITEM('',(#13062),#13060);
#13064=DIRECTION('',(0.E0,1.E0,0.E0));
#13065=VECTOR('',#13064,2.E-1);
#13066=CARTESIAN_POINT('',(-1.475E0,0.E0,-1.875E0));
#13067=LINE('',#13066,#13065);
#13068=CURVE_STYLE('',#33,POSITIVE_LENGTH_MEASURE(2.E-2),#18);
#13069=PRESENTATION_STYLE_ASSIGNMENT((#13068));
#13070=STYLED_ITEM('',(#13069),#13067);
#13071=DIRECTION('',(-1.E0,0.E0,0.E0));
#13072=VECTOR('',#13071,5.E-2);
#13073=CARTESIAN_POINT('',(-1.7E0,1.E-1,-1.625E0));
#13074=LINE('',#13073,#13072);
#13075=CURVE_STYLE('',#33,POSITIVE_LENGTH_MEASURE(2.E-2),#18);
#13076=PRESENTATION_STYLE_ASSIGNMENT((#13075));
#13077=STYLED_ITEM('',(#13076),#13074);
#13078=DIRECTION('',(0.E0,1.E0,0.E0));
#13079=VECTOR('',#13078,2.E-1);
#13080=CARTESIAN_POINT('',(-1.475E0,0.E0,-1.625E0));
#13081=LINE('',#13080,#13079);
#13082=CURVE_STYLE('',#33,POSITIVE_LENGTH_MEASURE(2.E-2),#18);
#13083=PRESENTATION_STYLE_ASSIGNMENT((#13082));
#13084=STYLED_ITEM('',(#13083),#13081);
#13085=DIRECTION('',(0.E0,1.E0,0.E0));
#13086=VECTOR('',#13085,1.E-1);
#13087=CARTESIAN_POINT('',(-1.7E0,0.E0,-1.625E0));
#13088=LINE('',#13087,#13086);
#13089=CURVE_STYLE('',#33,POSITIVE_LENGTH_MEASURE(2.E-2),#18);
#13090=PRESENTATION_STYLE_ASSIGNMENT((#13089));
#13091=STYLED_ITEM('',(#13090),#13088);
#13092=DIRECTION('',(0.E0,0.E0,-1.E0));
#13093=VECTOR('',#13092,2.5E-1);
#13094=CARTESIAN_POINT('',(-1.75E0,1.E-1,-1.625E0));
#13095=LINE('',#13094,#13093);
#13096=CURVE_STYLE('',#33,POSITIVE_LENGTH_MEASURE(2.E-2),#18);
#13097=PRESENTATION_STYLE_ASSIGNMENT((#13096));
#13098=STYLED_ITEM('',(#13097),#13095);
#13099=DIRECTION('',(0.E0,1.E0,0.E0));
#13100=VECTOR('',#13099,1.E-1);
#13101=CARTESIAN_POINT('',(-1.75E0,1.E-1,-1.625E0));
#13102=LINE('',#13101,#13100);
#13103=CURVE_STYLE('',#33,POSITIVE_LENGTH_MEASURE(2.E-2),#18);
#13104=PRESENTATION_STYLE_ASSIGNMENT((#13103));
#13105=STYLED_ITEM('',(#13104),#13102);
#13106=DIRECTION('',(1.E0,0.E0,0.E0));
#13107=VECTOR('',#13106,2.75E-1);
#13108=CARTESIAN_POINT('',(-1.75E0,2.E-1,-1.875E0));
#13109=LINE('',#13108,#13107);
#13110=CURVE_STYLE('',#33,POSITIVE_LENGTH_MEASURE(2.E-2),#18);
#13111=PRESENTATION_STYLE_ASSIGNMENT((#13110));
#13112=STYLED_ITEM('',(#13111),#13109);
#13113=CARTESIAN_POINT('',(-1.475E0,2.E-1,-1.75E0));
#13114=DIRECTION('',(0.E0,-1.E0,0.E0));
#13115=DIRECTION('',(0.E0,0.E0,-1.E0));
#13116=AXIS2_PLACEMENT_3D('',#13113,#13114,#13115);
#13118=CURVE_STYLE('',#33,POSITIVE_LENGTH_MEASURE(2.E-2),#18);
#13119=PRESENTATION_STYLE_ASSIGNMENT((#13118));
#13120=STYLED_ITEM('',(#13119),#13117);
#13121=DIRECTION('',(-1.E0,0.E0,0.E0));
#13122=VECTOR('',#13121,2.75E-1);
#13123=CARTESIAN_POINT('',(-1.475E0,2.E-1,-1.625E0));
#13124=LINE('',#13123,#13122);
#13125=CURVE_STYLE('',#33,POSITIVE_LENGTH_MEASURE(2.E-2),#18);
#13126=PRESENTATION_STYLE_ASSIGNMENT((#13125));
#13127=STYLED_ITEM('',(#13126),#13124);
#13128=DIRECTION('',(0.E0,0.E0,-1.E0));
#13129=VECTOR('',#13128,2.5E-1);
#13130=CARTESIAN_POINT('',(-1.75E0,2.E-1,-1.625E0));
#13131=LINE('',#13130,#13129);
#13132=CURVE_STYLE('',#33,POSITIVE_LENGTH_MEASURE(2.E-2),#18);
#13133=PRESENTATION_STYLE_ASSIGNMENT((#13132));
#13134=STYLED_ITEM('',(#13133),#13131);
#13135=CARTESIAN_POINT('',(-1.475E0,0.E0,-1.875E0));
#13136=CARTESIAN_POINT('',(-1.475E0,0.E0,-1.625E0));
#13137=VERTEX_POINT('',#13135);
#13138=VERTEX_POINT('',#13136);
#13139=CARTESIAN_POINT('',(-1.75E0,2.E-1,-1.875E0));
#13140=CARTESIAN_POINT('',(-1.475E0,2.E-1,-1.875E0));
#13141=VERTEX_POINT('',#13139);
#13142=VERTEX_POINT('',#13140);
#13143=CARTESIAN_POINT('',(-1.475E0,2.E-1,-1.625E0));
#13144=VERTEX_POINT('',#13143);
#13145=CARTESIAN_POINT('',(-1.75E0,2.E-1,-1.625E0));
#13146=VERTEX_POINT('',#13145);
#13147=CARTESIAN_POINT('',(-1.7E0,1.E-1,-1.625E0));
#13148=CARTESIAN_POINT('',(-1.7E0,1.E-1,-1.875E0));
#13149=VERTEX_POINT('',#13147);
#13150=VERTEX_POINT('',#13148);
#13151=CARTESIAN_POINT('',(-1.7E0,0.E0,-1.625E0));
#13152=CARTESIAN_POINT('',(-1.7E0,0.E0,-1.875E0));
#13153=VERTEX_POINT('',#13151);
#13154=VERTEX_POINT('',#13152);
#13155=CARTESIAN_POINT('',(-1.75E0,1.E-1,-1.875E0));
#13156=VERTEX_POINT('',#13155);
#13157=CARTESIAN_POINT('',(-1.75E0,1.E-1,-1.625E0));
#13158=VERTEX_POINT('',#13157);
#13159=CARTESIAN_POINT('',(0.E0,0.E0,0.E0));
#13160=DIRECTION('',(0.E0,-1.E0,0.E0));
#13161=DIRECTION('',(-1.E0,0.E0,0.E0));
#13162=AXIS2_PLACEMENT_3D('',#13159,#13160,#13161);
#13163=PLANE('',#13162);
#13165=ORIENTED_EDGE('',*,*,#13164,.F.);
#13167=ORIENTED_EDGE('',*,*,#13166,.F.);
#13169=ORIENTED_EDGE('',*,*,#13168,.F.);
#13171=ORIENTED_EDGE('',*,*,#13170,.F.);
#13172=EDGE_LOOP('',(#13165,#13167,#13169,#13171));
#13173=FACE_OUTER_BOUND('',#13172,.F.);
#13175=FILL_AREA_STYLE_COLOUR('',#22);
#13176=FILL_AREA_STYLE('',(#13175));
#13177=SURFACE_STYLE_FILL_AREA(#13176);
#13178=SURFACE_SIDE_STYLE('',(#13177));
#13179=SURFACE_STYLE_USAGE(.POSITIVE.,#13178);
#13180=PRESENTATION_STYLE_ASSIGNMENT((#13179));
#13181=OVER_RIDING_STYLED_ITEM('',(#13180),#13174,#13006);
#13182=CARTESIAN_POINT('',(-1.7E0,1.E-1,2.25E0));
#13183=DIRECTION('',(1.E0,0.E0,0.E0));
#13184=DIRECTION('',(0.E0,-1.E0,0.E0));
#13185=AXIS2_PLACEMENT_3D('',#13182,#13183,#13184);
#13186=PLANE('',#13185);
#13188=ORIENTED_EDGE('',*,*,#13187,.F.);
#13190=ORIENTED_EDGE('',*,*,#13189,.F.);
#13191=ORIENTED_EDGE('',*,*,#13164,.T.);
#13193=ORIENTED_EDGE('',*,*,#13192,.T.);
#13194=EDGE_LOOP('',(#13188,#13190,#13191,#13193));
#13195=FACE_OUTER_BOUND('',#13194,.F.);
#13197=CARTESIAN_POINT('',(-1.75E0,1.E-1,-2.25E0));
#13198=DIRECTION('',(0.E0,1.E0,0.E0));
#13199=DIRECTION('',(0.E0,0.E0,1.E0));
#13200=AXIS2_PLACEMENT_3D('',#13197,#13198,#13199);
#13201=PLANE('',#13200);
#13202=ORIENTED_EDGE('',*,*,#13187,.T.);
#13204=ORIENTED_EDGE('',*,*,#13203,.F.);
#13206=ORIENTED_EDGE('',*,*,#13205,.F.);
#13208=ORIENTED_EDGE('',*,*,#13207,.F.);
#13209=EDGE_LOOP('',(#13202,#13204,#13206,#13208));
#13210=FACE_OUTER_BOUND('',#13209,.F.);
#13212=CARTESIAN_POINT('',(-1.75E0,0.E0,-1.875E0));
#13213=DIRECTION('',(0.E0,0.E0,1.E0));
#13214=DIRECTION('',(1.E0,0.E0,0.E0));
#13215=AXIS2_PLACEMENT_3D('',#13212,#13213,#13214);
#13216=PLANE('',#13215);
#13217=ORIENTED_EDGE('',*,*,#13203,.T.);
#13218=ORIENTED_EDGE('',*,*,#13192,.F.);
#13219=ORIENTED_EDGE('',*,*,#13170,.T.);
#13221=ORIENTED_EDGE('',*,*,#13220,.T.);
#13223=ORIENTED_EDGE('',*,*,#13222,.F.);
#13225=ORIENTED_EDGE('',*,*,#13224,.F.);
#13226=EDGE_LOOP('',(#13217,#13218,#13219,#13221,#13223,#13225));
#13227=FACE_OUTER_BOUND('',#13226,.F.);
#13229=CARTESIAN_POINT('',(-1.475E0,0.E0,-1.75E0));
#13230=DIRECTION('',(0.E0,-1.E0,0.E0));
#13231=DIRECTION('',(-1.E0,0.E0,0.E0));
#13232=AXIS2_PLACEMENT_3D('',#13229,#13230,#13231);
#13233=CYLINDRICAL_SURFACE('',#13232,1.25E-1);
#13234=ORIENTED_EDGE('',*,*,#13168,.T.);
#13236=ORIENTED_EDGE('',*,*,#13235,.T.);
#13238=ORIENTED_EDGE('',*,*,#13237,.F.);
#13239=ORIENTED_EDGE('',*,*,#13220,.F.);
#13240=EDGE_LOOP('',(#13234,#13236,#13238,#13239));
#13241=FACE_OUTER_BOUND('',#13240,.F.);
#13243=CARTESIAN_POINT('',(-1.475E0,0.E0,-1.625E0));
#13244=DIRECTION('',(0.E0,0.E0,-1.E0));
#13245=DIRECTION('',(-1.E0,0.E0,0.E0));
#13246=AXIS2_PLACEMENT_3D('',#13243,#13244,#13245);
#13247=PLANE('',#13246);
#13248=ORIENTED_EDGE('',*,*,#13207,.T.);
#13250=ORIENTED_EDGE('',*,*,#13249,.T.);
#13252=ORIENTED_EDGE('',*,*,#13251,.F.);
#13253=ORIENTED_EDGE('',*,*,#13235,.F.);
#13254=ORIENTED_EDGE('',*,*,#13166,.T.);
#13255=ORIENTED_EDGE('',*,*,#13189,.T.);
#13256=EDGE_LOOP('',(#13248,#13250,#13252,#13253,#13254,#13255));
#13257=FACE_OUTER_BOUND('',#13256,.F.);
#13259=CARTESIAN_POINT('',(-1.75E0,0.E0,-1.625E0));
#13260=DIRECTION('',(1.E0,0.E0,0.E0));
#13261=DIRECTION('',(0.E0,0.E0,-1.E0));
#13262=AXIS2_PLACEMENT_3D('',#13259,#13260,#13261);
#13263=PLANE('',#13262);
#13264=ORIENTED_EDGE('',*,*,#13205,.T.);
#13265=ORIENTED_EDGE('',*,*,#13224,.T.);
#13267=ORIENTED_EDGE('',*,*,#13266,.F.);
#13268=ORIENTED_EDGE('',*,*,#13249,.F.);
#13269=EDGE_LOOP('',(#13264,#13265,#13267,#13268));
#13270=FACE_OUTER_BOUND('',#13269,.F.);
#13272=CARTESIAN_POINT('',(0.E0,2.E-1,0.E0));
#13273=DIRECTION('',(0.E0,-1.E0,0.E0));
#13274=DIRECTION('',(-1.E0,0.E0,0.E0));
#13275=AXIS2_PLACEMENT_3D('',#13272,#13273,#13274);
#13276=PLANE('',#13275);
#13277=ORIENTED_EDGE('',*,*,#13222,.T.);
#13278=ORIENTED_EDGE('',*,*,#13237,.T.);
#13279=ORIENTED_EDGE('',*,*,#13251,.T.);
#13280=ORIENTED_EDGE('',*,*,#13266,.T.);
#13281=EDGE_LOOP('',(#13277,#13278,#13279,#13280));
#13282=FACE_OUTER_BOUND('',#13281,.F.);
#13284=CLOSED_SHELL('',(#13174,#13196,#13211,#13228,#13242,#13258,#13271,
#13283));
#13285=MANIFOLD_SOLID_BREP('',#13284);
#13286=FILL_AREA_STYLE_COLOUR('',#18);
#13287=FILL_AREA_STYLE('',(#13286));
#13288=SURFACE_STYLE_FILL_AREA(#13287);
#13289=SURFACE_SIDE_STYLE('',(#13288));
#13290=SURFACE_STYLE_USAGE(.POSITIVE.,#13289);
#13291=PRESENTATION_STYLE_ASSIGNMENT((#13290));
#13006=STYLED_ITEM('',(#13291),#13285);
#13293=DIRECTION('',(1.E0,0.E0,0.E0));
#13294=VECTOR('',#13293,2.5E-1);
#13295=CARTESIAN_POINT('',(-8.75E-1,0.E0,-2.2E0));
#13296=LINE('',#13295,#13294);
#13297=CURVE_STYLE('',#33,POSITIVE_LENGTH_MEASURE(2.E-2),#18);
#13298=PRESENTATION_STYLE_ASSIGNMENT((#13297));
#13299=STYLED_ITEM('',(#13298),#13296);
#13300=DIRECTION('',(0.E0,0.E0,1.E0));
#13301=VECTOR('',#13300,2.25E-1);
#13302=CARTESIAN_POINT('',(-8.75E-1,0.E0,-2.2E0));
#13303=LINE('',#13302,#13301);
#13304=CURVE_STYLE('',#33,POSITIVE_LENGTH_MEASURE(2.E-2),#18);
#13305=PRESENTATION_STYLE_ASSIGNMENT((#13304));
#13306=STYLED_ITEM('',(#13305),#13303);
#13307=CARTESIAN_POINT('',(-7.5E-1,0.E0,-1.975E0));
#13308=DIRECTION('',(0.E0,1.E0,0.E0));
#13309=DIRECTION('',(-1.E0,0.E0,0.E0));
#13310=AXIS2_PLACEMENT_3D('',#13307,#13308,#13309);
#13312=CURVE_STYLE('',#33,POSITIVE_LENGTH_MEASURE(2.E-2),#18);
#13313=PRESENTATION_STYLE_ASSIGNMENT((#13312));
#13314=STYLED_ITEM('',(#13313),#13311);
#13315=DIRECTION('',(0.E0,0.E0,-1.E0));
#13316=VECTOR('',#13315,2.25E-1);
#13317=CARTESIAN_POINT('',(-6.25E-1,0.E0,-1.975E0));
#13318=LINE('',#13317,#13316);
#13319=CURVE_STYLE('',#33,POSITIVE_LENGTH_MEASURE(2.E-2),#18);
#13320=PRESENTATION_STYLE_ASSIGNMENT((#13319));
#13321=STYLED_ITEM('',(#13320),#13318);
#13322=DIRECTION('',(1.E0,0.E0,0.E0));
#13323=VECTOR('',#13322,2.5E-1);
#13324=CARTESIAN_POINT('',(-8.75E-1,1.E-1,-2.2E0));
#13325=LINE('',#13324,#13323);
#13326=CURVE_STYLE('',#33,POSITIVE_LENGTH_MEASURE(2.E-2),#18);
#13327=PRESENTATION_STYLE_ASSIGNMENT((#13326));
#13328=STYLED_ITEM('',(#13327),#13325);
#13329=DIRECTION('',(0.E0,0.E0,-1.E0));
#13330=VECTOR('',#13329,5.E-2);
#13331=CARTESIAN_POINT('',(-6.25E-1,1.E-1,-2.2E0));
#13332=LINE('',#13331,#13330);
#13333=CURVE_STYLE('',#33,POSITIVE_LENGTH_MEASURE(2.E-2),#18);
#13334=PRESENTATION_STYLE_ASSIGNMENT((#13333));
#13335=STYLED_ITEM('',(#13334),#13332);
#13336=DIRECTION('',(0.E0,1.E0,0.E0));
#13337=VECTOR('',#13336,1.E-1);
#13338=CARTESIAN_POINT('',(-6.25E-1,0.E0,-2.2E0));
#13339=LINE('',#13338,#13337);
#13340=CURVE_STYLE('',#33,POSITIVE_LENGTH_MEASURE(2.E-2),#18);
#13341=PRESENTATION_STYLE_ASSIGNMENT((#13340));
#13342=STYLED_ITEM('',(#13341),#13339);
#13343=DIRECTION('',(0.E0,1.E0,0.E0));
#13344=VECTOR('',#13343,2.E-1);
#13345=CARTESIAN_POINT('',(-6.25E-1,0.E0,-1.975E0));
#13346=LINE('',#13345,#13344);
#13347=CURVE_STYLE('',#33,POSITIVE_LENGTH_MEASURE(2.E-2),#18);
#13348=PRESENTATION_STYLE_ASSIGNMENT((#13347));
#13349=STYLED_ITEM('',(#13348),#13346);
#13350=DIRECTION('',(0.E0,1.E0,0.E0));
#13351=VECTOR('',#13350,2.E-1);
#13352=CARTESIAN_POINT('',(-8.75E-1,0.E0,-1.975E0));
#13353=LINE('',#13352,#13351);
#13354=CURVE_STYLE('',#33,POSITIVE_LENGTH_MEASURE(2.E-2),#18);
#13355=PRESENTATION_STYLE_ASSIGNMENT((#13354));
#13356=STYLED_ITEM('',(#13355),#13353);
#13357=DIRECTION('',(0.E0,0.E0,1.E0));
#13358=VECTOR('',#13357,5.E-2);
#13359=CARTESIAN_POINT('',(-8.75E-1,1.E-1,-2.25E0));
#13360=LINE('',#13359,#13358);
#13361=CURVE_STYLE('',#33,POSITIVE_LENGTH_MEASURE(2.E-2),#18);
#13362=PRESENTATION_STYLE_ASSIGNMENT((#13361));
#13363=STYLED_ITEM('',(#13362),#13360);
#13364=DIRECTION('',(0.E0,1.E0,0.E0));
#13365=VECTOR('',#13364,1.E-1);
#13366=CARTESIAN_POINT('',(-8.75E-1,1.E-1,-2.25E0));
#13367=LINE('',#13366,#13365);
#13368=CURVE_STYLE('',#33,POSITIVE_LENGTH_MEASURE(2.E-2),#18);
#13369=PRESENTATION_STYLE_ASSIGNMENT((#13368));
#13370=STYLED_ITEM('',(#13369),#13367);
#13371=DIRECTION('',(0.E0,1.E0,0.E0));
#13372=VECTOR('',#13371,1.E-1);
#13373=CARTESIAN_POINT('',(-8.75E-1,0.E0,-2.2E0));
#13374=LINE('',#13373,#13372);
#13375=CURVE_STYLE('',#33,POSITIVE_LENGTH_MEASURE(2.E-2),#18);
#13376=PRESENTATION_STYLE_ASSIGNMENT((#13375));
#13377=STYLED_ITEM('',(#13376),#13374);
#13378=DIRECTION('',(-1.E0,0.E0,0.E0));
#13379=VECTOR('',#13378,2.5E-1);
#13380=CARTESIAN_POINT('',(-6.25E-1,1.E-1,-2.25E0));
#13381=LINE('',#13380,#13379);
#13382=CURVE_STYLE('',#33,POSITIVE_LENGTH_MEASURE(2.E-2),#18);
#13383=PRESENTATION_STYLE_ASSIGNMENT((#13382));
#13384=STYLED_ITEM('',(#13383),#13381);
#13385=DIRECTION('',(0.E0,1.E0,0.E0));
#13386=VECTOR('',#13385,1.E-1);
#13387=CARTESIAN_POINT('',(-6.25E-1,1.E-1,-2.25E0));
#13388=LINE('',#13387,#13386);
#13389=CURVE_STYLE('',#33,POSITIVE_LENGTH_MEASURE(2.E-2),#18);
#13390=PRESENTATION_STYLE_ASSIGNMENT((#13389));
#13391=STYLED_ITEM('',(#13390),#13388);
#13392=DIRECTION('',(0.E0,0.E0,1.E0));
#13393=VECTOR('',#13392,2.75E-1);
#13394=CARTESIAN_POINT('',(-8.75E-1,2.E-1,-2.25E0));
#13395=LINE('',#13394,#13393);
#13396=CURVE_STYLE('',#33,POSITIVE_LENGTH_MEASURE(2.E-2),#18);
#13397=PRESENTATION_STYLE_ASSIGNMENT((#13396));
#13398=STYLED_ITEM('',(#13397),#13395);
#13399=DIRECTION('',(-1.E0,0.E0,0.E0));
#13400=VECTOR('',#13399,2.5E-1);
#13401=CARTESIAN_POINT('',(-6.25E-1,2.E-1,-2.25E0));
#13402=LINE('',#13401,#13400);
#13403=CURVE_STYLE('',#33,POSITIVE_LENGTH_MEASURE(2.E-2),#18);
#13404=PRESENTATION_STYLE_ASSIGNMENT((#13403));
#13405=STYLED_ITEM('',(#13404),#13402);
#13406=DIRECTION('',(0.E0,0.E0,-1.E0));
#13407=VECTOR('',#13406,2.75E-1);
#13408=CARTESIAN_POINT('',(-6.25E-1,2.E-1,-1.975E0));
#13409=LINE('',#13408,#13407);
#13410=CURVE_STYLE('',#33,POSITIVE_LENGTH_MEASURE(2.E-2),#18);
#13411=PRESENTATION_STYLE_ASSIGNMENT((#13410));
#13412=STYLED_ITEM('',(#13411),#13409);
#13413=CARTESIAN_POINT('',(-7.5E-1,2.E-1,-1.975E0));
#13414=DIRECTION('',(0.E0,1.E0,0.E0));
#13415=DIRECTION('',(-1.E0,0.E0,0.E0));
#13416=AXIS2_PLACEMENT_3D('',#13413,#13414,#13415);
#13418=CURVE_STYLE('',#33,POSITIVE_LENGTH_MEASURE(2.E-2),#18);
#13419=PRESENTATION_STYLE_ASSIGNMENT((#13418));
#13420=STYLED_ITEM('',(#13419),#13417);
#13421=CARTESIAN_POINT('',(-8.75E-1,0.E0,-1.975E0));
#13422=CARTESIAN_POINT('',(-6.25E-1,0.E0,-1.975E0));
#13423=VERTEX_POINT('',#13421);
#13424=VERTEX_POINT('',#13422);
#13425=CARTESIAN_POINT('',(-8.75E-1,2.E-1,-2.25E0));
#13426=CARTESIAN_POINT('',(-8.75E-1,2.E-1,-1.975E0));
#13427=VERTEX_POINT('',#13425);
#13428=VERTEX_POINT('',#13426);
#13429=CARTESIAN_POINT('',(-6.25E-1,2.E-1,-1.975E0));
#13430=VERTEX_POINT('',#13429);
#13431=CARTESIAN_POINT('',(-6.25E-1,2.E-1,-2.25E0));
#13432=VERTEX_POINT('',#13431);
#13433=CARTESIAN_POINT('',(-8.75E-1,1.E-1,-2.2E0));
#13434=CARTESIAN_POINT('',(-6.25E-1,1.E-1,-2.2E0));
#13435=VERTEX_POINT('',#13433);
#13436=VERTEX_POINT('',#13434);
#13437=CARTESIAN_POINT('',(-8.75E-1,0.E0,-2.2E0));
#13438=CARTESIAN_POINT('',(-6.25E-1,0.E0,-2.2E0));
#13439=VERTEX_POINT('',#13437);
#13440=VERTEX_POINT('',#13438);
#13441=CARTESIAN_POINT('',(-8.75E-1,1.E-1,-2.25E0));
#13442=VERTEX_POINT('',#13441);
#13443=CARTESIAN_POINT('',(-6.25E-1,1.E-1,-2.25E0));
#13444=VERTEX_POINT('',#13443);
#13445=CARTESIAN_POINT('',(0.E0,0.E0,0.E0));
#13446=DIRECTION('',(0.E0,1.E0,0.E0));
#13447=DIRECTION('',(1.E0,0.E0,0.E0));
#13448=AXIS2_PLACEMENT_3D('',#13445,#13446,#13447);
#13449=PLANE('',#13448);
#13451=ORIENTED_EDGE('',*,*,#13450,.F.);
#13453=ORIENTED_EDGE('',*,*,#13452,.T.);
#13455=ORIENTED_EDGE('',*,*,#13454,.T.);
#13457=ORIENTED_EDGE('',*,*,#13456,.T.);
#13458=EDGE_LOOP('',(#13451,#13453,#13455,#13457));
#13459=FACE_OUTER_BOUND('',#13458,.F.);
#13461=FILL_AREA_STYLE_COLOUR('',#22);
#13462=FILL_AREA_STYLE('',(#13461));
#13463=SURFACE_STYLE_FILL_AREA(#13462);
#13464=SURFACE_SIDE_STYLE('',(#13463));
#13465=SURFACE_STYLE_USAGE(.POSITIVE.,#13464);
#13466=PRESENTATION_STYLE_ASSIGNMENT((#13465));
#13467=OVER_RIDING_STYLED_ITEM('',(#13466),#13460,#13292);
#13468=CARTESIAN_POINT('',(-1.75E0,1.E-1,-2.2E0));
#13469=DIRECTION('',(0.E0,0.E0,1.E0));
#13470=DIRECTION('',(0.E0,-1.E0,0.E0));
#13471=AXIS2_PLACEMENT_3D('',#13468,#13469,#13470);
#13472=PLANE('',#13471);
#13474=ORIENTED_EDGE('',*,*,#13473,.F.);
#13476=ORIENTED_EDGE('',*,*,#13475,.F.);
#13477=ORIENTED_EDGE('',*,*,#13450,.T.);
#13479=ORIENTED_EDGE('',*,*,#13478,.T.);
#13480=EDGE_LOOP('',(#13474,#13476,#13477,#13479));
#13481=FACE_OUTER_BOUND('',#13480,.F.);
#13483=CARTESIAN_POINT('',(-1.75E0,1.E-1,-2.25E0));
#13484=DIRECTION('',(0.E0,1.E0,0.E0));
#13485=DIRECTION('',(0.E0,0.E0,1.E0));
#13486=AXIS2_PLACEMENT_3D('',#13483,#13484,#13485);
#13487=PLANE('',#13486);
#13488=ORIENTED_EDGE('',*,*,#13473,.T.);
#13490=ORIENTED_EDGE('',*,*,#13489,.T.);
#13492=ORIENTED_EDGE('',*,*,#13491,.T.);
#13494=ORIENTED_EDGE('',*,*,#13493,.T.);
#13495=EDGE_LOOP('',(#13488,#13490,#13492,#13494));
#13496=FACE_OUTER_BOUND('',#13495,.F.);
#13498=CARTESIAN_POINT('',(-6.25E-1,0.E0,-1.975E0));
#13499=DIRECTION('',(1.E0,0.E0,0.E0));
#13500=DIRECTION('',(0.E0,0.E0,-1.E0));
#13501=AXIS2_PLACEMENT_3D('',#13498,#13499,#13500);
#13502=PLANE('',#13501);
#13503=ORIENTED_EDGE('',*,*,#13489,.F.);
#13504=ORIENTED_EDGE('',*,*,#13478,.F.);
#13505=ORIENTED_EDGE('',*,*,#13456,.F.);
#13507=ORIENTED_EDGE('',*,*,#13506,.T.);
#13509=ORIENTED_EDGE('',*,*,#13508,.T.);
#13511=ORIENTED_EDGE('',*,*,#13510,.F.);
#13512=EDGE_LOOP('',(#13503,#13504,#13505,#13507,#13509,#13511));
#13513=FACE_OUTER_BOUND('',#13512,.F.);
#13515=CARTESIAN_POINT('',(-7.5E-1,0.E0,-1.975E0));
#13516=DIRECTION('',(0.E0,1.E0,0.E0));
#13517=DIRECTION('',(1.E0,0.E0,0.E0));
#13518=AXIS2_PLACEMENT_3D('',#13515,#13516,#13517);
#13519=CYLINDRICAL_SURFACE('',#13518,1.25E-1);
#13520=ORIENTED_EDGE('',*,*,#13454,.F.);
#13522=ORIENTED_EDGE('',*,*,#13521,.T.);
#13524=ORIENTED_EDGE('',*,*,#13523,.T.);
#13525=ORIENTED_EDGE('',*,*,#13506,.F.);
#13526=EDGE_LOOP('',(#13520,#13522,#13524,#13525));
#13527=FACE_OUTER_BOUND('',#13526,.F.);
#13529=CARTESIAN_POINT('',(-8.75E-1,0.E0,-2.25E0));
#13530=DIRECTION('',(-1.E0,0.E0,0.E0));
#13531=DIRECTION('',(0.E0,0.E0,1.E0));
#13532=AXIS2_PLACEMENT_3D('',#13529,#13530,#13531);
#13533=PLANE('',#13532);
#13534=ORIENTED_EDGE('',*,*,#13493,.F.);
#13536=ORIENTED_EDGE('',*,*,#13535,.T.);
#13538=ORIENTED_EDGE('',*,*,#13537,.T.);
#13539=ORIENTED_EDGE('',*,*,#13521,.F.);
#13540=ORIENTED_EDGE('',*,*,#13452,.F.);
#13541=ORIENTED_EDGE('',*,*,#13475,.T.);
#13542=EDGE_LOOP('',(#13534,#13536,#13538,#13539,#13540,#13541));
#13543=FACE_OUTER_BOUND('',#13542,.F.);
#13545=CARTESIAN_POINT('',(-6.25E-1,0.E0,-2.25E0));
#13546=DIRECTION('',(0.E0,0.E0,-1.E0));
#13547=DIRECTION('',(-1.E0,0.E0,0.E0));
#13548=AXIS2_PLACEMENT_3D('',#13545,#13546,#13547);
#13549=PLANE('',#13548);
#13550=ORIENTED_EDGE('',*,*,#13491,.F.);
#13551=ORIENTED_EDGE('',*,*,#13510,.T.);
#13553=ORIENTED_EDGE('',*,*,#13552,.T.);
#13554=ORIENTED_EDGE('',*,*,#13535,.F.);
#13555=EDGE_LOOP('',(#13550,#13551,#13553,#13554));
#13556=FACE_OUTER_BOUND('',#13555,.F.);
#13558=CARTESIAN_POINT('',(0.E0,2.E-1,0.E0));
#13559=DIRECTION('',(0.E0,1.E0,0.E0));
#13560=DIRECTION('',(1.E0,0.E0,0.E0));
#13561=AXIS2_PLACEMENT_3D('',#13558,#13559,#13560);
#13562=PLANE('',#13561);
#13563=ORIENTED_EDGE('',*,*,#13537,.F.);
#13564=ORIENTED_EDGE('',*,*,#13552,.F.);
#13565=ORIENTED_EDGE('',*,*,#13508,.F.);
#13566=ORIENTED_EDGE('',*,*,#13523,.F.);
#13567=EDGE_LOOP('',(#13563,#13564,#13565,#13566));
#13568=FACE_OUTER_BOUND('',#13567,.F.);
#13570=CLOSED_SHELL('',(#13460,#13482,#13497,#13514,#13528,#13544,#13557,
#13569));
#13571=MANIFOLD_SOLID_BREP('',#13570);
#13572=FILL_AREA_STYLE_COLOUR('',#18);
#13573=FILL_AREA_STYLE('',(#13572));
#13574=SURFACE_STYLE_FILL_AREA(#13573);
#13575=SURFACE_SIDE_STYLE('',(#13574));
#13576=SURFACE_STYLE_USAGE(.POSITIVE.,#13575);
#13577=PRESENTATION_STYLE_ASSIGNMENT((#13576));
#13292=STYLED_ITEM('',(#13577),#13571);
#13579=DIRECTION('',(1.E0,0.E0,0.E0));
#13580=VECTOR('',#13579,2.5E-1);
#13581=CARTESIAN_POINT('',(6.25E-1,0.E0,-2.2E0));
#13582=LINE('',#13581,#13580);
#13583=CURVE_STYLE('',#33,POSITIVE_LENGTH_MEASURE(2.E-2),#18);
#13584=PRESENTATION_STYLE_ASSIGNMENT((#13583));
#13585=STYLED_ITEM('',(#13584),#13582);
#13586=DIRECTION('',(0.E0,0.E0,1.E0));
#13587=VECTOR('',#13586,2.25E-1);
#13588=CARTESIAN_POINT('',(6.25E-1,0.E0,-2.2E0));
#13589=LINE('',#13588,#13587);
#13590=CURVE_STYLE('',#33,POSITIVE_LENGTH_MEASURE(2.E-2),#18);
#13591=PRESENTATION_STYLE_ASSIGNMENT((#13590));
#13592=STYLED_ITEM('',(#13591),#13589);
#13593=CARTESIAN_POINT('',(7.5E-1,0.E0,-1.975E0));
#13594=DIRECTION('',(0.E0,1.E0,0.E0));
#13595=DIRECTION('',(-1.E0,0.E0,0.E0));
#13596=AXIS2_PLACEMENT_3D('',#13593,#13594,#13595);
#13598=CURVE_STYLE('',#33,POSITIVE_LENGTH_MEASURE(2.E-2),#18);
#13599=PRESENTATION_STYLE_ASSIGNMENT((#13598));
#13600=STYLED_ITEM('',(#13599),#13597);
#13601=DIRECTION('',(0.E0,0.E0,-1.E0));
#13602=VECTOR('',#13601,2.25E-1);
#13603=CARTESIAN_POINT('',(8.75E-1,0.E0,-1.975E0));
#13604=LINE('',#13603,#13602);
#13605=CURVE_STYLE('',#33,POSITIVE_LENGTH_MEASURE(2.E-2),#18);
#13606=PRESENTATION_STYLE_ASSIGNMENT((#13605));
#13607=STYLED_ITEM('',(#13606),#13604);
#13608=DIRECTION('',(1.E0,0.E0,0.E0));
#13609=VECTOR('',#13608,2.5E-1);
#13610=CARTESIAN_POINT('',(6.25E-1,1.E-1,-2.2E0));
#13611=LINE('',#13610,#13609);
#13612=CURVE_STYLE('',#33,POSITIVE_LENGTH_MEASURE(2.E-2),#18);
#13613=PRESENTATION_STYLE_ASSIGNMENT((#13612));
#13614=STYLED_ITEM('',(#13613),#13611);
#13615=DIRECTION('',(0.E0,0.E0,-1.E0));
#13616=VECTOR('',#13615,5.E-2);
#13617=CARTESIAN_POINT('',(8.75E-1,1.E-1,-2.2E0));
#13618=LINE('',#13617,#13616);
#13619=CURVE_STYLE('',#33,POSITIVE_LENGTH_MEASURE(2.E-2),#18);
#13620=PRESENTATION_STYLE_ASSIGNMENT((#13619));
#13621=STYLED_ITEM('',(#13620),#13618);
#13622=DIRECTION('',(0.E0,1.E0,0.E0));
#13623=VECTOR('',#13622,1.E-1);
#13624=CARTESIAN_POINT('',(8.75E-1,0.E0,-2.2E0));
#13625=LINE('',#13624,#13623);
#13626=CURVE_STYLE('',#33,POSITIVE_LENGTH_MEASURE(2.E-2),#18);
#13627=PRESENTATION_STYLE_ASSIGNMENT((#13626));
#13628=STYLED_ITEM('',(#13627),#13625);
#13629=DIRECTION('',(0.E0,1.E0,0.E0));
#13630=VECTOR('',#13629,2.E-1);
#13631=CARTESIAN_POINT('',(8.75E-1,0.E0,-1.975E0));
#13632=LINE('',#13631,#13630);
#13633=CURVE_STYLE('',#33,POSITIVE_LENGTH_MEASURE(2.E-2),#18);
#13634=PRESENTATION_STYLE_ASSIGNMENT((#13633));
#13635=STYLED_ITEM('',(#13634),#13632);
#13636=DIRECTION('',(0.E0,1.E0,0.E0));
#13637=VECTOR('',#13636,2.E-1);
#13638=CARTESIAN_POINT('',(6.25E-1,0.E0,-1.975E0));
#13639=LINE('',#13638,#13637);
#13640=CURVE_STYLE('',#33,POSITIVE_LENGTH_MEASURE(2.E-2),#18);
#13641=PRESENTATION_STYLE_ASSIGNMENT((#13640));
#13642=STYLED_ITEM('',(#13641),#13639);
#13643=DIRECTION('',(0.E0,0.E0,1.E0));
#13644=VECTOR('',#13643,5.E-2);
#13645=CARTESIAN_POINT('',(6.25E-1,1.E-1,-2.25E0));
#13646=LINE('',#13645,#13644);
#13647=CURVE_STYLE('',#33,POSITIVE_LENGTH_MEASURE(2.E-2),#18);
#13648=PRESENTATION_STYLE_ASSIGNMENT((#13647));
#13649=STYLED_ITEM('',(#13648),#13646);
#13650=DIRECTION('',(0.E0,1.E0,0.E0));
#13651=VECTOR('',#13650,1.E-1);
#13652=CARTESIAN_POINT('',(6.25E-1,1.E-1,-2.25E0));
#13653=LINE('',#13652,#13651);
#13654=CURVE_STYLE('',#33,POSITIVE_LENGTH_MEASURE(2.E-2),#18);
#13655=PRESENTATION_STYLE_ASSIGNMENT((#13654));
#13656=STYLED_ITEM('',(#13655),#13653);
#13657=DIRECTION('',(0.E0,1.E0,0.E0));
#13658=VECTOR('',#13657,1.E-1);
#13659=CARTESIAN_POINT('',(6.25E-1,0.E0,-2.2E0));
#13660=LINE('',#13659,#13658);
#13661=CURVE_STYLE('',#33,POSITIVE_LENGTH_MEASURE(2.E-2),#18);
#13662=PRESENTATION_STYLE_ASSIGNMENT((#13661));
#13663=STYLED_ITEM('',(#13662),#13660);
#13664=DIRECTION('',(-1.E0,0.E0,0.E0));
#13665=VECTOR('',#13664,2.5E-1);
#13666=CARTESIAN_POINT('',(8.75E-1,1.E-1,-2.25E0));
#13667=LINE('',#13666,#13665);
#13668=CURVE_STYLE('',#33,POSITIVE_LENGTH_MEASURE(2.E-2),#18);
#13669=PRESENTATION_STYLE_ASSIGNMENT((#13668));
#13670=STYLED_ITEM('',(#13669),#13667);
#13671=DIRECTION('',(0.E0,1.E0,0.E0));
#13672=VECTOR('',#13671,1.E-1);
#13673=CARTESIAN_POINT('',(8.75E-1,1.E-1,-2.25E0));
#13674=LINE('',#13673,#13672);
#13675=CURVE_STYLE('',#33,POSITIVE_LENGTH_MEASURE(2.E-2),#18);
#13676=PRESENTATION_STYLE_ASSIGNMENT((#13675));
#13677=STYLED_ITEM('',(#13676),#13674);
#13678=DIRECTION('',(0.E0,0.E0,1.E0));
#13679=VECTOR('',#13678,2.75E-1);
#13680=CARTESIAN_POINT('',(6.25E-1,2.E-1,-2.25E0));
#13681=LINE('',#13680,#13679);
#13682=CURVE_STYLE('',#33,POSITIVE_LENGTH_MEASURE(2.E-2),#18);
#13683=PRESENTATION_STYLE_ASSIGNMENT((#13682));
#13684=STYLED_ITEM('',(#13683),#13681);
#13685=DIRECTION('',(-1.E0,0.E0,0.E0));
#13686=VECTOR('',#13685,2.5E-1);
#13687=CARTESIAN_POINT('',(8.75E-1,2.E-1,-2.25E0));
#13688=LINE('',#13687,#13686);
#13689=CURVE_STYLE('',#33,POSITIVE_LENGTH_MEASURE(2.E-2),#18);
#13690=PRESENTATION_STYLE_ASSIGNMENT((#13689));
#13691=STYLED_ITEM('',(#13690),#13688);
#13692=DIRECTION('',(0.E0,0.E0,-1.E0));
#13693=VECTOR('',#13692,2.75E-1);
#13694=CARTESIAN_POINT('',(8.75E-1,2.E-1,-1.975E0));
#13695=LINE('',#13694,#13693);
#13696=CURVE_STYLE('',#33,POSITIVE_LENGTH_MEASURE(2.E-2),#18);
#13697=PRESENTATION_STYLE_ASSIGNMENT((#13696));
#13698=STYLED_ITEM('',(#13697),#13695);
#13699=CARTESIAN_POINT('',(7.5E-1,2.E-1,-1.975E0));
#13700=DIRECTION('',(0.E0,1.E0,0.E0));
#13701=DIRECTION('',(-1.E0,0.E0,0.E0));
#13702=AXIS2_PLACEMENT_3D('',#13699,#13700,#13701);
#13704=CURVE_STYLE('',#33,POSITIVE_LENGTH_MEASURE(2.E-2),#18);
#13705=PRESENTATION_STYLE_ASSIGNMENT((#13704));
#13706=STYLED_ITEM('',(#13705),#13703);
#13707=CARTESIAN_POINT('',(6.25E-1,0.E0,-1.975E0));
#13708=CARTESIAN_POINT('',(8.75E-1,0.E0,-1.975E0));
#13709=VERTEX_POINT('',#13707);
#13710=VERTEX_POINT('',#13708);
#13711=CARTESIAN_POINT('',(6.25E-1,2.E-1,-2.25E0));
#13712=CARTESIAN_POINT('',(6.25E-1,2.E-1,-1.975E0));
#13713=VERTEX_POINT('',#13711);
#13714=VERTEX_POINT('',#13712);
#13715=CARTESIAN_POINT('',(8.75E-1,2.E-1,-1.975E0));
#13716=VERTEX_POINT('',#13715);
#13717=CARTESIAN_POINT('',(8.75E-1,2.E-1,-2.25E0));
#13718=VERTEX_POINT('',#13717);
#13719=CARTESIAN_POINT('',(6.25E-1,1.E-1,-2.2E0));
#13720=CARTESIAN_POINT('',(8.75E-1,1.E-1,-2.2E0));
#13721=VERTEX_POINT('',#13719);
#13722=VERTEX_POINT('',#13720);
#13723=CARTESIAN_POINT('',(6.25E-1,0.E0,-2.2E0));
#13724=CARTESIAN_POINT('',(8.75E-1,0.E0,-2.2E0));
#13725=VERTEX_POINT('',#13723);
#13726=VERTEX_POINT('',#13724);
#13727=CARTESIAN_POINT('',(6.25E-1,1.E-1,-2.25E0));
#13728=VERTEX_POINT('',#13727);
#13729=CARTESIAN_POINT('',(8.75E-1,1.E-1,-2.25E0));
#13730=VERTEX_POINT('',#13729);
#13731=CARTESIAN_POINT('',(0.E0,0.E0,0.E0));
#13732=DIRECTION('',(0.E0,1.E0,0.E0));
#13733=DIRECTION('',(1.E0,0.E0,0.E0));
#13734=AXIS2_PLACEMENT_3D('',#13731,#13732,#13733);
#13735=PLANE('',#13734);
#13737=ORIENTED_EDGE('',*,*,#13736,.F.);
#13739=ORIENTED_EDGE('',*,*,#13738,.T.);
#13741=ORIENTED_EDGE('',*,*,#13740,.T.);
#13743=ORIENTED_EDGE('',*,*,#13742,.T.);
#13744=EDGE_LOOP('',(#13737,#13739,#13741,#13743));
#13745=FACE_OUTER_BOUND('',#13744,.F.);
#13747=FILL_AREA_STYLE_COLOUR('',#22);
#13748=FILL_AREA_STYLE('',(#13747));
#13749=SURFACE_STYLE_FILL_AREA(#13748);
#13750=SURFACE_SIDE_STYLE('',(#13749));
#13751=SURFACE_STYLE_USAGE(.POSITIVE.,#13750);
#13752=PRESENTATION_STYLE_ASSIGNMENT((#13751));
#13753=OVER_RIDING_STYLED_ITEM('',(#13752),#13746,#13578);
#13754=CARTESIAN_POINT('',(-1.75E0,1.E-1,-2.2E0));
#13755=DIRECTION('',(0.E0,0.E0,1.E0));
#13756=DIRECTION('',(0.E0,-1.E0,0.E0));
#13757=AXIS2_PLACEMENT_3D('',#13754,#13755,#13756);
#13758=PLANE('',#13757);
#13760=ORIENTED_EDGE('',*,*,#13759,.F.);
#13762=ORIENTED_EDGE('',*,*,#13761,.F.);
#13763=ORIENTED_EDGE('',*,*,#13736,.T.);
#13765=ORIENTED_EDGE('',*,*,#13764,.T.);
#13766=EDGE_LOOP('',(#13760,#13762,#13763,#13765));
#13767=FACE_OUTER_BOUND('',#13766,.F.);
#13769=CARTESIAN_POINT('',(-1.75E0,1.E-1,-2.25E0));
#13770=DIRECTION('',(0.E0,1.E0,0.E0));
#13771=DIRECTION('',(0.E0,0.E0,1.E0));
#13772=AXIS2_PLACEMENT_3D('',#13769,#13770,#13771);
#13773=PLANE('',#13772);
#13774=ORIENTED_EDGE('',*,*,#13759,.T.);
#13776=ORIENTED_EDGE('',*,*,#13775,.T.);
#13778=ORIENTED_EDGE('',*,*,#13777,.T.);
#13780=ORIENTED_EDGE('',*,*,#13779,.T.);
#13781=EDGE_LOOP('',(#13774,#13776,#13778,#13780));
#13782=FACE_OUTER_BOUND('',#13781,.F.);
#13784=CARTESIAN_POINT('',(8.75E-1,0.E0,-1.975E0));
#13785=DIRECTION('',(1.E0,0.E0,0.E0));
#13786=DIRECTION('',(0.E0,0.E0,-1.E0));
#13787=AXIS2_PLACEMENT_3D('',#13784,#13785,#13786);
#13788=PLANE('',#13787);
#13789=ORIENTED_EDGE('',*,*,#13775,.F.);
#13790=ORIENTED_EDGE('',*,*,#13764,.F.);
#13791=ORIENTED_EDGE('',*,*,#13742,.F.);
#13793=ORIENTED_EDGE('',*,*,#13792,.T.);
#13795=ORIENTED_EDGE('',*,*,#13794,.T.);
#13797=ORIENTED_EDGE('',*,*,#13796,.F.);
#13798=EDGE_LOOP('',(#13789,#13790,#13791,#13793,#13795,#13797));
#13799=FACE_OUTER_BOUND('',#13798,.F.);
#13801=CARTESIAN_POINT('',(7.5E-1,0.E0,-1.975E0));
#13802=DIRECTION('',(0.E0,1.E0,0.E0));
#13803=DIRECTION('',(1.E0,0.E0,0.E0));
#13804=AXIS2_PLACEMENT_3D('',#13801,#13802,#13803);
#13805=CYLINDRICAL_SURFACE('',#13804,1.25E-1);
#13806=ORIENTED_EDGE('',*,*,#13740,.F.);
#13808=ORIENTED_EDGE('',*,*,#13807,.T.);
#13810=ORIENTED_EDGE('',*,*,#13809,.T.);
#13811=ORIENTED_EDGE('',*,*,#13792,.F.);
#13812=EDGE_LOOP('',(#13806,#13808,#13810,#13811));
#13813=FACE_OUTER_BOUND('',#13812,.F.);
#13815=CARTESIAN_POINT('',(6.25E-1,0.E0,-2.25E0));
#13816=DIRECTION('',(-1.E0,0.E0,0.E0));
#13817=DIRECTION('',(0.E0,0.E0,1.E0));
#13818=AXIS2_PLACEMENT_3D('',#13815,#13816,#13817);
#13819=PLANE('',#13818);
#13820=ORIENTED_EDGE('',*,*,#13779,.F.);
#13822=ORIENTED_EDGE('',*,*,#13821,.T.);
#13824=ORIENTED_EDGE('',*,*,#13823,.T.);
#13825=ORIENTED_EDGE('',*,*,#13807,.F.);
#13826=ORIENTED_EDGE('',*,*,#13738,.F.);
#13827=ORIENTED_EDGE('',*,*,#13761,.T.);
#13828=EDGE_LOOP('',(#13820,#13822,#13824,#13825,#13826,#13827));
#13829=FACE_OUTER_BOUND('',#13828,.F.);
#13831=CARTESIAN_POINT('',(8.75E-1,0.E0,-2.25E0));
#13832=DIRECTION('',(0.E0,0.E0,-1.E0));
#13833=DIRECTION('',(-1.E0,0.E0,0.E0));
#13834=AXIS2_PLACEMENT_3D('',#13831,#13832,#13833);
#13835=PLANE('',#13834);
#13836=ORIENTED_EDGE('',*,*,#13777,.F.);
#13837=ORIENTED_EDGE('',*,*,#13796,.T.);
#13839=ORIENTED_EDGE('',*,*,#13838,.T.);
#13840=ORIENTED_EDGE('',*,*,#13821,.F.);
#13841=EDGE_LOOP('',(#13836,#13837,#13839,#13840));
#13842=FACE_OUTER_BOUND('',#13841,.F.);
#13844=CARTESIAN_POINT('',(0.E0,2.E-1,0.E0));
#13845=DIRECTION('',(0.E0,1.E0,0.E0));
#13846=DIRECTION('',(1.E0,0.E0,0.E0));
#13847=AXIS2_PLACEMENT_3D('',#13844,#13845,#13846);
#13848=PLANE('',#13847);
#13849=ORIENTED_EDGE('',*,*,#13823,.F.);
#13850=ORIENTED_EDGE('',*,*,#13838,.F.);
#13851=ORIENTED_EDGE('',*,*,#13794,.F.);
#13852=ORIENTED_EDGE('',*,*,#13809,.F.);
#13853=EDGE_LOOP('',(#13849,#13850,#13851,#13852));
#13854=FACE_OUTER_BOUND('',#13853,.F.);
#13856=CLOSED_SHELL('',(#13746,#13768,#13783,#13800,#13814,#13830,#13843,
#13855));
#13857=MANIFOLD_SOLID_BREP('',#13856);
#13858=FILL_AREA_STYLE_COLOUR('',#18);
#13859=FILL_AREA_STYLE('',(#13858));
#13860=SURFACE_STYLE_FILL_AREA(#13859);
#13861=SURFACE_SIDE_STYLE('',(#13860));
#13862=SURFACE_STYLE_USAGE(.POSITIVE.,#13861);
#13863=PRESENTATION_STYLE_ASSIGNMENT((#13862));
#13578=STYLED_ITEM('',(#13863),#13857);
#13865=DIRECTION('',(1.E0,0.E0,0.E0));
#13866=VECTOR('',#13865,2.5E-1);
#13867=CARTESIAN_POINT('',(-8.75E-1,0.E0,2.2E0));
#13868=LINE('',#13867,#13866);
#13869=CURVE_STYLE('',#33,POSITIVE_LENGTH_MEASURE(2.E-2),#18);
#13870=PRESENTATION_STYLE_ASSIGNMENT((#13869));
#13871=STYLED_ITEM('',(#13870),#13868);
#13872=DIRECTION('',(0.E0,0.E0,1.E0));
#13873=VECTOR('',#13872,2.25E-1);
#13874=CARTESIAN_POINT('',(-6.25E-1,0.E0,1.975E0));
#13875=LINE('',#13874,#13873);
#13876=CURVE_STYLE('',#33,POSITIVE_LENGTH_MEASURE(2.E-2),#18);
#13877=PRESENTATION_STYLE_ASSIGNMENT((#13876));
#13878=STYLED_ITEM('',(#13877),#13875);
#13879=CARTESIAN_POINT('',(-7.5E-1,0.E0,1.975E0));
#13880=DIRECTION('',(0.E0,-1.E0,0.E0));
#13881=DIRECTION('',(-1.E0,0.E0,0.E0));
#13882=AXIS2_PLACEMENT_3D('',#13879,#13880,#13881);
#13884=CURVE_STYLE('',#33,POSITIVE_LENGTH_MEASURE(2.E-2),#18);
#13885=PRESENTATION_STYLE_ASSIGNMENT((#13884));
#13886=STYLED_ITEM('',(#13885),#13883);
#13887=DIRECTION('',(0.E0,0.E0,-1.E0));
#13888=VECTOR('',#13887,2.25E-1);
#13889=CARTESIAN_POINT('',(-8.75E-1,0.E0,2.2E0));
#13890=LINE('',#13889,#13888);
#13891=CURVE_STYLE('',#33,POSITIVE_LENGTH_MEASURE(2.E-2),#18);
#13892=PRESENTATION_STYLE_ASSIGNMENT((#13891));
#13893=STYLED_ITEM('',(#13892),#13890);
#13894=DIRECTION('',(-1.E0,0.E0,0.E0));
#13895=VECTOR('',#13894,2.5E-1);
#13896=CARTESIAN_POINT('',(-6.25E-1,1.E-1,2.2E0));
#13897=LINE('',#13896,#13895);
#13898=CURVE_STYLE('',#33,POSITIVE_LENGTH_MEASURE(2.E-2),#18);
#13899=PRESENTATION_STYLE_ASSIGNMENT((#13898));
#13900=STYLED_ITEM('',(#13899),#13897);
#13901=DIRECTION('',(0.E0,0.E0,-1.E0));
#13902=VECTOR('',#13901,5.E-2);
#13903=CARTESIAN_POINT('',(-8.75E-1,1.E-1,2.25E0));
#13904=LINE('',#13903,#13902);
#13905=CURVE_STYLE('',#33,POSITIVE_LENGTH_MEASURE(2.E-2),#18);
#13906=PRESENTATION_STYLE_ASSIGNMENT((#13905));
#13907=STYLED_ITEM('',(#13906),#13904);
#13908=DIRECTION('',(0.E0,1.E0,0.E0));
#13909=VECTOR('',#13908,1.E-1);
#13910=CARTESIAN_POINT('',(-8.75E-1,0.E0,2.2E0));
#13911=LINE('',#13910,#13909);
#13912=CURVE_STYLE('',#33,POSITIVE_LENGTH_MEASURE(2.E-2),#18);
#13913=PRESENTATION_STYLE_ASSIGNMENT((#13912));
#13914=STYLED_ITEM('',(#13913),#13911);
#13915=DIRECTION('',(0.E0,1.E0,0.E0));
#13916=VECTOR('',#13915,1.E-1);
#13917=CARTESIAN_POINT('',(-8.75E-1,1.E-1,2.25E0));
#13918=LINE('',#13917,#13916);
#13919=CURVE_STYLE('',#33,POSITIVE_LENGTH_MEASURE(2.E-2),#18);
#13920=PRESENTATION_STYLE_ASSIGNMENT((#13919));
#13921=STYLED_ITEM('',(#13920),#13918);
#13922=DIRECTION('',(0.E0,1.E0,0.E0));
#13923=VECTOR('',#13922,2.E-1);
#13924=CARTESIAN_POINT('',(-8.75E-1,0.E0,1.975E0));
#13925=LINE('',#13924,#13923);
#13926=CURVE_STYLE('',#33,POSITIVE_LENGTH_MEASURE(2.E-2),#18);
#13927=PRESENTATION_STYLE_ASSIGNMENT((#13926));
#13928=STYLED_ITEM('',(#13927),#13925);
#13929=DIRECTION('',(0.E0,0.E0,1.E0));
#13930=VECTOR('',#13929,5.E-2);
#13931=CARTESIAN_POINT('',(-6.25E-1,1.E-1,2.2E0));
#13932=LINE('',#13931,#13930);
#13933=CURVE_STYLE('',#33,POSITIVE_LENGTH_MEASURE(2.E-2),#18);
#13934=PRESENTATION_STYLE_ASSIGNMENT((#13933));
#13935=STYLED_ITEM('',(#13934),#13932);
#13936=DIRECTION('',(0.E0,1.E0,0.E0));
#13937=VECTOR('',#13936,2.E-1);
#13938=CARTESIAN_POINT('',(-6.25E-1,0.E0,1.975E0));
#13939=LINE('',#13938,#13937);
#13940=CURVE_STYLE('',#33,POSITIVE_LENGTH_MEASURE(2.E-2),#18);
#13941=PRESENTATION_STYLE_ASSIGNMENT((#13940));
#13942=STYLED_ITEM('',(#13941),#13939);
#13943=DIRECTION('',(0.E0,1.E0,0.E0));
#13944=VECTOR('',#13943,1.E-1);
#13945=CARTESIAN_POINT('',(-6.25E-1,0.E0,2.2E0));
#13946=LINE('',#13945,#13944);
#13947=CURVE_STYLE('',#33,POSITIVE_LENGTH_MEASURE(2.E-2),#18);
#13948=PRESENTATION_STYLE_ASSIGNMENT((#13947));
#13949=STYLED_ITEM('',(#13948),#13946);
#13950=DIRECTION('',(-1.E0,0.E0,0.E0));
#13951=VECTOR('',#13950,2.5E-1);
#13952=CARTESIAN_POINT('',(-6.25E-1,1.E-1,2.25E0));
#13953=LINE('',#13952,#13951);
#13954=CURVE_STYLE('',#33,POSITIVE_LENGTH_MEASURE(2.E-2),#18);
#13955=PRESENTATION_STYLE_ASSIGNMENT((#13954));
#13956=STYLED_ITEM('',(#13955),#13953);
#13957=DIRECTION('',(0.E0,1.E0,0.E0));
#13958=VECTOR('',#13957,1.E-1);
#13959=CARTESIAN_POINT('',(-6.25E-1,1.E-1,2.25E0));
#13960=LINE('',#13959,#13958);
#13961=CURVE_STYLE('',#33,POSITIVE_LENGTH_MEASURE(2.E-2),#18);
#13962=PRESENTATION_STYLE_ASSIGNMENT((#13961));
#13963=STYLED_ITEM('',(#13962),#13960);
#13964=DIRECTION('',(0.E0,0.E0,-1.E0));
#13965=VECTOR('',#13964,2.75E-1);
#13966=CARTESIAN_POINT('',(-8.75E-1,2.E-1,2.25E0));
#13967=LINE('',#13966,#13965);
#13968=CURVE_STYLE('',#33,POSITIVE_LENGTH_MEASURE(2.E-2),#18);
#13969=PRESENTATION_STYLE_ASSIGNMENT((#13968));
#13970=STYLED_ITEM('',(#13969),#13967);
#13971=CARTESIAN_POINT('',(-7.5E-1,2.E-1,1.975E0));
#13972=DIRECTION('',(0.E0,-1.E0,0.E0));
#13973=DIRECTION('',(-1.E0,0.E0,0.E0));
#13974=AXIS2_PLACEMENT_3D('',#13971,#13972,#13973);
#13976=CURVE_STYLE('',#33,POSITIVE_LENGTH_MEASURE(2.E-2),#18);
#13977=PRESENTATION_STYLE_ASSIGNMENT((#13976));
#13978=STYLED_ITEM('',(#13977),#13975);
#13979=DIRECTION('',(0.E0,0.E0,1.E0));
#13980=VECTOR('',#13979,2.75E-1);
#13981=CARTESIAN_POINT('',(-6.25E-1,2.E-1,1.975E0));
#13982=LINE('',#13981,#13980);
#13983=CURVE_STYLE('',#33,POSITIVE_LENGTH_MEASURE(2.E-2),#18);
#13984=PRESENTATION_STYLE_ASSIGNMENT((#13983));
#13985=STYLED_ITEM('',(#13984),#13982);
#13986=DIRECTION('',(-1.E0,0.E0,0.E0));
#13987=VECTOR('',#13986,2.5E-1);
#13988=CARTESIAN_POINT('',(-6.25E-1,2.E-1,2.25E0));
#13989=LINE('',#13988,#13987);
#13990=CURVE_STYLE('',#33,POSITIVE_LENGTH_MEASURE(2.E-2),#18);
#13991=PRESENTATION_STYLE_ASSIGNMENT((#13990));
#13992=STYLED_ITEM('',(#13991),#13989);
#13993=CARTESIAN_POINT('',(-8.75E-1,0.E0,1.975E0));
#13994=CARTESIAN_POINT('',(-6.25E-1,0.E0,1.975E0));
#13995=VERTEX_POINT('',#13993);
#13996=VERTEX_POINT('',#13994);
#13997=CARTESIAN_POINT('',(-8.75E-1,2.E-1,2.25E0));
#13998=CARTESIAN_POINT('',(-8.75E-1,2.E-1,1.975E0));
#13999=VERTEX_POINT('',#13997);
#14000=VERTEX_POINT('',#13998);
#14001=CARTESIAN_POINT('',(-6.25E-1,2.E-1,1.975E0));
#14002=VERTEX_POINT('',#14001);
#14003=CARTESIAN_POINT('',(-6.25E-1,2.E-1,2.25E0));
#14004=VERTEX_POINT('',#14003);
#14005=CARTESIAN_POINT('',(-6.25E-1,1.E-1,2.2E0));
#14006=CARTESIAN_POINT('',(-8.75E-1,1.E-1,2.2E0));
#14007=VERTEX_POINT('',#14005);
#14008=VERTEX_POINT('',#14006);
#14009=CARTESIAN_POINT('',(-8.75E-1,0.E0,2.2E0));
#14010=CARTESIAN_POINT('',(-6.25E-1,0.E0,2.2E0));
#14011=VERTEX_POINT('',#14009);
#14012=VERTEX_POINT('',#14010);
#14013=CARTESIAN_POINT('',(-8.75E-1,1.E-1,2.25E0));
#14014=VERTEX_POINT('',#14013);
#14015=CARTESIAN_POINT('',(-6.25E-1,1.E-1,2.25E0));
#14016=VERTEX_POINT('',#14015);
#14017=CARTESIAN_POINT('',(0.E0,0.E0,0.E0));
#14018=DIRECTION('',(0.E0,-1.E0,0.E0));
#14019=DIRECTION('',(1.E0,0.E0,0.E0));
#14020=AXIS2_PLACEMENT_3D('',#14017,#14018,#14019);
#14021=PLANE('',#14020);
#14023=ORIENTED_EDGE('',*,*,#14022,.T.);
#14025=ORIENTED_EDGE('',*,*,#14024,.F.);
#14027=ORIENTED_EDGE('',*,*,#14026,.F.);
#14029=ORIENTED_EDGE('',*,*,#14028,.F.);
#14030=EDGE_LOOP('',(#14023,#14025,#14027,#14029));
#14031=FACE_OUTER_BOUND('',#14030,.F.);
#14033=FILL_AREA_STYLE_COLOUR('',#22);
#14034=FILL_AREA_STYLE('',(#14033));
#14035=SURFACE_STYLE_FILL_AREA(#14034);
#14036=SURFACE_SIDE_STYLE('',(#14035));
#14037=SURFACE_STYLE_USAGE(.POSITIVE.,#14036);
#14038=PRESENTATION_STYLE_ASSIGNMENT((#14037));
#14039=OVER_RIDING_STYLED_ITEM('',(#14038),#14032,#13864);
#14040=CARTESIAN_POINT('',(1.75E0,1.E-1,2.2E0));
#14041=DIRECTION('',(0.E0,0.E0,-1.E0));
#14042=DIRECTION('',(0.E0,-1.E0,0.E0));
#14043=AXIS2_PLACEMENT_3D('',#14040,#14041,#14042);
#14044=PLANE('',#14043);
#14046=ORIENTED_EDGE('',*,*,#14045,.F.);
#14048=ORIENTED_EDGE('',*,*,#14047,.F.);
#14049=ORIENTED_EDGE('',*,*,#14022,.F.);
#14051=ORIENTED_EDGE('',*,*,#14050,.T.);
#14052=EDGE_LOOP('',(#14046,#14048,#14049,#14051));
#14053=FACE_OUTER_BOUND('',#14052,.F.);
#14055=CARTESIAN_POINT('',(-1.75E0,1.E-1,-2.25E0));
#14056=DIRECTION('',(0.E0,1.E0,0.E0));
#14057=DIRECTION('',(0.E0,0.E0,1.E0));
#14058=AXIS2_PLACEMENT_3D('',#14055,#14056,#14057);
#14059=PLANE('',#14058);
#14060=ORIENTED_EDGE('',*,*,#14045,.T.);
#14062=ORIENTED_EDGE('',*,*,#14061,.F.);
#14064=ORIENTED_EDGE('',*,*,#14063,.F.);
#14066=ORIENTED_EDGE('',*,*,#14065,.F.);
#14067=EDGE_LOOP('',(#14060,#14062,#14064,#14066));
#14068=FACE_OUTER_BOUND('',#14067,.F.);
#14070=CARTESIAN_POINT('',(-8.75E-1,0.E0,2.25E0));
#14071=DIRECTION('',(1.E0,0.E0,0.E0));
#14072=DIRECTION('',(0.E0,0.E0,-1.E0));
#14073=AXIS2_PLACEMENT_3D('',#14070,#14071,#14072);
#14074=PLANE('',#14073);
#14075=ORIENTED_EDGE('',*,*,#14061,.T.);
#14076=ORIENTED_EDGE('',*,*,#14050,.F.);
#14077=ORIENTED_EDGE('',*,*,#14028,.T.);
#14079=ORIENTED_EDGE('',*,*,#14078,.T.);
#14081=ORIENTED_EDGE('',*,*,#14080,.F.);
#14083=ORIENTED_EDGE('',*,*,#14082,.F.);
#14084=EDGE_LOOP('',(#14075,#14076,#14077,#14079,#14081,#14083));
#14085=FACE_OUTER_BOUND('',#14084,.F.);
#14087=CARTESIAN_POINT('',(-7.5E-1,0.E0,1.975E0));
#14088=DIRECTION('',(0.E0,-1.E0,0.E0));
#14089=DIRECTION('',(1.E0,0.E0,0.E0));
#14090=AXIS2_PLACEMENT_3D('',#14087,#14088,#14089);
#14091=CYLINDRICAL_SURFACE('',#14090,1.25E-1);
#14092=ORIENTED_EDGE('',*,*,#14026,.T.);
#14094=ORIENTED_EDGE('',*,*,#14093,.T.);
#14096=ORIENTED_EDGE('',*,*,#14095,.F.);
#14097=ORIENTED_EDGE('',*,*,#14078,.F.);
#14098=EDGE_LOOP('',(#14092,#14094,#14096,#14097));
#14099=FACE_OUTER_BOUND('',#14098,.F.);
#14101=CARTESIAN_POINT('',(-6.25E-1,0.E0,1.975E0));
#14102=DIRECTION('',(-1.E0,0.E0,0.E0));
#14103=DIRECTION('',(0.E0,0.E0,1.E0));
#14104=AXIS2_PLACEMENT_3D('',#14101,#14102,#14103);
#14105=PLANE('',#14104);
#14106=ORIENTED_EDGE('',*,*,#14065,.T.);
#14108=ORIENTED_EDGE('',*,*,#14107,.T.);
#14110=ORIENTED_EDGE('',*,*,#14109,.F.);
#14111=ORIENTED_EDGE('',*,*,#14093,.F.);
#14112=ORIENTED_EDGE('',*,*,#14024,.T.);
#14113=ORIENTED_EDGE('',*,*,#14047,.T.);
#14114=EDGE_LOOP('',(#14106,#14108,#14110,#14111,#14112,#14113));
#14115=FACE_OUTER_BOUND('',#14114,.F.);
#14117=CARTESIAN_POINT('',(-6.25E-1,0.E0,2.25E0));
#14118=DIRECTION('',(0.E0,0.E0,-1.E0));
#14119=DIRECTION('',(-1.E0,0.E0,0.E0));
#14120=AXIS2_PLACEMENT_3D('',#14117,#14118,#14119);
#14121=PLANE('',#14120);
#14122=ORIENTED_EDGE('',*,*,#14063,.T.);
#14123=ORIENTED_EDGE('',*,*,#14082,.T.);
#14125=ORIENTED_EDGE('',*,*,#14124,.F.);
#14126=ORIENTED_EDGE('',*,*,#14107,.F.);
#14127=EDGE_LOOP('',(#14122,#14123,#14125,#14126));
#14128=FACE_OUTER_BOUND('',#14127,.F.);
#14130=CARTESIAN_POINT('',(0.E0,2.E-1,0.E0));
#14131=DIRECTION('',(0.E0,-1.E0,0.E0));
#14132=DIRECTION('',(1.E0,0.E0,0.E0));
#14133=AXIS2_PLACEMENT_3D('',#14130,#14131,#14132);
#14134=PLANE('',#14133);
#14135=ORIENTED_EDGE('',*,*,#14080,.T.);
#14136=ORIENTED_EDGE('',*,*,#14095,.T.);
#14137=ORIENTED_EDGE('',*,*,#14109,.T.);
#14138=ORIENTED_EDGE('',*,*,#14124,.T.);
#14139=EDGE_LOOP('',(#14135,#14136,#14137,#14138));
#14140=FACE_OUTER_BOUND('',#14139,.F.);
#14142=CLOSED_SHELL('',(#14032,#14054,#14069,#14086,#14100,#14116,#14129,
#14141));
#14143=MANIFOLD_SOLID_BREP('',#14142);
#14144=FILL_AREA_STYLE_COLOUR('',#18);
#14145=FILL_AREA_STYLE('',(#14144));
#14146=SURFACE_STYLE_FILL_AREA(#14145);
#14147=SURFACE_SIDE_STYLE('',(#14146));
#14148=SURFACE_STYLE_USAGE(.POSITIVE.,#14147);
#14149=PRESENTATION_STYLE_ASSIGNMENT((#14148));
#13864=STYLED_ITEM('',(#14149),#14143);
#14151=DIRECTION('',(1.E0,0.E0,0.E0));
#14152=VECTOR('',#14151,2.5E-1);
#14153=CARTESIAN_POINT('',(6.25E-1,0.E0,2.2E0));
#14154=LINE('',#14153,#14152);
#14155=CURVE_STYLE('',#33,POSITIVE_LENGTH_MEASURE(2.E-2),#18);
#14156=PRESENTATION_STYLE_ASSIGNMENT((#14155));
#14157=STYLED_ITEM('',(#14156),#14154);
#14158=DIRECTION('',(0.E0,0.E0,1.E0));
#14159=VECTOR('',#14158,2.25E-1);
#14160=CARTESIAN_POINT('',(8.75E-1,0.E0,1.975E0));
#14161=LINE('',#14160,#14159);
#14162=CURVE_STYLE('',#33,POSITIVE_LENGTH_MEASURE(2.E-2),#18);
#14163=PRESENTATION_STYLE_ASSIGNMENT((#14162));
#14164=STYLED_ITEM('',(#14163),#14161);
#14165=CARTESIAN_POINT('',(7.5E-1,0.E0,1.975E0));
#14166=DIRECTION('',(0.E0,-1.E0,0.E0));
#14167=DIRECTION('',(-1.E0,0.E0,0.E0));
#14168=AXIS2_PLACEMENT_3D('',#14165,#14166,#14167);
#14170=CURVE_STYLE('',#33,POSITIVE_LENGTH_MEASURE(2.E-2),#18);
#14171=PRESENTATION_STYLE_ASSIGNMENT((#14170));
#14172=STYLED_ITEM('',(#14171),#14169);
#14173=DIRECTION('',(0.E0,0.E0,-1.E0));
#14174=VECTOR('',#14173,2.25E-1);
#14175=CARTESIAN_POINT('',(6.25E-1,0.E0,2.2E0));
#14176=LINE('',#14175,#14174);
#14177=CURVE_STYLE('',#33,POSITIVE_LENGTH_MEASURE(2.E-2),#18);
#14178=PRESENTATION_STYLE_ASSIGNMENT((#14177));
#14179=STYLED_ITEM('',(#14178),#14176);
#14180=DIRECTION('',(-1.E0,0.E0,0.E0));
#14181=VECTOR('',#14180,2.5E-1);
#14182=CARTESIAN_POINT('',(8.75E-1,1.E-1,2.2E0));
#14183=LINE('',#14182,#14181);
#14184=CURVE_STYLE('',#33,POSITIVE_LENGTH_MEASURE(2.E-2),#18);
#14185=PRESENTATION_STYLE_ASSIGNMENT((#14184));
#14186=STYLED_ITEM('',(#14185),#14183);
#14187=DIRECTION('',(0.E0,0.E0,-1.E0));
#14188=VECTOR('',#14187,5.E-2);
#14189=CARTESIAN_POINT('',(6.25E-1,1.E-1,2.25E0));
#14190=LINE('',#14189,#14188);
#14191=CURVE_STYLE('',#33,POSITIVE_LENGTH_MEASURE(2.E-2),#18);
#14192=PRESENTATION_STYLE_ASSIGNMENT((#14191));
#14193=STYLED_ITEM('',(#14192),#14190);
#14194=DIRECTION('',(0.E0,1.E0,0.E0));
#14195=VECTOR('',#14194,1.E-1);
#14196=CARTESIAN_POINT('',(6.25E-1,0.E0,2.2E0));
#14197=LINE('',#14196,#14195);
#14198=CURVE_STYLE('',#33,POSITIVE_LENGTH_MEASURE(2.E-2),#18);
#14199=PRESENTATION_STYLE_ASSIGNMENT((#14198));
#14200=STYLED_ITEM('',(#14199),#14197);
#14201=DIRECTION('',(0.E0,1.E0,0.E0));
#14202=VECTOR('',#14201,1.E-1);
#14203=CARTESIAN_POINT('',(6.25E-1,1.E-1,2.25E0));
#14204=LINE('',#14203,#14202);
#14205=CURVE_STYLE('',#33,POSITIVE_LENGTH_MEASURE(2.E-2),#18);
#14206=PRESENTATION_STYLE_ASSIGNMENT((#14205));
#14207=STYLED_ITEM('',(#14206),#14204);
#14208=DIRECTION('',(0.E0,1.E0,0.E0));
#14209=VECTOR('',#14208,2.E-1);
#14210=CARTESIAN_POINT('',(6.25E-1,0.E0,1.975E0));
#14211=LINE('',#14210,#14209);
#14212=CURVE_STYLE('',#33,POSITIVE_LENGTH_MEASURE(2.E-2),#18);
#14213=PRESENTATION_STYLE_ASSIGNMENT((#14212));
#14214=STYLED_ITEM('',(#14213),#14211);
#14215=DIRECTION('',(0.E0,0.E0,1.E0));
#14216=VECTOR('',#14215,5.E-2);
#14217=CARTESIAN_POINT('',(8.75E-1,1.E-1,2.2E0));
#14218=LINE('',#14217,#14216);
#14219=CURVE_STYLE('',#33,POSITIVE_LENGTH_MEASURE(2.E-2),#18);
#14220=PRESENTATION_STYLE_ASSIGNMENT((#14219));
#14221=STYLED_ITEM('',(#14220),#14218);
#14222=DIRECTION('',(0.E0,1.E0,0.E0));
#14223=VECTOR('',#14222,2.E-1);
#14224=CARTESIAN_POINT('',(8.75E-1,0.E0,1.975E0));
#14225=LINE('',#14224,#14223);
#14226=CURVE_STYLE('',#33,POSITIVE_LENGTH_MEASURE(2.E-2),#18);
#14227=PRESENTATION_STYLE_ASSIGNMENT((#14226));
#14228=STYLED_ITEM('',(#14227),#14225);
#14229=DIRECTION('',(0.E0,1.E0,0.E0));
#14230=VECTOR('',#14229,1.E-1);
#14231=CARTESIAN_POINT('',(8.75E-1,0.E0,2.2E0));
#14232=LINE('',#14231,#14230);
#14233=CURVE_STYLE('',#33,POSITIVE_LENGTH_MEASURE(2.E-2),#18);
#14234=PRESENTATION_STYLE_ASSIGNMENT((#14233));
#14235=STYLED_ITEM('',(#14234),#14232);
#14236=DIRECTION('',(-1.E0,0.E0,0.E0));
#14237=VECTOR('',#14236,2.5E-1);
#14238=CARTESIAN_POINT('',(8.75E-1,1.E-1,2.25E0));
#14239=LINE('',#14238,#14237);
#14240=CURVE_STYLE('',#33,POSITIVE_LENGTH_MEASURE(2.E-2),#18);
#14241=PRESENTATION_STYLE_ASSIGNMENT((#14240));
#14242=STYLED_ITEM('',(#14241),#14239);
#14243=DIRECTION('',(0.E0,1.E0,0.E0));
#14244=VECTOR('',#14243,1.E-1);
#14245=CARTESIAN_POINT('',(8.75E-1,1.E-1,2.25E0));
#14246=LINE('',#14245,#14244);
#14247=CURVE_STYLE('',#33,POSITIVE_LENGTH_MEASURE(2.E-2),#18);
#14248=PRESENTATION_STYLE_ASSIGNMENT((#14247));
#14249=STYLED_ITEM('',(#14248),#14246);
#14250=DIRECTION('',(0.E0,0.E0,-1.E0));
#14251=VECTOR('',#14250,2.75E-1);
#14252=CARTESIAN_POINT('',(6.25E-1,2.E-1,2.25E0));
#14253=LINE('',#14252,#14251);
#14254=CURVE_STYLE('',#33,POSITIVE_LENGTH_MEASURE(2.E-2),#18);
#14255=PRESENTATION_STYLE_ASSIGNMENT((#14254));
#14256=STYLED_ITEM('',(#14255),#14253);
#14257=CARTESIAN_POINT('',(7.5E-1,2.E-1,1.975E0));
#14258=DIRECTION('',(0.E0,-1.E0,0.E0));
#14259=DIRECTION('',(-1.E0,0.E0,0.E0));
#14260=AXIS2_PLACEMENT_3D('',#14257,#14258,#14259);
#14262=CURVE_STYLE('',#33,POSITIVE_LENGTH_MEASURE(2.E-2),#18);
#14263=PRESENTATION_STYLE_ASSIGNMENT((#14262));
#14264=STYLED_ITEM('',(#14263),#14261);
#14265=DIRECTION('',(0.E0,0.E0,1.E0));
#14266=VECTOR('',#14265,2.75E-1);
#14267=CARTESIAN_POINT('',(8.75E-1,2.E-1,1.975E0));
#14268=LINE('',#14267,#14266);
#14269=CURVE_STYLE('',#33,POSITIVE_LENGTH_MEASURE(2.E-2),#18);
#14270=PRESENTATION_STYLE_ASSIGNMENT((#14269));
#14271=STYLED_ITEM('',(#14270),#14268);
#14272=DIRECTION('',(-1.E0,0.E0,0.E0));
#14273=VECTOR('',#14272,2.5E-1);
#14274=CARTESIAN_POINT('',(8.75E-1,2.E-1,2.25E0));
#14275=LINE('',#14274,#14273);
#14276=CURVE_STYLE('',#33,POSITIVE_LENGTH_MEASURE(2.E-2),#18);
#14277=PRESENTATION_STYLE_ASSIGNMENT((#14276));
#14278=STYLED_ITEM('',(#14277),#14275);
#14279=CARTESIAN_POINT('',(6.25E-1,0.E0,1.975E0));
#14280=CARTESIAN_POINT('',(8.75E-1,0.E0,1.975E0));
#14281=VERTEX_POINT('',#14279);
#14282=VERTEX_POINT('',#14280);
#14283=CARTESIAN_POINT('',(6.25E-1,2.E-1,2.25E0));
#14284=CARTESIAN_POINT('',(6.25E-1,2.E-1,1.975E0));
#14285=VERTEX_POINT('',#14283);
#14286=VERTEX_POINT('',#14284);
#14287=CARTESIAN_POINT('',(8.75E-1,2.E-1,1.975E0));
#14288=VERTEX_POINT('',#14287);
#14289=CARTESIAN_POINT('',(8.75E-1,2.E-1,2.25E0));
#14290=VERTEX_POINT('',#14289);
#14291=CARTESIAN_POINT('',(8.75E-1,1.E-1,2.2E0));
#14292=CARTESIAN_POINT('',(6.25E-1,1.E-1,2.2E0));
#14293=VERTEX_POINT('',#14291);
#14294=VERTEX_POINT('',#14292);
#14295=CARTESIAN_POINT('',(6.25E-1,0.E0,2.2E0));
#14296=CARTESIAN_POINT('',(8.75E-1,0.E0,2.2E0));
#14297=VERTEX_POINT('',#14295);
#14298=VERTEX_POINT('',#14296);
#14299=CARTESIAN_POINT('',(6.25E-1,1.E-1,2.25E0));
#14300=VERTEX_POINT('',#14299);
#14301=CARTESIAN_POINT('',(8.75E-1,1.E-1,2.25E0));
#14302=VERTEX_POINT('',#14301);
#14303=CARTESIAN_POINT('',(0.E0,0.E0,0.E0));
#14304=DIRECTION('',(0.E0,-1.E0,0.E0));
#14305=DIRECTION('',(1.E0,0.E0,0.E0));
#14306=AXIS2_PLACEMENT_3D('',#14303,#14304,#14305);
#14307=PLANE('',#14306);
#14309=ORIENTED_EDGE('',*,*,#14308,.T.);
#14311=ORIENTED_EDGE('',*,*,#14310,.F.);
#14313=ORIENTED_EDGE('',*,*,#14312,.F.);
#14315=ORIENTED_EDGE('',*,*,#14314,.F.);
#14316=EDGE_LOOP('',(#14309,#14311,#14313,#14315));
#14317=FACE_OUTER_BOUND('',#14316,.F.);
#14319=FILL_AREA_STYLE_COLOUR('',#22);
#14320=FILL_AREA_STYLE('',(#14319));
#14321=SURFACE_STYLE_FILL_AREA(#14320);
#14322=SURFACE_SIDE_STYLE('',(#14321));
#14323=SURFACE_STYLE_USAGE(.POSITIVE.,#14322);
#14324=PRESENTATION_STYLE_ASSIGNMENT((#14323));
#14325=OVER_RIDING_STYLED_ITEM('',(#14324),#14318,#14150);
#14326=CARTESIAN_POINT('',(1.75E0,1.E-1,2.2E0));
#14327=DIRECTION('',(0.E0,0.E0,-1.E0));
#14328=DIRECTION('',(0.E0,-1.E0,0.E0));
#14329=AXIS2_PLACEMENT_3D('',#14326,#14327,#14328);
#14330=PLANE('',#14329);
#14332=ORIENTED_EDGE('',*,*,#14331,.F.);
#14334=ORIENTED_EDGE('',*,*,#14333,.F.);
#14335=ORIENTED_EDGE('',*,*,#14308,.F.);
#14337=ORIENTED_EDGE('',*,*,#14336,.T.);
#14338=EDGE_LOOP('',(#14332,#14334,#14335,#14337));
#14339=FACE_OUTER_BOUND('',#14338,.F.);
#14341=CARTESIAN_POINT('',(-1.75E0,1.E-1,-2.25E0));
#14342=DIRECTION('',(0.E0,1.E0,0.E0));
#14343=DIRECTION('',(0.E0,0.E0,1.E0));
#14344=AXIS2_PLACEMENT_3D('',#14341,#14342,#14343);
#14345=PLANE('',#14344);
#14346=ORIENTED_EDGE('',*,*,#14331,.T.);
#14348=ORIENTED_EDGE('',*,*,#14347,.F.);
#14350=ORIENTED_EDGE('',*,*,#14349,.F.);
#14352=ORIENTED_EDGE('',*,*,#14351,.F.);
#14353=EDGE_LOOP('',(#14346,#14348,#14350,#14352));
#14354=FACE_OUTER_BOUND('',#14353,.F.);
#14356=CARTESIAN_POINT('',(6.25E-1,0.E0,2.25E0));
#14357=DIRECTION('',(1.E0,0.E0,0.E0));
#14358=DIRECTION('',(0.E0,0.E0,-1.E0));
#14359=AXIS2_PLACEMENT_3D('',#14356,#14357,#14358);
#14360=PLANE('',#14359);
#14361=ORIENTED_EDGE('',*,*,#14347,.T.);
#14362=ORIENTED_EDGE('',*,*,#14336,.F.);
#14363=ORIENTED_EDGE('',*,*,#14314,.T.);
#14365=ORIENTED_EDGE('',*,*,#14364,.T.);
#14367=ORIENTED_EDGE('',*,*,#14366,.F.);
#14369=ORIENTED_EDGE('',*,*,#14368,.F.);
#14370=EDGE_LOOP('',(#14361,#14362,#14363,#14365,#14367,#14369));
#14371=FACE_OUTER_BOUND('',#14370,.F.);
#14373=CARTESIAN_POINT('',(7.5E-1,0.E0,1.975E0));
#14374=DIRECTION('',(0.E0,-1.E0,0.E0));
#14375=DIRECTION('',(1.E0,0.E0,0.E0));
#14376=AXIS2_PLACEMENT_3D('',#14373,#14374,#14375);
#14377=CYLINDRICAL_SURFACE('',#14376,1.25E-1);
#14378=ORIENTED_EDGE('',*,*,#14312,.T.);
#14380=ORIENTED_EDGE('',*,*,#14379,.T.);
#14382=ORIENTED_EDGE('',*,*,#14381,.F.);
#14383=ORIENTED_EDGE('',*,*,#14364,.F.);
#14384=EDGE_LOOP('',(#14378,#14380,#14382,#14383));
#14385=FACE_OUTER_BOUND('',#14384,.F.);
#14387=CARTESIAN_POINT('',(8.75E-1,0.E0,1.975E0));
#14388=DIRECTION('',(-1.E0,0.E0,0.E0));
#14389=DIRECTION('',(0.E0,0.E0,1.E0));
#14390=AXIS2_PLACEMENT_3D('',#14387,#14388,#14389);
#14391=PLANE('',#14390);
#14392=ORIENTED_EDGE('',*,*,#14351,.T.);
#14394=ORIENTED_EDGE('',*,*,#14393,.T.);
#14396=ORIENTED_EDGE('',*,*,#14395,.F.);
#14397=ORIENTED_EDGE('',*,*,#14379,.F.);
#14398=ORIENTED_EDGE('',*,*,#14310,.T.);
#14399=ORIENTED_EDGE('',*,*,#14333,.T.);
#14400=EDGE_LOOP('',(#14392,#14394,#14396,#14397,#14398,#14399));
#14401=FACE_OUTER_BOUND('',#14400,.F.);
#14403=CARTESIAN_POINT('',(8.75E-1,0.E0,2.25E0));
#14404=DIRECTION('',(0.E0,0.E0,-1.E0));
#14405=DIRECTION('',(-1.E0,0.E0,0.E0));
#14406=AXIS2_PLACEMENT_3D('',#14403,#14404,#14405);
#14407=PLANE('',#14406);
#14408=ORIENTED_EDGE('',*,*,#14349,.T.);
#14409=ORIENTED_EDGE('',*,*,#14368,.T.);
#14411=ORIENTED_EDGE('',*,*,#14410,.F.);
#14412=ORIENTED_EDGE('',*,*,#14393,.F.);
#14413=EDGE_LOOP('',(#14408,#14409,#14411,#14412));
#14414=FACE_OUTER_BOUND('',#14413,.F.);
#14416=CARTESIAN_POINT('',(0.E0,2.E-1,0.E0));
#14417=DIRECTION('',(0.E0,-1.E0,0.E0));
#14418=DIRECTION('',(1.E0,0.E0,0.E0));
#14419=AXIS2_PLACEMENT_3D('',#14416,#14417,#14418);
#14420=PLANE('',#14419);
#14421=ORIENTED_EDGE('',*,*,#14366,.T.);
#14422=ORIENTED_EDGE('',*,*,#14381,.T.);
#14423=ORIENTED_EDGE('',*,*,#14395,.T.);
#14424=ORIENTED_EDGE('',*,*,#14410,.T.);
#14425=EDGE_LOOP('',(#14421,#14422,#14423,#14424));
#14426=FACE_OUTER_BOUND('',#14425,.F.);
#14428=CLOSED_SHELL('',(#14318,#14340,#14355,#14372,#14386,#14402,#14415,
#14427));
#14429=MANIFOLD_SOLID_BREP('',#14428);
#14430=FILL_AREA_STYLE_COLOUR('',#18);
#14431=FILL_AREA_STYLE('',(#14430));
#14432=SURFACE_STYLE_FILL_AREA(#14431);
#14433=SURFACE_SIDE_STYLE('',(#14432));
#14434=SURFACE_STYLE_USAGE(.POSITIVE.,#14433);
#14435=PRESENTATION_STYLE_ASSIGNMENT((#14434));
#14150=STYLED_ITEM('',(#14435),#14429);
#14438=PLANE_ANGLE_MEASURE_WITH_UNIT(PLANE_ANGLE_MEASURE(1.745329251994E-2),
#14437);
#14439=(CONVERSION_BASED_UNIT('DEGREE',#14438)NAMED_UNIT(*)PLANE_ANGLE_UNIT());
#14441=UNCERTAINTY_MEASURE_WITH_UNIT(LENGTH_MEASURE(5.704156103410E-4),#14436,
'distance_accuracy_value',
'Maximum model space distance between geometric entities at asserted connectivities');
#14443=CARTESIAN_POINT('',(0.E0,0.E0,0.E0));
#14444=DIRECTION('',(0.E0,0.E0,1.E0));
#14445=DIRECTION('',(1.E0,0.E0,0.E0));
#14448=PRODUCT_CONTEXT('',#7060,'mechanical');
#14449=PRODUCT('FRAME-RGY0020C_AF0','FRAME-RGY0020C_AF0','NOT SPECIFIED',
(#14448));
#14450=PRODUCT_DEFINITION_FORMATION('122','LAST_VERSION',#14449);
#14458=DERIVED_UNIT_ELEMENT(#14457,2.E0);
#14459=DERIVED_UNIT((#14458));
#14460=MEASURE_REPRESENTATION_ITEM('surface area measure',AREA_MEASURE(
2.890204150551E1),#14459);
#14465=DERIVED_UNIT_ELEMENT(#14464,3.E0);
#14466=DERIVED_UNIT((#14465));
#14467=MEASURE_REPRESENTATION_ITEM('volume measure',VOLUME_MEASURE(
2.022049757830E0),#14466);
#14471=CARTESIAN_POINT('centre point',(2.978638671518E-3,1.032918329404E-1,
4.493217217311E-3));
#14476=DERIVED_UNIT_ELEMENT(#14475,2.E0);
#14477=DERIVED_UNIT((#14476));
#14478=MEASURE_REPRESENTATION_ITEM('surface area measure',AREA_MEASURE(
2.890204150551E1),#14477);
#14483=DERIVED_UNIT_ELEMENT(#14482,3.E0);
#14484=DERIVED_UNIT((#14483));
#14485=MEASURE_REPRESENTATION_ITEM('volume measure',VOLUME_MEASURE(
2.022049757830E0),#14484);
#14489=CARTESIAN_POINT('centre point',(2.978638671518E-3,1.032918329404E-1,
4.493217217311E-3));
#14496=CARTESIAN_POINT('centre point',(2.978638671518E-3,-4.493217217311E-3,
1.032918329404E-1));
#14500=CARTESIAN_POINT('',(0.E0,0.E0,0.E0));
#14501=DIRECTION('',(0.E0,-1.E0,0.E0));
#14502=DIRECTION('',(1.E0,0.E0,0.E0));
#14503=AXIS2_PLACEMENT_3D('',#14500,#14501,#14502);
#14504=ITEM_DEFINED_TRANSFORMATION('','',#14446,#14503);
#14505=(REPRESENTATION_RELATIONSHIP('','',#14447,#7111)REPRESENTATION_RELATIONSHIP_WITH_TRANSFORMATION(#14504)SHAPE_REPRESENTATION_RELATIONSHIP());
#14506=CONTEXT_DEPENDENT_SHAPE_REPRESENTATION(#14505,#14495);
#14509=PLANE_ANGLE_MEASURE_WITH_UNIT(PLANE_ANGLE_MEASURE(1.745329251994E-2),
#14508);
#14510=(CONVERSION_BASED_UNIT('DEGREE',#14509)NAMED_UNIT(*)PLANE_ANGLE_UNIT());
#14512=UNCERTAINTY_MEASURE_WITH_UNIT(LENGTH_MEASURE(3.481957785413E-4),#14507,
'distance_accuracy_value',
'Maximum model space distance between geometric entities at asserted connectivities');
#14514=CARTESIAN_POINT('',(0.E0,0.E0,0.E0));
#14515=DIRECTION('',(0.E0,0.E0,1.E0));
#14516=DIRECTION('',(1.E0,0.E0,0.E0));
#14519=PRODUCT_DEFINITION_CONTEXT('part definition',#7060,'design');
#14520=PRODUCT_CONTEXT('',#7060,'mechanical');
#14521=PRODUCT('PIN1-ID','PIN1-ID','NOT SPECIFIED',(#14520));
#14522=PRODUCT_DEFINITION_FORMATION('17','LAST_VERSION',#14521);
#14528=CARTESIAN_POINT('',(0.E0,0.E0,1.E0));
#14529=DIRECTION('',(0.E0,-1.E0,0.E0));
#14530=DIRECTION('',(1.E0,0.E0,0.E0));
#14531=AXIS2_PLACEMENT_3D('',#14528,#14529,#14530);
#14532=ITEM_DEFINED_TRANSFORMATION('','',#14517,#14531);
#14533=(REPRESENTATION_RELATIONSHIP('','',#14518,#7111)REPRESENTATION_RELATIONSHIP_WITH_TRANSFORMATION(#14532)SHAPE_REPRESENTATION_RELATIONSHIP());
#14534=CONTEXT_DEPENDENT_SHAPE_REPRESENTATION(#14533,#14527);
#14537=PLANE_ANGLE_MEASURE_WITH_UNIT(PLANE_ANGLE_MEASURE(1.745329251994E-2),
#14536);
#14538=(CONVERSION_BASED_UNIT('DEGREE',#14537)NAMED_UNIT(*)PLANE_ANGLE_UNIT());
#14540=UNCERTAINTY_MEASURE_WITH_UNIT(LENGTH_MEASURE(6.041281325878E-4),#14535,
'distance_accuracy_value',
'Maximum model space distance between geometric entities at asserted connectivities');
#14542=CARTESIAN_POINT('',(0.E0,0.E0,0.E0));
#14543=DIRECTION('',(0.E0,0.E0,1.E0));
#14544=DIRECTION('',(1.E0,0.E0,0.E0));
#14546=MECHANICAL_DESIGN_GEOMETRIC_PRESENTATION_REPRESENTATION('',(#36,#43,#51,
#58,#65,#72,#80,#87,#94,#101,#109,#116,#123,#130,#138,#145,#152,#159,#167,#174,
#181,#188,#196,#203,#210,#217,#225,#232,#239,#246,#254,#261,#268,#275,#282,#290,
#297,#304,#311,#318,#325,#332,#339,#346,#353,#360,#368,#375,#382,#389,#396,#403,
#410,#417,#424,#432,#439,#446,#453,#461,#468,#475,#482,#490,#497,#504,#511,#519,
#526,#533,#540,#548,#555,#562,#569,#577,#584,#591,#598,#606,#613,#620,#627,#635,
#642,#649,#656,#663,#671,#678,#685,#692,#699,#706,#713,#720,#727,#734,#742,#749,
#756,#763,#770,#777,#784,#791,#798,#805,#812,#819,#826,#833,#840,#847,#854,#861,
#868,#875,#882,#889,#896,#903,#910,#917,#924,#931,#938,#945,#952,#959,#966,#973,
#980,#987,#994,#1001,#1008,#1015,#1022,#1029,#1036,#1043,#1050,#1057,#1064,
#1071,#1078,#1085,#1092,#1099,#1106,#1113,#1120,#1127,#1134,#1141,#1148,#1155,
#1162,#1169,#1176,#1183,#1190,#1197,#1204,#1211,#1218,#1225,#1232,#1239,#1246,
#1253,#1260,#1267,#1274,#1281,#1288,#1295,#1302,#1309,#1316,#1323,#1330,#1337,
#1344,#1351,#1358,#1365,#1372,#1379,#1386,#1393,#1400,#1407,#1414,#1421,#1428,
#1435,#1442,#1449,#1456,#1463,#1470,#1477,#1484,#1491,#1498,#1505,#1512,#1520,
#1527,#1534,#1541,#1548,#1555,#1562,#1569,#1576,#1583,#1590,#1597,#1604,#1611,
#1618,#1625,#1632,#1639,#1646,#1653,#1660,#1667,#1674,#1681,#1688,#1695,#1702,
#1709,#1716,#1723,#1730,#1737,#1744,#1751,#1758,#1765,#1772,#1779,#1786,#1793,
#1800,#1807,#1814,#1821,#1828,#1835,#1842,#1849,#1856,#1863,#1870,#1877,#1884,
#1891,#1898,#1905,#1912,#1919,#1926,#1933,#1940,#1947,#1954,#1961,#1968,#1975,
#1982,#1989,#1996,#2003,#2010,#2017,#2024,#2031,#2038,#2045,#2052,#2059,#2066,
#2073,#2080,#2087,#2094,#2101,#2108,#2115,#2122,#2129,#2136,#2144,#2151,#2158,
#2165,#2172,#2179,#2186,#2193,#2200,#2207,#2214,#2222,#2229,#2236,#2243,#2250,
#2257,#2264,#2271,#2278,#2285,#2292,#2300,#2307,#2314,#2321,#2328,#2335,#2342,
#2349,#2356,#2363,#2370,#2378,#2385,#2392,#2399,#2406,#2413,#2420,#2427,#2434,
#2441,#2448,#2456,#2463,#2470,#2477,#2484,#2491,#2498,#2505,#2512,#2519,#2526,
#2534,#2541,#2548,#2555,#2562,#2569,#2576,#2583,#2590,#2597,#2604,#2612,#2619,
#2626,#2633,#2640,#2647,#2654,#2661,#2668,#2675,#2682,#2690,#2697,#2704,#2711,
#2718,#2725,#2732,#2739,#2746,#2753,#2760,#2768,#2775,#2782,#2789,#2796,#2803,
#2810,#2817,#2824,#2831,#2838,#2846,#2853,#2860,#2867,#2874,#2881,#2888,#2895,
#2902,#2909,#2916,#2924,#2931,#2938,#2945,#2952,#2959,#2966,#2973,#2980,#2987,
#2994,#3002,#3009,#3016,#3023,#3030,#3037,#3044,#3051,#3058,#3065,#3072,#3080,
#3087,#3094,#3101,#3108,#3115,#3122,#3129,#3136,#3143,#3150,#3158,#3165,#3172,
#3179,#3186,#3193,#3200,#3207,#3214,#3221,#3228,#3235,#3243,#3250,#3257,#3264,
#3271,#3278,#3285,#3292,#3299,#3306,#3314,#3321,#3328,#3335,#3342,#3349,#3356,
#3363,#3370,#3377,#3384,#3392,#3399,#3406,#3413,#3420,#3427,#3434,#3441,#3448,
#3455,#3462,#3470,#3477,#3484,#3491,#3498,#3505,#3512,#3519,#3527,#3534,#5686,
#5718,#28,#7132,#7139,#7146,#7153,#7160,#7167,#7174,#7181,#7188,#7195,#7202,
#7209,#7216,#7223,#7230,#7237,#7244,#7251,#7258,#7265,#7272,#7279,#7286,#7293,
#7300,#7307,#7314,#7321,#7328,#7335,#7342,#7349,#7356,#7363,#7370,#7377,#7384,
#7391,#7398,#7405,#7412,#7419,#7426,#7433,#7440,#7447,#7454,#7461,#7468,#7475,
#7482,#7489,#7496,#7503,#7510,#7517,#7524,#7531,#7538,#7545,#7552,#7559,#7566,
#7573,#7580,#7587,#7594,#7601,#7608,#7615,#7622,#7629,#7636,#7643,#7650,#7657,
#7664,#7671,#7678,#7685,#7692,#7699,#7706,#7713,#7720,#7727,#7734,#7741,#7748,
#7755,#7762,#7769,#7776,#7783,#7790,#7797,#7804,#7811,#7818,#7825,#7832,#7839,
#7846,#7853,#7860,#7867,#7874,#7881,#7888,#7895,#7902,#8272,#7125,#8723,#8730,
#8738,#8745,#8752,#8759,#8766,#8773,#8780,#8787,#8794,#8801,#8808,#8815,#8822,
#8829,#8836,#8844,#8891,#8716,#9009,#9016,#9024,#9031,#9038,#9045,#9052,#9059,
#9066,#9073,#9080,#9087,#9094,#9101,#9108,#9115,#9122,#9130,#9177,#9002,#9295,
#9302,#9310,#9317,#9324,#9331,#9338,#9345,#9352,#9359,#9366,#9373,#9380,#9387,
#9394,#9401,#9408,#9416,#9463,#9288,#9581,#9588,#9596,#9603,#9610,#9617,#9624,
#9631,#9638,#9645,#9652,#9659,#9666,#9673,#9680,#9687,#9694,#9702,#9749,#9574,
#9867,#9874,#9882,#9889,#9896,#9903,#9910,#9917,#9924,#9931,#9938,#9945,#9952,
#9959,#9966,#9973,#9980,#9988,#10035,#9860,#10153,#10160,#10168,#10175,#10182,
#10189,#10196,#10203,#10210,#10217,#10224,#10231,#10238,#10245,#10252,#10260,
#10267,#10274,#10321,#10146,#10439,#10446,#10454,#10461,#10468,#10475,#10482,
#10489,#10496,#10503,#10510,#10517,#10524,#10531,#10538,#10546,#10553,#10560,
#10607,#10432,#10725,#10732,#10740,#10747,#10754,#10761,#10768,#10775,#10782,
#10789,#10796,#10803,#10810,#10817,#10824,#10832,#10839,#10846,#10893,#10718,
#11011,#11018,#11026,#11033,#11040,#11047,#11054,#11061,#11068,#11075,#11082,
#11089,#11096,#11103,#11110,#11118,#11125,#11132,#11179,#11004,#11297,#11304,
#11312,#11319,#11326,#11333,#11340,#11347,#11354,#11361,#11368,#11375,#11382,
#11389,#11396,#11404,#11411,#11418,#11465,#11290,#11583,#11590,#11598,#11605,
#11612,#11619,#11626,#11633,#11640,#11647,#11654,#11661,#11668,#11675,#11682,
#11689,#11696,#11704,#11751,#11576,#11869,#11876,#11884,#11891,#11898,#11905,
#11912,#11919,#11926,#11933,#11940,#11947,#11954,#11961,#11968,#11975,#11982,
#11990,#12037,#11862,#12155,#12162,#12170,#12177,#12184,#12191,#12198,#12205,
#12212,#12219,#12226,#12233,#12240,#12247,#12254,#12261,#12268,#12276,#12323,
#12148,#12441,#12448,#12456,#12463,#12470,#12477,#12484,#12491,#12498,#12505,
#12512,#12519,#12526,#12533,#12540,#12548,#12555,#12562,#12609,#12434,#12727,
#12734,#12742,#12749,#12756,#12763,#12770,#12777,#12784,#12791,#12798,#12805,
#12812,#12819,#12826,#12834,#12841,#12848,#12895,#12720,#13013,#13020,#13028,
#13035,#13042,#13049,#13056,#13063,#13070,#13077,#13084,#13091,#13098,#13105,
#13112,#13120,#13127,#13134,#13181,#13006,#13299,#13306,#13314,#13321,#13328,
#13335,#13342,#13349,#13356,#13363,#13370,#13377,#13384,#13391,#13398,#13405,
#13412,#13420,#13467,#13292,#13585,#13592,#13600,#13607,#13614,#13621,#13628,
#13635,#13642,#13649,#13656,#13663,#13670,#13677,#13684,#13691,#13698,#13706,
#13753,#13578,#13871,#13878,#13886,#13893,#13900,#13907,#13914,#13921,#13928,
#13935,#13942,#13949,#13956,#13963,#13970,#13978,#13985,#13992,#14039,#13864,
#14157,#14164,#14172,#14179,#14186,#14193,#14200,#14207,#14214,#14221,#14228,
#14235,#14242,#14249,#14256,#14264,#14271,#14278,#14325,#14150),#14541);
#14547=PRODUCT_CONTEXT('',#7060,'mechanical');
#14548=PRODUCT('RGY0020C_ASM','RGY0020C_ASM','NOT SPECIFIED',(#14547));
#14549=PRODUCT_DEFINITION_FORMATION('242','LAST_VERSION',#14548);
#14552=DERIVED_UNIT_ELEMENT(#14551,2.E0);
#14553=DERIVED_UNIT((#14552));
#14554=MEASURE_REPRESENTATION_ITEM('surface area measure',AREA_MEASURE(
8.241268677585E1),#14553);
#14559=DERIVED_UNIT_ELEMENT(#14558,3.E0);
#14560=DERIVED_UNIT((#14559));
#14561=MEASURE_REPRESENTATION_ITEM('volume measure',VOLUME_MEASURE(
1.551764680546E1),#14560);
#14565=CARTESIAN_POINT('centre point',(1.552536657101E-4,-2.341856657777E-4,
5.070289121124E-1));
#14569=PRODUCT_RELATED_PRODUCT_CATEGORY('part','',(#14548,#7064,#14449,#14521));
#1=COLOUR_RGB('',0.E0,4.3E-1,1.E0);
#2=COLOUR_RGB('',0.E0,6.6E-1,0.E0);
#3=COLOUR_RGB('',1.29412E-1,5.E-2,1.E-1);
#4=COLOUR_RGB('',1.80392E-1,2.7451E-1,9.8039E-2);
#5=COLOUR_RGB('',2.54902E-1,5.4902E-1,0.E0);
#6=COLOUR_RGB('',2.7451E-1,2.7451E-1,2.7451E-1);
#7=COLOUR_RGB('',3.E-1,1.29412E-1,2.5098E-1);
#8=COLOUR_RGB('',3.13725E-1,3.13725E-1,3.13725E-1);
#9=COLOUR_RGB('',3.5E-1,3.5E-1,3.5E-1);
#10=COLOUR_RGB('',3.92157E-1,3.92157E-1,3.92157E-1);
#11=COLOUR_RGB('',5.7E-1,0.E0,1.E0);
#12=COLOUR_RGB('',5.9E-1,3.E-1,0.E0);
#13=COLOUR_RGB('',6.E-1,6.E-1,6.E-1);
#14=COLOUR_RGB('',6.9E-1,0.E0,0.E0);
#15=COLOUR_RGB('',6.952E-1,7.426E-1,7.9E-1);
#16=COLOUR_RGB('',7.E-1,7.E-1,7.E-1);
#17=COLOUR_RGB('',7.45098E-1,3.92157E-1,2.94118E-1);
#18=COLOUR_RGB('',8.27451E-1,3.29412E-1,7.0588E-2);
#19=COLOUR_RGB('',8.39216E-1,8.90196E-1,7.68627E-1);
#20=COLOUR_RGB('',8.7E-1,7.5E-1,4.9E-1);
#21=COLOUR_RGB('',8.9E-1,9.2E-1,9.4E-1);
#22=COLOUR_RGB('',9.80392E-1,9.80392E-1,9.80392E-1);
#23=COLOUR_RGB('',9.9E-1,1.E0,0.E0);
#24=COLOUR_RGB('',1.E0,5.E-1,0.E0);
#25=COLOUR_RGB('',1.E0,7.84314E-1,0.E0);
#26=DRAUGHTING_PRE_DEFINED_COLOUR('white');
#27=COLOUR_RGB('',8.5E-1,8.5E-1,8.5E-1);
#48=CIRCLE('',#47,1.25E-1);
#77=CIRCLE('',#76,1.25E-1);
#106=CIRCLE('',#105,1.25E-1);
#135=CIRCLE('',#134,1.25E-1);
#164=CIRCLE('',#163,1.25E-1);
#193=CIRCLE('',#192,1.25E-1);
#222=CIRCLE('',#221,1.25E-1);
#251=CIRCLE('',#250,1.25E-1);
#287=CIRCLE('',#286,1.25E-1);
#365=CIRCLE('',#364,1.25E-1);
#429=CIRCLE('',#428,1.25E-1);
#458=CIRCLE('',#457,1.25E-1);
#487=CIRCLE('',#486,1.25E-1);
#516=CIRCLE('',#515,1.25E-1);
#545=CIRCLE('',#544,1.25E-1);
#574=CIRCLE('',#573,1.25E-1);
#603=CIRCLE('',#602,1.25E-1);
#632=CIRCLE('',#631,1.25E-1);
#668=CIRCLE('',#667,1.25E-1);
#739=CIRCLE('',#738,1.25E-1);
#1517=CIRCLE('',#1516,1.25E-1);
#2141=CIRCLE('',#2140,1.25E-1);
#2219=CIRCLE('',#2218,1.25E-1);
#2297=CIRCLE('',#2296,1.25E-1);
#2375=CIRCLE('',#2374,1.25E-1);
#2453=CIRCLE('',#2452,1.25E-1);
#2531=CIRCLE('',#2530,1.25E-1);
#2609=CIRCLE('',#2608,1.25E-1);
#2687=CIRCLE('',#2686,1.25E-1);
#2765=CIRCLE('',#2764,1.25E-1);
#2843=CIRCLE('',#2842,1.25E-1);
#2921=CIRCLE('',#2920,1.25E-1);
#2999=CIRCLE('',#2998,1.25E-1);
#3077=CIRCLE('',#3076,1.25E-1);
#3155=CIRCLE('',#3154,1.25E-1);
#3240=CIRCLE('',#3239,1.25E-1);
#3311=CIRCLE('',#3310,1.25E-1);
#3389=CIRCLE('',#3388,1.25E-1);
#3467=CIRCLE('',#3466,1.25E-1);
#3524=CIRCLE('',#3523,1.25E-1);
#4200=EDGE_CURVE('',#3885,#3886,#32,.T.);
#4202=EDGE_CURVE('',#3886,#3721,#40,.T.);
#4204=EDGE_CURVE('',#3721,#3722,#48,.T.);
#4206=EDGE_CURVE('',#3889,#3722,#55,.T.);
#4208=EDGE_CURVE('',#3889,#3890,#62,.T.);
#4210=EDGE_CURVE('',#3890,#3717,#69,.T.);
#4212=EDGE_CURVE('',#3717,#3718,#77,.T.);
#4214=EDGE_CURVE('',#3893,#3718,#84,.T.);
#4216=EDGE_CURVE('',#3893,#3894,#91,.T.);
#4218=EDGE_CURVE('',#3894,#3713,#98,.T.);
#4220=EDGE_CURVE('',#3713,#3714,#106,.T.);
#4222=EDGE_CURVE('',#3897,#3714,#113,.T.);
#4224=EDGE_CURVE('',#3897,#3898,#120,.T.);
#4226=EDGE_CURVE('',#3898,#3637,#127,.T.);
#4228=EDGE_CURVE('',#3637,#3638,#135,.T.);
#4230=EDGE_CURVE('',#3901,#3638,#142,.T.);
#4232=EDGE_CURVE('',#3901,#3902,#149,.T.);
#4234=EDGE_CURVE('',#3902,#3633,#156,.T.);
#4236=EDGE_CURVE('',#3633,#3634,#164,.T.);
#4238=EDGE_CURVE('',#3905,#3634,#171,.T.);
#4240=EDGE_CURVE('',#3905,#3906,#178,.T.);
#4242=EDGE_CURVE('',#3906,#3629,#185,.T.);
#4244=EDGE_CURVE('',#3629,#3630,#193,.T.);
#4246=EDGE_CURVE('',#3909,#3630,#200,.T.);
#4248=EDGE_CURVE('',#3909,#3910,#207,.T.);
#4250=EDGE_CURVE('',#3910,#3625,#214,.T.);
#4252=EDGE_CURVE('',#3625,#3626,#222,.T.);
#4254=EDGE_CURVE('',#3913,#3626,#229,.T.);
#4256=EDGE_CURVE('',#3913,#3914,#236,.T.);
#4258=EDGE_CURVE('',#3914,#3621,#243,.T.);
#4260=EDGE_CURVE('',#3621,#3622,#251,.T.);
#4262=EDGE_CURVE('',#3917,#3622,#258,.T.);
#4264=EDGE_CURVE('',#3917,#3918,#265,.T.);
#4266=EDGE_CURVE('',#3918,#3920,#272,.T.);
#4268=EDGE_CURVE('',#3920,#3781,#279,.T.);
#4270=EDGE_CURVE('',#3781,#3782,#287,.T.);
#4272=EDGE_CURVE('',#3923,#3782,#294,.T.);
#4274=EDGE_CURVE('',#3923,#3924,#301,.T.);
#4276=EDGE_CURVE('',#3924,#3822,#308,.T.);
#4278=EDGE_CURVE('',#3822,#3578,#315,.T.);
#4280=EDGE_CURVE('',#3577,#3578,#322,.T.);
#4282=EDGE_CURVE('',#3574,#3577,#329,.T.);
#4284=EDGE_CURVE('',#3573,#3574,#336,.T.);
#4286=EDGE_CURVE('',#4186,#3573,#343,.T.);
#4288=EDGE_CURVE('',#4186,#4142,#350,.T.);
#4290=EDGE_CURVE('',#4142,#3774,#357,.T.);
#4292=EDGE_CURVE('',#3773,#3774,#365,.T.);
#4294=EDGE_CURVE('',#4136,#3773,#372,.T.);
#4296=EDGE_CURVE('',#4136,#3885,#379,.T.);
#4300=ADVANCED_FACE('',(#4299),#4199,.F.);
#4306=EDGE_CURVE('',#3927,#3928,#386,.T.);
#4308=EDGE_CURVE('',#3928,#3865,#393,.T.);
#4310=EDGE_CURVE('',#3865,#3866,#400,.T.);
#4312=EDGE_CURVE('',#3927,#3866,#407,.T.);
#4316=ADVANCED_FACE('',(#4315),#4305,.F.);
#4322=EDGE_CURVE('',#3931,#3932,#414,.T.);
#4324=EDGE_CURVE('',#3932,#3550,#421,.T.);
#4326=EDGE_CURVE('',#3549,#3550,#429,.T.);
#4328=EDGE_CURVE('',#3935,#3549,#436,.T.);
#4330=EDGE_CURVE('',#3935,#3936,#443,.T.);
#4332=EDGE_CURVE('',#3936,#3554,#450,.T.);
#4334=EDGE_CURVE('',#3553,#3554,#458,.T.);
#4336=EDGE_CURVE('',#3939,#3553,#465,.T.);
#4338=EDGE_CURVE('',#3939,#3940,#472,.T.);
#4340=EDGE_CURVE('',#3940,#3558,#479,.T.);
#4342=EDGE_CURVE('',#3557,#3558,#487,.T.);
#4344=EDGE_CURVE('',#3943,#3557,#494,.T.);
#4346=EDGE_CURVE('',#3943,#3944,#501,.T.);
#4348=EDGE_CURVE('',#3944,#3562,#508,.T.);
#4350=EDGE_CURVE('',#3561,#3562,#516,.T.);
#4352=EDGE_CURVE('',#3947,#3561,#523,.T.);
#4354=EDGE_CURVE('',#3947,#3948,#530,.T.);
#4356=EDGE_CURVE('',#3948,#3566,#537,.T.);
#4358=EDGE_CURVE('',#3565,#3566,#545,.T.);
#4360=EDGE_CURVE('',#3951,#3565,#552,.T.);
#4362=EDGE_CURVE('',#3951,#3952,#559,.T.);
#4364=EDGE_CURVE('',#3952,#3702,#566,.T.);
#4366=EDGE_CURVE('',#3701,#3702,#574,.T.);
#4368=EDGE_CURVE('',#3955,#3701,#581,.T.);
#4370=EDGE_CURVE('',#3955,#3956,#588,.T.);
#4372=EDGE_CURVE('',#3956,#3706,#595,.T.);
#4374=EDGE_CURVE('',#3705,#3706,#603,.T.);
#4376=EDGE_CURVE('',#3959,#3705,#610,.T.);
#4378=EDGE_CURVE('',#3959,#3960,#617,.T.);
#4380=EDGE_CURVE('',#3960,#3710,#624,.T.);
#4382=EDGE_CURVE('',#3709,#3710,#632,.T.);
#4384=EDGE_CURVE('',#3963,#3709,#639,.T.);
#4386=EDGE_CURVE('',#3963,#3964,#646,.T.);
#4388=EDGE_CURVE('',#3964,#3966,#653,.T.);
#4390=EDGE_CURVE('',#3966,#3778,#660,.T.);
#4392=EDGE_CURVE('',#3777,#3778,#668,.T.);
#4394=EDGE_CURVE('',#3969,#3777,#675,.T.);
#4396=EDGE_CURVE('',#3969,#3970,#682,.T.);
#4398=EDGE_CURVE('',#3970,#3820,#689,.T.);
#4400=EDGE_CURVE('',#3820,#3584,#696,.T.);
#4402=EDGE_CURVE('',#3582,#3584,#703,.T.);
#4404=EDGE_CURVE('',#3581,#3582,#710,.T.);
#4406=EDGE_CURVE('',#4184,#3581,#717,.T.);
#4408=EDGE_CURVE('',#4184,#4156,#724,.T.);
#4410=EDGE_CURVE('',#4156,#3785,#731,.T.);
#4412=EDGE_CURVE('',#3785,#3786,#739,.T.);
#4414=EDGE_CURVE('',#4162,#3786,#746,.T.);
#4416=EDGE_CURVE('',#4162,#3931,#753,.T.);
#4420=ADVANCED_FACE('',(#4419),#4321,.F.);
#4426=EDGE_CURVE('',#3973,#3974,#760,.T.);
#4428=EDGE_CURVE('',#3974,#3862,#767,.T.);
#4430=EDGE_CURVE('',#3861,#3862,#774,.T.);
#4432=EDGE_CURVE('',#3973,#3861,#781,.T.);
#4436=ADVANCED_FACE('',(#4435),#4425,.F.);
#4443=EDGE_CURVE('',#3885,#4164,#795,.T.);
#4445=EDGE_CURVE('',#4164,#4128,#816,.T.);
#4447=EDGE_CURVE('',#3886,#4128,#1012,.T.);
#4451=ADVANCED_FACE('',(#4450),#4441,.F.);
#4458=EDGE_CURVE('',#4130,#3889,#3481,.T.);
#4460=EDGE_CURVE('',#4130,#4124,#830,.T.);
#4462=EDGE_CURVE('',#3890,#4124,#3438,.T.);
#4466=ADVANCED_FACE('',(#4465),#4456,.F.);
#4473=EDGE_CURVE('',#4126,#3893,#3403,.T.);
#4475=EDGE_CURVE('',#4126,#4120,#837,.T.);
#4477=EDGE_CURVE('',#3894,#4120,#3360,.T.);
#4481=ADVANCED_FACE('',(#4480),#4471,.F.);
#4488=EDGE_CURVE('',#4122,#3897,#3325,.T.);
#4490=EDGE_CURVE('',#4122,#4104,#844,.T.);
#4492=EDGE_CURVE('',#3898,#4104,#3282,.T.);
#4496=ADVANCED_FACE('',(#4495),#4486,.F.);
#4503=EDGE_CURVE('',#4106,#3901,#3247,.T.);
#4505=EDGE_CURVE('',#4106,#4100,#851,.T.);
#4507=EDGE_CURVE('',#3902,#4100,#3204,.T.);
#4511=ADVANCED_FACE('',(#4510),#4501,.F.);
#4518=EDGE_CURVE('',#4102,#3905,#3169,.T.);
#4520=EDGE_CURVE('',#4102,#4096,#858,.T.);
#4522=EDGE_CURVE('',#3906,#4096,#3126,.T.);
#4526=ADVANCED_FACE('',(#4525),#4516,.F.);
#4533=EDGE_CURVE('',#4098,#3909,#3091,.T.);
#4535=EDGE_CURVE('',#4098,#4092,#865,.T.);
#4537=EDGE_CURVE('',#3910,#4092,#3048,.T.);
#4541=ADVANCED_FACE('',(#4540),#4531,.F.);
#4548=EDGE_CURVE('',#4094,#3913,#3013,.T.);
#4550=EDGE_CURVE('',#4094,#4088,#872,.T.);
#4552=EDGE_CURVE('',#3914,#4088,#2970,.T.);
#4556=ADVANCED_FACE('',(#4555),#4546,.F.);
#4563=EDGE_CURVE('',#4090,#3917,#2935,.T.);
#4565=EDGE_CURVE('',#4090,#4166,#886,.T.);
#4567=EDGE_CURVE('',#3918,#4166,#809,.T.);
#4571=ADVANCED_FACE('',(#4570),#4561,.F.);
#4578=EDGE_CURVE('',#3964,#4176,#788,.T.);
#4580=EDGE_CURVE('',#4176,#4146,#970,.T.);
#4582=EDGE_CURVE('',#3966,#4146,#2906,.T.);
#4586=ADVANCED_FACE('',(#4585),#4576,.F.);
#4593=EDGE_CURVE('',#4144,#3969,#2864,.T.);
#4595=EDGE_CURVE('',#4144,#4178,#984,.T.);
#4597=EDGE_CURVE('',#3970,#4178,#2014,.T.);
#4601=ADVANCED_FACE('',(#4600),#4591,.F.);
#4608=EDGE_CURVE('',#3973,#4181,#2028,.T.);
#4610=EDGE_CURVE('',#4181,#4182,#991,.T.);
#4612=EDGE_CURVE('',#3974,#4182,#2070,.T.);
#4616=ADVANCED_FACE('',(#4615),#4606,.F.);
#4622=EDGE_CURVE('',#4134,#4136,#2786,.T.);
#4624=EDGE_CURVE('',#4134,#4164,#823,.T.);
#4630=ADVANCED_FACE('',(#4629),#4621,.F.);
#4636=EDGE_CURVE('',#4142,#4139,#2828,.T.);
#4639=EDGE_CURVE('',#4186,#4192,#1972,.T.);
#4641=EDGE_CURVE('',#4192,#4139,#998,.T.);
#4645=ADVANCED_FACE('',(#4644),#4635,.F.);
#4652=EDGE_CURVE('',#3931,#4168,#802,.T.);
#4654=EDGE_CURVE('',#4168,#4070,#907,.T.);
#4656=EDGE_CURVE('',#3932,#4070,#2750,.T.);
#4660=ADVANCED_FACE('',(#4659),#4650,.F.);
#4667=EDGE_CURVE('',#4068,#3935,#2708,.T.);
#4669=EDGE_CURVE('',#4068,#4074,#921,.T.);
#4671=EDGE_CURVE('',#3936,#4074,#2672,.T.);
#4675=ADVANCED_FACE('',(#4674),#4665,.F.);
#4682=EDGE_CURVE('',#4072,#3939,#2630,.T.);
#4684=EDGE_CURVE('',#4072,#4078,#928,.T.);
#4686=EDGE_CURVE('',#3940,#4078,#2594,.T.);
#4690=ADVANCED_FACE('',(#4689),#4680,.F.);
#4697=EDGE_CURVE('',#4076,#3943,#2552,.T.);
#4699=EDGE_CURVE('',#4076,#4082,#935,.T.);
#4701=EDGE_CURVE('',#3944,#4082,#2516,.T.);
#4705=ADVANCED_FACE('',(#4704),#4695,.F.);
#4712=EDGE_CURVE('',#4080,#3947,#2474,.T.);
#4714=EDGE_CURVE('',#4080,#4086,#942,.T.);
#4716=EDGE_CURVE('',#3948,#4086,#2438,.T.);
#4720=ADVANCED_FACE('',(#4719),#4710,.F.);
#4727=EDGE_CURVE('',#4084,#3951,#2396,.T.);
#4729=EDGE_CURVE('',#4084,#4110,#949,.T.);
#4731=EDGE_CURVE('',#3952,#4110,#2360,.T.);
#4735=ADVANCED_FACE('',(#4734),#4725,.F.);
#4742=EDGE_CURVE('',#4108,#3955,#2318,.T.);
#4744=EDGE_CURVE('',#4108,#4114,#956,.T.);
#4746=EDGE_CURVE('',#3956,#4114,#2282,.T.);
#4750=ADVANCED_FACE('',(#4749),#4740,.F.);
#4757=EDGE_CURVE('',#4112,#3959,#2240,.T.);
#4759=EDGE_CURVE('',#4112,#4118,#963,.T.);
#4761=EDGE_CURVE('',#3960,#4118,#2204,.T.);
#4765=ADVANCED_FACE('',(#4764),#4755,.F.);
#4772=EDGE_CURVE('',#4116,#3963,#2162,.T.);
#4774=EDGE_CURVE('',#4116,#4176,#977,.T.);
#4779=ADVANCED_FACE('',(#4778),#4770,.F.);
#4787=EDGE_CURVE('',#4166,#4148,#879,.T.);
#4789=EDGE_CURVE('',#3920,#4148,#2126,.T.);
#4793=ADVANCED_FACE('',(#4792),#4784,.F.);
#4800=EDGE_CURVE('',#4150,#3923,#2084,.T.);
#4802=EDGE_CURVE('',#4150,#4170,#893,.T.);
#4804=EDGE_CURVE('',#3924,#4170,#1769,.T.);
#4808=ADVANCED_FACE('',(#4807),#4798,.F.);
#4815=EDGE_CURVE('',#3927,#4173,#1895,.T.);
#4817=EDGE_CURVE('',#4173,#4174,#900,.T.);
#4819=EDGE_CURVE('',#3928,#4174,#1937,.T.);
#4823=ADVANCED_FACE('',(#4822),#4813,.F.);
#4829=EDGE_CURVE('',#4156,#4154,#1502,.T.);
#4832=EDGE_CURVE('',#4184,#4194,#1538,.T.);
#4834=EDGE_CURVE('',#4194,#4154,#1005,.T.);
#4838=ADVANCED_FACE('',(#4837),#4828,.F.);
#4844=EDGE_CURVE('',#4159,#4162,#1460,.T.);
#4846=EDGE_CURVE('',#4159,#4168,#914,.T.);
#4852=ADVANCED_FACE('',(#4851),#4843,.F.);
#4858=EDGE_CURVE('',#3978,#4128,#1019,.T.);
#4862=EDGE_CURVE('',#4133,#4134,#2779,.T.);
#4864=EDGE_CURVE('',#4133,#3977,#1173,.T.);
#4866=EDGE_CURVE('',#3977,#3978,#1033,.T.);
#4870=ADVANCED_FACE('',(#4869),#4857,.F.);
#4876=EDGE_CURVE('',#3982,#4124,#3445,.T.);
#4879=EDGE_CURVE('',#4130,#3981,#3502,.T.);
#4881=EDGE_CURVE('',#3981,#3982,#1145,.T.);
#4885=ADVANCED_FACE('',(#4884),#4875,.F.);
#4891=EDGE_CURVE('',#3986,#4120,#3367,.T.);
#4894=EDGE_CURVE('',#4126,#3985,#3424,.T.);
#4896=EDGE_CURVE('',#3985,#3986,#1131,.T.);
#4900=ADVANCED_FACE('',(#4899),#4890,.F.);
#4906=EDGE_CURVE('',#3990,#4104,#3289,.T.);
#4909=EDGE_CURVE('',#4122,#3989,#3346,.T.);
#4911=EDGE_CURVE('',#3989,#3990,#1117,.T.);
#4915=ADVANCED_FACE('',(#4914),#4905,.F.);
#4921=EDGE_CURVE('',#3994,#4100,#3211,.T.);
#4924=EDGE_CURVE('',#4106,#3993,#3268,.T.);
#4926=EDGE_CURVE('',#3993,#3994,#1103,.T.);
#4930=ADVANCED_FACE('',(#4929),#4920,.F.);
#4936=EDGE_CURVE('',#3998,#4096,#3133,.T.);
#4939=EDGE_CURVE('',#4102,#3997,#3190,.T.);
#4941=EDGE_CURVE('',#3997,#3998,#1089,.T.);
#4945=ADVANCED_FACE('',(#4944),#4935,.F.);
#4951=EDGE_CURVE('',#4002,#4092,#3055,.T.);
#4954=EDGE_CURVE('',#4098,#4001,#3112,.T.);
#4956=EDGE_CURVE('',#4001,#4002,#1075,.T.);
#4960=ADVANCED_FACE('',(#4959),#4950,.F.);
#4966=EDGE_CURVE('',#4006,#4088,#2977,.T.);
#4969=EDGE_CURVE('',#4094,#4005,#3034,.T.);
#4971=EDGE_CURVE('',#4005,#4006,#1061,.T.);
#4975=ADVANCED_FACE('',(#4974),#4965,.F.);
#4981=EDGE_CURVE('',#4012,#4148,#2112,.T.);
#4985=EDGE_CURVE('',#4090,#4009,#2956,.T.);
#4987=EDGE_CURVE('',#4009,#4010,#1047,.T.);
#4989=EDGE_CURVE('',#4010,#4012,#1355,.T.);
#4993=ADVANCED_FACE('',(#4992),#4980,.F.);
#4999=EDGE_CURVE('',#4016,#4170,#1748,.T.);
#5002=EDGE_CURVE('',#4150,#4015,#2077,.T.);
#5004=EDGE_CURVE('',#4015,#4016,#1411,.T.);
#5008=ADVANCED_FACE('',(#5007),#4998,.F.);
#5014=EDGE_CURVE('',#4020,#4174,#1923,.T.);
#5017=EDGE_CURVE('',#4173,#4019,#1888,.T.);
#5019=EDGE_CURVE('',#4019,#4020,#1397,.T.);
#5023=ADVANCED_FACE('',(#5022),#5013,.F.);
#5029=EDGE_CURVE('',#4070,#4024,#2729,.T.);
#5033=EDGE_CURVE('',#4159,#4160,#1453,.T.);
#5035=EDGE_CURVE('',#4160,#4023,#1369,.T.);
#5037=EDGE_CURVE('',#4023,#4024,#1229,.T.);
#5041=ADVANCED_FACE('',(#5040),#5028,.F.);
#5047=EDGE_CURVE('',#4074,#4028,#2651,.T.);
#5050=EDGE_CURVE('',#4027,#4068,#2701,.T.);
#5052=EDGE_CURVE('',#4027,#4028,#1341,.T.);
#5056=ADVANCED_FACE('',(#5055),#5046,.F.);
#5062=EDGE_CURVE('',#4078,#4032,#2573,.T.);
#5065=EDGE_CURVE('',#4031,#4072,#2623,.T.);
#5067=EDGE_CURVE('',#4031,#4032,#1327,.T.);
#5071=ADVANCED_FACE('',(#5070),#5061,.F.);
#5077=EDGE_CURVE('',#4082,#4036,#2495,.T.);
#5080=EDGE_CURVE('',#4035,#4076,#2545,.T.);
#5082=EDGE_CURVE('',#4035,#4036,#1313,.T.);
#5086=ADVANCED_FACE('',(#5085),#5076,.F.);
#5092=EDGE_CURVE('',#4086,#4040,#2417,.T.);
#5095=EDGE_CURVE('',#4039,#4080,#2467,.T.);
#5097=EDGE_CURVE('',#4039,#4040,#1299,.T.);
#5101=ADVANCED_FACE('',(#5100),#5091,.F.);
#5107=EDGE_CURVE('',#4110,#4044,#2339,.T.);
#5110=EDGE_CURVE('',#4043,#4084,#2389,.T.);
#5112=EDGE_CURVE('',#4043,#4044,#1285,.T.);
#5116=ADVANCED_FACE('',(#5115),#5106,.F.);
#5122=EDGE_CURVE('',#4114,#4048,#2261,.T.);
#5125=EDGE_CURVE('',#4047,#4108,#2311,.T.);
#5127=EDGE_CURVE('',#4047,#4048,#1271,.T.);
#5131=ADVANCED_FACE('',(#5130),#5121,.F.);
#5137=EDGE_CURVE('',#4118,#4052,#2183,.T.);
#5140=EDGE_CURVE('',#4051,#4112,#2233,.T.);
#5142=EDGE_CURVE('',#4051,#4052,#1257,.T.);
#5146=ADVANCED_FACE('',(#5145),#5136,.F.);
#5152=EDGE_CURVE('',#4146,#4058,#2885,.T.);
#5156=EDGE_CURVE('',#4055,#4116,#2155,.T.);
#5158=EDGE_CURVE('',#4055,#4056,#1243,.T.);
#5160=EDGE_CURVE('',#4056,#4058,#1159,.T.);
#5164=ADVANCED_FACE('',(#5163),#5151,.F.);
#5170=EDGE_CURVE('',#4178,#4062,#1993,.T.);
#5173=EDGE_CURVE('',#4061,#4144,#2857,.T.);
#5175=EDGE_CURVE('',#4061,#4062,#1215,.T.);
#5179=ADVANCED_FACE('',(#5178),#5169,.F.);
#5185=EDGE_CURVE('',#4182,#4066,#2049,.T.);
#5188=EDGE_CURVE('',#4065,#4181,#2021,.T.);
#5190=EDGE_CURVE('',#4065,#4066,#1201,.T.);
#5194=ADVANCED_FACE('',(#5193),#5184,.F.);
#5200=EDGE_CURVE('',#4139,#4140,#2807,.T.);
#5203=EDGE_CURVE('',#4190,#4192,#1965,.T.);
#5205=EDGE_CURVE('',#4190,#4140,#1187,.T.);
#5209=ADVANCED_FACE('',(#5208),#5199,.F.);
#5215=EDGE_CURVE('',#4153,#4154,#1488,.T.);
#5218=EDGE_CURVE('',#4194,#4188,#1531,.T.);
#5220=EDGE_CURVE('',#4188,#4153,#1383,.T.);
#5224=ADVANCED_FACE('',(#5223),#5214,.F.);
#5232=EDGE_CURVE('',#3978,#3758,#1026,.T.);
#5234=EDGE_CURVE('',#3758,#3745,#3531,.T.);
#5236=EDGE_CURVE('',#3721,#3745,#3509,.T.);
#5241=ADVANCED_FACE('',(#5240),#5229,.T.);
#5248=EDGE_CURVE('',#3977,#3537,#1040,.T.);
#5250=EDGE_CURVE('',#3537,#3538,#1425,.T.);
#5252=EDGE_CURVE('',#4010,#3538,#1362,.T.);
#5255=EDGE_CURVE('',#3661,#4009,#2949,.T.);
#5257=EDGE_CURVE('',#3661,#3662,#1054,.T.);
#5259=EDGE_CURVE('',#4006,#3662,#2984,.T.);
#5262=EDGE_CURVE('',#3665,#4005,#3027,.T.);
#5264=EDGE_CURVE('',#3665,#3666,#1068,.T.);
#5266=EDGE_CURVE('',#4002,#3666,#3062,.T.);
#5269=EDGE_CURVE('',#3669,#4001,#3105,.T.);
#5271=EDGE_CURVE('',#3669,#3670,#1082,.T.);
#5273=EDGE_CURVE('',#3998,#3670,#3140,.T.);
#5276=EDGE_CURVE('',#3698,#3997,#3183,.T.);
#5278=EDGE_CURVE('',#3698,#3696,#1096,.T.);
#5280=EDGE_CURVE('',#3994,#3696,#3218,.T.);
#5283=EDGE_CURVE('',#3673,#3993,#3261,.T.);
#5285=EDGE_CURVE('',#3673,#3674,#1110,.T.);
#5287=EDGE_CURVE('',#3990,#3674,#3296,.T.);
#5290=EDGE_CURVE('',#3749,#3989,#3339,.T.);
#5292=EDGE_CURVE('',#3749,#3750,#1124,.T.);
#5294=EDGE_CURVE('',#3986,#3750,#3374,.T.);
#5297=EDGE_CURVE('',#3753,#3985,#3417,.T.);
#5299=EDGE_CURVE('',#3753,#3754,#1138,.T.);
#5301=EDGE_CURVE('',#3982,#3754,#3452,.T.);
#5304=EDGE_CURVE('',#3757,#3981,#3495,.T.);
#5306=EDGE_CURVE('',#3757,#3758,#1152,.T.);
#5311=ADVANCED_FACE('',(#5310),#5246,.T.);
#5318=EDGE_CURVE('',#4056,#3542,#1166,.T.);
#5320=EDGE_CURVE('',#3542,#3537,#1432,.T.);
#5324=EDGE_CURVE('',#3813,#4133,#2793,.T.);
#5326=EDGE_CURVE('',#3813,#3814,#1180,.T.);
#5328=EDGE_CURVE('',#4140,#3814,#2814,.T.);
#5331=EDGE_CURVE('',#3834,#4190,#1986,.T.);
#5333=EDGE_CURVE('',#3833,#3834,#1194,.T.);
#5335=EDGE_CURVE('',#4066,#3833,#2056,.T.);
#5338=EDGE_CURVE('',#3838,#4065,#2035,.T.);
#5340=EDGE_CURVE('',#3837,#3838,#1208,.T.);
#5342=EDGE_CURVE('',#4062,#3837,#2000,.T.);
#5345=EDGE_CURVE('',#3816,#4061,#2871,.T.);
#5347=EDGE_CURVE('',#3816,#3818,#1222,.T.);
#5349=EDGE_CURVE('',#4058,#3818,#2892,.T.);
#5353=ADVANCED_FACE('',(#5352),#5316,.T.);
#5360=EDGE_CURVE('',#4023,#3540,#1236,.T.);
#5362=EDGE_CURVE('',#3540,#3542,#1439,.T.);
#5366=EDGE_CURVE('',#3770,#4055,#2169,.T.);
#5368=EDGE_CURVE('',#3769,#3770,#1250,.T.);
#5370=EDGE_CURVE('',#4052,#3769,#2190,.T.);
#5373=EDGE_CURVE('',#3766,#4051,#2247,.T.);
#5375=EDGE_CURVE('',#3765,#3766,#1264,.T.);
#5377=EDGE_CURVE('',#4048,#3765,#2268,.T.);
#5380=EDGE_CURVE('',#3762,#4047,#2325,.T.);
#5382=EDGE_CURVE('',#3761,#3762,#1278,.T.);
#5384=EDGE_CURVE('',#4044,#3761,#2346,.T.);
#5387=EDGE_CURVE('',#3690,#4043,#2403,.T.);
#5389=EDGE_CURVE('',#3689,#3690,#1292,.T.);
#5391=EDGE_CURVE('',#4040,#3689,#2424,.T.);
#5394=EDGE_CURVE('',#3692,#4039,#2481,.T.);
#5396=EDGE_CURVE('',#3694,#3692,#1306,.T.);
#5398=EDGE_CURVE('',#4036,#3694,#2502,.T.);
#5401=EDGE_CURVE('',#3686,#4035,#2559,.T.);
#5403=EDGE_CURVE('',#3685,#3686,#1320,.T.);
#5405=EDGE_CURVE('',#4032,#3685,#2580,.T.);
#5408=EDGE_CURVE('',#3682,#4031,#2637,.T.);
#5410=EDGE_CURVE('',#3681,#3682,#1334,.T.);
#5412=EDGE_CURVE('',#4028,#3681,#2658,.T.);
#5415=EDGE_CURVE('',#3678,#4027,#2715,.T.);
#5417=EDGE_CURVE('',#3677,#3678,#1348,.T.);
#5419=EDGE_CURVE('',#4024,#3677,#2736,.T.);
#5423=ADVANCED_FACE('',(#5422),#5358,.T.);
#5431=EDGE_CURVE('',#3538,#3540,#1446,.T.);
#5435=EDGE_CURVE('',#3810,#4160,#1474,.T.);
#5437=EDGE_CURVE('',#3809,#3810,#1376,.T.);
#5439=EDGE_CURVE('',#4153,#3809,#1495,.T.);
#5442=EDGE_CURVE('',#3830,#4188,#1552,.T.);
#5444=EDGE_CURVE('',#3829,#3830,#1390,.T.);
#5446=EDGE_CURVE('',#4020,#3829,#1930,.T.);
#5449=EDGE_CURVE('',#3826,#4019,#1909,.T.);
#5451=EDGE_CURVE('',#3825,#3826,#1404,.T.);
#5453=EDGE_CURVE('',#4016,#3825,#1755,.T.);
#5456=EDGE_CURVE('',#3806,#4015,#2098,.T.);
#5458=EDGE_CURVE('',#3805,#3806,#1418,.T.);
#5460=EDGE_CURVE('',#4012,#3805,#2119,.T.);
#5464=ADVANCED_FACE('',(#5463),#5428,.T.);
#5476=ADVANCED_FACE('',(#5475),#5469,.T.);
#5485=EDGE_CURVE('',#3786,#3802,#1467,.T.);
#5487=EDGE_CURVE('',#3802,#3810,#1509,.T.);
#5492=ADVANCED_FACE('',(#5491),#5481,.T.);
#5498=EDGE_CURVE('',#3785,#3801,#1481,.T.);
#5500=EDGE_CURVE('',#3801,#3802,#1517,.T.);
#5506=ADVANCED_FACE('',(#5505),#5497,.F.);
#5514=EDGE_CURVE('',#3809,#3801,#1524,.T.);
#5521=ADVANCED_FACE('',(#5520),#5511,.T.);
#5533=ADVANCED_FACE('',(#5532),#5526,.T.);
#5542=EDGE_CURVE('',#3858,#3581,#1566,.T.);
#5544=EDGE_CURVE('',#3854,#3858,#1692,.T.);
#5546=EDGE_CURVE('',#3854,#3882,#1545,.T.);
#5548=EDGE_CURVE('',#3882,#3830,#1797,.T.);
#5553=ADVANCED_FACE('',(#5552),#5538,.T.);
#5560=EDGE_CURVE('',#3570,#3582,#1559,.T.);
#5562=EDGE_CURVE('',#3570,#3858,#1699,.T.);
#5567=ADVANCED_FACE('',(#5566),#5558,.F.);
#5573=EDGE_CURVE('',#3590,#3578,#1615,.T.);
#5576=EDGE_CURVE('',#3856,#3822,#1573,.T.);
#5578=EDGE_CURVE('',#3856,#3590,#1671,.T.);
#5582=ADVANCED_FACE('',(#5581),#5572,.F.);
#5589=EDGE_CURVE('',#3569,#3584,#1580,.T.);
#5591=EDGE_CURVE('',#3569,#3570,#1706,.T.);
#5596=ADVANCED_FACE('',(#5595),#5587,.F.);
#5603=EDGE_CURVE('',#3574,#3842,#1587,.T.);
#5605=EDGE_CURVE('',#3842,#3848,#1657,.T.);
#5607=EDGE_CURVE('',#3848,#3573,#1594,.T.);
#5611=ADVANCED_FACE('',(#5610),#5601,.F.);
#5619=EDGE_CURVE('',#3820,#3850,#1601,.T.);
#5621=EDGE_CURVE('',#3850,#3569,#1713,.T.);
#5625=ADVANCED_FACE('',(#5624),#5616,.F.);
#5632=EDGE_CURVE('',#3577,#3840,#1622,.T.);
#5634=EDGE_CURVE('',#3842,#3840,#1608,.T.);
#5639=ADVANCED_FACE('',(#5638),#5630,.F.);
#5647=EDGE_CURVE('',#3590,#3840,#1664,.T.);
#5652=ADVANCED_FACE('',(#5651),#5644,.F.);
#5658=EDGE_CURVE('',#3546,#3852,#1629,.T.);
#5660=EDGE_CURVE('',#3545,#3546,#1636,.T.);
#5662=EDGE_CURVE('',#3846,#3545,#1643,.T.);
#5664=EDGE_CURVE('',#3846,#3848,#1650,.T.);
#5670=EDGE_CURVE('',#3852,#3856,#1678,.T.);
#5674=ADVANCED_FACE('',(#5673),#5657,.T.);
#5692=EDGE_CURVE('',#3854,#3587,#1685,.T.);
#5698=EDGE_CURVE('',#3844,#3850,#1720,.T.);
#5700=EDGE_CURVE('',#3588,#3844,#1727,.T.);
#5702=EDGE_CURVE('',#3587,#3588,#1734,.T.);
#5706=ADVANCED_FACE('',(#5705),#5691,.T.);
#5724=EDGE_CURVE('',#3880,#3852,#1762,.T.);
#5726=EDGE_CURVE('',#3594,#3880,#1874,.T.);
#5728=EDGE_CURVE('',#3594,#3546,#1741,.T.);
#5733=ADVANCED_FACE('',(#5732),#5723,.F.);
#5739=EDGE_CURVE('',#3597,#3587,#1944,.T.);
#5741=EDGE_CURVE('',#3882,#3597,#1804,.T.);
#5747=ADVANCED_FACE('',(#5746),#5738,.F.);
#5755=EDGE_CURVE('',#3825,#3880,#1881,.T.);
#5764=ADVANCED_FACE('',(#5763),#5752,.T.);
#5771=EDGE_CURVE('',#3878,#3826,#1776,.T.);
#5773=EDGE_CURVE('',#3877,#3878,#1783,.T.);
#5775=EDGE_CURVE('',#3829,#3877,#1790,.T.);
#5780=EDGE_CURVE('',#3597,#3598,#1811,.T.);
#5782=EDGE_CURVE('',#3598,#3872,#1818,.T.);
#5784=EDGE_CURVE('',#3872,#3837,#1825,.T.);
#5787=EDGE_CURVE('',#3838,#3869,#1832,.T.);
#5789=EDGE_CURVE('',#3869,#3870,#1839,.T.);
#5791=EDGE_CURVE('',#3870,#3833,#1846,.T.);
#5794=EDGE_CURVE('',#3834,#3874,#1853,.T.);
#5796=EDGE_CURVE('',#3874,#3593,#1860,.T.);
#5798=EDGE_CURVE('',#3593,#3594,#1867,.T.);
#5804=ADVANCED_FACE('',(#5803),#5769,.F.);
#5813=EDGE_CURVE('',#3866,#3878,#1902,.T.);
#5819=ADVANCED_FACE('',(#5818),#5809,.T.);
#5825=EDGE_CURVE('',#3865,#3877,#1916,.T.);
#5832=ADVANCED_FACE('',(#5831),#5824,.T.);
#5846=ADVANCED_FACE('',(#5845),#5837,.T.);
#5852=EDGE_CURVE('',#3598,#3588,#1958,.T.);
#5859=ADVANCED_FACE('',(#5858),#5851,.F.);
#5865=EDGE_CURVE('',#3545,#3593,#1951,.T.);
#5868=EDGE_CURVE('',#3846,#3874,#1979,.T.);
#5873=ADVANCED_FACE('',(#5872),#5864,.F.);
#5879=EDGE_CURVE('',#3872,#3844,#2007,.T.);
#5886=ADVANCED_FACE('',(#5885),#5878,.F.);
#5898=ADVANCED_FACE('',(#5897),#5891,.F.);
#5914=ADVANCED_FACE('',(#5913),#5903,.F.);
#5930=ADVANCED_FACE('',(#5929),#5919,.F.);
#5939=EDGE_CURVE('',#3869,#3861,#2042,.T.);
#5945=ADVANCED_FACE('',(#5944),#5935,.F.);
#5951=EDGE_CURVE('',#3870,#3862,#2063,.T.);
#5958=ADVANCED_FACE('',(#5957),#5950,.F.);
#5972=ADVANCED_FACE('',(#5971),#5963,.F.);
#5981=EDGE_CURVE('',#3782,#3798,#2091,.T.);
#5983=EDGE_CURVE('',#3798,#3806,#2133,.T.);
#5988=ADVANCED_FACE('',(#5987),#5977,.T.);
#5994=EDGE_CURVE('',#3781,#3797,#2105,.T.);
#5996=EDGE_CURVE('',#3797,#3798,#2141,.T.);
#6002=ADVANCED_FACE('',(#6001),#5993,.F.);
#6010=EDGE_CURVE('',#3805,#3797,#2148,.T.);
#6017=ADVANCED_FACE('',(#6016),#6007,.T.);
#6029=ADVANCED_FACE('',(#6028),#6022,.T.);
#6038=EDGE_CURVE('',#3733,#3709,#2176,.T.);
#6040=EDGE_CURVE('',#3770,#3733,#2211,.T.);
#6045=ADVANCED_FACE('',(#6044),#6034,.F.);
#6051=EDGE_CURVE('',#3734,#3710,#2197,.T.);
#6053=EDGE_CURVE('',#3733,#3734,#2219,.T.);
#6059=ADVANCED_FACE('',(#6058),#6050,.F.);
#6067=EDGE_CURVE('',#3734,#3769,#2226,.T.);
#6074=ADVANCED_FACE('',(#6073),#6064,.F.);
#6086=ADVANCED_FACE('',(#6085),#6079,.F.);
#6095=EDGE_CURVE('',#3729,#3705,#2254,.T.);
#6097=EDGE_CURVE('',#3766,#3729,#2289,.T.);
#6102=ADVANCED_FACE('',(#6101),#6091,.F.);
#6108=EDGE_CURVE('',#3730,#3706,#2275,.T.);
#6110=EDGE_CURVE('',#3729,#3730,#2297,.T.);
#6116=ADVANCED_FACE('',(#6115),#6107,.F.);
#6124=EDGE_CURVE('',#3730,#3765,#2304,.T.);
#6131=ADVANCED_FACE('',(#6130),#6121,.F.);
#6143=ADVANCED_FACE('',(#6142),#6136,.F.);
#6152=EDGE_CURVE('',#3725,#3701,#2332,.T.);
#6154=EDGE_CURVE('',#3762,#3725,#2367,.T.);
#6159=ADVANCED_FACE('',(#6158),#6148,.F.);
#6165=EDGE_CURVE('',#3726,#3702,#2353,.T.);
#6167=EDGE_CURVE('',#3725,#3726,#2375,.T.);
#6173=ADVANCED_FACE('',(#6172),#6164,.F.);
#6181=EDGE_CURVE('',#3726,#3761,#2382,.T.);
#6188=ADVANCED_FACE('',(#6187),#6178,.F.);
#6200=ADVANCED_FACE('',(#6199),#6193,.F.);
#6209=EDGE_CURVE('',#3617,#3565,#2410,.T.);
#6211=EDGE_CURVE('',#3690,#3617,#2445,.T.);
#6216=ADVANCED_FACE('',(#6215),#6205,.F.);
#6222=EDGE_CURVE('',#3618,#3566,#2431,.T.);
#6224=EDGE_CURVE('',#3617,#3618,#2453,.T.);
#6230=ADVANCED_FACE('',(#6229),#6221,.F.);
#6238=EDGE_CURVE('',#3618,#3689,#2460,.T.);
#6245=ADVANCED_FACE('',(#6244),#6235,.F.);
#6257=ADVANCED_FACE('',(#6256),#6250,.F.);
#6266=EDGE_CURVE('',#3613,#3561,#2488,.T.);
#6268=EDGE_CURVE('',#3692,#3613,#2523,.T.);
#6273=ADVANCED_FACE('',(#6272),#6262,.F.);
#6279=EDGE_CURVE('',#3614,#3562,#2509,.T.);
#6281=EDGE_CURVE('',#3613,#3614,#2531,.T.);
#6287=ADVANCED_FACE('',(#6286),#6278,.F.);
#6295=EDGE_CURVE('',#3614,#3694,#2538,.T.);
#6302=ADVANCED_FACE('',(#6301),#6292,.F.);
#6314=ADVANCED_FACE('',(#6313),#6307,.F.);
#6323=EDGE_CURVE('',#3609,#3557,#2566,.T.);
#6325=EDGE_CURVE('',#3686,#3609,#2601,.T.);
#6330=ADVANCED_FACE('',(#6329),#6319,.F.);
#6336=EDGE_CURVE('',#3610,#3558,#2587,.T.);
#6338=EDGE_CURVE('',#3609,#3610,#2609,.T.);
#6344=ADVANCED_FACE('',(#6343),#6335,.F.);
#6352=EDGE_CURVE('',#3610,#3685,#2616,.T.);
#6359=ADVANCED_FACE('',(#6358),#6349,.F.);
#6371=ADVANCED_FACE('',(#6370),#6364,.F.);
#6380=EDGE_CURVE('',#3605,#3553,#2644,.T.);
#6382=EDGE_CURVE('',#3682,#3605,#2679,.T.);
#6387=ADVANCED_FACE('',(#6386),#6376,.F.);
#6393=EDGE_CURVE('',#3606,#3554,#2665,.T.);
#6395=EDGE_CURVE('',#3605,#3606,#2687,.T.);
#6401=ADVANCED_FACE('',(#6400),#6392,.F.);
#6409=EDGE_CURVE('',#3606,#3681,#2694,.T.);
#6416=ADVANCED_FACE('',(#6415),#6406,.F.);
#6428=ADVANCED_FACE('',(#6427),#6421,.F.);
#6437=EDGE_CURVE('',#3601,#3549,#2722,.T.);
#6439=EDGE_CURVE('',#3678,#3601,#2757,.T.);
#6444=ADVANCED_FACE('',(#6443),#6433,.F.);
#6450=EDGE_CURVE('',#3602,#3550,#2743,.T.);
#6452=EDGE_CURVE('',#3601,#3602,#2765,.T.);
#6458=ADVANCED_FACE('',(#6457),#6449,.F.);
#6466=EDGE_CURVE('',#3602,#3677,#2772,.T.);
#6473=ADVANCED_FACE('',(#6472),#6463,.F.);
#6485=ADVANCED_FACE('',(#6484),#6478,.F.);
#6494=EDGE_CURVE('',#3789,#3773,#2800,.T.);
#6496=EDGE_CURVE('',#3813,#3789,#2835,.T.);
#6501=ADVANCED_FACE('',(#6500),#6490,.F.);
#6507=EDGE_CURVE('',#3790,#3774,#2821,.T.);
#6509=EDGE_CURVE('',#3789,#3790,#2843,.T.);
#6515=ADVANCED_FACE('',(#6514),#6506,.F.);
#6523=EDGE_CURVE('',#3790,#3814,#2850,.T.);
#6530=ADVANCED_FACE('',(#6529),#6520,.F.);
#6542=ADVANCED_FACE('',(#6541),#6535,.F.);
#6551=EDGE_CURVE('',#3793,#3777,#2878,.T.);
#6553=EDGE_CURVE('',#3816,#3793,#2913,.T.);
#6558=ADVANCED_FACE('',(#6557),#6547,.F.);
#6564=EDGE_CURVE('',#3794,#3778,#2899,.T.);
#6566=EDGE_CURVE('',#3793,#3794,#2921,.T.);
#6572=ADVANCED_FACE('',(#6571),#6563,.F.);
#6580=EDGE_CURVE('',#3794,#3818,#2928,.T.);
#6587=ADVANCED_FACE('',(#6586),#6577,.F.);
#6599=ADVANCED_FACE('',(#6598),#6592,.F.);
#6607=EDGE_CURVE('',#3622,#3642,#2942,.T.);
#6609=EDGE_CURVE('',#3642,#3661,#2991,.T.);
#6615=ADVANCED_FACE('',(#6614),#6604,.T.);
#6621=EDGE_CURVE('',#3621,#3641,#2963,.T.);
#6623=EDGE_CURVE('',#3641,#3642,#2999,.T.);
#6629=ADVANCED_FACE('',(#6628),#6620,.F.);
#6638=EDGE_CURVE('',#3662,#3641,#3006,.T.);
#6644=ADVANCED_FACE('',(#6643),#6634,.T.);
#6656=ADVANCED_FACE('',(#6655),#6649,.T.);
#6664=EDGE_CURVE('',#3626,#3646,#3020,.T.);
#6666=EDGE_CURVE('',#3646,#3665,#3069,.T.);
#6672=ADVANCED_FACE('',(#6671),#6661,.T.);
#6678=EDGE_CURVE('',#3625,#3645,#3041,.T.);
#6680=EDGE_CURVE('',#3645,#3646,#3077,.T.);
#6686=ADVANCED_FACE('',(#6685),#6677,.F.);
#6695=EDGE_CURVE('',#3666,#3645,#3084,.T.);
#6701=ADVANCED_FACE('',(#6700),#6691,.T.);
#6713=ADVANCED_FACE('',(#6712),#6706,.T.);
#6721=EDGE_CURVE('',#3630,#3650,#3098,.T.);
#6723=EDGE_CURVE('',#3650,#3669,#3147,.T.);
#6729=ADVANCED_FACE('',(#6728),#6718,.T.);
#6735=EDGE_CURVE('',#3629,#3649,#3119,.T.);
#6737=EDGE_CURVE('',#3649,#3650,#3155,.T.);
#6743=ADVANCED_FACE('',(#6742),#6734,.F.);
#6752=EDGE_CURVE('',#3670,#3649,#3162,.T.);
#6758=ADVANCED_FACE('',(#6757),#6748,.T.);
#6770=ADVANCED_FACE('',(#6769),#6763,.T.);
#6778=EDGE_CURVE('',#3634,#3654,#3176,.T.);
#6780=EDGE_CURVE('',#3654,#3698,#3232,.T.);
#6786=ADVANCED_FACE('',(#6785),#6775,.T.);
#6792=EDGE_CURVE('',#3633,#3653,#3197,.T.);
#6794=EDGE_CURVE('',#3653,#3654,#3240,.T.);
#6800=ADVANCED_FACE('',(#6799),#6791,.F.);
#6809=EDGE_CURVE('',#3696,#3653,#3225,.T.);
#6815=ADVANCED_FACE('',(#6814),#6805,.T.);
#6827=ADVANCED_FACE('',(#6826),#6820,.T.);
#6835=EDGE_CURVE('',#3638,#3658,#3254,.T.);
#6837=EDGE_CURVE('',#3658,#3673,#3303,.T.);
#6843=ADVANCED_FACE('',(#6842),#6832,.T.);
#6849=EDGE_CURVE('',#3637,#3657,#3275,.T.);
#6851=EDGE_CURVE('',#3657,#3658,#3311,.T.);
#6857=ADVANCED_FACE('',(#6856),#6848,.F.);
#6866=EDGE_CURVE('',#3674,#3657,#3318,.T.);
#6872=ADVANCED_FACE('',(#6871),#6862,.T.);
#6884=ADVANCED_FACE('',(#6883),#6877,.T.);
#6892=EDGE_CURVE('',#3714,#3738,#3332,.T.);
#6894=EDGE_CURVE('',#3738,#3749,#3381,.T.);
#6900=ADVANCED_FACE('',(#6899),#6889,.T.);
#6906=EDGE_CURVE('',#3713,#3737,#3353,.T.);
#6908=EDGE_CURVE('',#3737,#3738,#3389,.T.);
#6914=ADVANCED_FACE('',(#6913),#6905,.F.);
#6923=EDGE_CURVE('',#3750,#3737,#3396,.T.);
#6929=ADVANCED_FACE('',(#6928),#6919,.T.);
#6941=ADVANCED_FACE('',(#6940),#6934,.T.);
#6949=EDGE_CURVE('',#3718,#3742,#3410,.T.);
#6951=EDGE_CURVE('',#3742,#3753,#3459,.T.);
#6957=ADVANCED_FACE('',(#6956),#6946,.T.);
#6963=EDGE_CURVE('',#3717,#3741,#3431,.T.);
#6965=EDGE_CURVE('',#3741,#3742,#3467,.T.);
#6971=ADVANCED_FACE('',(#6970),#6962,.F.);
#6980=EDGE_CURVE('',#3754,#3741,#3474,.T.);
#6986=ADVANCED_FACE('',(#6985),#6976,.T.);
#6998=ADVANCED_FACE('',(#6997),#6991,.T.);
#7006=EDGE_CURVE('',#3722,#3746,#3488,.T.);
#7008=EDGE_CURVE('',#3746,#3757,#3516,.T.);
#7014=ADVANCED_FACE('',(#7013),#7003,.T.);
#7021=EDGE_CURVE('',#3745,#3746,#3524,.T.);
#7027=ADVANCED_FACE('',(#7026),#7019,.F.);
#7039=ADVANCED_FACE('',(#7038),#7032,.T.);
#7048=(LENGTH_UNIT()NAMED_UNIT(*)SI_UNIT(.MILLI.,.METRE.));
#7049=(NAMED_UNIT(*)PLANE_ANGLE_UNIT()SI_UNIT($,.RADIAN.));
#7052=(NAMED_UNIT(*)SI_UNIT($,.STERADIAN.)SOLID_ANGLE_UNIT());
#7054=(GEOMETRIC_REPRESENTATION_CONTEXT(3)GLOBAL_UNCERTAINTY_ASSIGNED_CONTEXT((
#7053))GLOBAL_UNIT_ASSIGNED_CONTEXT((#7048,#7051,#7052))REPRESENTATION_CONTEXT(
'ID1','3'));
#7058=AXIS2_PLACEMENT_3D('',#7055,#7056,#7057);
#7059=ADVANCED_BREP_SHAPE_REPRESENTATION('',(#7058,#7041),#7054);
#7066=PRODUCT_DEFINITION('part definition','',#7065,#7062);
#7067=PRODUCT_DEFINITION_SHAPE('','SHAPE FOR BODY-QFN_AF0.',#7066);
#7068=SHAPE_ASPECT('','solid data associated with BODY-QFN_AF0',#7067,.F.);
#7069=PROPERTY_DEFINITION('',
'shape for solid data with which properties are associated',#7068);
#7070=SHAPE_REPRESENTATION('',(#7041),#7054);
#7071=SHAPE_DEFINITION_REPRESENTATION(#7069,#7070);
#7072=(LENGTH_UNIT()NAMED_UNIT(*)SI_UNIT(.MILLI.,.METRE.));
#7076=PROPERTY_DEFINITION('geometric validation property',
'area of BODY-QFN_AF0',#7068);
#7077=REPRESENTATION('surface area',(#7075),#7054);
#7078=PROPERTY_DEFINITION_REPRESENTATION(#7076,#7077);
#7079=(LENGTH_UNIT()NAMED_UNIT(*)SI_UNIT(.MILLI.,.METRE.));
#7083=PROPERTY_DEFINITION('geometric validation property',
'volume of BODY-QFN_AF0',#7068);
#7084=REPRESENTATION('volume',(#7082),#7054);
#7085=PROPERTY_DEFINITION_REPRESENTATION(#7083,#7084);
#7087=PROPERTY_DEFINITION('geometric validation property',
'centroid of BODY-QFN_AF0',#7068);
#7088=REPRESENTATION('centroid',(#7086),#7054);
#7089=PROPERTY_DEFINITION_REPRESENTATION(#7087,#7088);
#7090=(LENGTH_UNIT()NAMED_UNIT(*)SI_UNIT(.MILLI.,.METRE.));
#7094=PROPERTY_DEFINITION('geometric validation property',
'area of BODY-QFN_AF0',#7067);
#7095=REPRESENTATION('surface area',(#7093),#7054);
#7096=PROPERTY_DEFINITION_REPRESENTATION(#7094,#7095);
#7097=(LENGTH_UNIT()NAMED_UNIT(*)SI_UNIT(.MILLI.,.METRE.));
#7101=PROPERTY_DEFINITION('geometric validation property',
'volume of BODY-QFN_AF0',#7067);
#7102=REPRESENTATION('volume',(#7100),#7054);
#7103=PROPERTY_DEFINITION_REPRESENTATION(#7101,#7102);
#7105=PROPERTY_DEFINITION('geometric validation property',
'centroid of BODY-QFN_AF0',#7067);
#7106=REPRESENTATION('centroid',(#7104),#7054);
#7107=PROPERTY_DEFINITION_REPRESENTATION(#7105,#7106);
#7108=SHAPE_DEFINITION_REPRESENTATION(#7067,#7059);
#7109=SHAPE_DEFINITION_REPRESENTATION(#7110,#7111);
#7110=PRODUCT_DEFINITION_SHAPE('','SHAPE FOR RGY0020C_ASM.',#14550);
#7111=SHAPE_REPRESENTATION('',(#7121,#14503,#14531,#14545),#14541);
#7112=NEXT_ASSEMBLY_USAGE_OCCURRENCE('5','Next assembly relationship',
'BODY-QFN',#14550,#7066,$);
#7113=PRODUCT_DEFINITION_SHAPE('Placement #5',
'Placement of BODY-QFN_AF0 with respect to RGY0020C_ASM',#7112);
#7115=PROPERTY_DEFINITION('geometric validation property',
'centroid of BODY-QFN',#7113);
#7116=REPRESENTATION('centroid',(#7114),#7054);
#7117=PROPERTY_DEFINITION_REPRESENTATION(#7115,#7116);
#8056=EDGE_CURVE('',#8020,#8022,#7129,.T.);
#8058=EDGE_CURVE('',#8020,#7946,#7136,.T.);
#8060=EDGE_CURVE('',#7946,#7948,#7493,.T.);
#8062=EDGE_CURVE('',#7941,#7948,#7381,.T.);
#8064=EDGE_CURVE('',#8006,#7941,#7241,.T.);
#8066=EDGE_CURVE('',#8006,#8022,#7143,.T.);
#8070=ADVANCED_FACE('',(#8069),#8055,.T.);
#8076=EDGE_CURVE('',#8013,#8014,#7178,.T.);
#8078=EDGE_CURVE('',#8025,#8014,#7150,.T.);
#8080=EDGE_CURVE('',#8025,#8026,#7213,.T.);
#8082=EDGE_CURVE('',#8026,#8013,#7199,.T.);
#8086=ADVANCED_FACE('',(#8085),#8075,.F.);
#8092=EDGE_CURVE('',#8017,#8018,#7836,.T.);
#8094=EDGE_CURVE('',#8018,#8020,#7885,.T.);
#8097=EDGE_CURVE('',#8017,#8022,#7157,.T.);
#8101=ADVANCED_FACE('',(#8100),#8091,.F.);
#8107=EDGE_CURVE('',#8029,#8030,#7549,.T.);
#8109=EDGE_CURVE('',#8048,#8029,#7591,.T.);
#8111=EDGE_CURVE('',#8047,#8048,#7570,.T.);
#8113=EDGE_CURVE('',#8030,#8047,#7164,.T.);
#8117=ADVANCED_FACE('',(#8116),#8106,.F.);
#8123=EDGE_CURVE('',#8035,#8036,#7647,.T.);
#8125=EDGE_CURVE('',#8042,#8035,#7171,.T.);
#8127=EDGE_CURVE('',#8040,#8042,#7612,.T.);
#8129=EDGE_CURVE('',#8036,#8040,#7633,.T.);
#8133=ADVANCED_FACE('',(#8132),#8122,.F.);
#8140=EDGE_CURVE('',#8013,#7954,#7185,.T.);
#8142=EDGE_CURVE('',#7954,#7970,#7465,.T.);
#8144=EDGE_CURVE('',#7966,#7970,#7864,.T.);
#8146=EDGE_CURVE('',#7966,#7957,#7696,.T.);
#8148=EDGE_CURVE('',#7957,#7958,#7815,.T.);
#8150=EDGE_CURVE('',#8010,#7958,#7269,.T.);
#8152=EDGE_CURVE('',#8010,#8014,#7192,.T.);
#8156=ADVANCED_FACE('',(#8155),#8138,.T.);
#8163=EDGE_CURVE('',#8026,#7952,#7206,.T.);
#8165=EDGE_CURVE('',#7952,#7954,#7472,.T.);
#8170=ADVANCED_FACE('',(#8169),#8161,.T.);
#8177=EDGE_CURVE('',#8009,#8025,#7220,.T.);
#8179=EDGE_CURVE('',#7942,#8009,#7255,.T.);
#8181=EDGE_CURVE('',#7942,#7950,#7227,.T.);
#8183=EDGE_CURVE('',#7950,#7952,#7479,.T.);
#8188=ADVANCED_FACE('',(#8187),#8175,.T.);
#8194=EDGE_CURVE('',#8005,#8006,#7234,.T.);
#8196=EDGE_CURVE('',#8005,#8017,#7843,.T.);
#8202=ADVANCED_FACE('',(#8201),#8193,.F.);
#8208=EDGE_CURVE('',#8009,#8010,#7262,.T.);
#8215=ADVANCED_FACE('',(#8214),#8207,.F.);
#8223=EDGE_CURVE('',#7941,#7942,#7248,.T.);
#8228=EDGE_CURVE('',#7936,#7958,#7276,.T.);
#8230=EDGE_CURVE('',#7933,#7936,#7283,.T.);
#8232=EDGE_CURVE('',#7930,#7933,#7290,.T.);
#8234=EDGE_CURVE('',#8000,#7930,#7297,.T.);
#8236=EDGE_CURVE('',#8032,#8000,#7304,.T.);
#8238=EDGE_CURVE('',#8050,#8032,#7311,.T.);
#8240=EDGE_CURVE('',#7974,#8050,#7318,.T.);
#8242=EDGE_CURVE('',#7973,#7974,#7325,.T.);
#8244=EDGE_CURVE('',#8044,#7973,#7332,.T.);
#8246=EDGE_CURVE('',#8038,#8044,#7339,.T.);
#8248=EDGE_CURVE('',#8002,#8038,#7346,.T.);
#8250=EDGE_CURVE('',#7922,#8002,#7353,.T.);
#8252=EDGE_CURVE('',#7921,#7922,#7360,.T.);
#8254=EDGE_CURVE('',#7961,#7921,#7367,.T.);
#8256=EDGE_CURVE('',#7961,#8005,#7374,.T.);
#8260=ADVANCED_FACE('',(#8259),#8220,.T.);
#8280=EDGE_CURVE('',#7948,#7950,#7486,.T.);
#8285=ADVANCED_FACE('',(#8284),#8277,.T.);
#8291=EDGE_CURVE('',#7990,#7917,#7388,.T.);
#8293=EDGE_CURVE('',#7990,#7977,#7395,.T.);
#8295=EDGE_CURVE('',#7977,#7978,#7402,.T.);
#8297=EDGE_CURVE('',#7978,#7980,#7409,.T.);
#8299=EDGE_CURVE('',#7980,#7982,#7416,.T.);
#8301=EDGE_CURVE('',#7982,#7984,#7423,.T.);
#8303=EDGE_CURVE('',#7984,#7986,#7430,.T.);
#8305=EDGE_CURVE('',#7986,#7988,#7437,.T.);
#8307=EDGE_CURVE('',#7914,#7988,#7444,.T.);
#8309=EDGE_CURVE('',#7913,#7914,#7451,.T.);
#8311=EDGE_CURVE('',#7970,#7913,#7458,.T.);
#8318=EDGE_CURVE('',#7945,#7946,#7500,.T.);
#8320=EDGE_CURVE('',#7968,#7945,#7507,.T.);
#8322=EDGE_CURVE('',#7918,#7968,#7514,.T.);
#8324=EDGE_CURVE('',#7917,#7918,#7521,.T.);
#8328=ADVANCED_FACE('',(#8327),#8290,.T.);
#8334=EDGE_CURVE('',#7992,#7988,#7528,.T.);
#8336=EDGE_CURVE('',#7906,#7992,#7661,.T.);
#8338=EDGE_CURVE('',#7906,#7914,#7535,.T.);
#8343=ADVANCED_FACE('',(#8342),#8333,.T.);
#8349=EDGE_CURVE('',#7994,#7990,#7542,.T.);
#8352=EDGE_CURVE('',#7909,#7917,#7871,.T.);
#8354=EDGE_CURVE('',#7994,#7909,#7717,.T.);
#8358=ADVANCED_FACE('',(#8357),#8348,.T.);
#8365=EDGE_CURVE('',#8032,#8030,#7556,.T.);
#8368=EDGE_CURVE('',#7996,#8000,#7773,.T.);
#8370=EDGE_CURVE('',#7992,#7996,#7668,.T.);
#8374=EDGE_CURVE('',#8029,#7986,#7563,.T.);
#8378=ADVANCED_FACE('',(#8377),#8363,.F.);
#8386=EDGE_CURVE('',#8050,#8047,#7584,.T.);
#8391=ADVANCED_FACE('',(#8390),#8383,.F.);
#8397=EDGE_CURVE('',#8038,#8035,#7654,.T.);
#8400=EDGE_CURVE('',#8044,#8042,#7619,.T.);
#8405=ADVANCED_FACE('',(#8404),#8396,.F.);
#8412=EDGE_CURVE('',#8048,#7984,#7598,.T.);
#8415=EDGE_CURVE('',#7974,#7982,#7577,.T.);
#8421=ADVANCED_FACE('',(#8420),#8410,.F.);
#8433=ADVANCED_FACE('',(#8432),#8426,.F.);
#8442=EDGE_CURVE('',#7973,#7980,#7605,.T.);
#8446=ADVANCED_FACE('',(#8445),#8438,.F.);
#8457=EDGE_CURVE('',#8040,#7978,#7626,.T.);
#8461=ADVANCED_FACE('',(#8460),#8451,.F.);
#8470=EDGE_CURVE('',#8036,#7977,#7640,.T.);
#8474=ADVANCED_FACE('',(#8473),#8466,.F.);
#8484=EDGE_CURVE('',#7994,#7998,#7766,.T.);
#8486=EDGE_CURVE('',#7998,#8002,#7780,.T.);
#8492=ADVANCED_FACE('',(#8491),#8479,.F.);
#8500=EDGE_CURVE('',#7996,#7929,#7675,.T.);
#8502=EDGE_CURVE('',#7929,#7934,#7682,.T.);
#8504=EDGE_CURVE('',#7938,#7934,#7808,.T.);
#8506=EDGE_CURVE('',#7938,#7957,#7689,.T.);
#8509=EDGE_CURVE('',#7966,#7905,#7703,.T.);
#8511=EDGE_CURVE('',#7905,#7906,#7710,.T.);
#8515=ADVANCED_FACE('',(#8514),#8497,.F.);
#8522=EDGE_CURVE('',#7909,#7910,#7724,.T.);
#8524=EDGE_CURVE('',#7910,#7964,#7731,.T.);
#8526=EDGE_CURVE('',#7964,#7962,#7738,.T.);
#8528=EDGE_CURVE('',#7962,#7925,#7745,.T.);
#8530=EDGE_CURVE('',#7925,#7926,#7752,.T.);
#8532=EDGE_CURVE('',#7926,#7998,#7759,.T.);
#8537=ADVANCED_FACE('',(#8536),#8520,.F.);
#8545=EDGE_CURVE('',#7929,#7930,#7801,.T.);
#8550=ADVANCED_FACE('',(#8549),#8542,.T.);
#8558=EDGE_CURVE('',#7926,#7922,#7787,.T.);
#8563=ADVANCED_FACE('',(#8562),#8555,.T.);
#8569=EDGE_CURVE('',#7933,#7934,#7794,.T.);
#8576=ADVANCED_FACE('',(#8575),#8568,.T.);
#8584=EDGE_CURVE('',#7936,#7938,#7822,.T.);
#8589=ADVANCED_FACE('',(#8588),#8581,.T.);
#8601=ADVANCED_FACE('',(#8600),#8594,.T.);
#8607=EDGE_CURVE('',#7961,#7962,#7829,.T.);
#8610=EDGE_CURVE('',#7925,#7921,#7899,.T.);
#8615=ADVANCED_FACE('',(#8614),#8606,.T.);
#8626=EDGE_CURVE('',#7964,#7968,#7857,.T.);
#8629=EDGE_CURVE('',#8018,#7945,#7892,.T.);
#8633=ADVANCED_FACE('',(#8632),#8620,.T.);
#8640=EDGE_CURVE('',#7910,#7918,#7850,.T.);
#8646=ADVANCED_FACE('',(#8645),#8638,.T.);
#8655=EDGE_CURVE('',#7905,#7913,#7878,.T.);
#8659=ADVANCED_FACE('',(#8658),#8651,.T.);
#8671=ADVANCED_FACE('',(#8670),#8664,.T.);
#8683=ADVANCED_FACE('',(#8682),#8676,.T.);
#8695=ADVANCED_FACE('',(#8694),#8688,.T.);
#8707=ADVANCED_FACE('',(#8706),#8700,.T.);
#8735=CIRCLE('',#8734,1.25E-1);
#8841=CIRCLE('',#8840,1.25E-1);
#8874=EDGE_CURVE('',#8863,#8864,#8720,.T.);
#8876=EDGE_CURVE('',#8864,#8847,#8727,.T.);
#8878=EDGE_CURVE('',#8847,#8848,#8735,.T.);
#8880=EDGE_CURVE('',#8848,#8863,#8742,.T.);
#8884=ADVANCED_FACE('',(#8883),#8873,.F.);
#8897=EDGE_CURVE('',#8859,#8860,#8749,.T.);
#8899=EDGE_CURVE('',#8864,#8859,#8798,.T.);
#8902=EDGE_CURVE('',#8863,#8860,#8763,.T.);
#8906=ADVANCED_FACE('',(#8905),#8896,.F.);
#8913=EDGE_CURVE('',#8860,#8868,#8756,.T.);
#8915=EDGE_CURVE('',#8868,#8866,#8805,.T.);
#8917=EDGE_CURVE('',#8866,#8859,#8784,.T.);
#8921=ADVANCED_FACE('',(#8920),#8911,.F.);
#8930=EDGE_CURVE('',#8848,#8854,#8770,.T.);
#8932=EDGE_CURVE('',#8854,#8856,#8833,.T.);
#8934=EDGE_CURVE('',#8868,#8856,#8812,.T.);
#8938=ADVANCED_FACE('',(#8937),#8926,.T.);
#8945=EDGE_CURVE('',#8847,#8852,#8777,.T.);
#8947=EDGE_CURVE('',#8852,#8854,#8841,.T.);
#8952=ADVANCED_FACE('',(#8951),#8943,.T.);
#8959=EDGE_CURVE('',#8866,#8851,#8791,.T.);
#8961=EDGE_CURVE('',#8851,#8852,#8819,.T.);
#8968=ADVANCED_FACE('',(#8967),#8957,.T.);
#8976=EDGE_CURVE('',#8856,#8851,#8826,.T.);
#8981=ADVANCED_FACE('',(#8980),#8973,.T.);
#8993=ADVANCED_FACE('',(#8992),#8986,.T.);
#9021=CIRCLE('',#9020,1.25E-1);
#9127=CIRCLE('',#9126,1.25E-1);
#9160=EDGE_CURVE('',#9149,#9150,#9006,.T.);
#9162=EDGE_CURVE('',#9150,#9133,#9013,.T.);
#9164=EDGE_CURVE('',#9133,#9134,#9021,.T.);
#9166=EDGE_CURVE('',#9134,#9149,#9028,.T.);
#9170=ADVANCED_FACE('',(#9169),#9159,.F.);
#9183=EDGE_CURVE('',#9145,#9146,#9035,.T.);
#9185=EDGE_CURVE('',#9150,#9145,#9084,.T.);
#9188=EDGE_CURVE('',#9149,#9146,#9049,.T.);
#9192=ADVANCED_FACE('',(#9191),#9182,.F.);
#9199=EDGE_CURVE('',#9146,#9154,#9042,.T.);
#9201=EDGE_CURVE('',#9154,#9152,#9091,.T.);
#9203=EDGE_CURVE('',#9152,#9145,#9070,.T.);
#9207=ADVANCED_FACE('',(#9206),#9197,.F.);
#9216=EDGE_CURVE('',#9134,#9140,#9056,.T.);
#9218=EDGE_CURVE('',#9140,#9142,#9119,.T.);
#9220=EDGE_CURVE('',#9154,#9142,#9098,.T.);
#9224=ADVANCED_FACE('',(#9223),#9212,.T.);
#9231=EDGE_CURVE('',#9133,#9138,#9063,.T.);
#9233=EDGE_CURVE('',#9138,#9140,#9127,.T.);
#9238=ADVANCED_FACE('',(#9237),#9229,.T.);
#9245=EDGE_CURVE('',#9152,#9137,#9077,.T.);
#9247=EDGE_CURVE('',#9137,#9138,#9105,.T.);
#9254=ADVANCED_FACE('',(#9253),#9243,.T.);
#9262=EDGE_CURVE('',#9142,#9137,#9112,.T.);
#9267=ADVANCED_FACE('',(#9266),#9259,.T.);
#9279=ADVANCED_FACE('',(#9278),#9272,.T.);
#9307=CIRCLE('',#9306,1.25E-1);
#9413=CIRCLE('',#9412,1.25E-1);
#9446=EDGE_CURVE('',#9435,#9436,#9292,.T.);
#9448=EDGE_CURVE('',#9436,#9419,#9299,.T.);
#9450=EDGE_CURVE('',#9419,#9420,#9307,.T.);
#9452=EDGE_CURVE('',#9420,#9435,#9314,.T.);
#9456=ADVANCED_FACE('',(#9455),#9445,.F.);
#9469=EDGE_CURVE('',#9431,#9432,#9321,.T.);
#9471=EDGE_CURVE('',#9436,#9431,#9370,.T.);
#9474=EDGE_CURVE('',#9435,#9432,#9335,.T.);
#9478=ADVANCED_FACE('',(#9477),#9468,.F.);
#9485=EDGE_CURVE('',#9432,#9440,#9328,.T.);
#9487=EDGE_CURVE('',#9440,#9438,#9377,.T.);
#9489=EDGE_CURVE('',#9438,#9431,#9356,.T.);
#9493=ADVANCED_FACE('',(#9492),#9483,.F.);
#9502=EDGE_CURVE('',#9420,#9426,#9342,.T.);
#9504=EDGE_CURVE('',#9426,#9428,#9405,.T.);
#9506=EDGE_CURVE('',#9440,#9428,#9384,.T.);
#9510=ADVANCED_FACE('',(#9509),#9498,.T.);
#9517=EDGE_CURVE('',#9419,#9424,#9349,.T.);
#9519=EDGE_CURVE('',#9424,#9426,#9413,.T.);
#9524=ADVANCED_FACE('',(#9523),#9515,.T.);
#9531=EDGE_CURVE('',#9438,#9423,#9363,.T.);
#9533=EDGE_CURVE('',#9423,#9424,#9391,.T.);
#9540=ADVANCED_FACE('',(#9539),#9529,.T.);
#9548=EDGE_CURVE('',#9428,#9423,#9398,.T.);
#9553=ADVANCED_FACE('',(#9552),#9545,.T.);
#9565=ADVANCED_FACE('',(#9564),#9558,.T.);
#9593=CIRCLE('',#9592,1.25E-1);
#9699=CIRCLE('',#9698,1.25E-1);
#9732=EDGE_CURVE('',#9721,#9722,#9578,.T.);
#9734=EDGE_CURVE('',#9722,#9705,#9585,.T.);
#9736=EDGE_CURVE('',#9705,#9706,#9593,.T.);
#9738=EDGE_CURVE('',#9706,#9721,#9600,.T.);
#9742=ADVANCED_FACE('',(#9741),#9731,.F.);
#9755=EDGE_CURVE('',#9717,#9718,#9607,.T.);
#9757=EDGE_CURVE('',#9722,#9717,#9656,.T.);
#9760=EDGE_CURVE('',#9721,#9718,#9621,.T.);
#9764=ADVANCED_FACE('',(#9763),#9754,.F.);
#9771=EDGE_CURVE('',#9718,#9726,#9614,.T.);
#9773=EDGE_CURVE('',#9726,#9724,#9663,.T.);
#9775=EDGE_CURVE('',#9724,#9717,#9642,.T.);
#9779=ADVANCED_FACE('',(#9778),#9769,.F.);
#9788=EDGE_CURVE('',#9706,#9712,#9628,.T.);
#9790=EDGE_CURVE('',#9712,#9714,#9691,.T.);
#9792=EDGE_CURVE('',#9726,#9714,#9670,.T.);
#9796=ADVANCED_FACE('',(#9795),#9784,.T.);
#9803=EDGE_CURVE('',#9705,#9710,#9635,.T.);
#9805=EDGE_CURVE('',#9710,#9712,#9699,.T.);
#9810=ADVANCED_FACE('',(#9809),#9801,.T.);
#9817=EDGE_CURVE('',#9724,#9709,#9649,.T.);
#9819=EDGE_CURVE('',#9709,#9710,#9677,.T.);
#9826=ADVANCED_FACE('',(#9825),#9815,.T.);
#9834=EDGE_CURVE('',#9714,#9709,#9684,.T.);
#9839=ADVANCED_FACE('',(#9838),#9831,.T.);
#9851=ADVANCED_FACE('',(#9850),#9844,.T.);
#9879=CIRCLE('',#9878,1.25E-1);
#9985=CIRCLE('',#9984,1.25E-1);
#10018=EDGE_CURVE('',#10007,#10008,#9864,.T.);
#10020=EDGE_CURVE('',#10008,#9991,#9871,.T.);
#10022=EDGE_CURVE('',#9991,#9992,#9879,.T.);
#10024=EDGE_CURVE('',#9992,#10007,#9886,.T.);
#10028=ADVANCED_FACE('',(#10027),#10017,.F.);
#10041=EDGE_CURVE('',#10003,#10004,#9893,.T.);
#10043=EDGE_CURVE('',#10008,#10003,#9942,.T.);
#10046=EDGE_CURVE('',#10007,#10004,#9907,.T.);
#10050=ADVANCED_FACE('',(#10049),#10040,.F.);
#10057=EDGE_CURVE('',#10004,#10012,#9900,.T.);
#10059=EDGE_CURVE('',#10012,#10010,#9949,.T.);
#10061=EDGE_CURVE('',#10010,#10003,#9928,.T.);
#10065=ADVANCED_FACE('',(#10064),#10055,.F.);
#10074=EDGE_CURVE('',#9992,#9998,#9914,.T.);
#10076=EDGE_CURVE('',#9998,#10000,#9977,.T.);
#10078=EDGE_CURVE('',#10012,#10000,#9956,.T.);
#10082=ADVANCED_FACE('',(#10081),#10070,.T.);
#10089=EDGE_CURVE('',#9991,#9996,#9921,.T.);
#10091=EDGE_CURVE('',#9996,#9998,#9985,.T.);
#10096=ADVANCED_FACE('',(#10095),#10087,.T.);
#10103=EDGE_CURVE('',#10010,#9995,#9935,.T.);
#10105=EDGE_CURVE('',#9995,#9996,#9963,.T.);
#10112=ADVANCED_FACE('',(#10111),#10101,.T.);
#10120=EDGE_CURVE('',#10000,#9995,#9970,.T.);
#10125=ADVANCED_FACE('',(#10124),#10117,.T.);
#10137=ADVANCED_FACE('',(#10136),#10130,.T.);
#10165=CIRCLE('',#10164,1.25E-1);
#10257=CIRCLE('',#10256,1.25E-1);
#10304=EDGE_CURVE('',#10293,#10294,#10150,.T.);
#10306=EDGE_CURVE('',#10278,#10293,#10157,.T.);
#10308=EDGE_CURVE('',#10277,#10278,#10165,.T.);
#10310=EDGE_CURVE('',#10294,#10277,#10172,.T.);
#10314=ADVANCED_FACE('',(#10313),#10303,.T.);
#10327=EDGE_CURVE('',#10289,#10290,#10179,.T.);
#10329=EDGE_CURVE('',#10293,#10289,#10228,.T.);
#10332=EDGE_CURVE('',#10294,#10290,#10193,.T.);
#10336=ADVANCED_FACE('',(#10335),#10326,.F.);
#10343=EDGE_CURVE('',#10296,#10290,#10186,.T.);
#10345=EDGE_CURVE('',#10298,#10296,#10235,.T.);
#10347=EDGE_CURVE('',#10289,#10298,#10214,.T.);
#10351=ADVANCED_FACE('',(#10350),#10341,.F.);
#10360=EDGE_CURVE('',#10277,#10282,#10207,.T.);
#10362=EDGE_CURVE('',#10281,#10282,#10249,.T.);
#10364=EDGE_CURVE('',#10296,#10281,#10200,.T.);
#10368=ADVANCED_FACE('',(#10367),#10356,.F.);
#10375=EDGE_CURVE('',#10278,#10284,#10221,.T.);
#10377=EDGE_CURVE('',#10282,#10284,#10257,.T.);
#10382=ADVANCED_FACE('',(#10381),#10373,.T.);
#10389=EDGE_CURVE('',#10298,#10286,#10242,.T.);
#10391=EDGE_CURVE('',#10284,#10286,#10264,.T.);
#10398=ADVANCED_FACE('',(#10397),#10387,.F.);
#10406=EDGE_CURVE('',#10286,#10281,#10271,.T.);
#10411=ADVANCED_FACE('',(#10410),#10403,.F.);
#10423=ADVANCED_FACE('',(#10422),#10416,.F.);
#10451=CIRCLE('',#10450,1.25E-1);
#10543=CIRCLE('',#10542,1.25E-1);
#10590=EDGE_CURVE('',#10579,#10580,#10436,.T.);
#10592=EDGE_CURVE('',#10564,#10579,#10443,.T.);
#10594=EDGE_CURVE('',#10563,#10564,#10451,.T.);
#10596=EDGE_CURVE('',#10580,#10563,#10458,.T.);
#10600=ADVANCED_FACE('',(#10599),#10589,.T.);
#10613=EDGE_CURVE('',#10575,#10576,#10465,.T.);
#10615=EDGE_CURVE('',#10579,#10575,#10514,.T.);
#10618=EDGE_CURVE('',#10580,#10576,#10479,.T.);
#10622=ADVANCED_FACE('',(#10621),#10612,.F.);
#10629=EDGE_CURVE('',#10582,#10576,#10472,.T.);
#10631=EDGE_CURVE('',#10584,#10582,#10521,.T.);
#10633=EDGE_CURVE('',#10575,#10584,#10500,.T.);
#10637=ADVANCED_FACE('',(#10636),#10627,.F.);
#10646=EDGE_CURVE('',#10563,#10568,#10493,.T.);
#10648=EDGE_CURVE('',#10567,#10568,#10535,.T.);
#10650=EDGE_CURVE('',#10582,#10567,#10486,.T.);
#10654=ADVANCED_FACE('',(#10653),#10642,.F.);
#10661=EDGE_CURVE('',#10564,#10570,#10507,.T.);
#10663=EDGE_CURVE('',#10568,#10570,#10543,.T.);
#10668=ADVANCED_FACE('',(#10667),#10659,.T.);
#10675=EDGE_CURVE('',#10584,#10572,#10528,.T.);
#10677=EDGE_CURVE('',#10570,#10572,#10550,.T.);
#10684=ADVANCED_FACE('',(#10683),#10673,.F.);
#10692=EDGE_CURVE('',#10572,#10567,#10557,.T.);
#10697=ADVANCED_FACE('',(#10696),#10689,.F.);
#10709=ADVANCED_FACE('',(#10708),#10702,.F.);
#10737=CIRCLE('',#10736,1.25E-1);
#10829=CIRCLE('',#10828,1.25E-1);
#10876=EDGE_CURVE('',#10865,#10866,#10722,.T.);
#10878=EDGE_CURVE('',#10850,#10865,#10729,.T.);
#10880=EDGE_CURVE('',#10849,#10850,#10737,.T.);
#10882=EDGE_CURVE('',#10866,#10849,#10744,.T.);
#10886=ADVANCED_FACE('',(#10885),#10875,.T.);
#10899=EDGE_CURVE('',#10861,#10862,#10751,.T.);
#10901=EDGE_CURVE('',#10865,#10861,#10800,.T.);
#10904=EDGE_CURVE('',#10866,#10862,#10765,.T.);
#10908=ADVANCED_FACE('',(#10907),#10898,.F.);
#10915=EDGE_CURVE('',#10868,#10862,#10758,.T.);
#10917=EDGE_CURVE('',#10870,#10868,#10807,.T.);
#10919=EDGE_CURVE('',#10861,#10870,#10786,.T.);
#10923=ADVANCED_FACE('',(#10922),#10913,.F.);
#10932=EDGE_CURVE('',#10849,#10854,#10779,.T.);
#10934=EDGE_CURVE('',#10853,#10854,#10821,.T.);
#10936=EDGE_CURVE('',#10868,#10853,#10772,.T.);
#10940=ADVANCED_FACE('',(#10939),#10928,.F.);
#10947=EDGE_CURVE('',#10850,#10856,#10793,.T.);
#10949=EDGE_CURVE('',#10854,#10856,#10829,.T.);
#10954=ADVANCED_FACE('',(#10953),#10945,.T.);
#10961=EDGE_CURVE('',#10870,#10858,#10814,.T.);
#10963=EDGE_CURVE('',#10856,#10858,#10836,.T.);
#10970=ADVANCED_FACE('',(#10969),#10959,.F.);
#10978=EDGE_CURVE('',#10858,#10853,#10843,.T.);
#10983=ADVANCED_FACE('',(#10982),#10975,.F.);
#10995=ADVANCED_FACE('',(#10994),#10988,.F.);
#11023=CIRCLE('',#11022,1.25E-1);
#11115=CIRCLE('',#11114,1.25E-1);
#11162=EDGE_CURVE('',#11151,#11152,#11008,.T.);
#11164=EDGE_CURVE('',#11136,#11151,#11015,.T.);
#11166=EDGE_CURVE('',#11135,#11136,#11023,.T.);
#11168=EDGE_CURVE('',#11152,#11135,#11030,.T.);
#11172=ADVANCED_FACE('',(#11171),#11161,.T.);
#11185=EDGE_CURVE('',#11147,#11148,#11037,.T.);
#11187=EDGE_CURVE('',#11151,#11147,#11086,.T.);
#11190=EDGE_CURVE('',#11152,#11148,#11051,.T.);
#11194=ADVANCED_FACE('',(#11193),#11184,.F.);
#11201=EDGE_CURVE('',#11154,#11148,#11044,.T.);
#11203=EDGE_CURVE('',#11156,#11154,#11093,.T.);
#11205=EDGE_CURVE('',#11147,#11156,#11072,.T.);
#11209=ADVANCED_FACE('',(#11208),#11199,.F.);
#11218=EDGE_CURVE('',#11135,#11140,#11065,.T.);
#11220=EDGE_CURVE('',#11139,#11140,#11107,.T.);
#11222=EDGE_CURVE('',#11154,#11139,#11058,.T.);
#11226=ADVANCED_FACE('',(#11225),#11214,.F.);
#11233=EDGE_CURVE('',#11136,#11142,#11079,.T.);
#11235=EDGE_CURVE('',#11140,#11142,#11115,.T.);
#11240=ADVANCED_FACE('',(#11239),#11231,.T.);
#11247=EDGE_CURVE('',#11156,#11144,#11100,.T.);
#11249=EDGE_CURVE('',#11142,#11144,#11122,.T.);
#11256=ADVANCED_FACE('',(#11255),#11245,.F.);
#11264=EDGE_CURVE('',#11144,#11139,#11129,.T.);
#11269=ADVANCED_FACE('',(#11268),#11261,.F.);
#11281=ADVANCED_FACE('',(#11280),#11274,.F.);
#11309=CIRCLE('',#11308,1.25E-1);
#11401=CIRCLE('',#11400,1.25E-1);
#11448=EDGE_CURVE('',#11437,#11438,#11294,.T.);
#11450=EDGE_CURVE('',#11422,#11437,#11301,.T.);
#11452=EDGE_CURVE('',#11421,#11422,#11309,.T.);
#11454=EDGE_CURVE('',#11438,#11421,#11316,.T.);
#11458=ADVANCED_FACE('',(#11457),#11447,.T.);
#11471=EDGE_CURVE('',#11433,#11434,#11323,.T.);
#11473=EDGE_CURVE('',#11437,#11433,#11372,.T.);
#11476=EDGE_CURVE('',#11438,#11434,#11337,.T.);
#11480=ADVANCED_FACE('',(#11479),#11470,.F.);
#11487=EDGE_CURVE('',#11440,#11434,#11330,.T.);
#11489=EDGE_CURVE('',#11442,#11440,#11379,.T.);
#11491=EDGE_CURVE('',#11433,#11442,#11358,.T.);
#11495=ADVANCED_FACE('',(#11494),#11485,.F.);
#11504=EDGE_CURVE('',#11421,#11426,#11351,.T.);
#11506=EDGE_CURVE('',#11425,#11426,#11393,.T.);
#11508=EDGE_CURVE('',#11440,#11425,#11344,.T.);
#11512=ADVANCED_FACE('',(#11511),#11500,.F.);
#11519=EDGE_CURVE('',#11422,#11428,#11365,.T.);
#11521=EDGE_CURVE('',#11426,#11428,#11401,.T.);
#11526=ADVANCED_FACE('',(#11525),#11517,.T.);
#11533=EDGE_CURVE('',#11442,#11430,#11386,.T.);
#11535=EDGE_CURVE('',#11428,#11430,#11408,.T.);
#11542=ADVANCED_FACE('',(#11541),#11531,.F.);
#11550=EDGE_CURVE('',#11430,#11425,#11415,.T.);
#11555=ADVANCED_FACE('',(#11554),#11547,.F.);
#11567=ADVANCED_FACE('',(#11566),#11560,.F.);
#11595=CIRCLE('',#11594,1.25E-1);
#11701=CIRCLE('',#11700,1.25E-1);
#11734=EDGE_CURVE('',#11723,#11724,#11580,.T.);
#11736=EDGE_CURVE('',#11724,#11707,#11587,.T.);
#11738=EDGE_CURVE('',#11707,#11708,#11595,.T.);
#11740=EDGE_CURVE('',#11708,#11723,#11602,.T.);
#11744=ADVANCED_FACE('',(#11743),#11733,.F.);
#11757=EDGE_CURVE('',#11719,#11720,#11609,.T.);
#11759=EDGE_CURVE('',#11724,#11719,#11658,.T.);
#11762=EDGE_CURVE('',#11723,#11720,#11623,.T.);
#11766=ADVANCED_FACE('',(#11765),#11756,.F.);
#11773=EDGE_CURVE('',#11720,#11728,#11616,.T.);
#11775=EDGE_CURVE('',#11728,#11726,#11665,.T.);
#11777=EDGE_CURVE('',#11726,#11719,#11644,.T.);
#11781=ADVANCED_FACE('',(#11780),#11771,.F.);
#11790=EDGE_CURVE('',#11708,#11714,#11630,.T.);
#11792=EDGE_CURVE('',#11714,#11716,#11693,.T.);
#11794=EDGE_CURVE('',#11728,#11716,#11672,.T.);
#11798=ADVANCED_FACE('',(#11797),#11786,.T.);
#11805=EDGE_CURVE('',#11707,#11712,#11637,.T.);
#11807=EDGE_CURVE('',#11712,#11714,#11701,.T.);
#11812=ADVANCED_FACE('',(#11811),#11803,.T.);
#11819=EDGE_CURVE('',#11726,#11711,#11651,.T.);
#11821=EDGE_CURVE('',#11711,#11712,#11679,.T.);
#11828=ADVANCED_FACE('',(#11827),#11817,.T.);
#11836=EDGE_CURVE('',#11716,#11711,#11686,.T.);
#11841=ADVANCED_FACE('',(#11840),#11833,.T.);
#11853=ADVANCED_FACE('',(#11852),#11846,.T.);
#11881=CIRCLE('',#11880,1.25E-1);
#11987=CIRCLE('',#11986,1.25E-1);
#12020=EDGE_CURVE('',#12009,#12010,#11866,.T.);
#12022=EDGE_CURVE('',#12010,#11993,#11873,.T.);
#12024=EDGE_CURVE('',#11993,#11994,#11881,.T.);
#12026=EDGE_CURVE('',#11994,#12009,#11888,.T.);
#12030=ADVANCED_FACE('',(#12029),#12019,.F.);
#12043=EDGE_CURVE('',#12005,#12006,#11895,.T.);
#12045=EDGE_CURVE('',#12010,#12005,#11944,.T.);
#12048=EDGE_CURVE('',#12009,#12006,#11909,.T.);
#12052=ADVANCED_FACE('',(#12051),#12042,.F.);
#12059=EDGE_CURVE('',#12006,#12014,#11902,.T.);
#12061=EDGE_CURVE('',#12014,#12012,#11951,.T.);
#12063=EDGE_CURVE('',#12012,#12005,#11930,.T.);
#12067=ADVANCED_FACE('',(#12066),#12057,.F.);
#12076=EDGE_CURVE('',#11994,#12000,#11916,.T.);
#12078=EDGE_CURVE('',#12000,#12002,#11979,.T.);
#12080=EDGE_CURVE('',#12014,#12002,#11958,.T.);
#12084=ADVANCED_FACE('',(#12083),#12072,.T.);
#12091=EDGE_CURVE('',#11993,#11998,#11923,.T.);
#12093=EDGE_CURVE('',#11998,#12000,#11987,.T.);
#12098=ADVANCED_FACE('',(#12097),#12089,.T.);
#12105=EDGE_CURVE('',#12012,#11997,#11937,.T.);
#12107=EDGE_CURVE('',#11997,#11998,#11965,.T.);
#12114=ADVANCED_FACE('',(#12113),#12103,.T.);
#12122=EDGE_CURVE('',#12002,#11997,#11972,.T.);
#12127=ADVANCED_FACE('',(#12126),#12119,.T.);
#12139=ADVANCED_FACE('',(#12138),#12132,.T.);
#12167=CIRCLE('',#12166,1.25E-1);
#12273=CIRCLE('',#12272,1.25E-1);
#12306=EDGE_CURVE('',#12295,#12296,#12152,.T.);
#12308=EDGE_CURVE('',#12296,#12279,#12159,.T.);
#12310=EDGE_CURVE('',#12279,#12280,#12167,.T.);
#12312=EDGE_CURVE('',#12280,#12295,#12174,.T.);
#12316=ADVANCED_FACE('',(#12315),#12305,.F.);
#12329=EDGE_CURVE('',#12291,#12292,#12181,.T.);
#12331=EDGE_CURVE('',#12296,#12291,#12230,.T.);
#12334=EDGE_CURVE('',#12295,#12292,#12195,.T.);
#12338=ADVANCED_FACE('',(#12337),#12328,.F.);
#12345=EDGE_CURVE('',#12292,#12300,#12188,.T.);
#12347=EDGE_CURVE('',#12300,#12298,#12237,.T.);
#12349=EDGE_CURVE('',#12298,#12291,#12216,.T.);
#12353=ADVANCED_FACE('',(#12352),#12343,.F.);
#12362=EDGE_CURVE('',#12280,#12286,#12202,.T.);
#12364=EDGE_CURVE('',#12286,#12288,#12265,.T.);
#12366=EDGE_CURVE('',#12300,#12288,#12244,.T.);
#12370=ADVANCED_FACE('',(#12369),#12358,.T.);
#12377=EDGE_CURVE('',#12279,#12284,#12209,.T.);
#12379=EDGE_CURVE('',#12284,#12286,#12273,.T.);
#12384=ADVANCED_FACE('',(#12383),#12375,.T.);
#12391=EDGE_CURVE('',#12298,#12283,#12223,.T.);
#12393=EDGE_CURVE('',#12283,#12284,#12251,.T.);
#12400=ADVANCED_FACE('',(#12399),#12389,.T.);
#12408=EDGE_CURVE('',#12288,#12283,#12258,.T.);
#12413=ADVANCED_FACE('',(#12412),#12405,.T.);
#12425=ADVANCED_FACE('',(#12424),#12418,.T.);
#12453=CIRCLE('',#12452,1.25E-1);
#12545=CIRCLE('',#12544,1.25E-1);
#12592=EDGE_CURVE('',#12581,#12582,#12438,.T.);
#12594=EDGE_CURVE('',#12566,#12581,#12445,.T.);
#12596=EDGE_CURVE('',#12565,#12566,#12453,.T.);
#12598=EDGE_CURVE('',#12582,#12565,#12460,.T.);
#12602=ADVANCED_FACE('',(#12601),#12591,.T.);
#12615=EDGE_CURVE('',#12577,#12578,#12467,.T.);
#12617=EDGE_CURVE('',#12581,#12577,#12516,.T.);
#12620=EDGE_CURVE('',#12582,#12578,#12481,.T.);
#12624=ADVANCED_FACE('',(#12623),#12614,.F.);
#12631=EDGE_CURVE('',#12584,#12578,#12474,.T.);
#12633=EDGE_CURVE('',#12586,#12584,#12523,.T.);
#12635=EDGE_CURVE('',#12577,#12586,#12502,.T.);
#12639=ADVANCED_FACE('',(#12638),#12629,.F.);
#12648=EDGE_CURVE('',#12565,#12570,#12495,.T.);
#12650=EDGE_CURVE('',#12569,#12570,#12537,.T.);
#12652=EDGE_CURVE('',#12584,#12569,#12488,.T.);
#12656=ADVANCED_FACE('',(#12655),#12644,.F.);
#12663=EDGE_CURVE('',#12566,#12572,#12509,.T.);
#12665=EDGE_CURVE('',#12570,#12572,#12545,.T.);
#12670=ADVANCED_FACE('',(#12669),#12661,.T.);
#12677=EDGE_CURVE('',#12586,#12574,#12530,.T.);
#12679=EDGE_CURVE('',#12572,#12574,#12552,.T.);
#12686=ADVANCED_FACE('',(#12685),#12675,.F.);
#12694=EDGE_CURVE('',#12574,#12569,#12559,.T.);
#12699=ADVANCED_FACE('',(#12698),#12691,.F.);
#12711=ADVANCED_FACE('',(#12710),#12704,.F.);
#12739=CIRCLE('',#12738,1.25E-1);
#12831=CIRCLE('',#12830,1.25E-1);
#12878=EDGE_CURVE('',#12867,#12868,#12724,.T.);
#12880=EDGE_CURVE('',#12852,#12867,#12731,.T.);
#12882=EDGE_CURVE('',#12851,#12852,#12739,.T.);
#12884=EDGE_CURVE('',#12868,#12851,#12746,.T.);
#12888=ADVANCED_FACE('',(#12887),#12877,.T.);
#12901=EDGE_CURVE('',#12863,#12864,#12753,.T.);
#12903=EDGE_CURVE('',#12867,#12863,#12802,.T.);
#12906=EDGE_CURVE('',#12868,#12864,#12767,.T.);
#12910=ADVANCED_FACE('',(#12909),#12900,.F.);
#12917=EDGE_CURVE('',#12870,#12864,#12760,.T.);
#12919=EDGE_CURVE('',#12872,#12870,#12809,.T.);
#12921=EDGE_CURVE('',#12863,#12872,#12788,.T.);
#12925=ADVANCED_FACE('',(#12924),#12915,.F.);
#12934=EDGE_CURVE('',#12851,#12856,#12781,.T.);
#12936=EDGE_CURVE('',#12855,#12856,#12823,.T.);
#12938=EDGE_CURVE('',#12870,#12855,#12774,.T.);
#12942=ADVANCED_FACE('',(#12941),#12930,.F.);
#12949=EDGE_CURVE('',#12852,#12858,#12795,.T.);
#12951=EDGE_CURVE('',#12856,#12858,#12831,.T.);
#12956=ADVANCED_FACE('',(#12955),#12947,.T.);
#12963=EDGE_CURVE('',#12872,#12860,#12816,.T.);
#12965=EDGE_CURVE('',#12858,#12860,#12838,.T.);
#12972=ADVANCED_FACE('',(#12971),#12961,.F.);
#12980=EDGE_CURVE('',#12860,#12855,#12845,.T.);
#12985=ADVANCED_FACE('',(#12984),#12977,.F.);
#12997=ADVANCED_FACE('',(#12996),#12990,.F.);
#13025=CIRCLE('',#13024,1.25E-1);
#13117=CIRCLE('',#13116,1.25E-1);
#13164=EDGE_CURVE('',#13153,#13154,#13010,.T.);
#13166=EDGE_CURVE('',#13138,#13153,#13017,.T.);
#13168=EDGE_CURVE('',#13137,#13138,#13025,.T.);
#13170=EDGE_CURVE('',#13154,#13137,#13032,.T.);
#13174=ADVANCED_FACE('',(#13173),#13163,.T.);
#13187=EDGE_CURVE('',#13149,#13150,#13039,.T.);
#13189=EDGE_CURVE('',#13153,#13149,#13088,.T.);
#13192=EDGE_CURVE('',#13154,#13150,#13053,.T.);
#13196=ADVANCED_FACE('',(#13195),#13186,.F.);
#13203=EDGE_CURVE('',#13156,#13150,#13046,.T.);
#13205=EDGE_CURVE('',#13158,#13156,#13095,.T.);
#13207=EDGE_CURVE('',#13149,#13158,#13074,.T.);
#13211=ADVANCED_FACE('',(#13210),#13201,.F.);
#13220=EDGE_CURVE('',#13137,#13142,#13067,.T.);
#13222=EDGE_CURVE('',#13141,#13142,#13109,.T.);
#13224=EDGE_CURVE('',#13156,#13141,#13060,.T.);
#13228=ADVANCED_FACE('',(#13227),#13216,.F.);
#13235=EDGE_CURVE('',#13138,#13144,#13081,.T.);
#13237=EDGE_CURVE('',#13142,#13144,#13117,.T.);
#13242=ADVANCED_FACE('',(#13241),#13233,.T.);
#13249=EDGE_CURVE('',#13158,#13146,#13102,.T.);
#13251=EDGE_CURVE('',#13144,#13146,#13124,.T.);
#13258=ADVANCED_FACE('',(#13257),#13247,.F.);
#13266=EDGE_CURVE('',#13146,#13141,#13131,.T.);
#13271=ADVANCED_FACE('',(#13270),#13263,.F.);
#13283=ADVANCED_FACE('',(#13282),#13276,.F.);
#13311=CIRCLE('',#13310,1.25E-1);
#13417=CIRCLE('',#13416,1.25E-1);
#13450=EDGE_CURVE('',#13439,#13440,#13296,.T.);
#13452=EDGE_CURVE('',#13439,#13423,#13303,.T.);
#13454=EDGE_CURVE('',#13423,#13424,#13311,.T.);
#13456=EDGE_CURVE('',#13424,#13440,#13318,.T.);
#13460=ADVANCED_FACE('',(#13459),#13449,.F.);
#13473=EDGE_CURVE('',#13435,#13436,#13325,.T.);
#13475=EDGE_CURVE('',#13439,#13435,#13374,.T.);
#13478=EDGE_CURVE('',#13440,#13436,#13339,.T.);
#13482=ADVANCED_FACE('',(#13481),#13472,.F.);
#13489=EDGE_CURVE('',#13436,#13444,#13332,.T.);
#13491=EDGE_CURVE('',#13444,#13442,#13381,.T.);
#13493=EDGE_CURVE('',#13442,#13435,#13360,.T.);
#13497=ADVANCED_FACE('',(#13496),#13487,.F.);
#13506=EDGE_CURVE('',#13424,#13430,#13346,.T.);
#13508=EDGE_CURVE('',#13430,#13432,#13409,.T.);
#13510=EDGE_CURVE('',#13444,#13432,#13388,.T.);
#13514=ADVANCED_FACE('',(#13513),#13502,.T.);
#13521=EDGE_CURVE('',#13423,#13428,#13353,.T.);
#13523=EDGE_CURVE('',#13428,#13430,#13417,.T.);
#13528=ADVANCED_FACE('',(#13527),#13519,.T.);
#13535=EDGE_CURVE('',#13442,#13427,#13367,.T.);
#13537=EDGE_CURVE('',#13427,#13428,#13395,.T.);
#13544=ADVANCED_FACE('',(#13543),#13533,.T.);
#13552=EDGE_CURVE('',#13432,#13427,#13402,.T.);
#13557=ADVANCED_FACE('',(#13556),#13549,.T.);
#13569=ADVANCED_FACE('',(#13568),#13562,.T.);
#13597=CIRCLE('',#13596,1.25E-1);
#13703=CIRCLE('',#13702,1.25E-1);
#13736=EDGE_CURVE('',#13725,#13726,#13582,.T.);
#13738=EDGE_CURVE('',#13725,#13709,#13589,.T.);
#13740=EDGE_CURVE('',#13709,#13710,#13597,.T.);
#13742=EDGE_CURVE('',#13710,#13726,#13604,.T.);
#13746=ADVANCED_FACE('',(#13745),#13735,.F.);
#13759=EDGE_CURVE('',#13721,#13722,#13611,.T.);
#13761=EDGE_CURVE('',#13725,#13721,#13660,.T.);
#13764=EDGE_CURVE('',#13726,#13722,#13625,.T.);
#13768=ADVANCED_FACE('',(#13767),#13758,.F.);
#13775=EDGE_CURVE('',#13722,#13730,#13618,.T.);
#13777=EDGE_CURVE('',#13730,#13728,#13667,.T.);
#13779=EDGE_CURVE('',#13728,#13721,#13646,.T.);
#13783=ADVANCED_FACE('',(#13782),#13773,.F.);
#13792=EDGE_CURVE('',#13710,#13716,#13632,.T.);
#13794=EDGE_CURVE('',#13716,#13718,#13695,.T.);
#13796=EDGE_CURVE('',#13730,#13718,#13674,.T.);
#13800=ADVANCED_FACE('',(#13799),#13788,.T.);
#13807=EDGE_CURVE('',#13709,#13714,#13639,.T.);
#13809=EDGE_CURVE('',#13714,#13716,#13703,.T.);
#13814=ADVANCED_FACE('',(#13813),#13805,.T.);
#13821=EDGE_CURVE('',#13728,#13713,#13653,.T.);
#13823=EDGE_CURVE('',#13713,#13714,#13681,.T.);
#13830=ADVANCED_FACE('',(#13829),#13819,.T.);
#13838=EDGE_CURVE('',#13718,#13713,#13688,.T.);
#13843=ADVANCED_FACE('',(#13842),#13835,.T.);
#13855=ADVANCED_FACE('',(#13854),#13848,.T.);
#13883=CIRCLE('',#13882,1.25E-1);
#13975=CIRCLE('',#13974,1.25E-1);
#14022=EDGE_CURVE('',#14011,#14012,#13868,.T.);
#14024=EDGE_CURVE('',#13996,#14012,#13875,.T.);
#14026=EDGE_CURVE('',#13995,#13996,#13883,.T.);
#14028=EDGE_CURVE('',#14011,#13995,#13890,.T.);
#14032=ADVANCED_FACE('',(#14031),#14021,.T.);
#14045=EDGE_CURVE('',#14007,#14008,#13897,.T.);
#14047=EDGE_CURVE('',#14012,#14007,#13946,.T.);
#14050=EDGE_CURVE('',#14011,#14008,#13911,.T.);
#14054=ADVANCED_FACE('',(#14053),#14044,.F.);
#14061=EDGE_CURVE('',#14014,#14008,#13904,.T.);
#14063=EDGE_CURVE('',#14016,#14014,#13953,.T.);
#14065=EDGE_CURVE('',#14007,#14016,#13932,.T.);
#14069=ADVANCED_FACE('',(#14068),#14059,.F.);
#14078=EDGE_CURVE('',#13995,#14000,#13925,.T.);
#14080=EDGE_CURVE('',#13999,#14000,#13967,.T.);
#14082=EDGE_CURVE('',#14014,#13999,#13918,.T.);
#14086=ADVANCED_FACE('',(#14085),#14074,.F.);
#14093=EDGE_CURVE('',#13996,#14002,#13939,.T.);
#14095=EDGE_CURVE('',#14000,#14002,#13975,.T.);
#14100=ADVANCED_FACE('',(#14099),#14091,.T.);
#14107=EDGE_CURVE('',#14016,#14004,#13960,.T.);
#14109=EDGE_CURVE('',#14002,#14004,#13982,.T.);
#14116=ADVANCED_FACE('',(#14115),#14105,.F.);
#14124=EDGE_CURVE('',#14004,#13999,#13989,.T.);
#14129=ADVANCED_FACE('',(#14128),#14121,.F.);
#14141=ADVANCED_FACE('',(#14140),#14134,.F.);
#14169=CIRCLE('',#14168,1.25E-1);
#14261=CIRCLE('',#14260,1.25E-1);
#14308=EDGE_CURVE('',#14297,#14298,#14154,.T.);
#14310=EDGE_CURVE('',#14282,#14298,#14161,.T.);
#14312=EDGE_CURVE('',#14281,#14282,#14169,.T.);
#14314=EDGE_CURVE('',#14297,#14281,#14176,.T.);
#14318=ADVANCED_FACE('',(#14317),#14307,.T.);
#14331=EDGE_CURVE('',#14293,#14294,#14183,.T.);
#14333=EDGE_CURVE('',#14298,#14293,#14232,.T.);
#14336=EDGE_CURVE('',#14297,#14294,#14197,.T.);
#14340=ADVANCED_FACE('',(#14339),#14330,.F.);
#14347=EDGE_CURVE('',#14300,#14294,#14190,.T.);
#14349=EDGE_CURVE('',#14302,#14300,#14239,.T.);
#14351=EDGE_CURVE('',#14293,#14302,#14218,.T.);
#14355=ADVANCED_FACE('',(#14354),#14345,.F.);
#14364=EDGE_CURVE('',#14281,#14286,#14211,.T.);
#14366=EDGE_CURVE('',#14285,#14286,#14253,.T.);
#14368=EDGE_CURVE('',#14300,#14285,#14204,.T.);
#14372=ADVANCED_FACE('',(#14371),#14360,.F.);
#14379=EDGE_CURVE('',#14282,#14288,#14225,.T.);
#14381=EDGE_CURVE('',#14286,#14288,#14261,.T.);
#14386=ADVANCED_FACE('',(#14385),#14377,.T.);
#14393=EDGE_CURVE('',#14302,#14290,#14246,.T.);
#14395=EDGE_CURVE('',#14288,#14290,#14268,.T.);
#14402=ADVANCED_FACE('',(#14401),#14391,.F.);
#14410=EDGE_CURVE('',#14290,#14285,#14275,.T.);
#14415=ADVANCED_FACE('',(#14414),#14407,.F.);
#14427=ADVANCED_FACE('',(#14426),#14420,.F.);
#14436=(LENGTH_UNIT()NAMED_UNIT(*)SI_UNIT(.MILLI.,.METRE.));
#14437=(NAMED_UNIT(*)PLANE_ANGLE_UNIT()SI_UNIT($,.RADIAN.));
#14440=(NAMED_UNIT(*)SI_UNIT($,.STERADIAN.)SOLID_ANGLE_UNIT());
#14442=(GEOMETRIC_REPRESENTATION_CONTEXT(3)GLOBAL_UNCERTAINTY_ASSIGNED_CONTEXT((
#14441))GLOBAL_UNIT_ASSIGNED_CONTEXT((#14436,#14439,#14440))REPRESENTATION_CONTEXT('ID2','3'));
#14446=AXIS2_PLACEMENT_3D('',#14443,#14444,#14445);
#14447=ADVANCED_BREP_SHAPE_REPRESENTATION('',(#14446,#8709,#8995,#9281,#9567,
#9853,#10139,#10425,#10711,#10997,#11283,#11569,#11855,#12141,#12427,#12713,
#12999,#13285,#13571,#13857,#14143,#14429),#14442);
#14451=PRODUCT_DEFINITION('part definition','',#14450,#7062);
#14452=PRODUCT_DEFINITION_SHAPE('','SHAPE FOR FRAME-RGY0020C_AF0.',#14451);
#14453=SHAPE_ASPECT('','solid data associated with FRAME-RGY0020C_AF0',#14452,
.F.);
#14454=PROPERTY_DEFINITION('',
'shape for solid data with which properties are associated',#14453);
#14455=SHAPE_REPRESENTATION('',(#14429),#14442);
#14456=SHAPE_DEFINITION_REPRESENTATION(#14454,#14455);
#14457=(LENGTH_UNIT()NAMED_UNIT(*)SI_UNIT(.MILLI.,.METRE.));
#14461=PROPERTY_DEFINITION('geometric validation property',
'area of FRAME-RGY0020C_AF0',#14453);
#14462=REPRESENTATION('surface area',(#14460),#14442);
#14463=PROPERTY_DEFINITION_REPRESENTATION(#14461,#14462);
#14464=(LENGTH_UNIT()NAMED_UNIT(*)SI_UNIT(.MILLI.,.METRE.));
#14468=PROPERTY_DEFINITION('geometric validation property',
'volume of FRAME-RGY0020C_AF0',#14453);
#14469=REPRESENTATION('volume',(#14467),#14442);
#14470=PROPERTY_DEFINITION_REPRESENTATION(#14468,#14469);
#14472=PROPERTY_DEFINITION('geometric validation property',
'centroid of FRAME-RGY0020C_AF0',#14453);
#14473=REPRESENTATION('centroid',(#14471),#14442);
#14474=PROPERTY_DEFINITION_REPRESENTATION(#14472,#14473);
#14475=(LENGTH_UNIT()NAMED_UNIT(*)SI_UNIT(.MILLI.,.METRE.));
#14479=PROPERTY_DEFINITION('geometric validation property',
'area of FRAME-RGY0020C_AF0',#14452);
#14480=REPRESENTATION('surface area',(#14478),#14442);
#14481=PROPERTY_DEFINITION_REPRESENTATION(#14479,#14480);
#14482=(LENGTH_UNIT()NAMED_UNIT(*)SI_UNIT(.MILLI.,.METRE.));
#14486=PROPERTY_DEFINITION('geometric validation property',
'volume of FRAME-RGY0020C_AF0',#14452);
#14487=REPRESENTATION('volume',(#14485),#14442);
#14488=PROPERTY_DEFINITION_REPRESENTATION(#14486,#14487);
#14490=PROPERTY_DEFINITION('geometric validation property',
'centroid of FRAME-RGY0020C_AF0',#14452);
#14491=REPRESENTATION('centroid',(#14489),#14442);
#14492=PROPERTY_DEFINITION_REPRESENTATION(#14490,#14491);
#14493=SHAPE_DEFINITION_REPRESENTATION(#14452,#14447);
#14494=NEXT_ASSEMBLY_USAGE_OCCURRENCE('6','Next assembly relationship',
'FRAME-RGY0020C',#14550,#14451,$);
#14495=PRODUCT_DEFINITION_SHAPE('Placement #6',
'Placement of FRAME-RGY0020C_AF0 with respect to RGY0020C_ASM',#14494);
#14497=PROPERTY_DEFINITION('geometric validation property',
'centroid of FRAME-RGY0020C',#14495);
#14498=REPRESENTATION('centroid',(#14496),#14442);
#14499=PROPERTY_DEFINITION_REPRESENTATION(#14497,#14498);
#14507=(LENGTH_UNIT()NAMED_UNIT(*)SI_UNIT(.MILLI.,.METRE.));
#14508=(NAMED_UNIT(*)PLANE_ANGLE_UNIT()SI_UNIT($,.RADIAN.));
#14511=(NAMED_UNIT(*)SI_UNIT($,.STERADIAN.)SOLID_ANGLE_UNIT());
#14513=(GEOMETRIC_REPRESENTATION_CONTEXT(3)GLOBAL_UNCERTAINTY_ASSIGNED_CONTEXT((
#14512))GLOBAL_UNIT_ASSIGNED_CONTEXT((#14507,#14510,#14511))REPRESENTATION_CONTEXT('ID3','3'));
#14517=AXIS2_PLACEMENT_3D('',#14514,#14515,#14516);
#14518=SHAPE_REPRESENTATION('',(#14517),#14513);
#14523=PRODUCT_DEFINITION('part definition','',#14522,#14519);
#14524=PRODUCT_DEFINITION_SHAPE('','SHAPE FOR PIN1-ID.',#14523);
#14525=SHAPE_DEFINITION_REPRESENTATION(#14524,#14518);
#14526=NEXT_ASSEMBLY_USAGE_OCCURRENCE('7','Next assembly relationship',
'PIN1-ID',#14550,#14523,$);
#14527=PRODUCT_DEFINITION_SHAPE('Placement #7',
'Placement of PIN1-ID with respect to RGY0020C_ASM',#14526);
#14535=(LENGTH_UNIT()NAMED_UNIT(*)SI_UNIT(.MILLI.,.METRE.));
#14536=(NAMED_UNIT(*)PLANE_ANGLE_UNIT()SI_UNIT($,.RADIAN.));
#14539=(NAMED_UNIT(*)SI_UNIT($,.STERADIAN.)SOLID_ANGLE_UNIT());
#14541=(GEOMETRIC_REPRESENTATION_CONTEXT(3)GLOBAL_UNCERTAINTY_ASSIGNED_CONTEXT((
#14540))GLOBAL_UNIT_ASSIGNED_CONTEXT((#14535,#14538,#14539))REPRESENTATION_CONTEXT('ID4','3'));
#14545=AXIS2_PLACEMENT_3D('',#14542,#14543,#14544);
#14550=PRODUCT_DEFINITION('part definition','',#14549,#14519);
#14551=(LENGTH_UNIT()NAMED_UNIT(*)SI_UNIT(.MILLI.,.METRE.));
#14555=PROPERTY_DEFINITION('geometric validation property',
'area of RGY0020C_ASM',#7110);
#14556=REPRESENTATION('surface area',(#14554),#14541);
#14557=PROPERTY_DEFINITION_REPRESENTATION(#14555,#14556);
#14558=(LENGTH_UNIT()NAMED_UNIT(*)SI_UNIT(.MILLI.,.METRE.));
#14562=PROPERTY_DEFINITION('geometric validation property',
'volume of RGY0020C_ASM',#7110);
#14563=REPRESENTATION('volume',(#14561),#14541);
#14564=PROPERTY_DEFINITION_REPRESENTATION(#14562,#14563);
#14566=PROPERTY_DEFINITION('geometric validation property',
'centroid of RGY0020C_ASM',#7110);
#14567=REPRESENTATION('centroid',(#14565),#14541);
#14568=PROPERTY_DEFINITION_REPRESENTATION(#14566,#14567);
ENDSEC;
END-ISO-10303-21;
