ISO-10303-21;
HEADER;
FILE_DESCRIPTION (( 'STEP AP214' ),
    '1' );
FILE_NAME ('XGL6060.STEP',
    '2025-04-07T14:24:39',
    ( '' ),
    ( '' ),
    'SwSTEP 2.0',
    'SolidWorks 2023',
    '' );
FILE_SCHEMA (( 'AUTOMOTIVE_DESIGN' ));
ENDSEC;

DATA;
#1 = FILL_AREA_STYLE_COLOUR ( '', #4491 ) ;
#2 = SURFACE_SIDE_STYLE ('',( #3990 ) ) ;
#3 = CARTESIAN_POINT ( 'NONE',  ( -1.447834582039406515, 5.999900000000000233, -0.9164999999999924318 ) ) ;
#4 = ORIENTED_EDGE ( 'NONE', *, *, #3347, .T. ) ;
#5 = EDGE_LOOP ( 'NONE', ( #4022, #3816, #4411, #3183 ) ) ;
#6 = CARTESIAN_POINT ( 'NONE',  ( 2.584854964514850639, 6.000000000000000888, 0.5105523376898889465 ) ) ;
#7 = CARTESIAN_POINT ( 'NONE',  ( 1.143951580070069030, 5.999900000000002009, 0.2108991456630259498 ) ) ;
#8 = CARTESIAN_POINT ( 'NONE',  ( -1.974192849755940671, 5.999900000000000233, -0.4815314960629848984 ) ) ;
#9 = EDGE_LOOP ( 'NONE', ( #1568, #682, #4729, #3962 ) ) ;
#10 = CARTESIAN_POINT ( 'NONE',  ( 2.602780714937743323, 5.999899999999999345, 0.5036759459540341988 ) ) ;
#11 = CARTESIAN_POINT ( 'NONE',  ( 2.607189793881092399, 6.000000000000000000, 0.1684621146659023849 ) ) ;
#12 = DIRECTION ( 'NONE',  ( 0.000000000000000000, -0.000000000000000000, -1.000000000000000000 ) ) ;
#13 = PRESENTATION_STYLE_ASSIGNMENT (( #339 ) ) ;
#14 = UNCERTAINTY_MEASURE_WITH_UNIT (LENGTH_MEASURE( 1.000000000000000082E-05 ), #1294, 'distance_accuracy_value', 'NONE');
#15 = CARTESIAN_POINT ( 'NONE',  ( 2.642566788542308309, 5.999999999999998224, -0.6591443372887454411 ) ) ;
#16 = EDGE_CURVE ( 'NONE', #4427, #2627, #1473, .T. ) ;
#17 = STYLED_ITEM ( 'NONE', ( #3522 ), #3175 ) ;
#18 = FILL_AREA_STYLE ('',( #4083 ) ) ;
#19 = ORIENTED_EDGE ( 'NONE', *, *, #471, .T. ) ;
#20 = CARTESIAN_POINT ( 'NONE',  ( 1.143897626635291154, 6.000000000000000888, -1.798008220888251518 ) ) ;
#21 = CARTESIAN_POINT ( 'NONE',  ( 2.607189793881092399, 6.000000000000000888, -0.5050213412164505922 ) ) ;
#22 = SURFACE_STYLE_FILL_AREA ( #1531 ) ;
#23 = UNCERTAINTY_MEASURE_WITH_UNIT (LENGTH_MEASURE( 1.000000000000000082E-05 ), #286, 'distance_accuracy_value', 'NONE');
#24 = CARTESIAN_POINT ( 'NONE',  ( 1.142778724780128208, 5.999900000000001121, -1.821880208861821782 ) ) ;
#25 = VECTOR ( 'NONE', #2411, 1000.000000000000000 ) ;
#26 = ORIENTED_EDGE ( 'NONE', *, *, #3114, .T. ) ;
#27 = MECHANICAL_DESIGN_GEOMETRIC_PRESENTATION_REPRESENTATION (  '', ( #3225 ), #1096 ) ;
#28 = COLOUR_RGB ( '',1.000000000000000000, 1.000000000000000000, 1.000000000000000000 ) ;
#29 = CARTESIAN_POINT ( 'NONE',  ( 1.178191632116386556, 6.000000000000000000, -1.092682186804686095 ) ) ;
#30 = VERTEX_POINT ( 'NONE', #2290 ) ;
#31 = CARTESIAN_POINT ( 'NONE',  ( 1.154538716452735647, 5.999999999999998224, -0.5206128378587339123 ) ) ;
#32 = DIRECTION ( 'NONE',  ( -1.000000000000000000, 0.000000000000000000, 0.000000000000000000 ) ) ;
#33 = COLOUR_RGB ( '',1.000000000000000000, 1.000000000000000000, 1.000000000000000000 ) ;
#34 = ORIENTED_EDGE ( 'NONE', *, *, #3278, .F. ) ;
#35 = ORIENTED_EDGE ( 'NONE', *, *, #4398, .F. ) ;
#36 = FILL_AREA_STYLE_COLOUR ( '', #3157 ) ;
#37 = CARTESIAN_POINT ( 'NONE',  ( 2.564450823292857340, 5.999900000000000233, -0.7135461573929211543 ) ) ;
#38 = CARTESIAN_POINT ( 'NONE',  ( 2.564450823292857340, 5.999900000000000233, 1.603664320548255473 ) ) ;
#39 = SURFACE_SIDE_STYLE ('',( #1835 ) ) ;
#40 = LINE ( 'NONE', #63, #1399 ) ;
#41 = VECTOR ( 'NONE', #1975, 1000.000000000000114 ) ;
#42 =( NAMED_UNIT ( * ) SI_UNIT ( $, .STERADIAN. ) SOLID_ANGLE_UNIT ( ) );
#43 = PRESENTATION_LAYER_ASSIGNMENT (  '', '', ( #3395 ) ) ;
#44 = CARTESIAN_POINT ( 'NONE',  ( 2.610351767915529031, 6.000000000000000888, 0.7286545385165502653 ) ) ;
#45 = ORIENTED_EDGE ( 'NONE', *, *, #757, .F. ) ;
#46 = B_SPLINE_SURFACE_WITH_KNOTS ( 'NONE', 3, 1, ( 
 ( #4025, #2527 ),
 ( #4408, #2177 ),
 ( #3675, #1909 ),
 ( #4335, #4068 ),
 ( #1078, #31 ),
 ( #4719, #3978 ),
 ( #679, #2897 ),
 ( #1131, #4359 ),
 ( #779, #2602 ),
 ( #2267, #3648 ),
 ( #4045, #3724 ) ),
 .UNSPECIFIED., .F., .F., .F.,
 ( 4, 1, 1, 1, 1, 1, 1, 1, 4 ),
 ( 2, 2 ),
 ( 0.000000000000000000, 0.08269940838263134530, 0.1609352856402981868, 0.2384022412677344882, 0.3252932597831255657, 0.4321161260274609672, 0.5729322032451371616, 0.7592645677637445134, 1.000000000000000000 ),
 ( 0.000000000000000000, 1.000000000000000000 ),
 .UNSPECIFIED. ) ;
#47 = CARTESIAN_POINT ( 'NONE',  ( 1.169738862666132473, 5.999900000000000233, -1.742620866396078938 ) ) ;
#48 = COLOUR_RGB ( '',1.000000000000000000, 1.000000000000000000, 1.000000000000000000 ) ;
#49 = CARTESIAN_POINT ( 'NONE',  ( 2.607189793881092399, 5.999900000000000233, -0.5050213412164505922 ) ) ;
#50 = B_SPLINE_CURVE_WITH_KNOTS ( 'NONE', 3,
 ( #3200, #933, #229, #3565 ),
 .UNSPECIFIED., .F., .F.,
 ( 4, 4 ),
 ( 0.000000000000000000, 0.09090909090909091161 ),
 .UNSPECIFIED. ) ;
#51 = EDGE_CURVE ( 'NONE', #603, #3950, #3146, .T. ) ;
#52 = CARTESIAN_POINT ( 'NONE',  ( 1.161416586822689556, 5.999899999999999345, -1.748260057134093604 ) ) ;
#53 = CARTESIAN_POINT ( 'NONE',  ( 2.607189793881092399, 5.999900000000000233, 0.7302727764306083946 ) ) ;
#54 = PLANE ( 'NONE',  #681 ) ;
#55 = VECTOR ( 'NONE', #73, 1000.000000000000000 ) ;
#56 = ORIENTED_EDGE ( 'NONE', *, *, #3464, .F. ) ;
#57 = CARTESIAN_POINT ( 'NONE',  ( 2.571941074772255753, 5.999900000000001121, 0.5176381068884758907 ) ) ;
#58 = CARTESIAN_POINT ( 'NONE',  ( 1.175344842613581742, 5.999899999999999345, -1.090351046262059587 ) ) ;
#59 = VERTEX_POINT ( 'NONE', #379 ) ;
#60 = DIRECTION ( 'NONE',  ( -0.000000000000000000, 1.000000000000000000, -0.000000000000000000 ) ) ;
#61 = CARTESIAN_POINT ( 'NONE',  ( 2.607189793881092399, 5.999900000000000233, -0.5050213412164505922 ) ) ;
#62 = LINE ( 'NONE', #3381, #253 ) ;
#63 = CARTESIAN_POINT ( 'NONE',  ( 1.142690712998739588, 5.999900000000000233, 1.501297592607079068 ) ) ;
#64 = UNCERTAINTY_MEASURE_WITH_UNIT (LENGTH_MEASURE( 1.000000000000000082E-05 ), #225, 'distance_accuracy_value', 'NONE');
#65 = CARTESIAN_POINT ( 'NONE',  ( 2.616607625011922789, 5.999900000000000233, 1.409441959770592945 ) ) ;
#66 = CARTESIAN_POINT ( 'NONE',  ( 2.644999999999999130, 0.000000000000000000, -2.500000000000000444 ) ) ;
#67 = CARTESIAN_POINT ( 'NONE',  ( 2.607189793881092399, 6.000000000000000000, 0.7302727764306083946 ) ) ;
#68 = CARTESIAN_POINT ( 'NONE',  ( 1.220930602704621837, 5.999900000000000233, -1.932296157392921154 ) ) ;
#69 = SURFACE_STYLE_FILL_AREA ( #3718 ) ;
#70 = FILL_AREA_STYLE_COLOUR ( '', #4005 ) ;
#71 = CARTESIAN_POINT ( 'NONE',  ( 1.143354133692980668, 5.999999999999999112, -0.9358830756412876983 ) ) ;
#72 = MECHANICAL_DESIGN_GEOMETRIC_PRESENTATION_REPRESENTATION (  '', ( #1453 ), #905 ) ;
#73 = DIRECTION ( 'NONE',  ( -0.000000000000000000, -1.000000000000000000, -0.000000000000000000 ) ) ;
#74 = EDGE_CURVE ( 'NONE', #1258, #2458, #2955, .T. ) ;
#75 = FILL_AREA_STYLE_COLOUR ( '', #1770 ) ;
#76 = ORIENTED_EDGE ( 'NONE', *, *, #2186, .T. ) ;
#77 = CARTESIAN_POINT ( 'NONE',  ( 2.642690712998740032, 5.999900000000001121, 0.6092939161364908651 ) ) ;
#78 = CARTESIAN_POINT ( 'NONE',  ( 1.143793079353702780, 5.999900000000001121, 0.3276079968011174626 ) ) ;
#79 = ORIENTED_EDGE ( 'NONE', *, *, #1982, .T. ) ;
#80 = ORIENTED_EDGE ( 'NONE', *, *, #3740, .T. ) ;
#81 = CARTESIAN_POINT ( 'NONE',  ( -2.665451921499553123, 5.999900000000000233, 2.819567424523459209 ) ) ;
#82 = CARTESIAN_POINT ( 'NONE',  ( 2.618218846677510037, 5.999900000000000233, -0.7323642708057511719 ) ) ;
#83 = CARTESIAN_POINT ( 'NONE',  ( 1.178191632116386556, 6.000000000000000000, -1.092682186804686095 ) ) ;
#84 = FILL_AREA_STYLE_COLOUR ( '', #1084 ) ;
#85 = FACE_OUTER_BOUND ( 'NONE', #3823, .T. ) ;
#86 = LINE ( 'NONE', #66, #1332 ) ;
#87 = LINE ( 'NONE', #1168, #2900 ) ;
#88 = CARTESIAN_POINT ( 'NONE',  ( 1.178191632116386556, 6.000000000000000000, -1.736868767687038906 ) ) ;
#89 = VECTOR ( 'NONE', #4333, 1000.000000000000000 ) ;
#90 = CARTESIAN_POINT ( 'NONE',  ( 2.607189793881092399, 6.000000000000000000, -1.066832002981156435 ) ) ;
#91 = CARTESIAN_POINT ( 'NONE',  ( 1.876491264469327680, 5.999900000000000233, -1.541441377981156435 ) ) ;
#92 = PRESENTATION_LAYER_ASSIGNMENT (  '', '', ( #1166 ) ) ;
#93 = CARTESIAN_POINT ( 'NONE',  ( 1.146505634764221959, 5.999899999999997569, 0.1908954665073277213 ) ) ;
#94 = CARTESIAN_POINT ( 'NONE',  ( 2.629826558503598921, 5.999899999999999345, 0.3809373397381750070 ) ) ;
#95 = CARTESIAN_POINT ( 'NONE',  ( -3.354999999999999094, 0.000000000000000000, -3.454999999999999627 ) ) ;
#96 = VECTOR ( 'NONE', #4580, 1000.000000000000000 ) ;
#97 = CARTESIAN_POINT ( 'NONE',  ( 0.6067008510314587655, 6.000000000000000000, -0.7267047244094460012 ) ) ;
#98 = CARTESIAN_POINT ( 'NONE',  ( 1.178191632116386556, 5.999899999999999345, -1.092682186804686095 ) ) ;
#99 = EDGE_CURVE ( 'NONE', #2458, #2886, #3307, .T. ) ;
#100 = EDGE_CURVE ( 'NONE', #409, #4690, #708, .T. ) ;
#101 = ORIENTED_EDGE ( 'NONE', *, *, #2509, .T. ) ;
#102 = VECTOR ( 'NONE', #3336, 1000.000000000000000 ) ;
#103 = VECTOR ( 'NONE', #2529, 1000.000000000000000 ) ;
#104 = VERTEX_POINT ( 'NONE', #1494 ) ;
#105 = CARTESIAN_POINT ( 'NONE',  ( 1.181887395167976917, 5.999899999999999345, 0.5215738858509758602 ) ) ;
#106 = CARTESIAN_POINT ( 'NONE',  ( 1.394999999999999796, -0.1000000000000000056, 2.500000000000000444 ) ) ;
#107 = FILL_AREA_STYLE ('',( #4075 ) ) ;
#108 = AXIS2_PLACEMENT_3D ( 'NONE', #4111, #3351, #4041 ) ;
#109 = VECTOR ( 'NONE', #3008, 1000.000000000000000 ) ;
#110 = CARTESIAN_POINT ( 'NONE',  ( 1.876491264469327680, 5.999900000000000233, 0.9291468573129614272 ) ) ;
#111 = DIRECTION ( 'NONE',  ( -0.000000000000000000, 1.000000000000000000, -0.000000000000000000 ) ) ;
#112 = CARTESIAN_POINT ( 'NONE',  ( 1.149025747743360082, 6.000000000000000000, -1.766056774136323115 ) ) ;
#113 = EDGE_CURVE ( 'NONE', #1723, #1077, #736, .T. ) ;
#114 = PRESENTATION_LAYER_ASSIGNMENT (  '', '', ( #4321 ) ) ;
#115 = PRESENTATION_LAYER_ASSIGNMENT (  '', '', ( #2269 ) ) ;
#116 = SURFACE_STYLE_USAGE ( .BOTH. , #3346 ) ;
#117 = UNCERTAINTY_MEASURE_WITH_UNIT (LENGTH_MEASURE( 1.000000000000000082E-05 ), #3904, 'distance_accuracy_value', 'NONE');
#118 = FILL_AREA_STYLE ('',( #508 ) ) ;
#119 = PRESENTATION_STYLE_ASSIGNMENT (( #1879 ) ) ;
#120 =( NAMED_UNIT ( * ) SI_UNIT ( $, .STERADIAN. ) SOLID_ANGLE_UNIT ( ) );
#121 = VERTEX_POINT ( 'NONE', #1544 ) ;
#122 = CARTESIAN_POINT ( 'NONE',  ( 1.142690712998739588, 6.000000000000000000, -0.6146261206282154221 ) ) ;
#123 = CARTESIAN_POINT ( 'NONE',  ( 1.200201249945042958, 6.000000000000000000, -1.942981210129772762 ) ) ;
#124 = CARTESIAN_POINT ( 'NONE',  ( 2.616279699699928241, 5.999999999999999112, -0.5096733813885260256 ) ) ;
#125 = CARTESIAN_POINT ( 'NONE',  ( 1.178191632116386556, 5.999900000000000233, 0.7337194676070789567 ) ) ;
#126 = FACE_BOUND ( 'NONE', #874, .T. ) ;
#127 = MECHANICAL_DESIGN_GEOMETRIC_PRESENTATION_REPRESENTATION (  '', ( #1977 ), #4179 ) ;
#128 = ADVANCED_FACE ( 'NONE', ( #3728 ), #2865, .T. ) ;
#129 = EDGE_CURVE ( 'NONE', #4139, #902, #3402, .T. ) ;
#130 =( NAMED_UNIT ( * ) SI_UNIT ( $, .STERADIAN. ) SOLID_ANGLE_UNIT ( ) );
#131 = CARTESIAN_POINT ( 'NONE',  ( 1.220930602704621837, 5.999900000000000233, -0.8855360470988036248 ) ) ;
#132 = CARTESIAN_POINT ( 'NONE',  ( 2.015737587998739588, 5.999900000000000233, 1.065291158783549630 ) ) ;
#133 = CARTESIAN_POINT ( 'NONE',  ( 1.142690712998739588, 5.999900000000000233, -1.849920238275274187 ) ) ;
#134 =( LENGTH_UNIT ( ) NAMED_UNIT ( * ) SI_UNIT ( .MILLI., .METRE. ) );
#135 = LINE ( 'NONE', #1680, #1505 ) ;
#136 = DIRECTION ( 'NONE',  ( -0.000000000000000000, 1.000000000000000000, -0.000000000000000000 ) ) ;
#137 =( GEOMETRIC_REPRESENTATION_CONTEXT ( 3 ) GLOBAL_UNCERTAINTY_ASSIGNED_CONTEXT ( ( #2982 ) ) GLOBAL_UNIT_ASSIGNED_CONTEXT ( ( #3010, #3966, #2635 ) ) REPRESENTATION_CONTEXT ( 'NONE', 'WORKASPACE' ) );
#138 = FACE_OUTER_BOUND ( 'NONE', #3606, .T. ) ;
#139 = CARTESIAN_POINT ( 'NONE',  ( 1.166537727726018936, 5.999899999999999345, 0.3698359121027862684 ) ) ;
#140 = SURFACE_SIDE_STYLE ('',( #1329 ) ) ;
#141 = CARTESIAN_POINT ( 'NONE',  ( -2.172936944244125979, 5.999900000000000233, 0.2092480314960713517 ) ) ;
#142 = ORIENTED_EDGE ( 'NONE', *, *, #3740, .F. ) ;
#143 = ORIENTED_EDGE ( 'NONE', *, *, #734, .T. ) ;
#144 =( NAMED_UNIT ( * ) PLANE_ANGLE_UNIT ( ) SI_UNIT ( $, .RADIAN. ) );
#145 = LINE ( 'NONE', #2035, #1561 ) ;
#146 = DIRECTION ( 'NONE',  ( -0.000000000000000000, 0.000000000000000000, 1.000000000000000000 ) ) ;
#147 = DIRECTION ( 'NONE',  ( -1.000000000000000000, -0.000000000000000000, -0.000000000000000000 ) ) ;
#148 = CARTESIAN_POINT ( 'NONE',  ( -0.8275196214094782121, 6.000000000000000000, 1.076720472440948484 ) ) ;
#149 = PRESENTATION_STYLE_ASSIGNMENT (( #3429 ) ) ;
#150 = VECTOR ( 'NONE', #3877, 1000.000000000000000 ) ;
#151 = SURFACE_STYLE_FILL_AREA ( #3171 ) ;
#152 = LINE ( 'NONE', #1316, #1061 ) ;
#153 = LINE ( 'NONE', #922, #150 ) ;
#154 = EDGE_CURVE ( 'NONE', #1134, #2062, #3371, .T. ) ;
#155 = CARTESIAN_POINT ( 'NONE',  ( 2.618218846677510481, 6.000000000000000000, -1.967658388452810492 ) ) ;
#156 = CARTESIAN_POINT ( 'NONE',  ( 2.610467510789358236, 6.000000000000000888, -1.064853181661812309 ) ) ;
#157 = UNCERTAINTY_MEASURE_WITH_UNIT (LENGTH_MEASURE( 1.000000000000000082E-05 ), #1367, 'distance_accuracy_value', 'NONE');
#158 = CARTESIAN_POINT ( 'NONE',  ( 1.154027076143226971, 5.999899999999999345, 0.1633265355979788003 ) ) ;
#159 = ORIENTED_EDGE ( 'NONE', *, *, #99, .F. ) ;
#160 = DIRECTION ( 'NONE',  ( 0.5027042891722013351, 0.000000000000000000, 0.8644584418281031635 ) ) ;
#161 = STYLED_ITEM ( 'NONE', ( #1662 ), #3281 ) ;
#162 = COLOUR_RGB ( '',0.8274509803921568096, 0.8392156862745098200, 0.8274509803921568096 ) ;
#163 = CARTESIAN_POINT ( 'NONE',  ( 1.142930022522763656, 5.999900000000000233, 0.2780542732512504278 ) ) ;
#164 = CARTESIAN_POINT ( 'NONE',  ( 2.584854964514850639, 6.000000000000000888, 0.5105523376898889465 ) ) ;
#165 = DIRECTION ( 'NONE',  ( -0.8701091694029018386, 0.000000000000000000, 0.4928590400114339354 ) ) ;
#166 = EDGE_CURVE ( 'NONE', #809, #213, #2694, .T. ) ;
#167 = CARTESIAN_POINT ( 'NONE',  ( -2.665451921499553123, 6.000000000000000000, -2.819567424523458321 ) ) ;
#168 = ORIENTED_EDGE ( 'NONE', *, *, #2882, .T. ) ;
#169 = ORIENTED_EDGE ( 'NONE', *, *, #953, .T. ) ;
#170 = CARTESIAN_POINT ( 'NONE',  ( 2.644999999999999130, -0.1000000000000000056, 2.500000000000000444 ) ) ;
#171 = CARTESIAN_POINT ( 'NONE',  ( 2.640243940541739498, 6.000000000000000888, 0.3474100946828813652 ) ) ;
#172 = CARTESIAN_POINT ( 'NONE',  ( 2.607189793881092399, 6.000000000000000000, -0.5050213412164505922 ) ) ;
#173 = SURFACE_STYLE_FILL_AREA ( #3143 ) ;
#174 = ORIENTED_EDGE ( 'NONE', *, *, #1311, .T. ) ;
#175 = STYLED_ITEM ( 'NONE', ( #2029 ), #582 ) ;
#176 = CARTESIAN_POINT ( 'NONE',  ( 1.220930602704622059, 6.000000000000000888, -0.6970020397458625006 ) ) ;
#177 = FILL_AREA_STYLE_COLOUR ( '', #3830 ) ;
#178 = SURFACE_STYLE_FILL_AREA ( #2702 ) ;
#179 = LINE ( 'NONE', #4610, #1145 ) ;
#180 = CARTESIAN_POINT ( 'NONE',  ( 1.178191632116386556, 5.999900000000000233, -1.736868767687038906 ) ) ;
#181 = VERTEX_POINT ( 'NONE', #4477 ) ;
#182 = PLANE ( 'NONE',  #4545 ) ;
#183 = MECHANICAL_DESIGN_GEOMETRIC_PRESENTATION_REPRESENTATION (  '', ( #2269 ), #3241 ) ;
#184 = EDGE_CURVE ( 'NONE', #305, #4628, #3451, .T. ) ;
#185 = SURFACE_STYLE_FILL_AREA ( #3473 ) ;
#186 = MECHANICAL_DESIGN_GEOMETRIC_PRESENTATION_REPRESENTATION (  '', ( #1652 ), #3026 ) ;
#187 = FILL_AREA_STYLE_COLOUR ( '', #1044 ) ;
#188 = SURFACE_SIDE_STYLE ('',( #3519 ) ) ;
#189 = CARTESIAN_POINT ( 'NONE',  ( -1.447834582039406515, 6.000000000000000000, -0.9164999999999924318 ) ) ;
#190 = ORIENTED_EDGE ( 'NONE', *, *, #1957, .T. ) ;
#191 = ORIENTED_EDGE ( 'NONE', *, *, #1451, .T. ) ;
#192 = SURFACE_STYLE_USAGE ( .BOTH. , #888 ) ;
#193 = FACE_OUTER_BOUND ( 'NONE', #2080, .T. ) ;
#194 = CARTESIAN_POINT ( 'NONE',  ( 3.355000000000000870, 0.000000000000000000, -3.454999999999999627 ) ) ;
#195 = EDGE_CURVE ( 'NONE', #1423, #1666, #3094, .T. ) ;
#196 = EDGE_LOOP ( 'NONE', ( #540, #1037, #404, #2850 ) ) ;
#197 = LINE ( 'NONE', #3484, #96 ) ;
#198 =( LENGTH_UNIT ( ) NAMED_UNIT ( * ) SI_UNIT ( .MILLI., .METRE. ) );
#199 = CARTESIAN_POINT ( 'NONE',  ( 2.607189793881092399, 5.999900000000000233, -1.740315458863509468 ) ) ;
#200 = SURFACE_SIDE_STYLE ('',( #642 ) ) ;
#201 = PRESENTATION_LAYER_ASSIGNMENT (  '', '', ( #2661 ) ) ;
#202 = CARTESIAN_POINT ( 'NONE',  ( 2.642566788542307865, 5.999899999999998457, -1.894438454935804206 ) ) ;
#203 = COLOUR_RGB ( '',1.000000000000000000, 1.000000000000000000, 1.000000000000000000 ) ;
#204 = DIRECTION ( 'NONE',  ( -0.000000000000000000, 1.000000000000000000, -0.000000000000000000 ) ) ;
#205 = UNCERTAINTY_MEASURE_WITH_UNIT (LENGTH_MEASURE( 1.000000000000000082E-05 ), #1368, 'distance_accuracy_value', 'NONE');
#206 = ORIENTED_EDGE ( 'NONE', *, *, #3551, .F. ) ;
#207 = DIRECTION ( 'NONE',  ( 0.8604455470465083300, 0.000000000000000000, -0.5095424031107078644 ) ) ;
#208 = CARTESIAN_POINT ( 'NONE',  ( -0.6555708025118480720, 6.000000000000000000, -0.6561377952755882426 ) ) ;
#209 = CARTESIAN_POINT ( 'NONE',  ( 2.015737587998739588, 5.999900000000000233, 1.065291158783549630 ) ) ;
#210 = CARTESIAN_POINT ( 'NONE',  ( 2.642539632016172924, 5.999900000000002009, 1.556265576933502315 ) ) ;
#211 = EDGE_CURVE ( 'NONE', #3941, #587, #3999, .T. ) ;
#212 = B_SPLINE_CURVE_WITH_KNOTS ( 'NONE', 3,
 ( #1170, #2639, #4084, #3207, #2729, #3856, #1756, #3778, #634, #1269, #505 ),
 .UNSPECIFIED., .F., .F.,
 ( 4, 1, 1, 1, 1, 1, 1, 1, 4 ),
 ( 0.000000000000000000, 0.08608748684242689686, 0.1612668260071323245, 0.2388542627190386181, 0.3281828305663082035, 0.4373273942705390160, 0.5807184561777902765, 0.7620511388035712264, 1.000000000000000000 ),
 .UNSPECIFIED. ) ;
#213 = VERTEX_POINT ( 'NONE', #2786 ) ;
#214 = SURFACE_SIDE_STYLE ('',( #4242 ) ) ;
#215 =( LENGTH_UNIT ( ) NAMED_UNIT ( * ) SI_UNIT ( .MILLI., .METRE. ) );
#216 = CARTESIAN_POINT ( 'NONE',  ( 1.161416586822690222, 5.999900000000001121, 0.7223281781600243701 ) ) ;
#217 = DIRECTION ( 'NONE',  ( 0.4998928826337482589, 0.000000000000000000, -0.8660872391925201752 ) ) ;
#218 = CARTESIAN_POINT ( 'NONE',  ( 0.000000000000000000, 6.000000000000000000, 0.000000000000000000 ) ) ;
#219 = EDGE_LOOP ( 'NONE', ( #2266, #1716, #3674, #1081 ) ) ;
#220 = FILL_AREA_STYLE_COLOUR ( '', #1088 ) ;
#221 = LINE ( 'NONE', #3852, #1682 ) ;
#222 = SURFACE_STYLE_USAGE ( .BOTH. , #1739 ) ;
#223 = CARTESIAN_POINT ( 'NONE',  ( -0.8321574166850701504, 6.000000000000000000, 0.6509448818897678457 ) ) ;
#224 = CARTESIAN_POINT ( 'NONE',  ( 2.642667625737631809, 5.999999999999998224, -0.9750569420324970427 ) ) ;
#225 =( LENGTH_UNIT ( ) NAMED_UNIT ( * ) SI_UNIT ( .MILLI., .METRE. ) );
#226 = ORIENTED_EDGE ( 'NONE', *, *, #4191, .T. ) ;
#227 = CARTESIAN_POINT ( 'NONE',  ( 2.564450823292857340, 5.999900000000000233, -0.8669239147458623895 ) ) ;
#228 = SURFACE_SIDE_STYLE ('',( #3443 ) ) ;
#229 = CARTESIAN_POINT ( 'NONE',  ( 0.6067008510314587655, 5.999900000000000233, -0.7267047244094460012 ) ) ;
#230 = FACE_OUTER_BOUND ( 'NONE', #9, .T. ) ;
#231 = DIRECTION ( 'NONE',  ( -0.000000000000000000, 1.000000000000000000, -0.000000000000000000 ) ) ;
#232 = SURFACE_SIDE_STYLE ('',( #1359 ) ) ;
#233 = ORIENTED_EDGE ( 'NONE', *, *, #1126, .F. ) ;
#234 = PRESENTATION_LAYER_ASSIGNMENT (  '', '', ( #604 ) ) ;
#235 = CARTESIAN_POINT ( 'NONE',  ( 1.142722440240110604, 5.999900000000001121, 0.6307761071742298276 ) ) ;
#236 = ADVANCED_FACE ( 'NONE', ( #4620 ), #3140, .T. ) ;
#237 = EDGE_CURVE ( 'NONE', #3296, #4627, #2432, .T. ) ;
#238 = ORIENTED_EDGE ( 'NONE', *, *, #2849, .F. ) ;
#239 = VECTOR ( 'NONE', #4466, 1000.000000000000000 ) ;
#240 = EDGE_LOOP ( 'NONE', ( #996, #2246, #226, #1856 ) ) ;
#241 = DIRECTION ( 'NONE',  ( -0.000000000000000000, 1.000000000000000000, -0.000000000000000000 ) ) ;
#242 = CARTESIAN_POINT ( 'NONE',  ( 2.617887197584241488, 6.000000000000000888, 1.623353433307592963 ) ) ;
#243 = LINE ( 'NONE', #3173, #4443 ) ;
#244 = ADVANCED_FACE ( 'NONE', ( #2058 ), #3635, .T. ) ;
#245 = CARTESIAN_POINT ( 'NONE',  ( 2.640243940541738610, 6.000000000000000000, 1.582704212329940630 ) ) ;
#246 = PRESENTATION_LAYER_ASSIGNMENT (  '', '', ( #4453 ) ) ;
#247 = PRESENTATION_LAYER_ASSIGNMENT (  '', '', ( #3225 ) ) ;
#248 = VECTOR ( 'NONE', #2002, 1000.000000000000227 ) ;
#249 = CARTESIAN_POINT ( 'NONE',  ( 2.610467510789358236, 6.000000000000000888, -1.064853181661812309 ) ) ;
#250 = CARTESIAN_POINT ( 'NONE',  ( 2.635606768424067603, 5.999899999999999345, 0.2013092219934430882 ) ) ;
#251 = EDGE_LOOP ( 'NONE', ( #3634, #408, #938, #4430 ) ) ;
#252 = CARTESIAN_POINT ( 'NONE',  ( 1.220930602704621837, 5.999899999999999345, -1.932296157392921154 ) ) ;
#253 = VECTOR ( 'NONE', #4144, 1000.000000000000000 ) ;
#254 = DIRECTION ( 'NONE',  ( -0.000000000000000000, 1.000000000000000000, -0.000000000000000000 ) ) ;
#255 = CARTESIAN_POINT ( 'NONE',  ( -1.193625920622085834, 6.000000000000000000, -0.9661574803149570734 ) ) ;
#256 =( NAMED_UNIT ( * ) PLANE_ANGLE_UNIT ( ) SI_UNIT ( $, .RADIAN. ) );
#257 = CARTESIAN_POINT ( 'NONE',  ( 2.602775380086247203, 5.999900000000001121, 0.3871113136134829436 ) ) ;
#258 = CARTESIAN_POINT ( 'NONE',  ( 1.154045461959794405, 6.000000000000000000, 1.598120012308643201 ) ) ;
#259 = ORIENTED_EDGE ( 'NONE', *, *, #99, .T. ) ;
#260 = FILL_AREA_STYLE_COLOUR ( '', #2703 ) ;
#261 = COLOUR_RGB ( '',1.000000000000000000, 1.000000000000000000, 1.000000000000000000 ) ;
#262 = CARTESIAN_POINT ( 'NONE',  ( 1.181887395167976917, 5.999899999999999345, 0.5215738858509758602 ) ) ;
#263 = CARTESIAN_POINT ( 'NONE',  ( 2.644999999999999130, -0.1000000000000000056, 2.500000000000000444 ) ) ;
#264 =( GEOMETRIC_REPRESENTATION_CONTEXT ( 3 ) GLOBAL_UNCERTAINTY_ASSIGNED_CONTEXT ( ( #3460 ) ) GLOBAL_UNIT_ASSIGNED_CONTEXT ( ( #785, #760, #2558 ) ) REPRESENTATION_CONTEXT ( 'NONE', 'WORKASPACE' ) );
#265 = EDGE_CURVE ( 'NONE', #1844, #4175, #2155, .T. ) ;
#266 = EDGE_LOOP ( 'NONE', ( #3704, #2878, #2148, #3987 ) ) ;
#267 = ORIENTED_EDGE ( 'NONE', *, *, #2423, .F. ) ;
#268 = CARTESIAN_POINT ( 'NONE',  ( 1.220930602704621837, 5.999900000000000233, 1.585052188195314349 ) ) ;
#269 = LINE ( 'NONE', #1785, #1353 ) ;
#270 = FILL_AREA_STYLE ('',( #1223 ) ) ;
#271 = EDGE_CURVE ( 'NONE', #2345, #1743, #1447, .T. ) ;
#272 = CARTESIAN_POINT ( 'NONE',  ( 1.876491264469327680, 5.999900000000000233, -1.541441377981156435 ) ) ;
#273 = ORIENTED_EDGE ( 'NONE', *, *, #2333, .F. ) ;
#274 = CARTESIAN_POINT ( 'NONE',  ( 2.616607625011922789, 5.999900000000001121, 1.409441959770592945 ) ) ;
#275 = CARTESIAN_POINT ( 'NONE',  ( 2.636771313881896450, 6.000000000000000000, -0.8682515664157633983 ) ) ;
#276 = PRODUCT_DEFINITION_SHAPE ( 'NONE', 'NONE',  #3909 ) ;
#277 = VECTOR ( 'NONE', #657, 999.9999999999998863 ) ;
#278 = CARTESIAN_POINT ( 'NONE',  ( 1.161416586822690222, 6.000000000000000888, 0.7223281781600243701 ) ) ;
#279 = CARTESIAN_POINT ( 'NONE',  ( -0.6555708025118480720, 6.000000000000000000, -0.6561377952755882426 ) ) ;
#280 =( LENGTH_UNIT ( ) NAMED_UNIT ( * ) SI_UNIT ( .MILLI., .METRE. ) );
#281 = CARTESIAN_POINT ( 'NONE',  ( 2.629826558503598921, 5.999899999999999345, 0.3809373397381750070 ) ) ;
#282 = ORIENTED_EDGE ( 'NONE', *, *, #3002, .F. ) ;
#283 = SURFACE_STYLE_USAGE ( .BOTH. , #3227 ) ;
#284 = CARTESIAN_POINT ( 'NONE',  ( -1.608094424559088464, 6.000000000000000000, -0.3819212598425155147 ) ) ;
#285 = CARTESIAN_POINT ( 'NONE',  ( 1.146497715025989406, 6.000000000000001776, 0.6905897097364515069 ) ) ;
#286 =( LENGTH_UNIT ( ) NAMED_UNIT ( * ) SI_UNIT ( .MILLI., .METRE. ) );
#287 = ORIENTED_EDGE ( 'NONE', *, *, #953, .F. ) ;
#288 = FACE_OUTER_BOUND ( 'NONE', #2033, .T. ) ;
#289 = PLANE ( 'NONE',  #4463 ) ;
#290 = CARTESIAN_POINT ( 'NONE',  ( 2.642539632016172924, 6.000000000000001776, 1.556265576933502315 ) ) ;
#291 = COLOUR_RGB ( '',0.8274509803921568096, 0.8392156862745098200, 0.8274509803921568096 ) ;
#292 = EDGE_CURVE ( 'NONE', #3941, #4175, #356, .T. ) ;
#293 = CARTESIAN_POINT ( 'NONE',  ( 2.631385331497115398, 6.000000000000000888, 1.424968133424845407 ) ) ;
#294 = EDGE_CURVE ( 'NONE', #1160, #523, #659, .T. ) ;
#295 = ORIENTED_EDGE ( 'NONE', *, *, #297, .T. ) ;
#296 = SURFACE_SIDE_STYLE ('',( #1374 ) ) ;
#297 = EDGE_CURVE ( 'NONE', #1160, #3544, #3215, .T. ) ;
#298 = CARTESIAN_POINT ( 'NONE',  ( 2.584843896998425539, 5.999900000000000233, -0.8554607890441922047 ) ) ;
#299 = SURFACE_STYLE_USAGE ( .BOTH. , #745 ) ;
#300 = CARTESIAN_POINT ( 'NONE',  ( 1.213298624243933199, 5.999899999999999345, -0.8814998024638358576 ) ) ;
#301 = VECTOR ( 'NONE', #3082, 1000.000000000000000 ) ;
#302 = SURFACE_STYLE_FILL_AREA ( #4303 ) ;
#303 = CARTESIAN_POINT ( 'NONE',  ( 0.3986378589054800359, 5.999900000000000233, 0.6848070866141745539 ) ) ;
#304 = ORIENTED_EDGE ( 'NONE', *, *, #4688, .T. ) ;
#305 = VERTEX_POINT ( 'NONE', #263 ) ;
#306 = FILL_AREA_STYLE ('',( #1428 ) ) ;
#307 = CARTESIAN_POINT ( 'NONE',  ( 1.213334361882071777, 6.000000000000000888, 0.5343765560452014007 ) ) ;
#308 = CARTESIAN_POINT ( 'NONE',  ( 2.624191191930991707, 5.999900000000002009, -1.751155427735973547 ) ) ;
#309 = MECHANICAL_DESIGN_GEOMETRIC_PRESENTATION_REPRESENTATION (  '', ( #17 ), #3292 ) ;
#310 = ORIENTED_EDGE ( 'NONE', *, *, #792, .F. ) ;
#311 = CARTESIAN_POINT ( 'NONE',  ( 2.642682354305278203, 5.999999999999999112, 0.2788678019239007599 ) ) ;
#312 =( NAMED_UNIT ( * ) SI_UNIT ( $, .STERADIAN. ) SOLID_ANGLE_UNIT ( ) );
#313 = CARTESIAN_POINT ( 'NONE',  ( 0.6514744730787042082, 5.999900000000000233, -0.5474094488188978591 ) ) ;
#314 = PRESENTATION_LAYER_ASSIGNMENT (  '', '', ( #1475 ) ) ;
#315 = FACE_OUTER_BOUND ( 'NONE', #4595, .T. ) ;
#316 = CARTESIAN_POINT ( 'NONE',  ( 2.624191191930992595, 6.000000000000003553, 0.7194328075581447601 ) ) ;
#317 = ORIENTED_EDGE ( 'NONE', *, *, #672, .T. ) ;
#318 =( NAMED_UNIT ( * ) PLANE_ANGLE_UNIT ( ) SI_UNIT ( $, .RADIAN. ) );
#319 =( LENGTH_UNIT ( ) NAMED_UNIT ( * ) SI_UNIT ( .MILLI., .METRE. ) );
#320 =( NAMED_UNIT ( * ) SI_UNIT ( $, .STERADIAN. ) SOLID_ANGLE_UNIT ( ) );
#321 = CARTESIAN_POINT ( 'NONE',  ( 1.149025747743360526, 6.000000000000001776, 0.7045314611577949693 ) ) ;
#322 = CARTESIAN_POINT ( 'NONE',  ( 2.564450823292857340, 6.000000000000000000, 1.603664320548255473 ) ) ;
#323 = LINE ( 'NONE', #1799, #886 ) ;
#324 = DIRECTION ( 'NONE',  ( 0.8589240550050705192, 0.000000000000000000, 0.5121029854762093603 ) ) ;
#325 = VERTEX_POINT ( 'NONE', #1735 ) ;
#326 = B_SPLINE_CURVE_WITH_KNOTS ( 'NONE', 3,
 ( #133, #3556, #640, #4564, #1629, #1245, #4152, #3042, #871, #3061, #4205 ),
 .UNSPECIFIED., .F., .F.,
 ( 4, 1, 1, 1, 1, 1, 1, 1, 4 ),
 ( 0.000000000000000000, 0.2009044012478315988, 0.3599846282170894862, 0.4835952109184644687, 0.5715364693554766395, 0.6460191871590637014, 0.7285858147531647511, 0.8430130251172092137, 0.9999999999999998890 ),
 .UNSPECIFIED. ) ;
#327 = VECTOR ( 'NONE', #1085, 1000.000000000000000 ) ;
#328 = EDGE_CURVE ( 'NONE', #1103, #409, #4645, .T. ) ;
#329 = VERTEX_POINT ( 'NONE', #1183 ) ;
#330 = CARTESIAN_POINT ( 'NONE',  ( 2.640139079277641354, 5.999900000000002009, 0.5480307067437175661 ) ) ;
#331 = CARTESIAN_POINT ( 'NONE',  ( 2.564450823292857340, 5.999900000000000233, 0.3683702029011965418 ) ) ;
#332 = CARTESIAN_POINT ( 'NONE',  ( 2.641323004694410059, 5.999900000000001121, -1.805183329931393077 ) ) ;
#333 = CARTESIAN_POINT ( 'NONE',  ( 2.618218846677510037, 5.999900000000000233, 0.5029298468413077039 ) ) ;
#334 = COLOUR_RGB ( '',1.000000000000000000, 1.000000000000000000, 1.000000000000000000 ) ;
#335 = CARTESIAN_POINT ( 'NONE',  ( 2.641323004694410059, 6.000000000000000888, -1.805183329931393077 ) ) ;
#336 = B_SPLINE_SURFACE_WITH_KNOTS ( 'NONE', 3, 1, ( 
 ( #1460, #1745 ),
 ( #2888, #720 ),
 ( #4348, #4275 ),
 ( #1820, #1004 ),
 ( #2471, #275 ),
 ( #3924, #625 ),
 ( #3563, #648 ),
 ( #4658, #1394 ),
 ( #298, #1768 ),
 ( #3014, #3290 ),
 ( #1199, #2233 ) ),
 .UNSPECIFIED., .F., .F., .F.,
 ( 4, 1, 1, 1, 1, 1, 1, 1, 4 ),
 ( 2, 2 ),
 ( 0.000000000000000000, 0.2090174448045498123, 0.3701215845098708157, 0.4868884033316097093, 0.5748632755078627588, 0.6458207185090946156, 0.7281441267704361620, 0.8423061535616729323, 1.000000000000000000 ),
 ( 0.000000000000000000, 1.000000000000000000 ),
 .UNSPECIFIED. ) ;
#337 = CARTESIAN_POINT ( 'NONE',  ( 2.644999999999999130, -0.1000000000000000056, -2.500000000000000444 ) ) ;
#338 = CARTESIAN_POINT ( 'NONE',  ( 2.630254047037110965, 5.999899999999999345, -0.5243396465367895498 ) ) ;
#339 = SURFACE_STYLE_USAGE ( .BOTH. , #4054 ) ;
#340 = CARTESIAN_POINT ( 'NONE',  ( 1.143354133692980668, 5.999999999999999112, -0.9358830756412876983 ) ) ;
#341 = AXIS2_PLACEMENT_3D ( 'NONE', #1546, #4102, #737 ) ;
#342 = CARTESIAN_POINT ( 'NONE',  ( -2.943241815541270956, 5.999900000000000233, 2.819567424523459209 ) ) ;
#343 = VERTEX_POINT ( 'NONE', #2951 ) ;
#344 = DIRECTION ( 'NONE',  ( -0.8660872391925200642, 0.000000000000000000, -0.4998928826337482034 ) ) ;
#345 = CARTESIAN_POINT ( 'NONE',  ( 2.639295963283396329, 5.999999999999998224, -0.5502564976880873759 ) ) ;
#346 = CARTESIAN_POINT ( 'NONE',  ( 1.142778724780127986, 5.999999999999999112, 0.6487080264322963030 ) ) ;
#347 = CARTESIAN_POINT ( 'NONE',  ( 2.571937412355976171, 6.000000000000000888, 1.607872597963731831 ) ) ;
#348 = FILL_AREA_STYLE ('',( #4109 ) ) ;
#349 = PRESENTATION_STYLE_ASSIGNMENT (( #1485 ) ) ;
#350 = ORIENTED_EDGE ( 'NONE', *, *, #16, .T. ) ;
#351 = APPLICATION_PROTOCOL_DEFINITION ( 'draft international standard', 'automotive_design', 1998, #995 ) ;
#352 = CARTESIAN_POINT ( 'NONE',  ( -1.283948755267751096, 6.000000000000000000, 0.4673622047244164190 ) ) ;
#353 = EDGE_LOOP ( 'NONE', ( #1331, #2893, #591, #2402 ) ) ;
#354 = CARTESIAN_POINT ( 'NONE',  ( 2.629964885561349330, 5.999899999999999345, 0.5115929380281439842 ) ) ;
#355 = CARTESIAN_POINT ( 'NONE',  ( 1.142774914274140352, 6.000000000000000000, 0.2364644427986457020 ) ) ;
#356 = LINE ( 'NONE', #3189, #2481 ) ;
#357 = ORIENTED_EDGE ( 'NONE', *, *, #184, .T. ) ;
#358 = ORIENTED_EDGE ( 'NONE', *, *, #2512, .F. ) ;
#359 = SURFACE_STYLE_USAGE ( .BOTH. , #3763 ) ;
#360 = STYLED_ITEM ( 'NONE', ( #3610 ), #3964 ) ;
#361 = CARTESIAN_POINT ( 'NONE',  ( 1.220930602704622059, 6.000000000000000888, -0.6970020397458625006 ) ) ;
#362 = CARTESIAN_POINT ( 'NONE',  ( 1.149025747743360526, 6.000000000000001776, -0.5307626564892643506 ) ) ;
#363 = ORIENTED_EDGE ( 'NONE', *, *, #3438, .F. ) ;
#364 = CARTESIAN_POINT ( 'NONE',  ( 2.015737587998739588, 6.000000000000000000, -0.1700029588635093569 ) ) ;
#365 = PRESENTATION_LAYER_ASSIGNMENT (  '', '', ( #1836 ) ) ;
#366 = CARTESIAN_POINT ( 'NONE',  ( 2.624191191930992595, 5.999900000000002009, -0.5158613100889147818 ) ) ;
#367 = PLANE ( 'NONE',  #3235 ) ;
#368 = AXIS2_PLACEMENT_3D ( 'NONE', #1268, #3828, #3802 ) ;
#369 = CARTESIAN_POINT ( 'NONE',  ( 1.143354133692980668, 5.999899999999999345, -0.9358830756412876983 ) ) ;
#370 = FACE_OUTER_BOUND ( 'NONE', #2188, .T. ) ;
#371 = CARTESIAN_POINT ( 'NONE',  ( 1.213298624243933643, 6.000000000000000000, 1.589088432830282116 ) ) ;
#372 = VERTEX_POINT ( 'NONE', #4474 ) ;
#373 = B_SPLINE_SURFACE_WITH_KNOTS ( 'NONE', 3, 1, ( 
 ( #762, #4076 ),
 ( #1918, #1865 ),
 ( #1164, #1086 ),
 ( #4007, #4390 ),
 ( #3009, #4459 ),
 ( #2250, #4725 ),
 ( #2633, #2928 ),
 ( #3311, #412 ),
 ( #1454, #1139 ),
 ( #713, #2207 ),
 ( #3656, #3284 ) ),
 .UNSPECIFIED., .F., .F., .F.,
 ( 4, 1, 1, 1, 1, 1, 1, 1, 4 ),
 ( 2, 2 ),
 ( 0.000000000000000000, 0.2339648385054090562, 0.4198783559695579704, 0.5659151998979442544, 0.6801214999993734356, 0.7723010949812570969, 0.8443163158709261484, 0.9185860088431486714, 1.000000000000000000 ),
 ( 0.000000000000000000, 1.000000000000000000 ),
 .UNSPECIFIED. ) ;
#374 = FILL_AREA_STYLE ('',( #75 ) ) ;
#375 = VERTEX_POINT ( 'NONE', #828 ) ;
#376 = CARTESIAN_POINT ( 'NONE',  ( 2.642566788542308309, 5.999899999999998457, 0.5761497803583132127 ) ) ;
#377 = CARTESIAN_POINT ( 'NONE',  ( 1.154027076143226971, 5.999899999999997569, -1.071967582049080159 ) ) ;
#378 = VERTEX_POINT ( 'NONE', #2625 ) ;
#379 = CARTESIAN_POINT ( 'NONE',  ( -3.354999999999998206, 0.000000000000000000, 3.455000000000000515 ) ) ;
#380 = EDGE_CURVE ( 'NONE', #1743, #2819, #4409, .T. ) ;
#381 = CARTESIAN_POINT ( 'NONE',  ( 2.640139079277641354, 5.999900000000002009, -0.6872634109033418648 ) ) ;
#382 = ADVANCED_FACE ( 'NONE', ( #1207 ), #711, .T. ) ;
#383 = PLANE ( 'NONE',  #1970 ) ;
#384 = CARTESIAN_POINT ( 'NONE',  ( 2.642690712998740032, 5.999900000000001121, -0.6260002015105683437 ) ) ;
#385 = LINE ( 'NONE', #2560, #2397 ) ;
#386 = UNCERTAINTY_MEASURE_WITH_UNIT (LENGTH_MEASURE( 1.000000000000000082E-05 ), #4118, 'distance_accuracy_value', 'NONE');
#387 = PRESENTATION_LAYER_ASSIGNMENT (  '', '', ( #1859 ) ) ;
#388 = AXIS2_PLACEMENT_3D ( 'NONE', #2314, #4553, #1574 ) ;
#389 = CARTESIAN_POINT ( 'NONE',  ( 0.1242165990629554018, 5.999900000000000233, -0.7788346456692936126 ) ) ;
#390 = EDGE_CURVE ( 'NONE', #4139, #1656, #1925, .T. ) ;
#391 = CARTESIAN_POINT ( 'NONE',  ( 2.641323004694411392, 6.000000000000003553, 0.6654049053627252297 ) ) ;
#392 = VERTEX_POINT ( 'NONE', #447 ) ;
#393 = COLOUR_RGB ( '',0.8274509803921568096, 0.8392156862745098200, 0.8274509803921568096 ) ;
#394 =( NAMED_UNIT ( * ) PLANE_ANGLE_UNIT ( ) SI_UNIT ( $, .RADIAN. ) );
#395 = CARTESIAN_POINT ( 'NONE',  ( 2.635047234864875687, 5.999900000000002009, -1.770913513954881502 ) ) ;
#396 = CARTESIAN_POINT ( 'NONE',  ( 2.629826558503599365, 5.999999999999999112, 1.616231457385233883 ) ) ;
#397 = EDGE_CURVE ( 'NONE', #3701, #2518, #3375, .T. ) ;
#398 = CARTESIAN_POINT ( 'NONE',  ( -2.943241815541270956, 5.999900000000000233, -2.819567424523458321 ) ) ;
#399 =( GEOMETRIC_REPRESENTATION_CONTEXT ( 3 ) GLOBAL_UNCERTAINTY_ASSIGNED_CONTEXT ( ( #714 ) ) GLOBAL_UNIT_ASSIGNED_CONTEXT ( ( #481, #3340, #42 ) ) REPRESENTATION_CONTEXT ( 'NONE', 'WORKASPACE' ) );
#400 = COLOUR_RGB ( '',1.000000000000000000, 1.000000000000000000, 1.000000000000000000 ) ;
#401 = FILL_AREA_STYLE ('',( #3759 ) ) ;
#402 = CARTESIAN_POINT ( 'NONE',  ( 3.355000000000001759, 6.000000000000000000, 3.455000000000000515 ) ) ;
#403 = CARTESIAN_POINT ( 'NONE',  ( 1.154027076143226971, 5.999999999999998224, -1.071967582049080159 ) ) ;
#404 = ORIENTED_EDGE ( 'NONE', *, *, #1064, .T. ) ;
#405 = CARTESIAN_POINT ( 'NONE',  ( 2.602780714937743323, 5.999899999999999345, 0.5036759459540341988 ) ) ;
#406 = MECHANICAL_DESIGN_GEOMETRIC_PRESENTATION_REPRESENTATION (  '', ( #2106 ), #3087 ) ;
#407 = ORIENTED_EDGE ( 'NONE', *, *, #4195, .F. ) ;
#408 = ORIENTED_EDGE ( 'NONE', *, *, #1880, .F. ) ;
#409 = VERTEX_POINT ( 'NONE', #1257 ) ;
#410 = CARTESIAN_POINT ( 'NONE',  ( -0.6555708025118480720, 5.999900000000000233, -0.6561377952755882426 ) ) ;
#411 = LINE ( 'NONE', #3360, #3627 ) ;
#412 = CARTESIAN_POINT ( 'NONE',  ( 1.161530783382917820, 6.000000000000000888, 1.390679619410485790 ) ) ;
#413 = CARTESIAN_POINT ( 'NONE',  ( 2.642682354305278647, 5.999899999999999345, 1.514161919570959913 ) ) ;
#414 = LINE ( 'NONE', #4081, #4228 ) ;
#415 = MECHANICAL_DESIGN_GEOMETRIC_PRESENTATION_REPRESENTATION (  '', ( #1197 ), #3100 ) ;
#416 = CARTESIAN_POINT ( 'NONE',  ( -0.1988070229842903158, 6.000000000000000000, -1.102125984251967505 ) ) ;
#417 = EDGE_CURVE ( 'NONE', #1054, #1258, #2714, .T. ) ;
#418 = CARTESIAN_POINT ( 'NONE',  ( 1.143897626635291154, 5.999900000000001121, -1.798008220888251518 ) ) ;
#419 = EDGE_CURVE ( 'NONE', #1674, #2150, #3886, .T. ) ;
#420 = CARTESIAN_POINT ( 'NONE',  ( 0.3034685675668905014, 6.000000000000000000, -1.102125984251969282 ) ) ;
#421 = SURFACE_STYLE_FILL_AREA ( #4017 ) ;
#422 = CARTESIAN_POINT ( 'NONE',  ( 1.149120405164141268, 5.999900000000000233, -1.060119710834706241 ) ) ;
#423 = CARTESIAN_POINT ( 'NONE',  ( -2.644999999999999130, -0.1000000000000000056, 2.500000000000000000 ) ) ;
#424 = CARTESIAN_POINT ( 'NONE',  ( -1.608094424559088464, 5.999900000000000233, -0.3819212598425155147 ) ) ;
#425 = VERTEX_POINT ( 'NONE', #562 ) ;
#426 = CARTESIAN_POINT ( 'NONE',  ( 1.181946779667099268, 5.999900000000002009, 0.3684274165713390947 ) ) ;
#427 = EDGE_LOOP ( 'NONE', ( #668, #3477, #3747, #3670 ) ) ;
#428 = ORIENTED_EDGE ( 'NONE', *, *, #4361, .F. ) ;
#429 = AXIS2_PLACEMENT_3D ( 'NONE', #2931, #3027, #4008 ) ;
#430 = VERTEX_POINT ( 'NONE', #4618 ) ;
#431 = CARTESIAN_POINT ( 'NONE',  ( 1.166518503127165873, 5.999999999999998224, -1.949304656196183982 ) ) ;
#432 = DIRECTION ( 'NONE',  ( -0.8701091694029018386, 0.000000000000000000, 0.4928590400114340464 ) ) ;
#433 = DIRECTION ( 'NONE',  ( 0.8644584418281031635, 0.000000000000000000, -0.5027042891722010021 ) ) ;
#434 = B_SPLINE_CURVE_WITH_KNOTS ( 'NONE', 3,
 ( #3348, #1098, #723, #4018, #747, #2214, #3693, #1508, #1149, #1532, #4328 ),
 .UNSPECIFIED., .F., .F.,
 ( 4, 1, 1, 1, 1, 1, 1, 1, 4 ),
 ( 0.000000000000000000, 0.08269940838263134530, 0.1609352856402981868, 0.2384022412677344882, 0.3252932597831255657, 0.4321161260274609672, 0.5729322032451371616, 0.7592645677637445134, 1.000000000000000000 ),
 .UNSPECIFIED. ) ;
#435 = CARTESIAN_POINT ( 'NONE',  ( 1.175322422394289079, 6.000000000000000000, -0.5035271435553383412 ) ) ;
#436 = CARTESIAN_POINT ( 'NONE',  ( 1.175322422394288857, 5.999999999999999112, -1.738821261202396995 ) ) ;
#437 = CARTESIAN_POINT ( 'NONE',  ( 2.631385331497116731, 6.000000000000003553, -1.045620101869273677 ) ) ;
#438 = EDGE_CURVE ( 'NONE', #2826, #4002, #1685, .T. ) ;
#439 = CARTESIAN_POINT ( 'NONE',  ( 2.642673057520803948, 5.999899999999999345, -1.830824554903731194 ) ) ;
#440 = UNCERTAINTY_MEASURE_WITH_UNIT (LENGTH_MEASURE( 1.000000000000000082E-05 ), #1129, 'distance_accuracy_value', 'NONE');
#441 = EDGE_CURVE ( 'NONE', #2874, #1674, #4593, .T. ) ;
#442 = CARTESIAN_POINT ( 'NONE',  ( 1.142774914274140352, 5.999900000000000233, 0.2364644427986457020 ) ) ;
#443 = COLOUR_RGB ( '',1.000000000000000000, 1.000000000000000000, 1.000000000000000000 ) ;
#444 = CARTESIAN_POINT ( 'NONE',  ( 1.175344842613581742, 5.999900000000000233, -1.090351046262059587 ) ) ;
#445 = CARTESIAN_POINT ( 'NONE',  ( -2.943241815541270956, 6.000000000000000000, 2.819567424523459209 ) ) ;
#446 = CARTESIAN_POINT ( 'NONE',  ( 0.7694291974881546370, 5.999900000000000233, -0.3560984251968530301 ) ) ;
#447 = CARTESIAN_POINT ( 'NONE',  ( 1.178191632116386556, 5.999900000000000233, 0.7337194676070789567 ) ) ;
#448 = EDGE_LOOP ( 'NONE', ( #1082, #2288, #358, #1159 ) ) ;
#449 = CARTESIAN_POINT ( 'NONE',  ( 1.154974464376837373, 5.999900000000000233, 0.5295270840335154494 ) ) ;
#450 = DIRECTION ( 'NONE',  ( -0.8571493051170774313, 0.000000000000000000, -0.5150680234078904851 ) ) ;
#451 = CARTESIAN_POINT ( 'NONE',  ( 1.220930602704621837, 6.000000000000000000, -0.8855360470988036248 ) ) ;
#452 = PRESENTATION_STYLE_ASSIGNMENT (( #3454 ) ) ;
#453 = CARTESIAN_POINT ( 'NONE',  ( 2.610467510789359125, 5.999900000000001121, 1.405735053632306109 ) ) ;
#454 = SURFACE_SIDE_STYLE ('',( #1921 ) ) ;
#455 = PLANE ( 'NONE',  #1148 ) ;
#456 = CARTESIAN_POINT ( 'NONE',  ( 1.169738862666132473, 6.000000000000000000, -1.742620866396078938 ) ) ;
#457 = EDGE_CURVE ( 'NONE', #1459, #1844, #3788, .T. ) ;
#458 = CARTESIAN_POINT ( 'NONE',  ( 2.624753711275633172, 5.999899999999996680, -1.054265172619019975 ) ) ;
#459 = FILL_AREA_STYLE_COLOUR ( '', #3545 ) ;
#460 = CARTESIAN_POINT ( 'NONE',  ( 2.636813255159033975, 5.999900000000000233, -0.7085054191024058312 ) ) ;
#461 =( NAMED_UNIT ( * ) PLANE_ANGLE_UNIT ( ) SI_UNIT ( $, .RADIAN. ) );
#462 = COLOUR_RGB ( '',1.000000000000000000, 1.000000000000000000, 1.000000000000000000 ) ;
#463 = DIRECTION ( 'NONE',  ( -0.000000000000000000, 1.000000000000000000, -0.000000000000000000 ) ) ;
#464 = MECHANICAL_DESIGN_GEOMETRIC_PRESENTATION_REPRESENTATION (  '', ( #3384 ), #2555 ) ;
#465 = CARTESIAN_POINT ( 'NONE',  ( 1.143793079353702780, 6.000000000000000888, 0.3276079968011174626 ) ) ;
#466 = VECTOR ( 'NONE', #2273, 1000.000000000000000 ) ;
#467 = CARTESIAN_POINT ( 'NONE',  ( 0.7799370715039031232, 6.000000000000000000, -0.02874015748031673659 ) ) ;
#468 =( LENGTH_UNIT ( ) NAMED_UNIT ( * ) SI_UNIT ( .MILLI., .METRE. ) );
#469 = EDGE_CURVE ( 'NONE', #4539, #3490, #3137, .T. ) ;
#470 = ORIENTED_EDGE ( 'NONE', *, *, #3712, .F. ) ;
#471 = EDGE_CURVE ( 'NONE', #4646, #3499, #1143, .T. ) ;
#472 = AXIS2_PLACEMENT_3D ( 'NONE', #3539, #4685, #1419 ) ;
#473 = ORIENTED_EDGE ( 'NONE', *, *, #4438, .F. ) ;
#474 = CARTESIAN_POINT ( 'NONE',  ( 1.220930602704622059, 5.999900000000001121, -0.6970020397458625006 ) ) ;
#475 = CARTESIAN_POINT ( 'NONE',  ( 1.144617761972858805, 5.999999999999999112, -1.906695153511921870 ) ) ;
#476 = CARTESIAN_POINT ( 'NONE',  ( 1.143793079353702558, 5.999899999999999345, -0.9076861208459413577 ) ) ;
#477 = SURFACE_STYLE_USAGE ( .BOTH. , #3053 ) ;
#478 = CARTESIAN_POINT ( 'NONE',  ( 2.607189793881092399, 5.999900000000000233, 1.403756232312961316 ) ) ;
#479 = PRESENTATION_STYLE_ASSIGNMENT (( #3772 ) ) ;
#480 = STYLED_ITEM ( 'NONE', ( #2880 ), #1041 ) ;
#481 =( LENGTH_UNIT ( ) NAMED_UNIT ( * ) SI_UNIT ( .MILLI., .METRE. ) );
#482 = CARTESIAN_POINT ( 'NONE',  ( 1.143068033057007771, 6.000000000000000000, -0.6450862253979010585 ) ) ;
#483 =( NAMED_UNIT ( * ) PLANE_ANGLE_UNIT ( ) SI_UNIT ( $, .RADIAN. ) );
#484 = CARTESIAN_POINT ( 'NONE',  ( 2.641316205600277911, 6.000000000000001776, -1.000017597477753206 ) ) ;
#485 = CARTESIAN_POINT ( 'NONE',  ( 2.564450823292857340, 5.999900000000000233, 1.603664320548255473 ) ) ;
#486 = UNCERTAINTY_MEASURE_WITH_UNIT (LENGTH_MEASURE( 1.000000000000000082E-05 ), #1549, 'distance_accuracy_value', 'NONE');
#487 = CARTESIAN_POINT ( 'NONE',  ( 2.642646007643794981, 5.999900000000000233, -0.6379568434597616688 ) ) ;
#488 = FACE_OUTER_BOUND ( 'NONE', #531, .T. ) ;
#489 = VECTOR ( 'NONE', #4194, 1000.000000000000000 ) ;
#490 = SURFACE_STYLE_USAGE ( .BOTH. , #3785 ) ;
#491 = CARTESIAN_POINT ( 'NONE',  ( 2.640139079277641354, 6.000000000000001776, 0.5480307067437175661 ) ) ;
#492 = CARTESIAN_POINT ( 'NONE',  ( 2.640243940541738610, 5.999900000000000233, 1.582704212329940630 ) ) ;
#493 = VERTEX_POINT ( 'NONE', #2408 ) ;
#494 = EDGE_LOOP ( 'NONE', ( #2524, #2057, #546, #1208 ) ) ;
#495 = EDGE_CURVE ( 'NONE', #830, #2954, #3948, .T. ) ;
#496 = CARTESIAN_POINT ( 'NONE',  ( 1.166518503127166762, 5.999900000000000233, -0.7140105385491253287 ) ) ;
#497 = CARTESIAN_POINT ( 'NONE',  ( 2.617887197584240599, 5.999999999999999112, 0.3880593156605338656 ) ) ;
#498 =( NAMED_UNIT ( * ) SI_UNIT ( $, .STERADIAN. ) SOLID_ANGLE_UNIT ( ) );
#499 = FILL_AREA_STYLE ('',( #3797 ) ) ;
#500 = DIRECTION ( 'NONE',  ( -1.255226827769035407E-16, -0.000000000000000000, -1.000000000000000000 ) ) ;
#501 = PRESENTATION_LAYER_ASSIGNMENT (  '', '', ( #2591 ) ) ;
#502 = B_SPLINE_CURVE_WITH_KNOTS ( 'NONE', 3,
 ( #2973, #4159, #2761, #932, #1278, #3064, #583, #4518, #3088, #2780, #1702 ),
 .UNSPECIFIED., .F., .F.,
 ( 4, 1, 1, 1, 1, 1, 1, 1, 4 ),
 ( 0.000000000000000000, 0.2009044012478304053, 0.3599846282170884315, 0.4835952109184648018, 0.5715364693554770836, 0.6460191871590634793, 0.7285858147531646400, 0.8430130251172095468, 1.000000000000000000 ),
 .UNSPECIFIED. ) ;
#503 = LINE ( 'NONE', #1988, #1171 ) ;
#504 = CARTESIAN_POINT ( 'NONE',  ( 1.175344842613581742, 6.000000000000000000, 0.1449430713849993169 ) ) ;
#505 = CARTESIAN_POINT ( 'NONE',  ( 2.642690712998739588, 6.000000000000000000, 1.524735092607079068 ) ) ;
#506 = CARTESIAN_POINT ( 'NONE',  ( 2.629964885561349330, 5.999999999999999112, -0.7237011796189150026 ) ) ;
#507 = ORIENTED_EDGE ( 'NONE', *, *, #294, .F. ) ;
#508 = FILL_AREA_STYLE_COLOUR ( '', #3873 ) ;
#509 = CARTESIAN_POINT ( 'NONE',  ( 1.200201249945042958, 5.999899999999999345, -1.942981210129772762 ) ) ;
#510 = COLOUR_RGB ( '',1.000000000000000000, 1.000000000000000000, 1.000000000000000000 ) ;
#511 = CARTESIAN_POINT ( 'NONE',  ( 2.564450823292857340, 5.999900000000000233, 0.3683702029011965418 ) ) ;
#512 = CARTESIAN_POINT ( 'NONE',  ( 1.213298624243933199, 5.999899999999999345, 0.3537943151832227962 ) ) ;
#513 = CARTESIAN_POINT ( 'NONE',  ( 2.617887197584241488, 5.999900000000001121, 1.623353433307592963 ) ) ;
#514 = LINE ( 'NONE', #987, #1795 ) ;
#515 = ORIENTED_EDGE ( 'NONE', *, *, #3523, .F. ) ;
#516 = VECTOR ( 'NONE', #2662, 1000.000000000000000 ) ;
#517 = VERTEX_POINT ( 'NONE', #4546 ) ;
#518 = CARTESIAN_POINT ( 'NONE',  ( 1.143068033057007771, 5.999900000000000233, -0.6450862253979010585 ) ) ;
#519 = CARTESIAN_POINT ( 'NONE',  ( -0.8947361568425546974, 6.000000000000000000, -0.3477952755905496796 ) ) ;
#520 =( NAMED_UNIT ( * ) PLANE_ANGLE_UNIT ( ) SI_UNIT ( $, .RADIAN. ) );
#521 = DIRECTION ( 'NONE',  ( 0.000000000000000000, 1.000000000000000000, 0.000000000000000000 ) ) ;
#522 =( GEOMETRIC_REPRESENTATION_CONTEXT ( 3 ) GLOBAL_UNCERTAINTY_ASSIGNED_CONTEXT ( ( #925 ) ) GLOBAL_UNIT_ASSIGNED_CONTEXT ( ( #2083, #976, #2491 ) ) REPRESENTATION_CONTEXT ( 'NONE', 'WORKASPACE' ) );
#523 = VERTEX_POINT ( 'NONE', #2763 ) ;
#524 = CARTESIAN_POINT ( 'NONE',  ( 1.154974464376837373, 6.000000000000000000, -0.7057670336135434264 ) ) ;
#525 = VECTOR ( 'NONE', #4444, 1000.000000000000000 ) ;
#526 = EDGE_CURVE ( 'NONE', #1656, #2023, #1281, .T. ) ;
#527 = CARTESIAN_POINT ( 'NONE',  ( 1.142720842757629640, 5.999900000000002009, 1.490727634935819168 ) ) ;
#528 = CARTESIAN_POINT ( 'NONE',  ( -2.172936944244125979, 6.000000000000000000, 0.2092480314960713517 ) ) ;
#529 = UNCERTAINTY_MEASURE_WITH_UNIT (LENGTH_MEASURE( 1.000000000000000082E-05 ), #1052, 'distance_accuracy_value', 'NONE');
#530 = CARTESIAN_POINT ( 'NONE',  ( 2.618218846677510037, 5.999900000000000233, -0.7323642708057511719 ) ) ;
#531 = EDGE_LOOP ( 'NONE', ( #4604, #4189, #2211, #4116 ) ) ;
#532 =( GEOMETRIC_REPRESENTATION_CONTEXT ( 3 ) GLOBAL_UNCERTAINTY_ASSIGNED_CONTEXT ( ( #1599 ) ) GLOBAL_UNIT_ASSIGNED_CONTEXT ( ( #4310, #3186, #1011 ) ) REPRESENTATION_CONTEXT ( 'NONE', 'WORKASPACE' ) );
#533 = FILL_AREA_STYLE_COLOUR ( '', #4027 ) ;
#534 = CARTESIAN_POINT ( 'NONE',  ( 1.142690712998739810, 6.000000000000000888, -1.849920238275274409 ) ) ;
#535 = MECHANICAL_DESIGN_GEOMETRIC_PRESENTATION_REPRESENTATION (  '', ( #1242 ), #2470 ) ;
#536 = CARTESIAN_POINT ( 'NONE',  ( 1.142690712998739588, 6.000000000000000000, 0.2660034749600200255 ) ) ;
#537 = CARTESIAN_POINT ( 'NONE',  ( -1.974192849755940671, 5.999900000000000233, -0.4815314960629848984 ) ) ;
#538 = CARTESIAN_POINT ( 'NONE',  ( 1.147672671593930938, 5.999999999999999112, 1.583324717616142241 ) ) ;
#539 = VECTOR ( 'NONE', #2257, 1000.000000000000000 ) ;
#540 = ORIENTED_EDGE ( 'NONE', *, *, #3001, .F. ) ;
#541 = ORIENTED_EDGE ( 'NONE', *, *, #2462, .F. ) ;
#542 = MECHANICAL_DESIGN_GEOMETRIC_PRESENTATION_REPRESENTATION (  '', ( #617 ), #399 ) ;
#543 = CARTESIAN_POINT ( 'NONE',  ( 2.636771313881896450, 6.000000000000000000, -0.8682515664157633983 ) ) ;
#544 = CARTESIAN_POINT ( 'NONE',  ( 2.642673057520803503, 5.999999999999997335, -0.5955304372566720961 ) ) ;
#545 = CARTESIAN_POINT ( 'NONE',  ( 2.564450823292857340, 6.000000000000000000, 0.5217479602541378325 ) ) ;
#546 = ORIENTED_EDGE ( 'NONE', *, *, #2482, .F. ) ;
#547 = MECHANICAL_DESIGN_GEOMETRIC_PRESENTATION_REPRESENTATION (  '', ( #1412 ), #3085 ) ;
#548 = CARTESIAN_POINT ( 'NONE',  ( 1.149120405164141490, 5.999900000000002009, 0.1751744068123526343 ) ) ;
#549 = SURFACE_STYLE_FILL_AREA ( #1388 ) ;
#550 = CARTESIAN_POINT ( 'NONE',  ( 2.602780714937743323, 6.000000000000000888, -1.966912289340083886 ) ) ;
#551 = B_SPLINE_CURVE_WITH_KNOTS ( 'NONE', 3,
 ( #771, #4062, #3323, #2571, #2280, #3719, #1506, #2990, #1172, #2969, #2260 ),
 .UNSPECIFIED., .F., .F.,
 ( 4, 1, 1, 1, 1, 1, 1, 1, 4 ),
 ( 0.000000000000000000, 0.2339648385054098612, 0.4198783559695589140, 0.5659151998979449205, 0.6801214999993744348, 0.7723010949812569859, 0.8443163158709258154, 0.9185860088431486714, 1.000000000000000000 ),
 .UNSPECIFIED. ) ;
#552 = PRESENTATION_LAYER_ASSIGNMENT (  '', '', ( #1646 ) ) ;
#553 =( GEOMETRIC_REPRESENTATION_CONTEXT ( 3 ) GLOBAL_UNCERTAINTY_ASSIGNED_CONTEXT ( ( #4510 ) ) GLOBAL_UNIT_ASSIGNED_CONTEXT ( ( #2360, #3453, #2743 ) ) REPRESENTATION_CONTEXT ( 'NONE', 'WORKASPACE' ) );
#554 = CARTESIAN_POINT ( 'NONE',  ( -0.1988070229842903158, 6.000000000000000000, -1.102125984251967505 ) ) ;
#555 = EDGE_LOOP ( 'NONE', ( #2976, #3272, #894, #2764 ) ) ;
#556 = SURFACE_STYLE_FILL_AREA ( #3758 ) ;
#557 = CARTESIAN_POINT ( 'NONE',  ( -1.608094424559088464, 6.000000000000000000, -0.3819212598425155147 ) ) ;
#558 =( LENGTH_UNIT ( ) NAMED_UNIT ( * ) SI_UNIT ( .MILLI., .METRE. ) );
#559 = CARTESIAN_POINT ( 'NONE',  ( 0.1937126620550882472, 5.999900000000000233, 1.355472440944882617 ) ) ;
#560 = STYLED_ITEM ( 'NONE', ( #3084 ), #2710 ) ;
#561 = CARTESIAN_POINT ( 'NONE',  ( 2.636813255159033975, 6.000000000000000000, 0.5267886985446531556 ) ) ;
#562 = CARTESIAN_POINT ( 'NONE',  ( -0.8275196214094782121, 5.999900000000000233, 1.076720472440948484 ) ) ;
#563 = ORIENTED_EDGE ( 'NONE', *, *, #2098, .T. ) ;
#564 = SURFACE_STYLE_FILL_AREA ( #3869 ) ;
#565 = DIRECTION ( 'NONE',  ( -1.000000000000000000, 0.000000000000000000, 3.453728408488213655E-15 ) ) ;
#566 = B_SPLINE_CURVE_WITH_KNOTS ( 'NONE', 3,
 ( #3288, #2906, #4439, #391, #3316, #2277, #1553, #2565, #1897, #44, #67 ),
 .UNSPECIFIED., .F., .F.,
 ( 4, 1, 1, 1, 1, 1, 1, 1, 4 ),
 ( 0.000000000000000000, 0.2475841483258849618, 0.4361234509600940279, 0.5765471439970870637, 0.6891935206218198218, 0.7769127325059281830, 0.8506699786920552953, 0.9203469832125598105, 1.000000000000000000 ),
 .UNSPECIFIED. ) ;
#567 = FILL_AREA_STYLE_COLOUR ( '', #3327 ) ;
#568 = CARTESIAN_POINT ( 'NONE',  ( -0.8947361568425546974, 6.000000000000000000, -0.3477952755905496796 ) ) ;
#569 = ORIENTED_EDGE ( 'NONE', *, *, #4615, .F. ) ;
#570 = LINE ( 'NONE', #3457, #1869 ) ;
#571 = CARTESIAN_POINT ( 'NONE',  ( 1.178191632116386556, 5.999900000000000233, 0.1426119308423729748 ) ) ;
#572 = SURFACE_SIDE_STYLE ('',( #1991 ) ) ;
#573 = FILL_AREA_STYLE_COLOUR ( '', #261 ) ;
#574 = VECTOR ( 'NONE', #2351, 1000.000000000000000 ) ;
#575 = CARTESIAN_POINT ( 'NONE',  ( 1.142690712998739588, 6.000000000000000000, 0.6206679970188436757 ) ) ;
#576 = UNCERTAINTY_MEASURE_WITH_UNIT (LENGTH_MEASURE( 1.000000000000000082E-05 ), #3136, 'distance_accuracy_value', 'NONE');
#577 = CARTESIAN_POINT ( 'NONE',  ( 2.607189793881092399, 5.999900000000000233, 0.1684621146659023849 ) ) ;
#578 = EDGE_LOOP ( 'NONE', ( #910, #4432, #4451, #3249 ) ) ;
#579 = DIRECTION ( 'NONE',  ( -1.000000000000000000, 0.000000000000000000, 0.000000000000000000 ) ) ;
#580 = SURFACE_STYLE_FILL_AREA ( #2709 ) ;
#581 = EDGE_CURVE ( 'NONE', #3544, #425, #1382, .T. ) ;
#582 = ADVANCED_FACE ( 'NONE', ( #4187 ), #2903, .T. ) ;
#583 = CARTESIAN_POINT ( 'NONE',  ( 1.166518503127166762, 6.000000000000000000, 0.5212835790979341022 ) ) ;
#584 =( NAMED_UNIT ( * ) PLANE_ANGLE_UNIT ( ) SI_UNIT ( $, .RADIAN. ) );
#585 = FILL_AREA_STYLE ('',( #187 ) ) ;
#586 = CARTESIAN_POINT ( 'NONE',  ( 2.015737587998739588, 5.999900000000000233, -1.405297076510568344 ) ) ;
#587 = VERTEX_POINT ( 'NONE', #628 ) ;
#588 = LINE ( 'NONE', #1512, #1342 ) ;
#589 = CARTESIAN_POINT ( 'NONE',  ( 2.629826558503598921, 5.999999999999999112, 0.3809373397381750070 ) ) ;
#590 = CARTESIAN_POINT ( 'NONE',  ( 1.178191632116386556, 6.000000000000000000, -1.736868767687038906 ) ) ;
#591 = ORIENTED_EDGE ( 'NONE', *, *, #2513, .T. ) ;
#592 = ORIENTED_EDGE ( 'NONE', *, *, #1958, .F. ) ;
#593 = CARTESIAN_POINT ( 'NONE',  ( 2.564450823292857340, 6.000000000000000000, 1.603664320548255473 ) ) ;
#594 = DIRECTION ( 'NONE',  ( 0.000000000000000000, -0.000000000000000000, 1.000000000000000000 ) ) ;
#595 = CARTESIAN_POINT ( 'NONE',  ( 2.642682354305278203, 6.000000000000000000, -0.9564263157231580603 ) ) ;
#596 = CARTESIAN_POINT ( 'NONE',  ( 2.631385331497114954, 5.999900000000000233, 0.1896740157777860591 ) ) ;
#597 = ORIENTED_EDGE ( 'NONE', *, *, #2934, .T. ) ;
#598 =( NAMED_UNIT ( * ) SI_UNIT ( $, .STERADIAN. ) SOLID_ANGLE_UNIT ( ) );
#599 = PLANE ( 'NONE',  #472 ) ;
#600 =( NAMED_UNIT ( * ) SI_UNIT ( $, .STERADIAN. ) SOLID_ANGLE_UNIT ( ) );
#601 = CARTESIAN_POINT ( 'NONE',  ( -2.665451921499553123, 5.999900000000000233, 2.819567424523459209 ) ) ;
#602 =( LENGTH_UNIT ( ) NAMED_UNIT ( * ) SI_UNIT ( .MILLI., .METRE. ) );
#603 = VERTEX_POINT ( 'NONE', #4304 ) ;
#604 = STYLED_ITEM ( 'NONE', ( #2504 ), #3164 ) ;
#605 = B_SPLINE_SURFACE_WITH_KNOTS ( 'NONE', 3, 1, ( 
 ( #2342, #90 ),
 ( #1899, #156 ),
 ( #1581, #1556 ),
 ( #458, #4085 ),
 ( #3344, #437 ),
 ( #3412, #3041 ),
 ( #2297, #797 ),
 ( #4487, #484 ),
 ( #2617, #2259 ),
 ( #2683, #1222 ),
 ( #4126, #3016 ) ),
 .UNSPECIFIED., .F., .F., .F.,
 ( 4, 1, 1, 1, 1, 1, 1, 1, 4 ),
 ( 2, 2 ),
 ( 0.000000000000000000, 0.08608748684242605032, 0.1612668260071325466, 0.2388542627190375356, 0.3281828305663086476, 0.4373273942705394601, 0.5807184561777908316, 0.7620511388035702272, 0.9999999999999998890 ),
 ( 0.000000000000000000, 1.000000000000000000 ),
 .UNSPECIFIED. ) ;
#606 = DIRECTION ( 'NONE',  ( 0.8604455470465084410, 0.000000000000000000, -0.5095424031107078644 ) ) ;
#607 = FACE_OUTER_BOUND ( 'NONE', #2952, .T. ) ;
#608 = LINE ( 'NONE', #1035, #277 ) ;
#609 = CARTESIAN_POINT ( 'NONE',  ( 1.148772520324219615, 6.000000000000001776, 0.5441857298222008144 ) ) ;
#610 = EDGE_CURVE ( 'NONE', #3894, #2087, #588, .T. ) ;
#611 = ORIENTED_EDGE ( 'NONE', *, *, #2634, .F. ) ;
#612 = VECTOR ( 'NONE', #1873, 1000.000000000000227 ) ;
#613 = ORIENTED_EDGE ( 'NONE', *, *, #3855, .F. ) ;
#614 = CARTESIAN_POINT ( 'NONE',  ( 2.639169935549311674, 6.000000000000000888, 0.2160776474659031610 ) ) ;
#615 = CARTESIAN_POINT ( 'NONE',  ( 2.607189793881092399, 6.000000000000000000, -1.740315458863509468 ) ) ;
#616 = SURFACE_STYLE_FILL_AREA ( #3557 ) ;
#617 = STYLED_ITEM ( 'NONE', ( #2698 ), #4314 ) ;
#618 = COLOUR_RGB ( '',1.000000000000000000, 1.000000000000000000, 1.000000000000000000 ) ;
#619 = STYLED_ITEM ( 'NONE', ( #3297 ), #719 ) ;
#620 = DIRECTION ( 'NONE',  ( -1.000000000000000000, -0.000000000000000000, -0.000000000000000000 ) ) ;
#621 = CARTESIAN_POINT ( 'NONE',  ( 1.178191632116386556, 6.000000000000000000, 1.377906048489432100 ) ) ;
#622 = ORIENTED_EDGE ( 'NONE', *, *, #3790, .F. ) ;
#623 = CARTESIAN_POINT ( 'NONE',  ( 2.607189793881092399, 5.999900000000000233, -0.5050213412164505922 ) ) ;
#624 = STYLED_ITEM ( 'NONE', ( #2400 ), #952 ) ;
#625 = CARTESIAN_POINT ( 'NONE',  ( 2.629826558503599809, 5.999999999999999112, -0.8543567779088838687 ) ) ;
#626 = CARTESIAN_POINT ( 'NONE',  ( 2.636771313881896450, 5.999900000000000233, -0.8682515664157633983 ) ) ;
#627 = SURFACE_SIDE_STYLE ('',( #2473 ) ) ;
#628 = CARTESIAN_POINT ( 'NONE',  ( 1.220930602704622059, 5.999900000000001121, 0.5382920779011968193 ) ) ;
#629 = CARTESIAN_POINT ( 'NONE',  ( -3.354999999999999094, 6.000000000000000000, -3.454999999999999627 ) ) ;
#630 = VERTEX_POINT ( 'NONE', #2645 ) ;
#631 = DIRECTION ( 'NONE',  ( 0.000000000000000000, 1.000000000000000000, 0.000000000000000000 ) ) ;
#632 = SURFACE_STYLE_USAGE ( .BOTH. , #4624 ) ;
#633 = CARTESIAN_POINT ( 'NONE',  ( 1.142825864974269079, 5.999900000000000233, 0.6097575159981364346 ) ) ;
#634 = CARTESIAN_POINT ( 'NONE',  ( 2.642667625737632253, 6.000000000000000000, 1.495531293261620709 ) ) ;
#635 = VECTOR ( 'NONE', #712, 1000.000000000000114 ) ;
#636 = EDGE_CURVE ( 'NONE', #3499, #1459, #776, .T. ) ;
#637 = ORIENTED_EDGE ( 'NONE', *, *, #4132, .T. ) ;
#638 = CARTESIAN_POINT ( 'NONE',  ( 2.607189793881092399, 6.000000000000000000, -1.740315458863509468 ) ) ;
#639 = CARTESIAN_POINT ( 'NONE',  ( 2.571937412355976171, 5.999900000000000233, 1.607872597963731831 ) ) ;
#640 = CARTESIAN_POINT ( 'NONE',  ( 1.143068033057008215, 5.999900000000001121, -1.880380343044960378 ) ) ;
#641 =( NAMED_UNIT ( * ) PLANE_ANGLE_UNIT ( ) SI_UNIT ( $, .RADIAN. ) );
#642 = SURFACE_STYLE_FILL_AREA ( #4269 ) ;
#643 = CARTESIAN_POINT ( 'NONE',  ( 2.584854964514851083, 6.000000000000000888, -1.960035897604229804 ) ) ;
#644 =( GEOMETRIC_REPRESENTATION_CONTEXT ( 3 ) GLOBAL_UNCERTAINTY_ASSIGNED_CONTEXT ( ( #529 ) ) GLOBAL_UNIT_ASSIGNED_CONTEXT ( ( #1052, #2522, #1396 ) ) REPRESENTATION_CONTEXT ( 'NONE', 'WORKASPACE' ) );
#645 = CARTESIAN_POINT ( 'NONE',  ( 2.641316205600277023, 5.999899999999999345, 0.2352765201693059749 ) ) ;
#646 = ORIENTED_EDGE ( 'NONE', *, *, #3320, .T. ) ;
#647 = CARTESIAN_POINT ( 'NONE',  ( 2.631385331497115398, 5.999900000000001121, 1.424968133424845407 ) ) ;
#648 = CARTESIAN_POINT ( 'NONE',  ( 2.617887197584241044, 6.000000000000000888, -0.8472348019865251212 ) ) ;
#649 = ADVANCED_FACE ( 'NONE', ( #3742 ), #2285, .T. ) ;
#650 = CARTESIAN_POINT ( 'NONE',  ( 1.876491264469327680, 6.000000000000000000, 0.9291468573129614272 ) ) ;
#651 = CARTESIAN_POINT ( 'NONE',  ( 1.154538716452735647, 5.999999999999998224, 0.7146812797883247415 ) ) ;
#652 = CARTESIAN_POINT ( 'NONE',  ( -0.6555708025118480720, 5.999900000000000233, -0.6561377952755882426 ) ) ;
#653 = CARTESIAN_POINT ( 'NONE',  ( 2.617887197584240599, 5.999999999999999112, 0.3880593156605338656 ) ) ;
#654 = PLANE ( 'NONE',  #4086 ) ;
#655 = ORIENTED_EDGE ( 'NONE', *, *, #4661, .T. ) ;
#656 =( NAMED_UNIT ( * ) SI_UNIT ( $, .STERADIAN. ) SOLID_ANGLE_UNIT ( ) );
#657 = DIRECTION ( 'NONE',  ( 0.8604455470465084410, 0.000000000000000000, -0.5095424031107078644 ) ) ;
#658 = CARTESIAN_POINT ( 'NONE',  ( 1.142825864974269079, 6.000000000000000000, 0.6097575159981364346 ) ) ;
#659 = LINE ( 'NONE', #1079, #103 ) ;
#660 = VERTEX_POINT ( 'NONE', #445 ) ;
#661 = SURFACE_STYLE_FILL_AREA ( #4701 ) ;
#662 = LINE ( 'NONE', #1964, #954 ) ;
#663 = CARTESIAN_POINT ( 'NONE',  ( 0.000000000000000000, -0.1000000000000000056, 0.000000000000000000 ) ) ;
#664 = CARTESIAN_POINT ( 'NONE',  ( 2.584854964514850639, 6.000000000000000888, -0.7247417799571702623 ) ) ;
#665 = PRESENTATION_LAYER_ASSIGNMENT (  '', '', ( #3433 ) ) ;
#666 = CARTESIAN_POINT ( 'NONE',  ( 2.564450823292857784, 6.000000000000000888, -1.948840275039980474 ) ) ;
#667 = SURFACE_STYLE_USAGE ( .BOTH. , #4103 ) ;
#668 = ORIENTED_EDGE ( 'NONE', *, *, #100, .T. ) ;
#669 = B_SPLINE_SURFACE_WITH_KNOTS ( 'NONE', 3, 1, ( 
 ( #2434, #729 ),
 ( #3619, #352 ),
 ( #2238, #3271 ),
 ( #424, #4405 ) ),
 .UNSPECIFIED., .F., .F., .F.,
 ( 4, 4 ),
 ( 2, 2 ),
 ( 0.6363636363636364646, 0.7272727272727274039 ),
 ( 0.000000000000000000, 1.000000000000000000 ),
 .UNSPECIFIED. ) ;
#670 = CARTESIAN_POINT ( 'NONE',  ( -2.665451921499553123, 5.999900000000000233, -2.819567424523458321 ) ) ;
#671 = FILL_AREA_STYLE ('',( #2867 ) ) ;
#672 = EDGE_CURVE ( 'NONE', #3490, #4266, #4164, .T. ) ;
#673 = FACE_OUTER_BOUND ( 'NONE', #196, .T. ) ;
#674 = CARTESIAN_POINT ( 'NONE',  ( 1.142690712998739588, 5.999900000000000233, -0.9692906426870387948 ) ) ;
#675 = CARTESIAN_POINT ( 'NONE',  ( 2.624191191930992595, 5.999900000000002009, 0.7194328075581447601 ) ) ;
#676 = CARTESIAN_POINT ( 'NONE',  ( 1.181946779667099046, 6.000000000000000888, 1.603721534218398137 ) ) ;
#677 = ORIENTED_EDGE ( 'NONE', *, *, #4689, .T. ) ;
#678 = ORIENTED_EDGE ( 'NONE', *, *, #1746, .F. ) ;
#679 = CARTESIAN_POINT ( 'NONE',  ( 1.146497715025989406, 5.999900000000002009, -0.5447044079106079240 ) ) ;
#680 = CARTESIAN_POINT ( 'NONE',  ( -0.8275196214094782121, 6.000000000000000000, 1.076720472440948484 ) ) ;
#681 = AXIS2_PLACEMENT_3D ( 'NONE', #3373, #1610, #3025 ) ;
#682 = ORIENTED_EDGE ( 'NONE', *, *, #4412, .F. ) ;
#683 = CARTESIAN_POINT ( 'NONE',  ( 2.642684319598297193, 6.000000000000000888, -1.850260610244095494 ) ) ;
#684 = COLOUR_RGB ( '',1.000000000000000000, 1.000000000000000000, 1.000000000000000000 ) ;
#685 = FACE_OUTER_BOUND ( 'NONE', #1363, .T. ) ;
#686 =( NAMED_UNIT ( * ) SI_UNIT ( $, .STERADIAN. ) SOLID_ANGLE_UNIT ( ) );
#687 = FILL_AREA_STYLE_COLOUR ( '', #1760 ) ;
#688 =( GEOMETRIC_REPRESENTATION_CONTEXT ( 3 ) GLOBAL_UNCERTAINTY_ASSIGNED_CONTEXT ( ( #3367 ) ) GLOBAL_UNIT_ASSIGNED_CONTEXT ( ( #319, #1725, #3218 ) ) REPRESENTATION_CONTEXT ( 'NONE', 'WORKASPACE' ) );
#689 =( GEOMETRIC_REPRESENTATION_CONTEXT ( 3 ) GLOBAL_UNCERTAINTY_ASSIGNED_CONTEXT ( ( #3363 ) ) GLOBAL_UNIT_ASSIGNED_CONTEXT ( ( #4295, #1066, #2564 ) ) REPRESENTATION_CONTEXT ( 'NONE', 'WORKASPACE' ) );
#690 = ORIENTED_EDGE ( 'NONE', *, *, #3526, .T. ) ;
#691 = PRESENTATION_LAYER_ASSIGNMENT (  '', '', ( #2708 ) ) ;
#692 = VECTOR ( 'NONE', #3335, 1000.000000000000000 ) ;
#693 = EDGE_CURVE ( 'NONE', #971, #2156, #3696, .T. ) ;
#694 = CARTESIAN_POINT ( 'NONE',  ( 1.142690712998739588, 5.999900000000000233, 1.501297592607079068 ) ) ;
#695 = LINE ( 'NONE', #2091, #4150 ) ;
#696 = CARTESIAN_POINT ( 'NONE',  ( 2.642690712998739588, 6.000000000000000000, 1.524735092607079068 ) ) ;
#697 =( GEOMETRIC_REPRESENTATION_CONTEXT ( 3 ) GLOBAL_UNCERTAINTY_ASSIGNED_CONTEXT ( ( #3081 ) ) GLOBAL_UNIT_ASSIGNED_CONTEXT ( ( #1228, #3672, #1488 ) ) REPRESENTATION_CONTEXT ( 'NONE', 'WORKASPACE' ) );
#698 = CARTESIAN_POINT ( 'NONE',  ( 1.178191632116386556, 5.999900000000000233, -1.092682186804686095 ) ) ;
#699 = CARTESIAN_POINT ( 'NONE',  ( 1.154045461959794405, 6.000000000000000000, 1.598120012308643201 ) ) ;
#700 = ORIENTED_EDGE ( 'NONE', *, *, #2629, .T. ) ;
#701 = VECTOR ( 'NONE', #433, 1000.000000000000227 ) ;
#702 = VERTEX_POINT ( 'NONE', #402 ) ;
#703 = CARTESIAN_POINT ( 'NONE',  ( 2.618218846677510037, 6.000000000000000000, 0.5029298468413077039 ) ) ;
#704 = CARTESIAN_POINT ( 'NONE',  ( 1.142720842757628974, 5.999899999999999345, 0.2554335172887596817 ) ) ;
#705 = CARTESIAN_POINT ( 'NONE',  ( 2.642690712998739588, 5.999900000000000233, -1.861294319157627219 ) ) ;
#706 = ORIENTED_EDGE ( 'NONE', *, *, #1429, .T. ) ;
#707 =( GEOMETRIC_REPRESENTATION_CONTEXT ( 3 ) GLOBAL_UNCERTAINTY_ASSIGNED_CONTEXT ( ( #3043 ) ) GLOBAL_UNIT_ASSIGNED_CONTEXT ( ( #3988, #3636, #2464 ) ) REPRESENTATION_CONTEXT ( 'NONE', 'WORKASPACE' ) );
#708 = LINE ( 'NONE', #3255, #466 ) ;
#709 = EDGE_CURVE ( 'NONE', #2874, #1340, #3328, .T. ) ;
#710 =( GEOMETRIC_REPRESENTATION_CONTEXT ( 3 ) GLOBAL_UNCERTAINTY_ASSIGNED_CONTEXT ( ( #3756 ) ) GLOBAL_UNIT_ASSIGNED_CONTEXT ( ( #3268, #1905, #2236 ) ) REPRESENTATION_CONTEXT ( 'NONE', 'WORKASPACE' ) );
#711 = B_SPLINE_SURFACE_WITH_KNOTS ( 'NONE', 3, 1, ( 
 ( #4069, #1231 ),
 ( #2691, #780 ),
 ( #732, #2222 ),
 ( #4113, #2306 ),
 ( #3764, #1132 ),
 ( #4046, #3676 ),
 ( #377, #1858 ),
 ( #3302, #2287 ),
 ( #754, #2241 ),
 ( #58, #4450 ),
 ( #98, #2648 ) ),
 .UNSPECIFIED., .F., .F., .F.,
 ( 4, 1, 1, 1, 1, 1, 1, 1, 4 ),
 ( 2, 2 ),
 ( 0.000000000000000000, 0.2339648385054103330, 0.4198783559695589696, 0.5659151998979450315, 0.6801214999993741017, 0.7723010949812562087, 0.8443163158709252603, 0.9185860088431476722, 1.000000000000000000 ),
 ( 0.000000000000000000, 1.000000000000000000 ),
 .UNSPECIFIED. ) ;
#712 = DIRECTION ( 'NONE',  ( 0.6128916609699309737, -0.000000000000000000, -0.7901669519244139961 ) ) ;
#713 = CARTESIAN_POINT ( 'NONE',  ( 1.175344842613581742, 5.999900000000000233, 1.380237189032058387 ) ) ;
#714 = UNCERTAINTY_MEASURE_WITH_UNIT (LENGTH_MEASURE( 1.000000000000000082E-05 ), #481, 'distance_accuracy_value', 'NONE');
#715 = CARTESIAN_POINT ( 'NONE',  ( 1.142930022522763656, 6.000000000000000000, -0.9572398443958084480 ) ) ;
#716 = CARTESIAN_POINT ( 'NONE',  ( -1.702027495425233905, 6.000000000000000000, -0.8668464566929088289 ) ) ;
#717 = FACE_OUTER_BOUND ( 'NONE', #4044, .T. ) ;
#718 = ORIENTED_EDGE ( 'NONE', *, *, #1831, .F. ) ;
#719 = MANIFOLD_SOLID_BREP ( 'Boss-Extrude2', #3618 ) ;
#720 = CARTESIAN_POINT ( 'NONE',  ( 2.642636186262781628, 6.000000000000001776, -0.9344734550235077597 ) ) ;
#721 = CARTESIAN_POINT ( 'NONE',  ( 2.630254047037110965, 5.999899999999999345, -0.5243396465367895498 ) ) ;
#722 = PRESENTATION_STYLE_ASSIGNMENT (( #116 ) ) ;
#723 = CARTESIAN_POINT ( 'NONE',  ( 1.169738862666132251, 5.999899999999999345, -0.5073267487490195071 ) ) ;
#724 = CARTESIAN_POINT ( 'NONE',  ( 1.142720842757629418, 5.999900000000001121, -0.9798606003582994717 ) ) ;
#725 = FILL_AREA_STYLE_COLOUR ( '', #4158 ) ;
#726 = EDGE_CURVE ( 'NONE', #4175, #809, #502, .T. ) ;
#727 = ORIENTED_EDGE ( 'NONE', *, *, #4689, .F. ) ;
#728 = EDGE_CURVE ( 'NONE', #2166, #2744, #878, .T. ) ;
#729 = CARTESIAN_POINT ( 'NONE',  ( -0.8321574166850701504, 6.000000000000000000, 0.6509448818897678457 ) ) ;
#730 = ORIENTED_EDGE ( 'NONE', *, *, #328, .F. ) ;
#731 = PRESENTATION_STYLE_ASSIGNMENT (( #3251 ) ) ;
#732 = CARTESIAN_POINT ( 'NONE',  ( 1.142774914274140574, 5.999899999999998457, -0.9988296748484128962 ) ) ;
#733 = ORIENTED_EDGE ( 'NONE', *, *, #2186, .F. ) ;
#734 = EDGE_CURVE ( 'NONE', #3083, #4013, #1327, .T. ) ;
#735 = B_SPLINE_CURVE_WITH_KNOTS ( 'NONE', 3,
 ( #3234, #683, #1738, #335, #3256, #3191, #2833, #4290, #1016, #3943, #638 ),
 .UNSPECIFIED., .F., .F.,
 ( 4, 1, 1, 1, 1, 1, 1, 1, 4 ),
 ( 0.000000000000000000, 0.2475841483258846565, 0.4361234509600950826, 0.5765471439970862866, 0.6891935206218204879, 0.7769127325059288491, 0.8506699786920546291, 0.9203469832125602546, 1.000000000000000000 ),
 .UNSPECIFIED. ) ;
#736 = LINE ( 'NONE', #1448, #4609 ) ;
#737 = DIRECTION ( 'NONE',  ( 0.8589240550050705192, 0.000000000000000000, 0.5121029854762093603 ) ) ;
#738 = DIRECTION ( 'NONE',  ( -0.000000000000000000, -0.000000000000000000, -1.000000000000000000 ) ) ;
#739 = VECTOR ( 'NONE', #3595, 1000.000000000000227 ) ;
#740 = CARTESIAN_POINT ( 'NONE',  ( 2.607189793881092399, 6.000000000000000000, 0.7302727764306083946 ) ) ;
#741 = ADVANCED_FACE ( 'NONE', ( #138 ), #4543, .T. ) ;
#742 = CARTESIAN_POINT ( 'NONE',  ( 1.154538716452735647, 5.999999999999998224, -0.5206128378587339123 ) ) ;
#743 = ORIENTED_EDGE ( 'NONE', *, *, #1100, .F. ) ;
#744 = VECTOR ( 'NONE', #3060, 1000.000000000000000 ) ;
#745 = SURFACE_SIDE_STYLE ('',( #4372 ) ) ;
#746 = CARTESIAN_POINT ( 'NONE',  ( 2.641323004694410059, 5.999900000000001121, -1.805183329931393077 ) ) ;
#747 = CARTESIAN_POINT ( 'NONE',  ( 1.154538716452735647, 5.999899999999998457, -0.5206128378587339123 ) ) ;
#748 = CARTESIAN_POINT ( 'NONE',  ( 2.642667625737632253, 6.000000000000000000, 0.2602371756145618331 ) ) ;
#749 = B_SPLINE_SURFACE_WITH_KNOTS ( 'NONE', 3, 1, ( 
 ( #817, #3781 ),
 ( #842, #528 ),
 ( #4537, #4488 ),
 ( #2021, #3465 ) ),
 .UNSPECIFIED., .F., .F., .F.,
 ( 4, 4 ),
 ( 2, 2 ),
 ( 0.1818181818181818232, 0.2727272727272727071 ),
 ( 0.000000000000000000, 1.000000000000000000 ),
 .UNSPECIFIED. ) ;
#750 = SURFACE_STYLE_USAGE ( .BOTH. , #3372 ) ;
#751 = ADVANCED_FACE ( 'NONE', ( #2000 ), #1112, .T. ) ;
#752 = ORIENTED_EDGE ( 'NONE', *, *, #3625, .T. ) ;
#753 = CARTESIAN_POINT ( 'NONE',  ( 2.642646007643794981, 6.000000000000000000, 0.5973372741872973180 ) ) ;
#754 = CARTESIAN_POINT ( 'NONE',  ( 1.169901077095652830, 5.999899999999998457, -1.085893329071908164 ) ) ;
#755 = ORIENTED_EDGE ( 'NONE', *, *, #1659, .T. ) ;
#756 = ORIENTED_EDGE ( 'NONE', *, *, #1153, .F. ) ;
#757 = EDGE_CURVE ( 'NONE', #425, #1723, #1431, .T. ) ;
#758 = SURFACE_STYLE_FILL_AREA ( #3004 ) ;
#759 =( NAMED_UNIT ( * ) SI_UNIT ( $, .STERADIAN. ) SOLID_ANGLE_UNIT ( ) );
#760 =( NAMED_UNIT ( * ) PLANE_ANGLE_UNIT ( ) SI_UNIT ( $, .RADIAN. ) );
#761 = CARTESIAN_POINT ( 'NONE',  ( -0.8321574166850701504, 6.000000000000000000, 0.6509448818897678457 ) ) ;
#762 = CARTESIAN_POINT ( 'NONE',  ( 1.142690712998739588, 5.999900000000000233, 1.501297592607079068 ) ) ;
#763 = EDGE_CURVE ( 'NONE', #4266, #2724, #2747, .T. ) ;
#764 = PRESENTATION_STYLE_ASSIGNMENT (( #667 ) ) ;
#765 = AXIS2_PLACEMENT_3D ( 'NONE', #1572, #3033, #146 ) ;
#766 = STYLED_ITEM ( 'NONE', ( #452 ), #2101 ) ;
#767 = DIRECTION ( 'NONE',  ( -0.000000000000000000, 1.000000000000000000, -0.000000000000000000 ) ) ;
#768 = ORIENTED_EDGE ( 'NONE', *, *, #2686, .F. ) ;
#769 = VECTOR ( 'NONE', #3714, 1000.000000000000000 ) ;
#770 =( NAMED_UNIT ( * ) SI_UNIT ( $, .STERADIAN. ) SOLID_ANGLE_UNIT ( ) );
#771 = CARTESIAN_POINT ( 'NONE',  ( 1.142690712998739588, 6.000000000000000000, 0.2660034749600200255 ) ) ;
#772 = CARTESIAN_POINT ( 'NONE',  ( 1.147672671593930938, 6.000000000000000000, -0.8872635176779756216 ) ) ;
#773 = CARTESIAN_POINT ( 'NONE',  ( 1.161530783382918042, 5.999900000000000233, -1.079908615883631962 ) ) ;
#774 = VECTOR ( 'NONE', #2131, 1000.000000000000000 ) ;
#775 = CARTESIAN_POINT ( 'NONE',  ( 1.734142918881092399, 6.000000000000000000, 1.054606416136490754 ) ) ;
#776 = LINE ( 'NONE', #1953, #4302 ) ;
#777 = CARTESIAN_POINT ( 'NONE',  ( -1.394999999999999352, -0.1000000000000000056, 2.500000000000000000 ) ) ;
#778 = ORIENTED_EDGE ( 'NONE', *, *, #3684, .T. ) ;
#779 = CARTESIAN_POINT ( 'NONE',  ( 1.142778724780127986, 5.999899999999999345, -0.5865860912147627948 ) ) ;
#780 = CARTESIAN_POINT ( 'NONE',  ( 1.142720842757629418, 6.000000000000000888, -0.9798606003582994717 ) ) ;
#781 = EDGE_LOOP ( 'NONE', ( #678, #4529, #3483, #3333 ) ) ;
#782 = ORIENTED_EDGE ( 'NONE', *, *, #2686, .T. ) ;
#783 = ORIENTED_EDGE ( 'NONE', *, *, #3526, .F. ) ;
#784 = CARTESIAN_POINT ( 'NONE',  ( 1.178191632116386556, 6.000000000000000000, 0.1426119308423729748 ) ) ;
#785 =( LENGTH_UNIT ( ) NAMED_UNIT ( * ) SI_UNIT ( .MILLI., .METRE. ) );
#786 = PRESENTATION_STYLE_ASSIGNMENT (( #477 ) ) ;
#787 = DIRECTION ( 'NONE',  ( -0.000000000000000000, 1.000000000000000000, 0.000000000000000000 ) ) ;
#788 = SURFACE_STYLE_FILL_AREA ( #2983 ) ;
#789 = ADVANCED_FACE ( 'NONE', ( #2890 ), #599, .F. ) ;
#790 = EDGE_CURVE ( 'NONE', #425, #2811, #4327, .T. ) ;
#791 = COLOUR_RGB ( '',1.000000000000000000, 1.000000000000000000, 1.000000000000000000 ) ;
#792 = EDGE_CURVE ( 'NONE', #3644, #378, #695, .T. ) ;
#793 = SURFACE_SIDE_STYLE ('',( #4056 ) ) ;
#794 = MECHANICAL_DESIGN_GEOMETRIC_PRESENTATION_REPRESENTATION (  '', ( #4321 ), #3174 ) ;
#795 = SURFACE_SIDE_STYLE ('',( #4465 ) ) ;
#796 =( NAMED_UNIT ( * ) SI_UNIT ( $, .STERADIAN. ) SOLID_ANGLE_UNIT ( ) );
#797 = CARTESIAN_POINT ( 'NONE',  ( 2.639169935549310786, 5.999999999999998224, -1.019216470181155465 ) ) ;
#798 = B_SPLINE_CURVE_WITH_KNOTS ( 'NONE', 3,
 ( #4200, #4267, #3896, #1365 ),
 .UNSPECIFIED., .F., .F.,
 ( 4, 4 ),
 ( 0.000000000000000000, 0.09090909090909091161 ),
 .UNSPECIFIED. ) ;
#799 = CARTESIAN_POINT ( 'NONE',  ( 2.642690712998739588, 5.999900000000000233, 1.524735092607079068 ) ) ;
#800 = CARTESIAN_POINT ( 'NONE',  ( 2.642690712998740032, 5.999900000000001121, -0.6260002015105683437 ) ) ;
#801 = CARTESIAN_POINT ( 'NONE',  ( 2.640243940541739498, 5.999900000000001121, 0.3474100946828813652 ) ) ;
#802 = DIRECTION ( 'NONE',  ( -1.000000000000000000, -0.000000000000000000, 3.453728408488213260E-15 ) ) ;
#803 = DIRECTION ( 'NONE',  ( -0.8599778663242775290, 0.000000000000000000, 0.5103313329909725526 ) ) ;
#804 = MECHANICAL_DESIGN_GEOMETRIC_PRESENTATION_REPRESENTATION (  '', ( #2591 ), #3040 ) ;
#805 = CARTESIAN_POINT ( 'NONE',  ( 0.7799370715039031232, 5.999900000000000233, -0.02874015748031673659 ) ) ;
#806 = ORIENTED_EDGE ( 'NONE', *, *, #1462, .F. ) ;
#807 = ORIENTED_EDGE ( 'NONE', *, *, #3089, .T. ) ;
#808 = VECTOR ( 'NONE', #992, 1000.000000000000114 ) ;
#809 = VERTEX_POINT ( 'NONE', #4277 ) ;
#810 = PRESENTATION_STYLE_ASSIGNMENT (( #2675 ) ) ;
#811 = CARTESIAN_POINT ( 'NONE',  ( 0.4081181738661062708, 5.999900000000000233, 4.336808689942017736E-16 ) ) ;
#812 = CARTESIAN_POINT ( 'NONE',  ( 1.881316632116386556, 5.999900000000000233, -0.04213071621645054360 ) ) ;
#813 = UNCERTAINTY_MEASURE_WITH_UNIT (LENGTH_MEASURE( 1.000000000000000082E-05 ), #1302, 'distance_accuracy_value', 'NONE');
#814 = PRESENTATION_STYLE_ASSIGNMENT (( #2659 ) ) ;
#815 = CARTESIAN_POINT ( 'NONE',  ( 1.175322422394288857, 5.999899999999999345, -1.738821261202396995 ) ) ;
#816 =( LENGTH_UNIT ( ) NAMED_UNIT ( * ) SI_UNIT ( .MILLI., .METRE. ) );
#817 = CARTESIAN_POINT ( 'NONE',  ( -1.974192849755940671, 5.999900000000000233, -0.4815314960629848984 ) ) ;
#818 = UNCERTAINTY_MEASURE_WITH_UNIT (LENGTH_MEASURE( 1.000000000000000082E-05 ), #2735, 'distance_accuracy_value', 'NONE');
#819 = PRESENTATION_LAYER_ASSIGNMENT (  '', '', ( #2894 ) ) ;
#820 = EDGE_CURVE ( 'NONE', #917, #884, #3134, .T. ) ;
#821 = CARTESIAN_POINT ( 'NONE',  ( 2.642690712998740032, 6.000000000000000888, -1.861294319157627442 ) ) ;
#822 = DIRECTION ( 'NONE',  ( 0.8589240550050706302, 0.000000000000000000, 0.5121029854762092492 ) ) ;
#823 = STYLED_ITEM ( 'NONE', ( #4250 ), #2015 ) ;
#824 = CARTESIAN_POINT ( 'NONE',  ( 1.178191632116386556, 5.999900000000000233, -1.092682186804686095 ) ) ;
#825 = CARTESIAN_POINT ( 'NONE',  ( 1.220930602704621837, 6.000000000000000000, 0.3497580705482553065 ) ) ;
#826 = CARTESIAN_POINT ( 'NONE',  ( 2.571941074772255753, 6.000000000000000888, -0.7176560107585832071 ) ) ;
#827 = B_SPLINE_CURVE_WITH_KNOTS ( 'NONE', 3,
 ( #279, #2870, #255, #3181 ),
 .UNSPECIFIED., .F., .F.,
 ( 4, 4 ),
 ( 0.3636363636363636465, 0.4545454545454545858 ),
 .UNSPECIFIED. ) ;
#828 = CARTESIAN_POINT ( 'NONE',  ( 2.642690712998740032, 6.000000000000000888, -0.6260002015105683437 ) ) ;
#829 = ORIENTED_EDGE ( 'NONE', *, *, #495, .F. ) ;
#830 = VERTEX_POINT ( 'NONE', #799 ) ;
#831 = CARTESIAN_POINT ( 'NONE',  ( 1.143068033057007771, 6.000000000000000000, -0.6450862253979010585 ) ) ;
#832 = DIRECTION ( 'NONE',  ( -0.000000000000000000, 0.000000000000000000, -1.000000000000000000 ) ) ;
#833 = CARTESIAN_POINT ( 'NONE',  ( 1.734142918881092399, 5.999900000000000233, -1.415981819157627219 ) ) ;
#834 = DIRECTION ( 'NONE',  ( -0.4966835351851230929, 0.000000000000000000, 0.8679317172888709742 ) ) ;
#835 = FILL_AREA_STYLE_COLOUR ( '', #510 ) ;
#836 = FILL_AREA_STYLE_COLOUR ( '', #3993 ) ;
#837 =( NAMED_UNIT ( * ) PLANE_ANGLE_UNIT ( ) SI_UNIT ( $, .RADIAN. ) );
#838 = SURFACE_STYLE_USAGE ( .BOTH. , #572 ) ;
#839 = CARTESIAN_POINT ( 'NONE',  ( 1.142690712998739588, 6.000000000000000000, -1.849920238275274187 ) ) ;
#840 =( GEOMETRIC_REPRESENTATION_CONTEXT ( 3 ) GLOBAL_UNCERTAINTY_ASSIGNED_CONTEXT ( ( #4704 ) ) GLOBAL_UNIT_ASSIGNED_CONTEXT ( ( #1235, #2059, #498 ) ) REPRESENTATION_CONTEXT ( 'NONE', 'WORKASPACE' ) );
#841 = CARTESIAN_POINT ( 'NONE',  ( -1.608094424559088464, 6.000000000000000000, -0.3819212598425155147 ) ) ;
#842 = CARTESIAN_POINT ( 'NONE',  ( -2.172936944244125979, 5.999900000000000233, 0.2092480314960713517 ) ) ;
#843 = CARTESIAN_POINT ( 'NONE',  ( 1.175344842613581742, 5.999900000000000233, 0.1449430713849993169 ) ) ;
#844 = LINE ( 'NONE', #3391, #1587 ) ;
#845 = LINE ( 'NONE', #3695, #2420 ) ;
#846 = ADVANCED_FACE ( 'NONE', ( #1876 ), #367, .T. ) ;
#847 = STYLED_ITEM ( 'NONE', ( #4059 ), #1632 ) ;
#848 = B_SPLINE_CURVE_WITH_KNOTS ( 'NONE', 3,
 ( #1136, #2608, #4051, #2765, #543, #3890, #914, #4597, #2718, #1289, #1984 ),
 .UNSPECIFIED., .F., .F.,
 ( 4, 1, 1, 1, 1, 1, 1, 1, 4 ),
 ( 0.000000000000000000, 0.2090174448045498123, 0.3701215845098708157, 0.4868884033316097093, 0.5748632755078627588, 0.6458207185090946156, 0.7281441267704361620, 0.8423061535616729323, 1.000000000000000000 ),
 .UNSPECIFIED. ) ;
#849 = SURFACE_STYLE_FILL_AREA ( #1355 ) ;
#850 = STYLED_ITEM ( 'NONE', ( #3577 ), #4282 ) ;
#851 = SURFACE_STYLE_FILL_AREA ( #3065 ) ;
#852 = STYLED_ITEM ( 'NONE', ( #2204 ), #128 ) ;
#853 =( NAMED_UNIT ( * ) PLANE_ANGLE_UNIT ( ) SI_UNIT ( $, .RADIAN. ) );
#854 = CARTESIAN_POINT ( 'NONE',  ( 1.178191632116386556, 6.000000000000000000, 1.377906048489432100 ) ) ;
#855 = EDGE_LOOP ( 'NONE', ( #273, #2978, #1914, #2289 ) ) ;
#856 =( GEOMETRIC_REPRESENTATION_CONTEXT ( 3 ) GLOBAL_UNCERTAINTY_ASSIGNED_CONTEXT ( ( #2123 ) ) GLOBAL_UNIT_ASSIGNED_CONTEXT ( ( #215, #4243, #3521 ) ) REPRESENTATION_CONTEXT ( 'NONE', 'WORKASPACE' ) );
#857 = VECTOR ( 'NONE', #2303, 1000.000000000000227 ) ;
#858 = VERTEX_POINT ( 'NONE', #3293 ) ;
#859 =( LENGTH_UNIT ( ) NAMED_UNIT ( * ) SI_UNIT ( .MILLI., .METRE. ) );
#860 =( NAMED_UNIT ( * ) PLANE_ANGLE_UNIT ( ) SI_UNIT ( $, .RADIAN. ) );
#861 = FACE_OUTER_BOUND ( 'NONE', #1514, .T. ) ;
#862 = CARTESIAN_POINT ( 'NONE',  ( 1.154045461959793961, 6.000000000000000000, 0.3628258946615842695 ) ) ;
#863 = PLANE ( 'NONE',  #4115 ) ;
#864 = PRESENTATION_LAYER_ASSIGNMENT (  '', '', ( #624 ) ) ;
#865 =( NAMED_UNIT ( * ) SI_UNIT ( $, .STERADIAN. ) SOLID_ANGLE_UNIT ( ) );
#866 = CARTESIAN_POINT ( 'NONE',  ( 1.166518503127166762, 6.000000000000000000, -0.7140105385491253287 ) ) ;
#867 =( NAMED_UNIT ( * ) SI_UNIT ( $, .STERADIAN. ) SOLID_ANGLE_UNIT ( ) );
#868 = CARTESIAN_POINT ( 'NONE',  ( 2.571941074772256641, 6.000000000000001776, -1.952950128405642749 ) ) ;
#869 = MECHANICAL_DESIGN_GEOMETRIC_PRESENTATION_REPRESENTATION (  '', ( #1726 ), #3793 ) ;
#870 = FILL_AREA_STYLE_COLOUR ( '', #291 ) ;
#871 = CARTESIAN_POINT ( 'NONE',  ( 1.200201249945042958, 5.999900000000000233, -1.942981210129772762 ) ) ;
#872 = UNCERTAINTY_MEASURE_WITH_UNIT (LENGTH_MEASURE( 1.000000000000000082E-05 ), #1151, 'distance_accuracy_value', 'NONE');
#873 = CARTESIAN_POINT ( 'NONE',  ( 1.161530783382918042, 5.999900000000001121, 0.1553855017634269697 ) ) ;
#874 = EDGE_LOOP ( 'NONE', ( #4709, #4556, #2603, #4573, #1392, #2130, #755, #4, #3476, #2355, #3716, #19, #1076, #1872, #1502, #2479 ) ) ;
#875 = LINE ( 'NONE', #1997, #977 ) ;
#876 = CARTESIAN_POINT ( 'NONE',  ( 1.144617761972858805, 5.999899999999998457, -1.906695153511921870 ) ) ;
#877 =( GEOMETRIC_REPRESENTATION_CONTEXT ( 3 ) GLOBAL_UNCERTAINTY_ASSIGNED_CONTEXT ( ( #3038 ) ) GLOBAL_UNIT_ASSIGNED_CONTEXT ( ( #2655, #3282, #1934 ) ) REPRESENTATION_CONTEXT ( 'NONE', 'WORKASPACE' ) );
#878 = LINE ( 'NONE', #1252, #3232 ) ;
#879 =( NAMED_UNIT ( * ) SI_UNIT ( $, .STERADIAN. ) SOLID_ANGLE_UNIT ( ) );
#880 = CARTESIAN_POINT ( 'NONE',  ( 2.642566788542308309, 5.999999999999998224, 0.5761497803583132127 ) ) ;
#881 = CARTESIAN_POINT ( 'NONE',  ( 1.143951580070068585, 6.000000000000000888, 1.446193263310085131 ) ) ;
#882 = LINE ( 'NONE', #4547, #3865 ) ;
#883 = ORIENTED_EDGE ( 'NONE', *, *, #820, .F. ) ;
#884 = VERTEX_POINT ( 'NONE', #1481 ) ;
#885 = CARTESIAN_POINT ( 'NONE',  ( 1.142825864974269079, 5.999900000000000233, -0.6255366016489226633 ) ) ;
#886 = VECTOR ( 'NONE', #2804, 1000.000000000000000 ) ;
#887 = CARTESIAN_POINT ( 'NONE',  ( 2.564450823292857340, 6.000000000000000000, 0.3683702029011965418 ) ) ;
#888 = SURFACE_SIDE_STYLE ('',( #3452 ) ) ;
#889 = SURFACE_STYLE_USAGE ( .BOTH. , #3427 ) ;
#890 = CARTESIAN_POINT ( 'NONE',  ( 0.8045827407952444998, 6.000000000000000000, 0.7392322834645667085 ) ) ;
#891 = CARTESIAN_POINT ( 'NONE',  ( 1.154538716452736091, 6.000000000000000000, -1.755906955505793121 ) ) ;
#892 = EDGE_CURVE ( 'NONE', #4698, #3083, #1848, .T. ) ;
#893 = COLOUR_RGB ( '',1.000000000000000000, 1.000000000000000000, 1.000000000000000000 ) ;
#894 = ORIENTED_EDGE ( 'NONE', *, *, #1093, .F. ) ;
#895 = CARTESIAN_POINT ( 'NONE',  ( -0.8944881253464941340, 5.999900000000000233, -0.8987480314960591965 ) ) ;
#896 = B_SPLINE_CURVE_WITH_KNOTS ( 'NONE', 3,
 ( #3870, #2483, #991, #216, #2808, #2174, #2788, #4668, #4694, #235, #3912 ),
 .UNSPECIFIED., .F., .F.,
 ( 4, 1, 1, 1, 1, 1, 1, 1, 4 ),
 ( 0.000000000000000000, 0.08269940838263134530, 0.1609352856402981868, 0.2384022412677344882, 0.3252932597831255657, 0.4321161260274609672, 0.5729322032451371616, 0.7592645677637445134, 1.000000000000000000 ),
 .UNSPECIFIED. ) ;
#897 = SURFACE_STYLE_USAGE ( .BOTH. , #4149 ) ;
#898 = EDGE_CURVE ( 'NONE', #2023, #4362, #551, .T. ) ;
#899 = CARTESIAN_POINT ( 'NONE',  ( -2.644999999999999130, 0.000000000000000000, 2.500000000000000000 ) ) ;
#900 = PLANE ( 'NONE',  #1794 ) ;
#901 = FACE_OUTER_BOUND ( 'NONE', #3967, .T. ) ;
#902 = VERTEX_POINT ( 'NONE', #2663 ) ;
#903 = CARTESIAN_POINT ( 'NONE',  ( 1.394999999999999796, -0.1000000000000000056, -2.500000000000000444 ) ) ;
#904 = SURFACE_SIDE_STYLE ('',( #580 ) ) ;
#905 =( GEOMETRIC_REPRESENTATION_CONTEXT ( 3 ) GLOBAL_UNCERTAINTY_ASSIGNED_CONTEXT ( ( #1550 ) ) GLOBAL_UNIT_ASSIGNED_CONTEXT ( ( #3099, #3054, #1966 ) ) REPRESENTATION_CONTEXT ( 'NONE', 'WORKASPACE' ) );
#906 = CARTESIAN_POINT ( 'NONE',  ( 1.178191632116386556, 6.000000000000000000, 0.7337194676070789567 ) ) ;
#907 = CARTESIAN_POINT ( 'NONE',  ( 1.154045461959793961, 6.000000000000000000, 0.3628258946615842695 ) ) ;
#908 = CARTESIAN_POINT ( 'NONE',  ( 2.618218846677510037, 6.000000000000000000, 0.5029298468413077039 ) ) ;
#909 = SURFACE_STYLE_USAGE ( .BOTH. , #188 ) ;
#910 = ORIENTED_EDGE ( 'NONE', *, *, #1601, .F. ) ;
#911 = MECHANICAL_DESIGN_GEOMETRIC_PRESENTATION_REPRESENTATION (  '', ( #3433 ), #3361 ) ;
#912 = ORIENTED_EDGE ( 'NONE', *, *, #4135, .T. ) ;
#913 = CARTESIAN_POINT ( 'NONE',  ( -2.644999999999999130, -0.1000000000000000056, 2.500000000000000000 ) ) ;
#914 = CARTESIAN_POINT ( 'NONE',  ( 2.617887197584241044, 6.000000000000000888, -0.8472348019865251212 ) ) ;
#915 = CARTESIAN_POINT ( 'NONE',  ( 1.175322422394288857, 5.999999999999999112, -1.738821261202396995 ) ) ;
#916 = ADVANCED_FACE ( 'NONE', ( #4108 ), #749, .F. ) ;
#917 = VERTEX_POINT ( 'NONE', #1994 ) ;
#918 = LINE ( 'NONE', #1648, #2846 ) ;
#919 = EDGE_CURVE ( 'NONE', #493, #2095, #326, .T. ) ;
#920 = CARTESIAN_POINT ( 'NONE',  ( -0.8321574166850701504, 6.000000000000000000, 0.6509448818897678457 ) ) ;
#921 = STYLED_ITEM ( 'NONE', ( #4538 ), #3431 ) ;
#922 = CARTESIAN_POINT ( 'NONE',  ( 1.881316632116386556, 5.999900000000000233, 1.193163401430608506 ) ) ;
#923 = CARTESIAN_POINT ( 'NONE',  ( 2.584854964514851083, 6.000000000000000888, -1.960035897604229804 ) ) ;
#924 = FILL_AREA_STYLE ('',( #2111 ) ) ;
#925 = UNCERTAINTY_MEASURE_WITH_UNIT (LENGTH_MEASURE( 1.000000000000000082E-05 ), #2083, 'distance_accuracy_value', 'NONE');
#926 = CARTESIAN_POINT ( 'NONE',  ( 2.639169935549311674, 5.999900000000001121, 0.2160776474659031610 ) ) ;
#927 = ORIENTED_EDGE ( 'NONE', *, *, #4021, .F. ) ;
#928 = VECTOR ( 'NONE', #4284, 1000.000000000000000 ) ;
#929 = CARTESIAN_POINT ( 'NONE',  ( 2.607189793881092399, 6.000000000000000000, -0.5050213412164505922 ) ) ;
#930 = PRESENTATION_STYLE_ASSIGNMENT (( #2089 ) ) ;
#931 = PRESENTATION_LAYER_ASSIGNMENT (  '', '', ( #766 ) ) ;
#932 = CARTESIAN_POINT ( 'NONE',  ( 1.144617761972859249, 6.000000000000000000, 0.5638930817821957708 ) ) ;
#933 = CARTESIAN_POINT ( 'NONE',  ( 0.7694291974881546370, 5.999900000000000233, -0.3560984251968530301 ) ) ;
#934 = LINE ( 'NONE', #1230, #574 ) ;
#935 = CARTESIAN_POINT ( 'NONE',  ( 1.142774914274141018, 6.000000000000001776, 1.471758560445705077 ) ) ;
#936 =( LENGTH_UNIT ( ) NAMED_UNIT ( * ) SI_UNIT ( .MILLI., .METRE. ) );
#937 = STYLED_ITEM ( 'NONE', ( #2189 ), #1569 ) ;
#938 = ORIENTED_EDGE ( 'NONE', *, *, #3468, .T. ) ;
#939 = PRESENTATION_LAYER_ASSIGNMENT (  '', '', ( #850 ) ) ;
#940 = CARTESIAN_POINT ( 'NONE',  ( 1.154974464376837373, 5.999900000000000233, -0.7057670336135434264 ) ) ;
#941 = DIRECTION ( 'NONE',  ( -3.453728408488213655E-15, 0.000000000000000000, -1.000000000000000000 ) ) ;
#942 = DIRECTION ( 'NONE',  ( -0.000000000000000000, 1.000000000000000000, -0.000000000000000000 ) ) ;
#943 =( LENGTH_UNIT ( ) NAMED_UNIT ( * ) SI_UNIT ( .MILLI., .METRE. ) );
#944 = CARTESIAN_POINT ( 'NONE',  ( 1.178191632116386556, 5.999900000000000233, 1.377906048489432100 ) ) ;
#945 = AXIS2_PLACEMENT_3D ( 'NONE', #1333, #990, #606 ) ;
#946 = EDGE_LOOP ( 'NONE', ( #2200, #2334, #807, #3723 ) ) ;
#947 = PRESENTATION_STYLE_ASSIGNMENT (( #4557 ) ) ;
#948 = MECHANICAL_DESIGN_GEOMETRIC_PRESENTATION_REPRESENTATION (  '', ( #1563 ), #1179 ) ;
#949 = DIRECTION ( 'NONE',  ( -0.000000000000000000, -1.000000000000000000, -0.000000000000000000 ) ) ;
#950 = DIRECTION ( 'NONE',  ( 0.8679317172888709742, 0.000000000000000000, 0.4966835351851230929 ) ) ;
#951 = CARTESIAN_POINT ( 'NONE',  ( 0.3986378589054800359, 6.000000000000000000, 0.6848070866141745539 ) ) ;
#952 = ADVANCED_FACE ( 'NONE', ( #1603 ), #1273, .T. ) ;
#953 = EDGE_CURVE ( 'NONE', #1286, #3553, #1973, .T. ) ;
#954 = VECTOR ( 'NONE', #4458, 1000.000000000000000 ) ;
#955 = CARTESIAN_POINT ( 'NONE',  ( 1.881316632116386556, 6.000000000000000000, -0.04213071621645054360 ) ) ;
#956 = DIRECTION ( 'NONE',  ( -0.8701091694029019497, 0.000000000000000000, 0.4928590400114339354 ) ) ;
#957 = ORIENTED_EDGE ( 'NONE', *, *, #74, .F. ) ;
#958 = SURFACE_SIDE_STYLE ('',( #2403 ) ) ;
#959 = CARTESIAN_POINT ( 'NONE',  ( -1.608094424559088464, 5.999900000000000233, -0.3819212598425155147 ) ) ;
#960 = VECTOR ( 'NONE', #3416, 1000.000000000000000 ) ;
#961 =( NAMED_UNIT ( * ) SI_UNIT ( $, .STERADIAN. ) SOLID_ANGLE_UNIT ( ) );
#962 = VECTOR ( 'NONE', #942, 1000.000000000000000 ) ;
#963 = FILL_AREA_STYLE_COLOUR ( '', #4462 ) ;
#964 = CARTESIAN_POINT ( 'NONE',  ( -2.644999999999999130, 0.000000000000000000, -2.500000000000000000 ) ) ;
#965 = ORIENTED_EDGE ( 'NONE', *, *, #1801, .T. ) ;
#966 = CARTESIAN_POINT ( 'NONE',  ( 1.394999999999999796, 0.000000000000000000, -2.500000000000000444 ) ) ;
#967 = FACE_OUTER_BOUND ( 'NONE', #1717, .T. ) ;
#968 =( NAMED_UNIT ( * ) SI_UNIT ( $, .STERADIAN. ) SOLID_ANGLE_UNIT ( ) );
#969 = DIRECTION ( 'NONE',  ( -0.000000000000000000, 1.000000000000000000, -0.000000000000000000 ) ) ;
#970 = VERTEX_POINT ( 'NONE', #4648 ) ;
#971 = VERTEX_POINT ( 'NONE', #4294 ) ;
#972 = DIRECTION ( 'NONE',  ( 0.6128916609699309737, 0.000000000000000000, -0.7901669519244139961 ) ) ;
#973 = EDGE_CURVE ( 'NONE', #3573, #3334, #3945, .T. ) ;
#974 = DIRECTION ( 'NONE',  ( -0.8701091694029018386, 0.000000000000000000, 0.4928590400114340464 ) ) ;
#975 = B_SPLINE_SURFACE_WITH_KNOTS ( 'NONE', 3, 1, ( 
 ( #3321, #1875 ),
 ( #4016, #2570 ),
 ( #2909, #2889 ),
 ( #3952, #3663 ),
 ( #2968, #345 ),
 ( #1821, #2497 ),
 ( #721, #2213 ),
 ( #366, #4035 ),
 ( #1796, #1847 ),
 ( #3291, #1418 ),
 ( #49, #21 ) ),
 .UNSPECIFIED., .F., .F., .F.,
 ( 4, 1, 1, 1, 1, 1, 1, 1, 4 ),
 ( 2, 2 ),
 ( 0.000000000000000000, 0.2475841483258849618, 0.4361234509600940279, 0.5765471439970870637, 0.6891935206218198218, 0.7769127325059281830, 0.8506699786920552953, 0.9203469832125598105, 1.000000000000000000 ),
 ( 0.000000000000000000, 1.000000000000000000 ),
 .UNSPECIFIED. ) ;
#976 =( NAMED_UNIT ( * ) PLANE_ANGLE_UNIT ( ) SI_UNIT ( $, .RADIAN. ) );
#977 = VECTOR ( 'NONE', #1950, 1000.000000000000000 ) ;
#978 = CARTESIAN_POINT ( 'NONE',  ( 1.175344842613581742, 5.999900000000000233, 1.380237189032058387 ) ) ;
#979 = FILL_AREA_STYLE ('',( #3578 ) ) ;
#980 = ORIENTED_EDGE ( 'NONE', *, *, #1246, .T. ) ;
#981 = FILL_AREA_STYLE ('',( #2442 ) ) ;
#982 = B_SPLINE_CURVE_WITH_KNOTS ( 'NONE', 3,
 ( #1439, #3584, #2868, #4326, #1049, #3968, #1070, #4712, #2541, #3989, #694 ),
 .UNSPECIFIED., .F., .F.,
 ( 4, 1, 1, 1, 1, 1, 1, 1, 4 ),
 ( 0.000000000000000000, 0.1528910399261250719, 0.2655498866055906459, 0.3469726293230765979, 0.4171409348174461851, 0.5027291515886442852, 0.6212628926146345210, 0.7862933040589763500, 1.000000000000000000 ),
 .UNSPECIFIED. ) ;
#983 = CARTESIAN_POINT ( 'NONE',  ( 2.629826558503599809, 5.999899999999999345, -0.8543567779088838687 ) ) ;
#984 = EDGE_CURVE ( 'NONE', #917, #2489, #4182, .T. ) ;
#985 = CARTESIAN_POINT ( 'NONE',  ( 0.7799370715039031232, 6.000000000000000000, -0.02874015748031673659 ) ) ;
#986 = CARTESIAN_POINT ( 'NONE',  ( 2.602775380086247203, 6.000000000000000888, 0.3871113136134829436 ) ) ;
#987 = CARTESIAN_POINT ( 'NONE',  ( 1.881316632116386556, 5.999900000000000233, -0.04213071621645054360 ) ) ;
#988 = ORIENTED_EDGE ( 'NONE', *, *, #3001, .T. ) ;
#989 = VECTOR ( 'NONE', #3252, 1000.000000000000114 ) ;
#990 = DIRECTION ( 'NONE',  ( 0.5095424031107078644, 0.000000000000000000, 0.8604455470465084410 ) ) ;
#991 = CARTESIAN_POINT ( 'NONE',  ( 1.169738862666132251, 5.999899999999999345, 0.7279673688980394797 ) ) ;
#992 = DIRECTION ( 'NONE',  ( -0.8660872391925199532, 0.000000000000000000, -0.4998928826337483700 ) ) ;
#993 = CARTESIAN_POINT ( 'NONE',  ( 1.142690712998739588, 5.999900000000000233, 0.2660034749600200255 ) ) ;
#994 = ORIENTED_EDGE ( 'NONE', *, *, #74, .T. ) ;
#995 = APPLICATION_CONTEXT ( 'automotive_design' ) ;
#996 = ORIENTED_EDGE ( 'NONE', *, *, #471, .F. ) ;
#997 =( NAMED_UNIT ( * ) SI_UNIT ( $, .STERADIAN. ) SOLID_ANGLE_UNIT ( ) );
#998 =( GEOMETRIC_REPRESENTATION_CONTEXT ( 3 ) GLOBAL_UNCERTAINTY_ASSIGNED_CONTEXT ( ( #2322 ) ) GLOBAL_UNIT_ASSIGNED_CONTEXT ( ( #4393, #483, #4178 ) ) REPRESENTATION_CONTEXT ( 'NONE', 'WORKASPACE' ) );
#999 = CARTESIAN_POINT ( 'NONE',  ( 1.881316632116386556, 5.999900000000000233, -1.277424833863509690 ) ) ;
#1000 = VECTOR ( 'NONE', #3196, 1000.000000000000000 ) ;
#1001 =( NAMED_UNIT ( * ) PLANE_ANGLE_UNIT ( ) SI_UNIT ( $, .RADIAN. ) );
#1002 = ORIENTED_EDGE ( 'NONE', *, *, #2167, .F. ) ;
#1003 = FACE_OUTER_BOUND ( 'NONE', #1015, .T. ) ;
#1004 = CARTESIAN_POINT ( 'NONE',  ( 2.640243940541739054, 6.000000000000000888, -0.8878840229641778992 ) ) ;
#1005 = CARTESIAN_POINT ( 'NONE',  ( 2.602775380086246315, 5.999899999999997569, -0.8481828040335757102 ) ) ;
#1006 = CARTESIAN_POINT ( 'NONE',  ( 0.7799370715039031232, 5.999900000000000233, -0.02874015748031673659 ) ) ;
#1007 = CARTESIAN_POINT ( 'NONE',  ( 2.630254047037110965, 5.999899999999999345, 0.7109544711102691039 ) ) ;
#1008 = ADVANCED_FACE ( 'NONE', ( #3413 ), #900, .F. ) ;
#1009 = ORIENTED_EDGE ( 'NONE', *, *, #2972, .T. ) ;
#1010 = AXIS2_PLACEMENT_3D ( 'NONE', #313, #3238, #594 ) ;
#1011 =( NAMED_UNIT ( * ) SI_UNIT ( $, .STERADIAN. ) SOLID_ANGLE_UNIT ( ) );
#1012 =( LENGTH_UNIT ( ) NAMED_UNIT ( * ) SI_UNIT ( .MILLI., .METRE. ) );
#1013 = CARTESIAN_POINT ( 'NONE',  ( 1.169738862666132251, 5.999999999999999112, 0.7279673688980394797 ) ) ;
#1014 = CARTESIAN_POINT ( 'NONE',  ( 2.564450823292857784, 6.000000000000000888, -1.948840275039980474 ) ) ;
#1015 = EDGE_LOOP ( 'NONE', ( #1002, #2896, #646, #350 ) ) ;
#1016 = CARTESIAN_POINT ( 'NONE',  ( 2.616279699699928685, 5.999999999999999112, -1.744967499035585012 ) ) ;
#1017 =( NAMED_UNIT ( * ) PLANE_ANGLE_UNIT ( ) SI_UNIT ( $, .RADIAN. ) );
#1018 =( NAMED_UNIT ( * ) PLANE_ANGLE_UNIT ( ) SI_UNIT ( $, .RADIAN. ) );
#1019 =( NAMED_UNIT ( * ) SI_UNIT ( $, .STERADIAN. ) SOLID_ANGLE_UNIT ( ) );
#1020 = COLOUR_RGB ( '',1.000000000000000000, 1.000000000000000000, 1.000000000000000000 ) ;
#1021 =( NAMED_UNIT ( * ) PLANE_ANGLE_UNIT ( ) SI_UNIT ( $, .RADIAN. ) );
#1022 = COLOUR_RGB ( '',1.000000000000000000, 1.000000000000000000, 1.000000000000000000 ) ;
#1023 = MECHANICAL_DESIGN_GEOMETRIC_PRESENTATION_REPRESENTATION (  '', ( #619 ), #697 ) ;
#1024 = FACE_OUTER_BOUND ( 'NONE', #4114, .T. ) ;
#1025 = ORIENTED_EDGE ( 'NONE', *, *, #4130, .F. ) ;
#1026 = CARTESIAN_POINT ( 'NONE',  ( 3.355000000000000870, 6.000000000000000000, -3.454999999999999627 ) ) ;
#1027 = VECTOR ( 'NONE', #3575, 999.9999999999998863 ) ;
#1028 = DIRECTION ( 'NONE',  ( 0.8679317172888709742, 0.000000000000000000, 0.4966835351851230929 ) ) ;
#1029 = CARTESIAN_POINT ( 'NONE',  ( 0.7799370715039031232, 5.999900000000000233, -0.02874015748031673659 ) ) ;
#1030 = SURFACE_STYLE_FILL_AREA ( #2892 ) ;
#1031 = FILL_AREA_STYLE ('',( #725 ) ) ;
#1032 = ORIENTED_EDGE ( 'NONE', *, *, #4632, .T. ) ;
#1033 = AXIS2_PLACEMENT_3D ( 'NONE', #999, #3558, #1411 ) ;
#1034 = FILL_AREA_STYLE_COLOUR ( '', #4291 ) ;
#1035 = CARTESIAN_POINT ( 'NONE',  ( 1.876491264469327680, 5.999900000000000233, 0.9291468573129614272 ) ) ;
#1036 = CARTESIAN_POINT ( 'NONE',  ( 1.142722440240110604, 6.000000000000000888, 0.6307761071742298276 ) ) ;
#1037 = ORIENTED_EDGE ( 'NONE', *, *, #4483, .F. ) ;
#1038 = CARTESIAN_POINT ( 'NONE',  ( 2.636771313881897338, 6.000000000000001776, 1.602336668878354686 ) ) ;
#1039 = SURFACE_STYLE_USAGE ( .BOTH. , #39 ) ;
#1040 = SURFACE_SIDE_STYLE ('',( #1409 ) ) ;
#1041 = ADVANCED_FACE ( 'NONE', ( #2249 ), #289, .F. ) ;
#1042 = CARTESIAN_POINT ( 'NONE',  ( 1.166537727726018714, 5.999999999999999112, -0.8654582055442724409 ) ) ;
#1043 =( LENGTH_UNIT ( ) NAMED_UNIT ( * ) SI_UNIT ( .MILLI., .METRE. ) );
#1044 = COLOUR_RGB ( '',0.8274509803921568096, 0.8392156862745098200, 0.8274509803921568096 ) ;
#1045 = CARTESIAN_POINT ( 'NONE',  ( 2.616607625011922789, 6.000000000000000888, 1.409441959770592945 ) ) ;
#1046 = VERTEX_POINT ( 'NONE', #761 ) ;
#1047 = PRESENTATION_STYLE_ASSIGNMENT (( #4324 ) ) ;
#1048 = STYLED_ITEM ( 'NONE', ( #731 ), #2298 ) ;
#1049 = CARTESIAN_POINT ( 'NONE',  ( 1.166537727726019158, 5.999900000000001121, 1.605130029749845644 ) ) ;
#1050 = SURFACE_STYLE_USAGE ( .BOTH. , #2 ) ;
#1051 = CARTESIAN_POINT ( 'NONE',  ( 1.181946779667098824, 5.999899999999999345, -0.8668667010757199476 ) ) ;
#1052 =( LENGTH_UNIT ( ) NAMED_UNIT ( * ) SI_UNIT ( .MILLI., .METRE. ) );
#1053 = CARTESIAN_POINT ( 'NONE',  ( 1.143793079353702558, 6.000000000000000888, 1.562902114448176283 ) ) ;
#1054 = VERTEX_POINT ( 'NONE', #2182 ) ;
#1055 = FILL_AREA_STYLE_COLOUR ( '', #4368 ) ;
#1056 = ORIENTED_EDGE ( 'NONE', *, *, #1479, .T. ) ;
#1057 = CARTESIAN_POINT ( 'NONE',  ( 2.642646007643794981, 5.999900000000000233, 0.5973372741872973180 ) ) ;
#1058 = ORIENTED_EDGE ( 'NONE', *, *, #2569, .F. ) ;
#1059 = CARTESIAN_POINT ( 'NONE',  ( 2.616607625011923233, 5.999900000000000233, 0.1741478421235338192 ) ) ;
#1060 = CARTESIAN_POINT ( 'NONE',  ( 2.571937412355976171, 6.000000000000000888, 1.607872597963731831 ) ) ;
#1061 = VECTOR ( 'NONE', #4201, 1000.000000000000114 ) ;
#1062 = FILL_AREA_STYLE_COLOUR ( '', #4429 ) ;
#1063 = CARTESIAN_POINT ( 'NONE',  ( 1.154045461959794405, 6.000000000000000000, -0.8724682229854747728 ) ) ;
#1064 = EDGE_CURVE ( 'NONE', #3101, #2966, #1251, .T. ) ;
#1065 =( GEOMETRIC_REPRESENTATION_CONTEXT ( 3 ) GLOBAL_UNCERTAINTY_ASSIGNED_CONTEXT ( ( #1995 ) ) GLOBAL_UNIT_ASSIGNED_CONTEXT ( ( #1240, #2508, #2154 ) ) REPRESENTATION_CONTEXT ( 'NONE', 'WORKASPACE' ) );
#1066 =( NAMED_UNIT ( * ) PLANE_ANGLE_UNIT ( ) SI_UNIT ( $, .RADIAN. ) );
#1067 = CARTESIAN_POINT ( 'NONE',  ( 2.641323004694411392, 5.999900000000002898, 0.6654049053627252297 ) ) ;
#1068 = EDGE_LOOP ( 'NONE', ( #1154, #2459, #4496, #1314 ) ) ;
#1069 =( NAMED_UNIT ( * ) SI_UNIT ( $, .STERADIAN. ) SOLID_ANGLE_UNIT ( ) );
#1070 = CARTESIAN_POINT ( 'NONE',  ( 1.147672671593930938, 5.999899999999999345, 1.583324717616142241 ) ) ;
#1071 = DIRECTION ( 'NONE',  ( -0.000000000000000000, 1.000000000000000000, -0.000000000000000000 ) ) ;
#1072 = CARTESIAN_POINT ( 'NONE',  ( 2.607189793881092399, 5.999900000000000233, -0.5050213412164505922 ) ) ;
#1073 = CARTESIAN_POINT ( 'NONE',  ( 2.639295963283396329, 5.999899999999997569, 0.6850376199589710557 ) ) ;
#1074 =( NAMED_UNIT ( * ) SI_UNIT ( $, .STERADIAN. ) SOLID_ANGLE_UNIT ( ) );
#1075 = EDGE_CURVE ( 'NONE', #660, #2886, #4677, .T. ) ;
#1076 = ORIENTED_EDGE ( 'NONE', *, *, #636, .T. ) ;
#1077 = VERTEX_POINT ( 'NONE', #2861 ) ;
#1078 = CARTESIAN_POINT ( 'NONE',  ( 1.154538716452735647, 5.999899999999998457, -0.5206128378587339123 ) ) ;
#1079 = CARTESIAN_POINT ( 'NONE',  ( -1.447834582039406515, 5.999900000000000233, -0.9164999999999924318 ) ) ;
#1080 = AXIS2_PLACEMENT_3D ( 'NONE', #777, #4717, #1513 ) ;
#1081 = ORIENTED_EDGE ( 'NONE', *, *, #3141, .T. ) ;
#1082 = ORIENTED_EDGE ( 'NONE', *, *, #4127, .T. ) ;
#1083 =( NAMED_UNIT ( * ) SI_UNIT ( $, .STERADIAN. ) SOLID_ANGLE_UNIT ( ) );
#1084 = COLOUR_RGB ( '',1.000000000000000000, 1.000000000000000000, 1.000000000000000000 ) ;
#1085 = DIRECTION ( 'NONE',  ( 1.000000000000000000, 0.000000000000000000, 0.000000000000000000 ) ) ;
#1086 = CARTESIAN_POINT ( 'NONE',  ( 1.142774914274141018, 6.000000000000003553, 1.471758560445705077 ) ) ;
#1087 = PRESENTATION_LAYER_ASSIGNMENT (  '', '', ( #1354 ) ) ;
#1088 = COLOUR_RGB ( '',1.000000000000000000, 1.000000000000000000, 1.000000000000000000 ) ;
#1089 = MECHANICAL_DESIGN_GEOMETRIC_PRESENTATION_REPRESENTATION (  '', ( #852 ), #3226 ) ;
#1090 = CARTESIAN_POINT ( 'NONE',  ( 1.146497715025989406, 6.000000000000001776, -0.5447044079106079240 ) ) ;
#1091 = EDGE_CURVE ( 'NONE', #3997, #59, #1814, .T. ) ;
#1092 = ORIENTED_EDGE ( 'NONE', *, *, #1658, .F. ) ;
#1093 = EDGE_CURVE ( 'NONE', #4695, #2826, #1887, .T. ) ;
#1094 = FILL_AREA_STYLE_COLOUR ( '', #2918 ) ;
#1095 = EDGE_CURVE ( 'NONE', #104, #660, #662, .T. ) ;
#1096 =( GEOMETRIC_REPRESENTATION_CONTEXT ( 3 ) GLOBAL_UNCERTAINTY_ASSIGNED_CONTEXT ( ( #386 ) ) GLOBAL_UNIT_ASSIGNED_CONTEXT ( ( #4118, #1933, #759 ) ) REPRESENTATION_CONTEXT ( 'NONE', 'WORKASPACE' ) );
#1097 = VECTOR ( 'NONE', #2055, 1000.000000000000000 ) ;
#1098 = CARTESIAN_POINT ( 'NONE',  ( 1.175322422394289079, 5.999900000000000233, -0.5035271435553383412 ) ) ;
#1099 = AXIS2_PLACEMENT_3D ( 'NONE', #485, #3193, #2048 ) ;
#1100 = EDGE_CURVE ( 'NONE', #4223, #2072, #411, .T. ) ;
#1101 = CARTESIAN_POINT ( 'NONE',  ( 1.154538716452736091, 5.999900000000000233, -1.755906955505793121 ) ) ;
#1102 = CARTESIAN_POINT ( 'NONE',  ( 1.220930602704621837, 6.000000000000000000, 1.585052188195314349 ) ) ;
#1103 = VERTEX_POINT ( 'NONE', #1593 ) ;
#1104 = PRESENTATION_STYLE_ASSIGNMENT (( #4043 ) ) ;
#1105 = ORIENTED_EDGE ( 'NONE', *, *, #4082, .T. ) ;
#1106 = SURFACE_SIDE_STYLE ('',( #2581 ) ) ;
#1107 = PRESENTATION_STYLE_ASSIGNMENT (( #4671 ) ) ;
#1108 = ORIENTED_EDGE ( 'NONE', *, *, #4132, .F. ) ;
#1109 = VECTOR ( 'NONE', #974, 1000.000000000000114 ) ;
#1110 = CARTESIAN_POINT ( 'NONE',  ( 2.564450823292857340, 5.999900000000000233, 0.5217479602541378325 ) ) ;
#1111 = CARTESIAN_POINT ( 'NONE',  ( 1.220930602704621837, 6.000000000000000000, -1.932296157392921154 ) ) ;
#1112 = B_SPLINE_SURFACE_WITH_KNOTS ( 'NONE', 3, 1, ( 
 ( #3784, #906 ),
 ( #3418, #3953 ),
 ( #3611, #3220 ),
 ( #3564, #278 ),
 ( #2191, #651 ),
 ( #2472, #321 ),
 ( #1797, #2117 ),
 ( #1747, #4257 ),
 ( #3199, #346 ),
 ( #1727, #2543 ),
 ( #4638, #2144 ) ),
 .UNSPECIFIED., .F., .F., .F.,
 ( 4, 1, 1, 1, 1, 1, 1, 1, 4 ),
 ( 2, 2 ),
 ( 0.000000000000000000, 0.08269940838263134530, 0.1609352856402981868, 0.2384022412677344882, 0.3252932597831255657, 0.4321161260274609672, 0.5729322032451371616, 0.7592645677637445134, 1.000000000000000000 ),
 ( 0.000000000000000000, 1.000000000000000000 ),
 .UNSPECIFIED. ) ;
#1113 = DIRECTION ( 'NONE',  ( 0.000000000000000000, 0.000000000000000000, -1.000000000000000000 ) ) ;
#1114 = DIRECTION ( 'NONE',  ( 0.000000000000000000, 0.000000000000000000, 1.000000000000000000 ) ) ;
#1115 = LINE ( 'NONE', #1523, #3918 ) ;
#1116 = PRESENTATION_LAYER_ASSIGNMENT (  '', '', ( #1356 ) ) ;
#1117 =( NAMED_UNIT ( * ) SI_UNIT ( $, .STERADIAN. ) SOLID_ANGLE_UNIT ( ) );
#1118 = CARTESIAN_POINT ( 'NONE',  ( 1.178191632116386556, 6.000000000000000000, -0.5015746500399800301 ) ) ;
#1119 = ORIENTED_EDGE ( 'NONE', *, *, #2452, .T. ) ;
#1120 = CARTESIAN_POINT ( 'NONE',  ( 2.015737587998739588, 6.000000000000000000, 1.065291158783549630 ) ) ;
#1121 = UNCERTAINTY_MEASURE_WITH_UNIT (LENGTH_MEASURE( 1.000000000000000082E-05 ), #2587, 'distance_accuracy_value', 'NONE');
#1122 = CARTESIAN_POINT ( 'NONE',  ( 1.181946779667098824, 5.999999999999999112, -0.8668667010757199476 ) ) ;
#1123 = CARTESIAN_POINT ( 'NONE',  ( 2.571937412355975727, 5.999900000000001121, 0.3725784803166725667 ) ) ;
#1124 =( NAMED_UNIT ( * ) SI_UNIT ( $, .STERADIAN. ) SOLID_ANGLE_UNIT ( ) );
#1125 = MECHANICAL_DESIGN_GEOMETRIC_PRESENTATION_REPRESENTATION (  '', ( #2348 ), #2737 ) ;
#1126 = EDGE_CURVE ( 'NONE', #181, #970, #2337, .T. ) ;
#1127 = ORIENTED_EDGE ( 'NONE', *, *, #2138, .T. ) ;
#1128 = EDGE_CURVE ( 'NONE', #603, #3620, #2979, .T. ) ;
#1129 =( LENGTH_UNIT ( ) NAMED_UNIT ( * ) SI_UNIT ( .MILLI., .METRE. ) );
#1130 = ORIENTED_EDGE ( 'NONE', *, *, #195, .T. ) ;
#1131 = CARTESIAN_POINT ( 'NONE',  ( 1.143897626635291154, 5.999900000000001121, -0.5627141032411921984 ) ) ;
#1132 = CARTESIAN_POINT ( 'NONE',  ( 1.146505634764222181, 6.000000000000000888, -1.044398651139731404 ) ) ;
#1133 = ORIENTED_EDGE ( 'NONE', *, *, #709, .F. ) ;
#1134 = VERTEX_POINT ( 'NONE', #1573 ) ;
#1135 = ORIENTED_EDGE ( 'NONE', *, *, #3401, .F. ) ;
#1136 = CARTESIAN_POINT ( 'NONE',  ( 2.642690712998739588, 6.000000000000000000, -0.9458531426870389058 ) ) ;
#1137 = SURFACE_STYLE_USAGE ( .BOTH. , #2586 ) ;
#1138 = CARTESIAN_POINT ( 'NONE',  ( 2.607189793881092399, 5.999900000000000233, -0.5050213412164505922 ) ) ;
#1139 = CARTESIAN_POINT ( 'NONE',  ( 1.169901077095653052, 6.000000000000001776, 1.384694906222209809 ) ) ;
#1140 = VECTOR ( 'NONE', #969, 1000.000000000000000 ) ;
#1141 = CARTESIAN_POINT ( 'NONE',  ( 1.142778724780127986, 5.999999999999999112, -0.5865860912147627948 ) ) ;
#1142 = ORIENTED_EDGE ( 'NONE', *, *, #2849, .T. ) ;
#1143 = B_SPLINE_CURVE_WITH_KNOTS ( 'NONE', 3,
 ( #1358, #1705, #935, #881, #3497, #4521, #4163, #3112, #1664, #2352, #854 ),
 .UNSPECIFIED., .F., .F.,
 ( 4, 1, 1, 1, 1, 1, 1, 1, 4 ),
 ( 0.000000000000000000, 0.2339648385054090562, 0.4198783559695579704, 0.5659151998979442544, 0.6801214999993734356, 0.7723010949812570969, 0.8443163158709261484, 0.9185860088431486714, 1.000000000000000000 ),
 .UNSPECIFIED. ) ;
#1144 = CARTESIAN_POINT ( 'NONE',  ( 1.178191632116386556, 5.999900000000000233, 0.1426119308423729748 ) ) ;
#1145 = VECTOR ( 'NONE', #3512, 1000.000000000000000 ) ;
#1146 = FACE_OUTER_BOUND ( 'NONE', #3216, .T. ) ;
#1147 = CARTESIAN_POINT ( 'NONE',  ( -0.8947361568425546974, 5.999900000000000233, -0.3477952755905496796 ) ) ;
#1148 = AXIS2_PLACEMENT_3D ( 'NONE', #2255, #3753, #2592 ) ;
#1149 = CARTESIAN_POINT ( 'NONE',  ( 1.142778724780127986, 5.999899999999999345, -0.5865860912147627948 ) ) ;
#1150 = CARTESIAN_POINT ( 'NONE',  ( 1.169738862666132473, 5.999900000000000233, -1.742620866396078938 ) ) ;
#1151 =( LENGTH_UNIT ( ) NAMED_UNIT ( * ) SI_UNIT ( .MILLI., .METRE. ) );
#1152 = SURFACE_SIDE_STYLE ('',( #3046 ) ) ;
#1153 = EDGE_CURVE ( 'NONE', #1667, #430, #4435, .T. ) ;
#1154 = ORIENTED_EDGE ( 'NONE', *, *, #4661, .F. ) ;
#1155 = CARTESIAN_POINT ( 'NONE',  ( 2.640139079277641354, 6.000000000000001776, 0.5480307067437175661 ) ) ;
#1156 = EDGE_CURVE ( 'NONE', #372, #4024, #1163, .T. ) ;
#1157 = EDGE_CURVE ( 'NONE', #1853, #409, #2312, .T. ) ;
#1158 = EDGE_LOOP ( 'NONE', ( #2176, #159, #957, #2203 ) ) ;
#1159 = ORIENTED_EDGE ( 'NONE', *, *, #728, .T. ) ;
#1160 = VERTEX_POINT ( 'NONE', #3771 ) ;
#1161 = CARTESIAN_POINT ( 'NONE',  ( 1.142825864974269523, 6.000000000000000888, -1.860830719295981650 ) ) ;
#1162 = LINE ( 'NONE', #4052, #2727 ) ;
#1163 = LINE ( 'NONE', #83, #701 ) ;
#1164 = CARTESIAN_POINT ( 'NONE',  ( 1.142774914274141018, 5.999900000000002009, 1.471758560445705077 ) ) ;
#1165 = UNCERTAINTY_MEASURE_WITH_UNIT (LENGTH_MEASURE( 1.000000000000000082E-05 ), #2007, 'distance_accuracy_value', 'NONE');
#1166 = STYLED_ITEM ( 'NONE', ( #1336 ), #2165 ) ;
#1167 = PRESENTATION_STYLE_ASSIGNMENT (( #2613 ) ) ;
#1168 = CARTESIAN_POINT ( 'NONE',  ( 2.607189793881092399, 5.999900000000000233, 1.403756232312961316 ) ) ;
#1169 = PRESENTATION_LAYER_ASSIGNMENT (  '', '', ( #2020 ) ) ;
#1170 = CARTESIAN_POINT ( 'NONE',  ( 2.607189793881092399, 6.000000000000000000, 1.403756232312961316 ) ) ;
#1171 = VECTOR ( 'NONE', #3875, 1000.000000000000000 ) ;
#1172 = CARTESIAN_POINT ( 'NONE',  ( 1.169901077095653052, 5.999999999999998224, 0.1494007885751505449 ) ) ;
#1173 = UNCERTAINTY_MEASURE_WITH_UNIT (LENGTH_MEASURE( 1.000000000000000082E-05 ), #936, 'distance_accuracy_value', 'NONE');
#1174 = CARTESIAN_POINT ( 'NONE',  ( 2.564450823292857340, 6.000000000000000000, -0.7135461573929211543 ) ) ;
#1175 = CARTESIAN_POINT ( 'NONE',  ( 1.154027076143226971, 5.999899999999998457, -1.071967582049080159 ) ) ;
#1176 = VECTOR ( 'NONE', #1641, 1000.000000000000000 ) ;
#1177 = CARTESIAN_POINT ( 'NONE',  ( 2.607189793881092399, 6.000000000000000000, -1.066832002981156435 ) ) ;
#1178 = ADVANCED_FACE ( 'NONE', ( #1214 ), #3731, .T. ) ;
#1179 =( GEOMETRIC_REPRESENTATION_CONTEXT ( 3 ) GLOBAL_UNCERTAINTY_ASSIGNED_CONTEXT ( ( #1224 ) ) GLOBAL_UNIT_ASSIGNED_CONTEXT ( ( #558, #3493, #3810 ) ) REPRESENTATION_CONTEXT ( 'NONE', 'WORKASPACE' ) );
#1180 = DIRECTION ( 'NONE',  ( 0.8644584418281030525, 0.000000000000000000, -0.5027042891722013351 ) ) ;
#1181 = CARTESIAN_POINT ( 'NONE',  ( 1.142720842757629418, 6.000000000000000888, -0.9798606003582994717 ) ) ;
#1182 = SURFACE_SIDE_STYLE ('',( #4096 ) ) ;
#1183 = CARTESIAN_POINT ( 'NONE',  ( 0.3034685675668905014, 5.999900000000000233, -1.102125984251969282 ) ) ;
#1184 =( GEOMETRIC_REPRESENTATION_CONTEXT ( 3 ) GLOBAL_UNCERTAINTY_ASSIGNED_CONTEXT ( ( #3859 ) ) GLOBAL_UNIT_ASSIGNED_CONTEXT ( ( #2559, #4702, #686 ) ) REPRESENTATION_CONTEXT ( 'NONE', 'WORKASPACE' ) );
#1185 = VERTEX_POINT ( 'NONE', #451 ) ;
#1186 = VECTOR ( 'NONE', #3162, 1000.000000000000000 ) ;
#1187 = ORIENTED_EDGE ( 'NONE', *, *, #3822, .F. ) ;
#1188 = VERTEX_POINT ( 'NONE', #1935 ) ;
#1189 = FILL_AREA_STYLE ('',( #4074 ) ) ;
#1190 = PLANE ( 'NONE',  #3559 ) ;
#1191 = CARTESIAN_POINT ( 'NONE',  ( -3.354999999999999094, 0.000000000000000000, -3.454999999999999627 ) ) ;
#1192 = SURFACE_STYLE_FILL_AREA ( #3683 ) ;
#1193 = CARTESIAN_POINT ( 'NONE',  ( 2.642690712998739588, 5.999899999999999345, 1.524735092607079068 ) ) ;
#1194 = VECTOR ( 'NONE', #4133, 1000.000000000000000 ) ;
#1195 = DIRECTION ( 'NONE',  ( 0.5027042891722012241, 0.000000000000000000, 0.8644584418281031635 ) ) ;
#1196 = EDGE_CURVE ( 'NONE', #3068, #1853, #62, .T. ) ;
#1197 = STYLED_ITEM ( 'NONE', ( #4679 ), #2823 ) ;
#1198 = LINE ( 'NONE', #1942, #3059 ) ;
#1199 = CARTESIAN_POINT ( 'NONE',  ( 2.564450823292857340, 5.999899999999999345, -0.8669239147458623895 ) ) ;
#1200 = CARTESIAN_POINT ( 'NONE',  ( -2.943241815541270956, 5.999900000000000233, -2.819567424523458321 ) ) ;
#1201 = DIRECTION ( 'NONE',  ( 0.8604455470465083300, 0.000000000000000000, -0.5095424031107078644 ) ) ;
#1202 = DIRECTION ( 'NONE',  ( -0.8701091694029018386, 0.000000000000000000, 0.4928590400114340464 ) ) ;
#1203 = CARTESIAN_POINT ( 'NONE',  ( 2.564450823292857340, 5.999900000000000233, 0.3683702029011965418 ) ) ;
#1204 = CARTESIAN_POINT ( 'NONE',  ( 2.616607625011923233, 5.999900000000002009, -1.061146275523525695 ) ) ;
#1205 = COLOUR_RGB ( '',1.000000000000000000, 1.000000000000000000, 1.000000000000000000 ) ;
#1206 = CARTESIAN_POINT ( 'NONE',  ( 1.143793079353702558, 5.999999999999999112, -0.9076861208459413577 ) ) ;
#1207 = FACE_OUTER_BOUND ( 'NONE', #353, .T. ) ;
#1208 = ORIENTED_EDGE ( 'NONE', *, *, #380, .F. ) ;
#1209 = ORIENTED_EDGE ( 'NONE', *, *, #3790, .T. ) ;
#1210 = STYLED_ITEM ( 'NONE', ( #3260 ), #2330 ) ;
#1211 = CARTESIAN_POINT ( 'NONE',  ( 1.143068033057007771, 5.999900000000000233, -0.6450862253979010585 ) ) ;
#1212 = DIRECTION ( 'NONE',  ( 1.000000000000000000, 0.000000000000000000, -0.000000000000000000 ) ) ;
#1213 = CARTESIAN_POINT ( 'NONE',  ( 1.147672671593930938, 5.999900000000000233, -0.8872635176779756216 ) ) ;
#1214 = FACE_OUTER_BOUND ( 'NONE', #2526, .T. ) ;
#1215 = SURFACE_STYLE_FILL_AREA ( #499 ) ;
#1216 = CARTESIAN_POINT ( 'NONE',  ( 2.641316205600277023, 5.999899999999997569, 1.470570637816364545 ) ) ;
#1217 = B_SPLINE_CURVE_WITH_KNOTS ( 'NONE', 3,
 ( #4480, #3382, #1237, #1671, #4145, #862, #4173, #2361, #3428, #1291, #2767 ),
 .UNSPECIFIED., .F., .F.,
 ( 4, 1, 1, 1, 1, 1, 1, 1, 4 ),
 ( 0.000000000000000000, 0.1528910399261251274, 0.2655498866055909235, 0.3469726293230768754, 0.4171409348174465181, 0.5027291515886446183, 0.6212628926146345210, 0.7862933040589767941, 1.000000000000000000 ),
 .UNSPECIFIED. ) ;
#1218 = LINE ( 'NONE', #3529, #3614 ) ;
#1219 = DIRECTION ( 'NONE',  ( -0.000000000000000000, 1.000000000000000000, -0.000000000000000000 ) ) ;
#1220 = CARTESIAN_POINT ( 'NONE',  ( 1.161416586822689556, 5.999899999999999345, -1.748260057134093604 ) ) ;
#1221 = VECTOR ( 'NONE', #3103, 999.9999999999998863 ) ;
#1222 = CARTESIAN_POINT ( 'NONE',  ( 2.642682354305278203, 6.000000000000000000, -0.9564263157231580603 ) ) ;
#1223 = FILL_AREA_STYLE_COLOUR ( '', #1878 ) ;
#1224 = UNCERTAINTY_MEASURE_WITH_UNIT (LENGTH_MEASURE( 1.000000000000000082E-05 ), #558, 'distance_accuracy_value', 'NONE');
#1225 = CARTESIAN_POINT ( 'NONE',  ( 1.169901077095653052, 5.999899999999998457, 0.1494007885751505449 ) ) ;
#1226 = CARTESIAN_POINT ( 'NONE',  ( 2.610467510789358681, 5.999999999999999112, 0.1704409359852467054 ) ) ;
#1227 = VECTOR ( 'NONE', #4369, 1000.000000000000000 ) ;
#1228 =( LENGTH_UNIT ( ) NAMED_UNIT ( * ) SI_UNIT ( .MILLI., .METRE. ) );
#1229 = FILL_AREA_STYLE_COLOUR ( '', #1936 ) ;
#1230 = CARTESIAN_POINT ( 'NONE',  ( 1.220930602704621837, 5.999900000000000233, -1.932296157392921154 ) ) ;
#1231 = CARTESIAN_POINT ( 'NONE',  ( 1.142690712998739810, 6.000000000000000888, -0.9692906426870389058 ) ) ;
#1232 = ORIENTED_EDGE ( 'NONE', *, *, #211, .F. ) ;
#1233 = VERTEX_POINT ( 'NONE', #2632 ) ;
#1234 = SURFACE_SIDE_STYLE ('',( #1334 ) ) ;
#1235 =( LENGTH_UNIT ( ) NAMED_UNIT ( * ) SI_UNIT ( .MILLI., .METRE. ) );
#1236 = CARTESIAN_POINT ( 'NONE',  ( 1.220930602704621837, 6.000000000000000000, -1.932296157392921154 ) ) ;
#1237 = CARTESIAN_POINT ( 'NONE',  ( 1.200042968348131067, 5.999999999999999112, 0.3608046952921286632 ) ) ;
#1238 = CARTESIAN_POINT ( 'NONE',  ( 1.146497715025989406, 6.000000000000000888, -1.779998525557666689 ) ) ;
#1239 = FACE_OUTER_BOUND ( 'NONE', #4475, .T. ) ;
#1240 =( LENGTH_UNIT ( ) NAMED_UNIT ( * ) SI_UNIT ( .MILLI., .METRE. ) );
#1241 = COLOUR_RGB ( '',1.000000000000000000, 1.000000000000000000, 1.000000000000000000 ) ;
#1242 = STYLED_ITEM ( 'NONE', ( #3919 ), #2030 ) ;
#1243 = FILL_AREA_STYLE ('',( #4420 ) ) ;
#1244 = ADVANCED_FACE ( 'NONE', ( #861 ), #4395, .F. ) ;
#1245 = CARTESIAN_POINT ( 'NONE',  ( 1.154974464376838039, 5.999900000000002009, -1.941061151260603079 ) ) ;
#1246 = EDGE_CURVE ( 'NONE', #1666, #1853, #3840, .T. ) ;
#1247 = FILL_AREA_STYLE ('',( #2665 ) ) ;
#1248 = ORIENTED_EDGE ( 'NONE', *, *, #16, .F. ) ;
#1249 = CARTESIAN_POINT ( 'NONE',  ( 1.181887395167976917, 5.999899999999998457, -1.949014349443141114 ) ) ;
#1250 = PRESENTATION_LAYER_ASSIGNMENT (  '', '', ( #937 ) ) ;
#1251 = B_SPLINE_CURVE_WITH_KNOTS ( 'NONE', 3,
 ( #384, #2160, #3310, #1864, #1762, #1498, #338, #3236, #2959, #4415, #1138 ),
 .UNSPECIFIED., .F., .F.,
 ( 4, 1, 1, 1, 1, 1, 1, 1, 4 ),
 ( 0.000000000000000000, 0.2475841483258849618, 0.4361234509600940279, 0.5765471439970870637, 0.6891935206218198218, 0.7769127325059281830, 0.8506699786920552953, 0.9203469832125598105, 1.000000000000000000 ),
 .UNSPECIFIED. ) ;
#1252 = CARTESIAN_POINT ( 'NONE',  ( -2.665451921499553123, 5.999900000000000233, -2.819567424523458321 ) ) ;
#1253 = EDGE_CURVE ( 'NONE', #3567, #4646, #1707, .T. ) ;
#1254 = AXIS2_PLACEMENT_3D ( 'NONE', #3775, #1195, #1868 ) ;
#1255 = SURFACE_STYLE_USAGE ( .BOTH. , #4136 ) ;
#1256 = SURFACE_SIDE_STYLE ('',( #1303 ) ) ;
#1257 = CARTESIAN_POINT ( 'NONE',  ( -1.394999999999999352, 0.000000000000000000, -2.500000000000000000 ) ) ;
#1258 = VERTEX_POINT ( 'NONE', #2825 ) ;
#1259 = VECTOR ( 'NONE', #4193, 1000.000000000000000 ) ;
#1260 =( GEOMETRIC_REPRESENTATION_CONTEXT ( 3 ) GLOBAL_UNCERTAINTY_ASSIGNED_CONTEXT ( ( #2705 ) ) GLOBAL_UNIT_ASSIGNED_CONTEXT ( ( #602, #1377, #2121 ) ) REPRESENTATION_CONTEXT ( 'NONE', 'WORKASPACE' ) );
#1261 = VERTEX_POINT ( 'NONE', #2430 ) ;
#1262 = DIRECTION ( 'NONE',  ( -0.000000000000000000, -0.000000000000000000, 1.000000000000000000 ) ) ;
#1263 = CARTESIAN_POINT ( 'NONE',  ( 1.142930022522763656, 5.999900000000000233, -0.9572398443958084480 ) ) ;
#1264 =( LENGTH_UNIT ( ) NAMED_UNIT ( * ) SI_UNIT ( .MILLI., .METRE. ) );
#1265 = CARTESIAN_POINT ( 'NONE',  ( 1.178191632116386556, 6.000000000000000000, -1.736868767687038906 ) ) ;
#1266 = ORIENTED_EDGE ( 'NONE', *, *, #2657, .T. ) ;
#1267 = FILL_AREA_STYLE ('',( #1597 ) ) ;
#1268 = CARTESIAN_POINT ( 'NONE',  ( 3.355000000000000870, 6.000000000000000000, -3.454999999999999627 ) ) ;
#1269 = CARTESIAN_POINT ( 'NONE',  ( 2.642682354305278647, 6.000000000000000000, 1.514161919570959913 ) ) ;
#1270 = VECTOR ( 'NONE', #2667, 1000.000000000000000 ) ;
#1271 = AXIS2_PLACEMENT_3D ( 'NONE', #3126, #1740, #1696 ) ;
#1272 = DIRECTION ( 'NONE',  ( -0.8599778663242775290, 0.000000000000000000, 0.5103313329909725526 ) ) ;
#1273 = PLANE ( 'NONE',  #1099 ) ;
#1274 = UNCERTAINTY_MEASURE_WITH_UNIT (LENGTH_MEASURE( 1.000000000000000082E-05 ), #1470, 'distance_accuracy_value', 'NONE');
#1275 = CARTESIAN_POINT ( 'NONE',  ( 1.142720842757628974, 5.999899999999999345, 0.2554335172887596817 ) ) ;
#1276 = ORIENTED_EDGE ( 'NONE', *, *, #271, .T. ) ;
#1277 = STYLED_ITEM ( 'NONE', ( #1290 ), #3037 ) ;
#1278 = CARTESIAN_POINT ( 'NONE',  ( 1.148772520324219615, 6.000000000000001776, 0.5441857298222008144 ) ) ;
#1279 =( NAMED_UNIT ( * ) PLANE_ANGLE_UNIT ( ) SI_UNIT ( $, .RADIAN. ) );
#1280 = CARTESIAN_POINT ( 'NONE',  ( 2.602780714937743323, 5.999999999999999112, 0.5036759459540341988 ) ) ;
#1281 = LINE ( 'NONE', #3421, #2488 ) ;
#1282 = EDGE_CURVE ( 'NONE', #2886, #2744, #4260, .T. ) ;
#1283 = CARTESIAN_POINT ( 'NONE',  ( 1.143793079353702558, 6.000000000000000888, 1.562902114448176283 ) ) ;
#1284 = ORIENTED_EDGE ( 'NONE', *, *, #2218, .T. ) ;
#1285 = EDGE_CURVE ( 'NONE', #1931, #3792, #2071, .T. ) ;
#1286 = VERTEX_POINT ( 'NONE', #4594 ) ;
#1287 = CARTESIAN_POINT ( 'NONE',  ( 1.148772520324219615, 5.999900000000002009, -0.6911083878248586165 ) ) ;
#1288 = PRESENTATION_LAYER_ASSIGNMENT (  '', '', ( #3339 ) ) ;
#1289 = CARTESIAN_POINT ( 'NONE',  ( 2.571937412355976615, 6.000000000000001776, -0.8627156373303865866 ) ) ;
#1290 = PRESENTATION_STYLE_ASSIGNMENT (( #192 ) ) ;
#1291 = CARTESIAN_POINT ( 'NONE',  ( 1.142930022522763656, 6.000000000000000000, 0.2780542732512504278 ) ) ;
#1292 = CARTESIAN_POINT ( 'NONE',  ( 2.607189793881092399, 6.000000000000000888, 0.7302727764306083946 ) ) ;
#1293 = ORIENTED_EDGE ( 'NONE', *, *, #2019, .T. ) ;
#1294 =( LENGTH_UNIT ( ) NAMED_UNIT ( * ) SI_UNIT ( .MILLI., .METRE. ) );
#1295 = CARTESIAN_POINT ( 'NONE',  ( -1.193625920622085834, 5.999900000000000233, -0.9661574803149570734 ) ) ;
#1296 = FACE_OUTER_BOUND ( 'NONE', #1158, .T. ) ;
#1297 =( NAMED_UNIT ( * ) PLANE_ANGLE_UNIT ( ) SI_UNIT ( $, .RADIAN. ) );
#1298 = DIRECTION ( 'NONE',  ( -0.000000000000000000, 1.000000000000000000, -0.000000000000000000 ) ) ;
#1299 = EDGE_LOOP ( 'NONE', ( #611, #1108, #1209, #4072 ) ) ;
#1300 = CARTESIAN_POINT ( 'NONE',  ( -1.110830645031533503, 6.000000000000000000, -0.5935826771653525125 ) ) ;
#1301 = MECHANICAL_DESIGN_GEOMETRIC_PRESENTATION_REPRESENTATION (  '', ( #1993 ), #137 ) ;
#1302 =( LENGTH_UNIT ( ) NAMED_UNIT ( * ) SI_UNIT ( .MILLI., .METRE. ) );
#1303 = SURFACE_STYLE_FILL_AREA ( #585 ) ;
#1304 = CARTESIAN_POINT ( 'NONE',  ( 2.607189793881092399, 5.999900000000000233, 0.7302727764306083946 ) ) ;
#1305 = CARTESIAN_POINT ( 'NONE',  ( 1.181946779667099046, 6.000000000000000888, 1.603721534218398137 ) ) ;
#1306 = ORIENTED_EDGE ( 'NONE', *, *, #3089, .F. ) ;
#1307 = CARTESIAN_POINT ( 'NONE',  ( 1.144617761972859249, 5.999900000000000233, -0.6714010358648633270 ) ) ;
#1308 = CARTESIAN_POINT ( 'NONE',  ( 2.642690712998739588, 6.000000000000000000, 0.2894409749600200255 ) ) ;
#1309 = B_SPLINE_CURVE_WITH_KNOTS ( 'NONE', 3,
 ( #4153, #1275, #442, #3368, #93, #4489, #158, #873, #1225, #843, #2323 ),
 .UNSPECIFIED., .F., .F.,
 ( 4, 1, 1, 1, 1, 1, 1, 1, 4 ),
 ( 0.000000000000000000, 0.2339648385054098612, 0.4198783559695589140, 0.5659151998979449205, 0.6801214999993744348, 0.7723010949812569859, 0.8443163158709258154, 0.9185860088431486714, 1.000000000000000000 ),
 .UNSPECIFIED. ) ;
#1310 = LINE ( 'NONE', #833, #962 ) ;
#1311 = EDGE_CURVE ( 'NONE', #2651, #1188, #882, .T. ) ;
#1312 = CARTESIAN_POINT ( 'NONE',  ( 1.149025747743360082, 6.000000000000000000, -1.766056774136323115 ) ) ;
#1313 = EDGE_CURVE ( 'NONE', #1261, #4139, #514, .T. ) ;
#1314 = ORIENTED_EDGE ( 'NONE', *, *, #3024, .T. ) ;
#1315 = DIRECTION ( 'NONE',  ( -0.000000000000000000, 1.000000000000000000, -0.000000000000000000 ) ) ;
#1316 = CARTESIAN_POINT ( 'NONE',  ( 1.178191632116386556, 5.999900000000000233, 0.1426119308423729748 ) ) ;
#1317 = UNCERTAINTY_MEASURE_WITH_UNIT (LENGTH_MEASURE( 1.000000000000000082E-05 ), #2948, 'distance_accuracy_value', 'NONE');
#1318 = CARTESIAN_POINT ( 'NONE',  ( 0.4081181738661062708, 6.000000000000000000, 4.336808689942017736E-16 ) ) ;
#1319 = CARTESIAN_POINT ( 'NONE',  ( 2.640139079277641798, 5.999900000000002009, -1.922557528550401074 ) ) ;
#1320 = SURFACE_STYLE_FILL_AREA ( #924 ) ;
#1321 = UNCERTAINTY_MEASURE_WITH_UNIT (LENGTH_MEASURE( 1.000000000000000082E-05 ), #859, 'distance_accuracy_value', 'NONE');
#1322 = SURFACE_STYLE_FILL_AREA ( #2839 ) ;
#1323 = ORIENTED_EDGE ( 'NONE', *, *, #2333, .T. ) ;
#1324 = CARTESIAN_POINT ( 'NONE',  ( 1.876491264469327680, 6.000000000000000000, -0.3061472603340977816 ) ) ;
#1325 =( LENGTH_UNIT ( ) NAMED_UNIT ( * ) SI_UNIT ( .MILLI., .METRE. ) );
#1326 = MECHANICAL_DESIGN_GEOMETRIC_PRESENTATION_REPRESENTATION (  '', ( #4063 ), #2626 ) ;
#1327 = LINE ( 'NONE', #208, #4001 ) ;
#1328 = PRESENTATION_STYLE_ASSIGNMENT (( #4238 ) ) ;
#1329 = SURFACE_STYLE_FILL_AREA ( #3812 ) ;
#1330 = CARTESIAN_POINT ( 'NONE',  ( -2.943241815541270956, 5.999900000000000233, 2.819567424523459209 ) ) ;
#1331 = ORIENTED_EDGE ( 'NONE', *, *, #3195, .F. ) ;
#1332 = VECTOR ( 'NONE', #1552, 1000.000000000000000 ) ;
#1333 = CARTESIAN_POINT ( 'NONE',  ( 1.876491264469327680, 5.999900000000000233, -0.3061472603340976151 ) ) ;
#1334 = SURFACE_STYLE_FILL_AREA ( #3845 ) ;
#1335 = SURFACE_STYLE_FILL_AREA ( #3976 ) ;
#1336 = PRESENTATION_STYLE_ASSIGNMENT (( #2829 ) ) ;
#1337 = SURFACE_STYLE_FILL_AREA ( #1987 ) ;
#1338 = VECTOR ( 'NONE', #2507, 1000.000000000000000 ) ;
#1339 = ORIENTED_EDGE ( 'NONE', *, *, #4276, .F. ) ;
#1340 = VERTEX_POINT ( 'NONE', #2450 ) ;
#1341 = LINE ( 'NONE', #2391, #2636 ) ;
#1342 = VECTOR ( 'NONE', #803, 1000.000000000000114 ) ;
#1343 = DIRECTION ( 'NONE',  ( -0.4928590400114340464, 0.000000000000000000, -0.8701091694029018386 ) ) ;
#1344 = DIRECTION ( 'NONE',  ( 0.000000000000000000, -0.000000000000000000, -1.000000000000000000 ) ) ;
#1345 = ADVANCED_FACE ( 'NONE', ( #2031 ), #4014, .F. ) ;
#1346 = PRESENTATION_LAYER_ASSIGNMENT (  '', '', ( #1719 ) ) ;
#1347 = EDGE_CURVE ( 'NONE', #2062, #3573, #3615, .T. ) ;
#1348 = CARTESIAN_POINT ( 'NONE',  ( 2.641316205600277911, 6.000000000000001776, -1.000017597477753206 ) ) ;
#1349 = DIRECTION ( 'NONE',  ( 0.8589240550050705192, 0.000000000000000000, 0.5121029854762093603 ) ) ;
#1350 = VERTEX_POINT ( 'NONE', #629 ) ;
#1351 = CARTESIAN_POINT ( 'NONE',  ( 2.624753711275633616, 5.999900000000000233, 1.416323062675097111 ) ) ;
#1352 = CARTESIAN_POINT ( 'NONE',  ( 1.142825864974269523, 6.000000000000000888, -1.860830719295981650 ) ) ;
#1353 = VECTOR ( 'NONE', #2107, 1000.000000000000000 ) ;
#1354 = STYLED_ITEM ( 'NONE', ( #930 ), #1542 ) ;
#1355 = FILL_AREA_STYLE ('',( #2378 ) ) ;
#1356 = STYLED_ITEM ( 'NONE', ( #2927 ), #2936 ) ;
#1357 = DIRECTION ( 'NONE',  ( 0.5027042891722011131, 0.000000000000000000, 0.8644584418281031635 ) ) ;
#1358 = CARTESIAN_POINT ( 'NONE',  ( 1.142690712998739588, 6.000000000000000000, 1.501297592607079068 ) ) ;
#1359 = SURFACE_STYLE_FILL_AREA ( #2003 ) ;
#1360 = EDGE_LOOP ( 'NONE', ( #4067, #2716, #2759, #3552, #3579, #3306, #2538, #613, #1884, #1827, #4523 ) ) ;
#1361 =( NAMED_UNIT ( * ) PLANE_ANGLE_UNIT ( ) SI_UNIT ( $, .RADIAN. ) );
#1362 = CARTESIAN_POINT ( 'NONE',  ( 1.220930602704622059, 5.999900000000001121, 0.5382920779011968193 ) ) ;
#1363 = EDGE_LOOP ( 'NONE', ( #1276, #4048, #34, #782 ) ) ;
#1364 = EDGE_LOOP ( 'NONE', ( #4297, #3092, #2923, #3456 ) ) ;
#1365 = CARTESIAN_POINT ( 'NONE',  ( 0.3034685675668905014, 6.000000000000000000, -1.102125984251969282 ) ) ;
#1366 =( NAMED_UNIT ( * ) PLANE_ANGLE_UNIT ( ) SI_UNIT ( $, .RADIAN. ) );
#1367 =( LENGTH_UNIT ( ) NAMED_UNIT ( * ) SI_UNIT ( .MILLI., .METRE. ) );
#1368 =( LENGTH_UNIT ( ) NAMED_UNIT ( * ) SI_UNIT ( .MILLI., .METRE. ) );
#1369 =( GEOMETRIC_REPRESENTATION_CONTEXT ( 3 ) GLOBAL_UNCERTAINTY_ASSIGNED_CONTEXT ( ( #2049 ) ) GLOBAL_UNIT_ASSIGNED_CONTEXT ( ( #280, #256, #2500 ) ) REPRESENTATION_CONTEXT ( 'NONE', 'WORKASPACE' ) );
#1370 = CARTESIAN_POINT ( 'NONE',  ( 2.624753711275633172, 5.999999999999996447, -1.054265172619019975 ) ) ;
#1371 = ADVANCED_FACE ( 'NONE', ( #3248 ), #2946, .T. ) ;
#1372 = FILL_AREA_STYLE_COLOUR ( '', #2988 ) ;
#1373 = EDGE_LOOP ( 'NONE', ( #3163, #783, #1232, #1306, #3153, #2832, #2584, #927, #3209, #1862, #829, #4334, #3678, #1808, #541, #1908 ) ) ;
#1374 = SURFACE_STYLE_FILL_AREA ( #981 ) ;
#1375 = CARTESIAN_POINT ( 'NONE',  ( -0.8275196214094782121, 5.999900000000000233, 1.076720472440948484 ) ) ;
#1376 = CARTESIAN_POINT ( 'NONE',  ( 1.734142918881092399, 5.999900000000000233, -0.1806877015105681772 ) ) ;
#1377 =( NAMED_UNIT ( * ) PLANE_ANGLE_UNIT ( ) SI_UNIT ( $, .RADIAN. ) );
#1378 = DIRECTION ( 'NONE',  ( -0.000000000000000000, -0.000000000000000000, -1.000000000000000000 ) ) ;
#1379 = ORIENTED_EDGE ( 'NONE', *, *, #4252, .T. ) ;
#1380 = PRESENTATION_LAYER_ASSIGNMENT (  '', '', ( #3667 ) ) ;
#1381 = SURFACE_STYLE_USAGE ( .BOTH. , #2125 ) ;
#1382 = B_SPLINE_CURVE_WITH_KNOTS ( 'NONE', 3,
 ( #537, #141, #2429, #2742 ),
 .UNSPECIFIED., .F., .F.,
 ( 4, 4 ),
 ( 0.1818181818181818232, 0.2727272727272727071 ),
 .UNSPECIFIED. ) ;
#1383 = DIRECTION ( 'NONE',  ( -0.000000000000000000, 1.000000000000000000, -0.000000000000000000 ) ) ;
#1384 = SURFACE_SIDE_STYLE ('',( #564 ) ) ;
#1385 = ORIENTED_EDGE ( 'NONE', *, *, #438, .T. ) ;
#1386 = CARTESIAN_POINT ( 'NONE',  ( -2.665451921499553123, 6.000000000000000000, 2.819567424523459209 ) ) ;
#1387 = SURFACE_STYLE_FILL_AREA ( #270 ) ;
#1388 = FILL_AREA_STYLE ('',( #1721 ) ) ;
#1389 = PRESENTATION_LAYER_ASSIGNMENT (  '', '', ( #3907 ) ) ;
#1390 = CARTESIAN_POINT ( 'NONE',  ( 2.642690712998740032, 6.000000000000000888, -1.861294319157627442 ) ) ;
#1391 = FACE_OUTER_BOUND ( 'NONE', #2426, .T. ) ;
#1392 = ORIENTED_EDGE ( 'NONE', *, *, #4276, .T. ) ;
#1393 = DIRECTION ( 'NONE',  ( -0.000000000000000000, 1.000000000000000000, -0.000000000000000000 ) ) ;
#1394 = CARTESIAN_POINT ( 'NONE',  ( 2.602775380086246315, 5.999999999999997335, -0.8481828040335757102 ) ) ;
#1395 = CARTESIAN_POINT ( 'NONE',  ( 2.617887197584241044, 5.999900000000001121, -0.8472348019865251212 ) ) ;
#1396 =( NAMED_UNIT ( * ) SI_UNIT ( $, .STERADIAN. ) SOLID_ANGLE_UNIT ( ) );
#1397 = CARTESIAN_POINT ( 'NONE',  ( 2.640243940541739498, 5.999900000000001121, 0.3474100946828813652 ) ) ;
#1398 = EDGE_LOOP ( 'NONE', ( #206, #1467, #2066, #2414 ) ) ;
#1399 = VECTOR ( 'NONE', #2276, 1000.000000000000000 ) ;
#1400 = ADVANCED_FACE ( 'NONE', ( #1852 ), #654, .T. ) ;
#1401 =( NAMED_UNIT ( * ) PLANE_ANGLE_UNIT ( ) SI_UNIT ( $, .RADIAN. ) );
#1402 = CARTESIAN_POINT ( 'NONE',  ( 1.734142918881092399, 6.000000000000000000, -0.1806877015105681772 ) ) ;
#1403 = CARTESIAN_POINT ( 'NONE',  ( 2.639295963283396773, 5.999899999999999345, -1.785550615335146363 ) ) ;
#1404 = FILL_AREA_STYLE ('',( #4672 ) ) ;
#1405 = PRESENTATION_LAYER_ASSIGNMENT (  '', '', ( #617 ) ) ;
#1406 = EDGE_LOOP ( 'NONE', ( #4549, #768, #1477, #26 ) ) ;
#1407 = SURFACE_STYLE_FILL_AREA ( #1450 ) ;
#1408 = CARTESIAN_POINT ( 'NONE',  ( -2.943241815541270956, 6.000000000000000000, 2.819567424523459209 ) ) ;
#1409 = SURFACE_STYLE_FILL_AREA ( #3532 ) ;
#1410 =( GEOMETRIC_REPRESENTATION_CONTEXT ( 3 ) GLOBAL_UNCERTAINTY_ASSIGNED_CONTEXT ( ( #1165 ) ) GLOBAL_UNIT_ASSIGNED_CONTEXT ( ( #2007, #860, #4143 ) ) REPRESENTATION_CONTEXT ( 'NONE', 'WORKASPACE' ) );
#1411 = DIRECTION ( 'NONE',  ( -0.8599778663242776400, 0.000000000000000000, 0.5103313329909725526 ) ) ;
#1412 = STYLED_ITEM ( 'NONE', ( #1564 ), #649 ) ;
#1413 = CARTESIAN_POINT ( 'NONE',  ( 2.629964885561349330, 6.000000000000000000, -1.958995297265973878 ) ) ;
#1414 = CARTESIAN_POINT ( 'NONE',  ( 2.639295963283396329, 5.999999999999998224, 0.6850376199589710557 ) ) ;
#1415 = ORIENTED_EDGE ( 'NONE', *, *, #2851, .F. ) ;
#1416 = PRESENTATION_LAYER_ASSIGNMENT (  '', '', ( #2106 ) ) ;
#1417 = CARTESIAN_POINT ( 'NONE',  ( 1.734142918881092399, 5.999900000000000233, 1.054606416136490754 ) ) ;
#1418 = CARTESIAN_POINT ( 'NONE',  ( 2.610351767915529031, 6.000000000000001776, -0.5066395791305088325 ) ) ;
#1419 = DIRECTION ( 'NONE',  ( -1.255226827769035407E-16, 0.000000000000000000, -1.000000000000000000 ) ) ;
#1420 = CARTESIAN_POINT ( 'NONE',  ( 2.602780714937743323, 5.999900000000001121, -1.966912289340083886 ) ) ;
#1421 = FACE_OUTER_BOUND ( 'NONE', #1364, .T. ) ;
#1422 = PRESENTATION_LAYER_ASSIGNMENT (  '', '', ( #2045 ) ) ;
#1423 = VERTEX_POINT ( 'NONE', #423 ) ;
#1424 = B_SPLINE_SURFACE_WITH_KNOTS ( 'NONE', 3, 1, ( 
 ( #652, #2474 ),
 ( #1484, #3741 ),
 ( #1463, #2262 ),
 ( #3, #3267 ) ),
 .UNSPECIFIED., .F., .F., .F.,
 ( 4, 4 ),
 ( 2, 2 ),
 ( 0.3636363636363636465, 0.4545454545454545858 ),
 ( 0.000000000000000000, 1.000000000000000000 ),
 .UNSPECIFIED. ) ;
#1425 = VECTOR ( 'NONE', #2494, 1000.000000000000000 ) ;
#1426 = LINE ( 'NONE', #2454, #2012 ) ;
#1427 = ORIENTED_EDGE ( 'NONE', *, *, #2540, .F. ) ;
#1428 = FILL_AREA_STYLE_COLOUR ( '', #2173 ) ;
#1429 = EDGE_CURVE ( 'NONE', #2156, #325, #2327, .T. ) ;
#1430 = EDGE_LOOP ( 'NONE', ( #3376, #4261, #1427, #4265 ) ) ;
#1431 = B_SPLINE_CURVE_WITH_KNOTS ( 'NONE', 3,
 ( #1375, #4660, #2520, #1029 ),
 .UNSPECIFIED., .F., .F.,
 ( 4, 4 ),
 ( 0.09090909090909091161, 0.1818181818181818232 ),
 .UNSPECIFIED. ) ;
#1432 =( NAMED_UNIT ( * ) PLANE_ANGLE_UNIT ( ) SI_UNIT ( $, .RADIAN. ) );
#1433 = FILL_AREA_STYLE ('',( #4006 ) ) ;
#1434 = SURFACE_STYLE_USAGE ( .BOTH. , #1720 ) ;
#1435 = CARTESIAN_POINT ( 'NONE',  ( 1.181946779667098824, 5.999999999999999112, -0.8668667010757199476 ) ) ;
#1436 = FILL_AREA_STYLE ('',( #3240 ) ) ;
#1437 = EDGE_CURVE ( 'NONE', #4026, #1698, #1562, .T. ) ;
#1438 = ORIENTED_EDGE ( 'NONE', *, *, #2657, .F. ) ;
#1439 = CARTESIAN_POINT ( 'NONE',  ( 1.220930602704621837, 5.999900000000000233, 1.585052188195314349 ) ) ;
#1440 =( LENGTH_UNIT ( ) NAMED_UNIT ( * ) SI_UNIT ( .MILLI., .METRE. ) );
#1441 = PLANE ( 'NONE',  #3836 ) ;
#1442 = FACE_OUTER_BOUND ( 'NONE', #2606, .T. ) ;
#1443 = SURFACE_STYLE_FILL_AREA ( #3956 ) ;
#1444 = VERTEX_POINT ( 'NONE', #1177 ) ;
#1445 = SURFACE_STYLE_FILL_AREA ( #374 ) ;
#1446 = ORIENTED_EDGE ( 'NONE', *, *, #2658, .F. ) ;
#1447 = LINE ( 'NONE', #3961, #1338 ) ;
#1448 = CARTESIAN_POINT ( 'NONE',  ( 0.7799370715039031232, 5.999900000000000233, -0.02874015748031673659 ) ) ;
#1449 = ADVANCED_FACE ( 'NONE', ( #1928 ), #2644, .T. ) ;
#1450 = FILL_AREA_STYLE ('',( #4364 ) ) ;
#1451 = EDGE_CURVE ( 'NONE', #3068, #1103, #4403, .T. ) ;
#1452 = DIRECTION ( 'NONE',  ( 0.000000000000000000, 0.000000000000000000, 1.000000000000000000 ) ) ;
#1453 = STYLED_ITEM ( 'NONE', ( #149 ), #3645 ) ;
#1454 = CARTESIAN_POINT ( 'NONE',  ( 1.169901077095653052, 5.999900000000000233, 1.384694906222209809 ) ) ;
#1455 = CARTESIAN_POINT ( 'NONE',  ( 1.200042968348131067, 5.999999999999999112, -0.8744894223549298795 ) ) ;
#1456 = VECTOR ( 'NONE', #4105, 1000.000000000000000 ) ;
#1457 = CARTESIAN_POINT ( 'NONE',  ( -1.911310959992163383, 6.000000000000000000, -0.7001102362204623120 ) ) ;
#1458 = LINE ( 'NONE', #3660, #3516 ) ;
#1459 = VERTEX_POINT ( 'NONE', #775 ) ;
#1460 = CARTESIAN_POINT ( 'NONE',  ( 2.642690712998740032, 5.999900000000000233, -0.9458531426870390169 ) ) ;
#1461 = STYLED_ITEM ( 'NONE', ( #1104 ), #3176 ) ;
#1462 = EDGE_CURVE ( 'NONE', #2431, #2270, #2962, .T. ) ;
#1463 = CARTESIAN_POINT ( 'NONE',  ( -1.193625920622085834, 5.999900000000000233, -0.9661574803149570734 ) ) ;
#1464 = CARTESIAN_POINT ( 'NONE',  ( -0.2367637158976684808, 5.999900000000000233, 0.8929055118110230671 ) ) ;
#1465 = ORIENTED_EDGE ( 'NONE', *, *, #4412, .T. ) ;
#1466 = FILL_AREA_STYLE ('',( #2895 ) ) ;
#1467 = ORIENTED_EDGE ( 'NONE', *, *, #3024, .F. ) ;
#1468 = CARTESIAN_POINT ( 'NONE',  ( 2.602780714937743323, 5.999999999999999112, 0.5036759459540341988 ) ) ;
#1469 = CARTESIAN_POINT ( 'NONE',  ( 1.146505634764221959, 5.999899999999997569, 0.1908954665073277213 ) ) ;
#1470 =( LENGTH_UNIT ( ) NAMED_UNIT ( * ) SI_UNIT ( .MILLI., .METRE. ) );
#1471 =( GEOMETRIC_REPRESENTATION_CONTEXT ( 3 ) GLOBAL_UNCERTAINTY_ASSIGNED_CONTEXT ( ( #1317 ) ) GLOBAL_UNIT_ASSIGNED_CONTEXT ( ( #2948, #4095, #4519 ) ) REPRESENTATION_CONTEXT ( 'NONE', 'WORKASPACE' ) );
#1472 = ORIENTED_EDGE ( 'NONE', *, *, #4135, .F. ) ;
#1473 = LINE ( 'NONE', #2556, #692 ) ;
#1474 =( NAMED_UNIT ( * ) PLANE_ANGLE_UNIT ( ) SI_UNIT ( $, .RADIAN. ) );
#1475 = STYLED_ITEM ( 'NONE', ( #2487 ), #1660 ) ;
#1476 = SURFACE_STYLE_USAGE ( .BOTH. , #3965 ) ;
#1477 = ORIENTED_EDGE ( 'NONE', *, *, #1311, .F. ) ;
#1478 = LINE ( 'NONE', #68, #2549 ) ;
#1479 = EDGE_CURVE ( 'NONE', #970, #59, #2688, .T. ) ;
#1480 = VECTOR ( 'NONE', #2783, 1000.000000000000114 ) ;
#1481 = CARTESIAN_POINT ( 'NONE',  ( 2.607189793881092399, 5.999900000000000233, -1.740315458863509468 ) ) ;
#1482 = CARTESIAN_POINT ( 'NONE',  ( 2.636771313881897338, 6.000000000000001776, 1.602336668878354686 ) ) ;
#1483 = VECTOR ( 'NONE', #2618, 1000.000000000000000 ) ;
#1484 = CARTESIAN_POINT ( 'NONE',  ( -0.8944881253464941340, 5.999900000000000233, -0.8987480314960591965 ) ) ;
#1485 = SURFACE_STYLE_USAGE ( .BOTH. , #3295 ) ;
#1486 = ORIENTED_EDGE ( 'NONE', *, *, #2019, .F. ) ;
#1487 = COLOUR_RGB ( '',1.000000000000000000, 1.000000000000000000, 1.000000000000000000 ) ;
#1488 =( NAMED_UNIT ( * ) SI_UNIT ( $, .STERADIAN. ) SOLID_ANGLE_UNIT ( ) );
#1489 = FACE_OUTER_BOUND ( 'NONE', #1567, .T. ) ;
#1490 = ORIENTED_EDGE ( 'NONE', *, *, #1715, .F. ) ;
#1491 = STYLED_ITEM ( 'NONE', ( #119 ), #1449 ) ;
#1492 = ORIENTED_EDGE ( 'NONE', *, *, #3684, .F. ) ;
#1493 = ORIENTED_EDGE ( 'NONE', *, *, #3343, .F. ) ;
#1494 = CARTESIAN_POINT ( 'NONE',  ( -2.943241815541270956, 6.000000000000000000, -2.819567424523458321 ) ) ;
#1495 = CARTESIAN_POINT ( 'NONE',  ( 2.642646007643794981, 5.999900000000000233, -0.6379568434597616688 ) ) ;
#1496 = B_SPLINE_SURFACE_WITH_KNOTS ( 'NONE', 3, 1, ( 
 ( #2505, #1857 ),
 ( #57, #1809 ),
 ( #2950, #6 ),
 ( #405, #1468 ),
 ( #3699, #703 ),
 ( #354, #2875 ),
 ( #2551, #1885 ),
 ( #330, #1155 ),
 ( #376, #2920 ),
 ( #1057, #753 ),
 ( #77, #2221 ) ),
 .UNSPECIFIED., .F., .F., .F.,
 ( 4, 1, 1, 1, 1, 1, 1, 1, 4 ),
 ( 2, 2 ),
 ( 0.000000000000000000, 0.1506145446497699492, 0.2596734740599798696, 0.3388177727155972097, 0.4102835628096070941, 0.5019338459622260107, 0.6260648387140314020, 0.7889788725463112717, 1.000000000000000000 ),
 ( 0.000000000000000000, 1.000000000000000000 ),
 .UNSPECIFIED. ) ;
#1497 = CARTESIAN_POINT ( 'NONE',  ( 2.607189793881092399, 5.999900000000000233, -0.5050213412164505922 ) ) ;
#1498 = CARTESIAN_POINT ( 'NONE',  ( 2.635047234864875687, 5.999900000000002009, -0.5356193963078226261 ) ) ;
#1499 = CARTESIAN_POINT ( 'NONE',  ( 0.000000000000000000, -0.1000000000000000056, 0.000000000000000000 ) ) ;
#1500 = UNCERTAINTY_MEASURE_WITH_UNIT (LENGTH_MEASURE( 1.000000000000000082E-05 ), #1833, 'distance_accuracy_value', 'NONE');
#1501 = VECTOR ( 'NONE', #432, 1000.000000000000114 ) ;
#1502 = ORIENTED_EDGE ( 'NONE', *, *, #265, .T. ) ;
#1503 = CARTESIAN_POINT ( 'NONE',  ( 1.154538716452736091, 6.000000000000000000, -1.755906955505793121 ) ) ;
#1504 = EDGE_CURVE ( 'NONE', #3950, #3178, #845, .T. ) ;
#1505 = VECTOR ( 'NONE', #207, 1000.000000000000000 ) ;
#1506 = CARTESIAN_POINT ( 'NONE',  ( 1.154027076143226971, 5.999999999999999112, 0.1633265355979788003 ) ) ;
#1507 = UNCERTAINTY_MEASURE_WITH_UNIT (LENGTH_MEASURE( 1.000000000000000082E-05 ), #4567, 'distance_accuracy_value', 'NONE');
#1508 = CARTESIAN_POINT ( 'NONE',  ( 1.143897626635291154, 5.999900000000001121, -0.5627141032411921984 ) ) ;
#1509 = CARTESIAN_POINT ( 'NONE',  ( 1.143951580070068808, 5.999900000000001121, -1.024394971984033509 ) ) ;
#1510 = CARTESIAN_POINT ( 'NONE',  ( -0.1988070229842903158, 6.000000000000000000, -1.102125984251967505 ) ) ;
#1511 = PRESENTATION_LAYER_ASSIGNMENT (  '', '', ( #3261 ) ) ;
#1512 = CARTESIAN_POINT ( 'NONE',  ( 1.881316632116386556, 5.999900000000000233, 1.193163401430608506 ) ) ;
#1513 = DIRECTION ( 'NONE',  ( -0.000000000000000000, 0.000000000000000000, 1.000000000000000000 ) ) ;
#1514 = EDGE_LOOP ( 'NONE', ( #3661, #3903, #2650, #1766 ) ) ;
#1515 =( NAMED_UNIT ( * ) SI_UNIT ( $, .STERADIAN. ) SOLID_ANGLE_UNIT ( ) );
#1516 = FILL_AREA_STYLE ('',( #4428 ) ) ;
#1517 = VERTEX_POINT ( 'NONE', #2943 ) ;
#1518 = EDGE_LOOP ( 'NONE', ( #2864, #357, #4099, #174 ) ) ;
#1519 = ORIENTED_EDGE ( 'NONE', *, *, #1437, .T. ) ;
#1520 = ADVANCED_FACE ( 'NONE', ( #1998 ), #3975, .F. ) ;
#1521 = FACE_OUTER_BOUND ( 'NONE', #3624, .T. ) ;
#1522 = CARTESIAN_POINT ( 'NONE',  ( 2.635350662869938354, 5.999900000000000233, -0.7104140660571425236 ) ) ;
#1523 = CARTESIAN_POINT ( 'NONE',  ( 2.015737587998739588, 5.999900000000000233, -1.405297076510568344 ) ) ;
#1524 = CARTESIAN_POINT ( 'NONE',  ( 2.642684319598296749, 6.000000000000000000, 0.6203276250500228128 ) ) ;
#1525 = COLOUR_RGB ( '',1.000000000000000000, 1.000000000000000000, 1.000000000000000000 ) ;
#1526 = SURFACE_STYLE_USAGE ( .BOTH. , #793 ) ;
#1527 = CARTESIAN_POINT ( 'NONE',  ( -2.644999999999999130, 0.000000000000000000, -2.500000000000000000 ) ) ;
#1528 = CARTESIAN_POINT ( 'NONE',  ( 1.142690712998739588, 5.999900000000000233, 0.2660034749600200255 ) ) ;
#1529 = VECTOR ( 'NONE', #1272, 1000.000000000000114 ) ;
#1530 = CARTESIAN_POINT ( 'NONE',  ( 2.564450823292857340, 5.999900000000000233, 0.3683702029011965418 ) ) ;
#1531 = FILL_AREA_STYLE ('',( #459 ) ) ;
#1532 = CARTESIAN_POINT ( 'NONE',  ( 1.142722440240110604, 5.999900000000001121, -0.6045180104728291592 ) ) ;
#1533 = CARTESIAN_POINT ( 'NONE',  ( 2.642636186262780740, 5.999899999999999345, 0.3008206626235513381 ) ) ;
#1534 = CARTESIAN_POINT ( 'NONE',  ( 2.616607625011923233, 6.000000000000000000, 0.1741478421235338192 ) ) ;
#1535 = PRESENTATION_LAYER_ASSIGNMENT (  '', '', ( #921 ) ) ;
#1536 = CARTESIAN_POINT ( 'NONE',  ( 2.642682354305278203, 5.999900000000000233, -0.9564263157231580603 ) ) ;
#1537 =( LENGTH_UNIT ( ) NAMED_UNIT ( * ) SI_UNIT ( .MILLI., .METRE. ) );
#1538 = ORIENTED_EDGE ( 'NONE', *, *, #763, .F. ) ;
#1539 = SURFACE_STYLE_USAGE ( .BOTH. , #1182 ) ;
#1540 = CARTESIAN_POINT ( 'NONE',  ( 1.142930022522763656, 5.999900000000000233, 0.2780542732512504278 ) ) ;
#1541 = ORIENTED_EDGE ( 'NONE', *, *, #1595, .T. ) ;
#1542 = ADVANCED_FACE ( 'NONE', ( #3537 ), #2533, .T. ) ;
#1543 = ORIENTED_EDGE ( 'NONE', *, *, #3826, .T. ) ;
#1544 = CARTESIAN_POINT ( 'NONE',  ( 2.607189793881092399, 5.999900000000000233, 0.1684621146659023849 ) ) ;
#1545 = CARTESIAN_POINT ( 'NONE',  ( -0.8321574166850701504, 5.999900000000000233, 0.6509448818897678457 ) ) ;
#1546 = CARTESIAN_POINT ( 'NONE',  ( 1.220930602704621837, 5.999900000000000233, -0.6970020397458623895 ) ) ;
#1547 =( LENGTH_UNIT ( ) NAMED_UNIT ( * ) SI_UNIT ( .MILLI., .METRE. ) );
#1548 = PRESENTATION_LAYER_ASSIGNMENT (  '', '', ( #2841 ) ) ;
#1549 =( LENGTH_UNIT ( ) NAMED_UNIT ( * ) SI_UNIT ( .MILLI., .METRE. ) );
#1550 = UNCERTAINTY_MEASURE_WITH_UNIT (LENGTH_MEASURE( 1.000000000000000082E-05 ), #3099, 'distance_accuracy_value', 'NONE');
#1551 = COLOUR_RGB ( '',1.000000000000000000, 1.000000000000000000, 1.000000000000000000 ) ;
#1552 = DIRECTION ( 'NONE',  ( 1.000000000000000000, -0.000000000000000000, -0.000000000000000000 ) ) ;
#1553 = CARTESIAN_POINT ( 'NONE',  ( 2.630254047037110965, 5.999999999999999112, 0.7109544711102691039 ) ) ;
#1554 = CARTESIAN_POINT ( 'NONE',  ( 1.154538716452736091, 5.999900000000000233, -1.755906955505793121 ) ) ;
#1555 = AXIS2_PLACEMENT_3D ( 'NONE', #4680, #2863, #4505 ) ;
#1556 = CARTESIAN_POINT ( 'NONE',  ( 2.616607625011923233, 6.000000000000002665, -1.061146275523525695 ) ) ;
#1557 = CARTESIAN_POINT ( 'NONE',  ( 2.639295963283396773, 5.999899999999999345, -1.785550615335146363 ) ) ;
#1558 = UNCERTAINTY_MEASURE_WITH_UNIT (LENGTH_MEASURE( 1.000000000000000082E-05 ), #4440, 'distance_accuracy_value', 'NONE');
#1559 = LINE ( 'NONE', #4468, #3208 ) ;
#1560 = CARTESIAN_POINT ( 'NONE',  ( 2.617887197584240599, 5.999899999999999345, 0.3880593156605338656 ) ) ;
#1561 = VECTOR ( 'NONE', #1262, 1000.000000000000000 ) ;
#1562 = LINE ( 'NONE', #1510, #4623 ) ;
#1563 = STYLED_ITEM ( 'NONE', ( #2349 ), #741 ) ;
#1564 = PRESENTATION_STYLE_ASSIGNMENT (( #750 ) ) ;
#1565 = SURFACE_STYLE_USAGE ( .BOTH. , #3744 ) ;
#1566 = VECTOR ( 'NONE', #147, 1000.000000000000000 ) ;
#1567 = EDGE_LOOP ( 'NONE', ( #965, #1058, #4579, #2332 ) ) ;
#1568 = ORIENTED_EDGE ( 'NONE', *, *, #3986, .F. ) ;
#1569 = ADVANCED_FACE ( 'NONE', ( #4325 ), #3179, .T. ) ;
#1570 = CARTESIAN_POINT ( 'NONE',  ( 1.200201249945043180, 5.999900000000002009, 0.5276070251643458775 ) ) ;
#1571 = CARTESIAN_POINT ( 'NONE',  ( -1.763090487551214780, 5.999900000000000233, -0.04034645669290454206 ) ) ;
#1572 = CARTESIAN_POINT ( 'NONE',  ( -2.943241815541270956, 5.999900000000000233, 2.819567424523459209 ) ) ;
#1573 = CARTESIAN_POINT ( 'NONE',  ( 1.142690712998739588, 5.999900000000000233, -0.6146261206282154221 ) ) ;
#1574 = DIRECTION ( 'NONE',  ( 0.000000000000000000, -1.792930475019355932E-12, 1.000000000000000000 ) ) ;
#1575 = CARTESIAN_POINT ( 'NONE',  ( 2.635047234864875687, 6.000000000000002665, 0.6996747213392368048 ) ) ;
#1576 =( GEOMETRIC_REPRESENTATION_CONTEXT ( 3 ) GLOBAL_UNCERTAINTY_ASSIGNED_CONTEXT ( ( #2572 ) ) GLOBAL_UNIT_ASSIGNED_CONTEXT ( ( #3882, #3470, #1681 ) ) REPRESENTATION_CONTEXT ( 'NONE', 'WORKASPACE' ) );
#1577 = DIRECTION ( 'NONE',  ( -0.8599778663242776400, 0.000000000000000000, 0.5103313329909725526 ) ) ;
#1578 = MECHANICAL_DESIGN_GEOMETRIC_PRESENTATION_REPRESENTATION (  '', ( #1356 ), #264 ) ;
#1579 = LINE ( 'NONE', #131, #1841 ) ;
#1580 = CARTESIAN_POINT ( 'NONE',  ( 1.142722440240110604, 5.999900000000001121, -1.839812128119887813 ) ) ;
#1581 = CARTESIAN_POINT ( 'NONE',  ( 2.616607625011923233, 5.999900000000002009, -1.061146275523525695 ) ) ;
#1582 =( LENGTH_UNIT ( ) NAMED_UNIT ( * ) SI_UNIT ( .MILLI., .METRE. ) );
#1583 = PRESENTATION_STYLE_ASSIGNMENT (( #2778 ) ) ;
#1584 = B_SPLINE_CURVE_WITH_KNOTS ( 'NONE', 3,
 ( #1588, #826, #664, #4344, #3285, #2883, #2904, #4367, #15, #2713, #4162 ),
 .UNSPECIFIED., .F., .F.,
 ( 4, 1, 1, 1, 1, 1, 1, 1, 4 ),
 ( 0.000000000000000000, 0.1506145446497699492, 0.2596734740599798696, 0.3388177727155972097, 0.4102835628096070941, 0.5019338459622260107, 0.6260648387140314020, 0.7889788725463112717, 1.000000000000000000 ),
 .UNSPECIFIED. ) ;
#1585 =( NAMED_UNIT ( * ) PLANE_ANGLE_UNIT ( ) SI_UNIT ( $, .RADIAN. ) );
#1586 = CARTESIAN_POINT ( 'NONE',  ( 2.644999999999999130, -0.1000000000000000056, -2.500000000000000444 ) ) ;
#1587 = VECTOR ( 'NONE', #2324, 1000.000000000000000 ) ;
#1588 = CARTESIAN_POINT ( 'NONE',  ( 2.564450823292857340, 6.000000000000000000, -0.7135461573929211543 ) ) ;
#1589 =( NAMED_UNIT ( * ) PLANE_ANGLE_UNIT ( ) SI_UNIT ( $, .RADIAN. ) );
#1590 = EDGE_LOOP ( 'NONE', ( #1127, #1888, #45, #4455 ) ) ;
#1591 =( NAMED_UNIT ( * ) SI_UNIT ( $, .STERADIAN. ) SOLID_ANGLE_UNIT ( ) );
#1592 = CARTESIAN_POINT ( 'NONE',  ( 1.154045461959794405, 5.999900000000000233, -0.8724682229854747728 ) ) ;
#1593 = CARTESIAN_POINT ( 'NONE',  ( -1.394999999999999352, -0.1000000000000000056, -2.500000000000000000 ) ) ;
#1594 = ADVANCED_FACE ( 'NONE', ( #4635 ), #336, .T. ) ;
#1595 = EDGE_CURVE ( 'NONE', #3553, #2431, #3342, .T. ) ;
#1596 = CARTESIAN_POINT ( 'NONE',  ( -0.1988070229842903158, 6.000000000000000000, -1.102125984251967505 ) ) ;
#1597 = FILL_AREA_STYLE_COLOUR ( '', #3270 ) ;
#1598 = FACE_OUTER_BOUND ( 'NONE', #1398, .T. ) ;
#1599 = UNCERTAINTY_MEASURE_WITH_UNIT (LENGTH_MEASURE( 1.000000000000000082E-05 ), #4310, 'distance_accuracy_value', 'NONE');
#1600 = FACE_OUTER_BOUND ( 'NONE', #3974, .T. ) ;
#1601 = EDGE_CURVE ( 'NONE', #1233, #3567, #3689, .T. ) ;
#1602 = CARTESIAN_POINT ( 'NONE',  ( -2.665451921499553123, 5.999900000000000233, -2.819567424523458321 ) ) ;
#1603 = FACE_OUTER_BOUND ( 'NONE', #781, .T. ) ;
#1604 = SURFACE_SIDE_STYLE ('',( #2372 ) ) ;
#1605 = B_SPLINE_CURVE_WITH_KNOTS ( 'NONE', 3,
 ( #1308, #2358, #3095, #171, #2787, #589, #497, #4551, #1618, #4499, #887 ),
 .UNSPECIFIED., .F., .F.,
 ( 4, 1, 1, 1, 1, 1, 1, 1, 4 ),
 ( 0.000000000000000000, 0.2090174448045497568, 0.3701215845098707047, 0.4868884033316095428, 0.5748632755078623147, 0.6458207185090945046, 0.7281441267704360509, 0.8423061535616729323, 1.000000000000000000 ),
 .UNSPECIFIED. ) ;
#1606 = MECHANICAL_DESIGN_GEOMETRIC_PRESENTATION_REPRESENTATION (  '', ( #1836 ), #4651 ) ;
#1607 = DIRECTION ( 'NONE',  ( 0.000000000000000000, 0.000000000000000000, -1.000000000000000000 ) ) ;
#1608 = VECTOR ( 'NONE', #1650, 1000.000000000000000 ) ;
#1609 = DIRECTION ( 'NONE',  ( -0.000000000000000000, 1.000000000000000000, -0.000000000000000000 ) ) ;
#1610 = DIRECTION ( 'NONE',  ( 0.000000000000000000, 0.000000000000000000, -1.000000000000000000 ) ) ;
#1611 = B_SPLINE_CURVE_WITH_KNOTS ( 'NONE', 3,
 ( #1545, #3749, #1571, #3403 ),
 .UNSPECIFIED., .F., .F.,
 ( 4, 4 ),
 ( 0.6363636363636364646, 0.7272727272727274039 ),
 .UNSPECIFIED. ) ;
#1612 =( NAMED_UNIT ( * ) SI_UNIT ( $, .STERADIAN. ) SOLID_ANGLE_UNIT ( ) );
#1613 = DIRECTION ( 'NONE',  ( 0.8679317172888709742, 0.000000000000000000, 0.4966835351851230929 ) ) ;
#1614 = ORIENTED_EDGE ( 'NONE', *, *, #1595, .F. ) ;
#1615 = ORIENTED_EDGE ( 'NONE', *, *, #4541, .F. ) ;
#1616 = COLOUR_RGB ( '',1.000000000000000000, 1.000000000000000000, 1.000000000000000000 ) ;
#1617 = CARTESIAN_POINT ( 'NONE',  ( 1.213334361882071777, 5.999900000000001121, -0.7009175616018576971 ) ) ;
#1618 = CARTESIAN_POINT ( 'NONE',  ( 2.584843896998424650, 6.000000000000000888, 0.3798333286028665601 ) ) ;
#1619 = FILL_AREA_STYLE_COLOUR ( '', #3779 ) ;
#1620 = CARTESIAN_POINT ( 'NONE',  ( 1.143897626635291154, 6.000000000000000888, -1.798008220888251518 ) ) ;
#1621 = CARTESIAN_POINT ( 'NONE',  ( 1.178191632116386556, 5.999900000000000233, -0.5015746500399800301 ) ) ;
#1622 = CARTESIAN_POINT ( 'NONE',  ( 1.876491264469327680, 6.000000000000000000, -0.3061472603340976151 ) ) ;
#1623 = EDGE_CURVE ( 'NONE', #329, #4695, #4419, .T. ) ;
#1624 = CARTESIAN_POINT ( 'NONE',  ( 2.629964885561349330, 5.999900000000000233, -1.958995297265973878 ) ) ;
#1625 = MECHANICAL_DESIGN_GEOMETRIC_PRESENTATION_REPRESENTATION (  '', ( #1859 ), #1846 ) ;
#1626 = MECHANICAL_DESIGN_GEOMETRIC_PRESENTATION_REPRESENTATION (  '', ( #766 ), #1940 ) ;
#1627 = PRESENTATION_STYLE_ASSIGNMENT (( #4060 ) ) ;
#1628 = EDGE_CURVE ( 'NONE', #2945, #4362, #3366, .T. ) ;
#1629 = CARTESIAN_POINT ( 'NONE',  ( 1.148772520324219615, 5.999900000000001121, -1.926402505471917603 ) ) ;
#1630 = CARTESIAN_POINT ( 'NONE',  ( 3.355000000000000870, 6.000000000000000000, -3.454999999999999627 ) ) ;
#1631 = ORIENTED_EDGE ( 'NONE', *, *, #898, .T. ) ;
#1632 = ADVANCED_FACE ( 'NONE', ( #3736 ), #2232, .T. ) ;
#1633 = SURFACE_STYLE_USAGE ( .BOTH. , #958 ) ;
#1634 = CARTESIAN_POINT ( 'NONE',  ( 1.200201249945042958, 6.000000000000000000, -1.942981210129772762 ) ) ;
#1635 = CARTESIAN_POINT ( 'NONE',  ( 1.142930022522763656, 6.000000000000000000, 0.2780542732512504278 ) ) ;
#1636 = VECTOR ( 'NONE', #1961, 1000.000000000000000 ) ;
#1637 = CARTESIAN_POINT ( 'NONE',  ( 2.629964885561349330, 5.999999999999999112, 0.5115929380281439842 ) ) ;
#1638 = CARTESIAN_POINT ( 'NONE',  ( 2.584843896998425095, 5.999900000000002009, 1.615127446249926102 ) ) ;
#1639 = ORIENTED_EDGE ( 'NONE', *, *, #2817, .T. ) ;
#1640 = ORIENTED_EDGE ( 'NONE', *, *, #1095, .F. ) ;
#1641 = DIRECTION ( 'NONE',  ( -1.000000000000000000, 0.000000000000000000, 0.000000000000000000 ) ) ;
#1642 = CARTESIAN_POINT ( 'NONE',  ( -1.394999999999999352, 0.000000000000000000, 2.500000000000000000 ) ) ;
#1643 = CARTESIAN_POINT ( 'NONE',  ( -1.110830645031533503, 5.999900000000000233, -0.5935826771653525125 ) ) ;
#1644 = CARTESIAN_POINT ( 'NONE',  ( 0.7799370715039031232, 6.000000000000000000, -0.02874015748031673659 ) ) ;
#1645 = DIRECTION ( 'NONE',  ( -0.000000000000000000, 1.000000000000000000, -0.000000000000000000 ) ) ;
#1646 = STYLED_ITEM ( 'NONE', ( #3601 ), #1008 ) ;
#1647 = EDGE_LOOP ( 'NONE', ( #2103, #2806, #1119, #2935 ) ) ;
#1648 = CARTESIAN_POINT ( 'NONE',  ( 1.881316632116386556, 5.999900000000000233, -0.04213071621645054360 ) ) ;
#1649 = CARTESIAN_POINT ( 'NONE',  ( 1.161530783382918042, 6.000000000000000888, 0.1553855017634269697 ) ) ;
#1650 = DIRECTION ( 'NONE',  ( -0.000000000000000000, 1.000000000000000000, -0.000000000000000000 ) ) ;
#1651 = SURFACE_STYLE_USAGE ( .BOTH. , #4561 ) ;
#1652 = STYLED_ITEM ( 'NONE', ( #2514 ), #2862 ) ;
#1653 = CARTESIAN_POINT ( 'NONE',  ( -0.8321574166850701504, 5.999900000000000233, 0.6509448818897678457 ) ) ;
#1654 =( NAMED_UNIT ( * ) SI_UNIT ( $, .STERADIAN. ) SOLID_ANGLE_UNIT ( ) );
#1655 = DIRECTION ( 'NONE',  ( -0.4928590400114339354, 0.000000000000000000, -0.8701091694029019497 ) ) ;
#1656 = VERTEX_POINT ( 'NONE', #1528 ) ;
#1657 = DIRECTION ( 'NONE',  ( -1.000000000000000000, 0.000000000000000000, -0.000000000000000000 ) ) ;
#1658 = EDGE_CURVE ( 'NONE', #2095, #30, #1478, .T. ) ;
#1659 = EDGE_CURVE ( 'NONE', #4165, #4370, #212, .T. ) ;
#1660 = ADVANCED_FACE ( 'NONE', ( #2774 ), #2196, .T. ) ;
#1661 =( LENGTH_UNIT ( ) NAMED_UNIT ( * ) SI_UNIT ( .MILLI., .METRE. ) );
#1662 = PRESENTATION_STYLE_ASSIGNMENT (( #490 ) ) ;
#1663 = CARTESIAN_POINT ( 'NONE',  ( 2.642646007643794981, 6.000000000000000000, 0.5973372741872973180 ) ) ;
#1664 = CARTESIAN_POINT ( 'NONE',  ( 1.169901077095653052, 6.000000000000000000, 1.384694906222209809 ) ) ;
#1665 = CARTESIAN_POINT ( 'NONE',  ( 1.734142918881092399, 5.999900000000000233, -0.1806877015105681772 ) ) ;
#1666 = VERTEX_POINT ( 'NONE', #3104 ) ;
#1667 = VERTEX_POINT ( 'NONE', #3572 ) ;
#1668 = CARTESIAN_POINT ( 'NONE',  ( 1.143068033057007771, 5.999900000000000233, 0.5902078922491580393 ) ) ;
#1669 = MECHANICAL_DESIGN_GEOMETRIC_PRESENTATION_REPRESENTATION (  '', ( #2661 ), #2807 ) ;
#1670 = CARTESIAN_POINT ( 'NONE',  ( -0.1988070229842903158, 5.999900000000000233, -1.102125984251967505 ) ) ;
#1671 = CARTESIAN_POINT ( 'NONE',  ( 1.181946779667099268, 6.000000000000001776, 0.3684274165713390947 ) ) ;
#1672 = CARTESIAN_POINT ( 'NONE',  ( 2.642690712998739588, 5.999900000000000233, -0.9458531426870389058 ) ) ;
#1673 =( GEOMETRIC_REPRESENTATION_CONTEXT ( 3 ) GLOBAL_UNCERTAINTY_ASSIGNED_CONTEXT ( ( #4467 ) ) GLOBAL_UNIT_ASSIGNED_CONTEXT ( ( #2286, #2208, #2305 ) ) REPRESENTATION_CONTEXT ( 'NONE', 'WORKASPACE' ) );
#1674 = VERTEX_POINT ( 'NONE', #132 ) ;
#1675 = B_SPLINE_CURVE_WITH_KNOTS ( 'NONE', 3,
 ( #554, #3151, #3488, #2465 ),
 .UNSPECIFIED., .F., .F.,
 ( 4, 4 ),
 ( 0.8181818181818183433, 0.9090909090909092827 ),
 .UNSPECIFIED. ) ;
#1676 = B_SPLINE_CURVE_WITH_KNOTS ( 'NONE', 3,
 ( #3658, #4705, #1455, #1435, #1042, #1063, #2669, #1206, #340, #715, #4112 ),
 .UNSPECIFIED., .F., .F.,
 ( 4, 1, 1, 1, 1, 1, 1, 1, 4 ),
 ( 0.000000000000000000, 0.1528910399261251551, 0.2655498866055909790, 0.3469726293230769865, 0.4171409348174466292, 0.5027291515886447293, 0.6212628926146344099, 0.7862933040589770162, 1.000000000000000000 ),
 .UNSPECIFIED. ) ;
#1677 = CARTESIAN_POINT ( 'NONE',  ( 1.142774914274141018, 5.999900000000002009, 1.471758560445705077 ) ) ;
#1678 = CARTESIAN_POINT ( 'NONE',  ( 1.220930602704621837, 6.000000000000000000, 1.585052188195314349 ) ) ;
#1679 = ORIENTED_EDGE ( 'NONE', *, *, #1347, .T. ) ;
#1680 = CARTESIAN_POINT ( 'NONE',  ( 1.876491264469327680, 6.000000000000000000, -1.541441377981156435 ) ) ;
#1681 =( NAMED_UNIT ( * ) SI_UNIT ( $, .STERADIAN. ) SOLID_ANGLE_UNIT ( ) );
#1682 = VECTOR ( 'NONE', #949, 1000.000000000000000 ) ;
#1683 = LINE ( 'NONE', #2145, #2910 ) ;
#1684 = SURFACE_STYLE_USAGE ( .BOTH. , #1256 ) ;
#1685 = LINE ( 'NONE', #4138, #3312 ) ;
#1686 = FILL_AREA_STYLE_COLOUR ( '', #791 ) ;
#1687 = ORIENTED_EDGE ( 'NONE', *, *, #1126, .T. ) ;
#1688 = PRESENTATION_STYLE_ASSIGNMENT (( #2453 ) ) ;
#1689 = CARTESIAN_POINT ( 'NONE',  ( -2.665451921499553123, 5.999900000000000233, -2.819567424523458321 ) ) ;
#1690 = FILL_AREA_STYLE_COLOUR ( '', #1525 ) ;
#1691 = ADVANCED_FACE ( 'NONE', ( #1600 ), #455, .F. ) ;
#1692 = ORIENTED_EDGE ( 'NONE', *, *, #2253, .T. ) ;
#1693 = VERTEX_POINT ( 'NONE', #2210 ) ;
#1694 = SURFACE_SIDE_STYLE ('',( #4176 ) ) ;
#1695 = FILL_AREA_STYLE ('',( #1062 ) ) ;
#1696 = DIRECTION ( 'NONE',  ( -0.8660872391925200642, 0.000000000000000000, -0.4998928826337484255 ) ) ;
#1697 = CARTESIAN_POINT ( 'NONE',  ( 2.607189793881092399, 6.000000000000000000, -1.066832002981156435 ) ) ;
#1698 = VERTEX_POINT ( 'NONE', #416 ) ;
#1699 = PRESENTATION_LAYER_ASSIGNMENT (  '', '', ( #1461 ) ) ;
#1700 = CARTESIAN_POINT ( 'NONE',  ( 1.143068033057008215, 6.000000000000000888, -1.880380343044960378 ) ) ;
#1701 =( GEOMETRIC_REPRESENTATION_CONTEXT ( 3 ) GLOBAL_UNCERTAINTY_ASSIGNED_CONTEXT ( ( #3414 ) ) GLOBAL_UNIT_ASSIGNED_CONTEXT ( ( #2484, #2126, #3503 ) ) REPRESENTATION_CONTEXT ( 'NONE', 'WORKASPACE' ) );
#1702 = CARTESIAN_POINT ( 'NONE',  ( 1.220930602704622059, 6.000000000000000888, 0.5382920779011968193 ) ) ;
#1703 = CARTESIAN_POINT ( 'NONE',  ( 2.636813255159033975, 5.999899999999999345, -1.943799536749464485 ) ) ;
#1704 = FILL_AREA_STYLE_COLOUR ( '', #1205 ) ;
#1705 = CARTESIAN_POINT ( 'NONE',  ( 1.142720842757629640, 6.000000000000001776, 1.490727634935819168 ) ) ;
#1706 = MECHANICAL_DESIGN_GEOMETRIC_PRESENTATION_REPRESENTATION (  '', ( #3768 ), #1943 ) ;
#1707 = B_SPLINE_CURVE_WITH_KNOTS ( 'NONE', 3,
 ( #3543, #3475, #1731, #1305, #3091, #258, #538, #1283, #3498, #3182, #4641 ),
 .UNSPECIFIED., .F., .F.,
 ( 4, 1, 1, 1, 1, 1, 1, 1, 4 ),
 ( 0.000000000000000000, 0.1528910399261250719, 0.2655498866055906459, 0.3469726293230765979, 0.4171409348174461851, 0.5027291515886442852, 0.6212628926146345210, 0.7862933040589763500, 1.000000000000000000 ),
 .UNSPECIFIED. ) ;
#1708 = ORIENTED_EDGE ( 'NONE', *, *, #728, .F. ) ;
#1709 = VECTOR ( 'NONE', #3102, 1000.000000000000114 ) ;
#1710 =( LENGTH_UNIT ( ) NAMED_UNIT ( * ) SI_UNIT ( .MILLI., .METRE. ) );
#1711 = VECTOR ( 'NONE', #4495, 1000.000000000000000 ) ;
#1712 = LINE ( 'NONE', #3594, #808 ) ;
#1713 = CARTESIAN_POINT ( 'NONE',  ( 1.143068033057007771, 6.000000000000000000, 0.5902078922491580393 ) ) ;
#1714 =( GEOMETRIC_REPRESENTATION_CONTEXT ( 3 ) GLOBAL_UNCERTAINTY_ASSIGNED_CONTEXT ( ( #1500 ) ) GLOBAL_UNIT_ASSIGNED_CONTEXT ( ( #1833, #1432, #1083 ) ) REPRESENTATION_CONTEXT ( 'NONE', 'WORKASPACE' ) );
#1715 = EDGE_CURVE ( 'NONE', #2150, #4165, #87, .T. ) ;
#1716 = ORIENTED_EDGE ( 'NONE', *, *, #4637, .F. ) ;
#1717 = EDGE_LOOP ( 'NONE', ( #4289, #2601, #569, #76 ) ) ;
#1718 = FILL_AREA_STYLE_COLOUR ( '', #2178 ) ;
#1719 = STYLED_ITEM ( 'NONE', ( #786 ), #1178 ) ;
#1720 = SURFACE_SIDE_STYLE ('',( #2161 ) ) ;
#1721 = FILL_AREA_STYLE_COLOUR ( '', #4706 ) ;
#1722 = PLANE ( 'NONE',  #2457 ) ;
#1723 = VERTEX_POINT ( 'NONE', #3735 ) ;
#1724 = SURFACE_STYLE_USAGE ( .BOTH. , #296 ) ;
#1725 =( NAMED_UNIT ( * ) PLANE_ANGLE_UNIT ( ) SI_UNIT ( $, .RADIAN. ) );
#1726 = STYLED_ITEM ( 'NONE', ( #4676 ), #2905 ) ;
#1727 = CARTESIAN_POINT ( 'NONE',  ( 1.142722440240110604, 5.999900000000001121, 0.6307761071742298276 ) ) ;
#1728 = CARTESIAN_POINT ( 'NONE',  ( -0.8275196214094782121, 6.000000000000000000, 1.076720472440948484 ) ) ;
#1729 = CARTESIAN_POINT ( 'NONE',  ( 1.734142918881092399, 5.999900000000000233, 1.054606416136490754 ) ) ;
#1730 = CARTESIAN_POINT ( 'NONE',  ( 2.642636186262780740, 5.999999999999999112, 0.3008206626235513381 ) ) ;
#1731 = CARTESIAN_POINT ( 'NONE',  ( 1.200042968348131511, 6.000000000000000888, 1.596098812939187983 ) ) ;
#1732 = EDGE_LOOP ( 'NONE', ( #1737, #2550, #3423, #3276 ) ) ;
#1733 = FILL_AREA_STYLE_COLOUR ( '', #400 ) ;
#1734 = CARTESIAN_POINT ( 'NONE',  ( 1.200201249945043180, 5.999900000000002009, 0.5276070251643458775 ) ) ;
#1735 = CARTESIAN_POINT ( 'NONE',  ( 1.178191632116386556, 5.999900000000000233, -1.736868767687038906 ) ) ;
#1736 = AXIS2_PLACEMENT_3D ( 'NONE', #698, #1357, #3541 ) ;
#1737 = ORIENTED_EDGE ( 'NONE', *, *, #4229, .F. ) ;
#1738 = CARTESIAN_POINT ( 'NONE',  ( 2.642673057520803948, 5.999999999999999112, -1.830824554903731194 ) ) ;
#1739 = SURFACE_SIDE_STYLE ('',( #616 ) ) ;
#1740 = DIRECTION ( 'NONE',  ( 0.4998928826337484255, 0.000000000000000000, -0.8660872391925200642 ) ) ;
#1741 = SURFACE_STYLE_FILL_AREA ( #1436 ) ;
#1742 = CARTESIAN_POINT ( 'NONE',  ( -1.974192849755940671, 5.999900000000000233, -0.4815314960629848984 ) ) ;
#1743 = VERTEX_POINT ( 'NONE', #3341 ) ;
#1744 = SURFACE_STYLE_FILL_AREA ( #3607 ) ;
#1745 = CARTESIAN_POINT ( 'NONE',  ( 2.642690712998740032, 6.000000000000000888, -0.9458531426870390169 ) ) ;
#1746 = EDGE_CURVE ( 'NONE', #4587, #1233, #1458, .T. ) ;
#1747 = CARTESIAN_POINT ( 'NONE',  ( 1.143897626635291154, 5.999900000000001121, 0.6725800144058668995 ) ) ;
#1748 = CARTESIAN_POINT ( 'NONE',  ( 0.1937126620550882472, 6.000000000000000000, 1.355472440944882617 ) ) ;
#1749 = CARTESIAN_POINT ( 'NONE',  ( 2.629826558503598921, 5.999999999999999112, 0.3809373397381750070 ) ) ;
#1750 = CARTESIAN_POINT ( 'NONE',  ( 1.200042968348131511, 5.999900000000001121, 1.596098812939187983 ) ) ;
#1751 = ORIENTED_EDGE ( 'NONE', *, *, #1628, .T. ) ;
#1752 =( GEOMETRIC_REPRESENTATION_CONTEXT ( 3 ) GLOBAL_UNCERTAINTY_ASSIGNED_CONTEXT ( ( #4460 ) ) GLOBAL_UNIT_ASSIGNED_CONTEXT ( ( #1012, #2151, #4360 ) ) REPRESENTATION_CONTEXT ( 'NONE', 'WORKASPACE' ) );
#1753 = CARTESIAN_POINT ( 'NONE',  ( -0.8321574166850701504, 5.999900000000000233, 0.6509448818897678457 ) ) ;
#1754 = CARTESIAN_POINT ( 'NONE',  ( 1.876491264469327680, 5.999900000000000233, -1.541441377981156435 ) ) ;
#1755 = CARTESIAN_POINT ( 'NONE',  ( 2.635047234864875687, 5.999900000000002009, -1.770913513954881502 ) ) ;
#1756 = CARTESIAN_POINT ( 'NONE',  ( 2.639169935549310786, 6.000000000000000888, 1.451371765112962287 ) ) ;
#1757 = B_SPLINE_CURVE_WITH_KNOTS ( 'NONE', 3,
 ( #4575, #2008, #1643, #3096 ),
 .UNSPECIFIED., .F., .F.,
 ( 4, 4 ),
 ( 0.5454545454545455252, 0.6363636363636364646 ),
 .UNSPECIFIED. ) ;
#1758 = ORIENTED_EDGE ( 'NONE', *, *, #4653, .T. ) ;
#1759 = DIRECTION ( 'NONE',  ( 0.8589240550050705192, 0.000000000000000000, 0.5121029854762093603 ) ) ;
#1760 = COLOUR_RGB ( '',0.8274509803921568096, 0.8392156862745098200, 0.8274509803921568096 ) ;
#1761 = FILL_AREA_STYLE_COLOUR ( '', #3786 ) ;
#1762 = CARTESIAN_POINT ( 'NONE',  ( 2.639295963283396329, 5.999899999999997569, -0.5502564976880873759 ) ) ;
#1763 = DIRECTION ( 'NONE',  ( 0.000000000000000000, -1.000000000000000000, 0.000000000000000000 ) ) ;
#1764 = FACE_OUTER_BOUND ( 'NONE', #3914, .T. ) ;
#1765 = COLOUR_RGB ( '',1.000000000000000000, 1.000000000000000000, 1.000000000000000000 ) ;
#1766 = ORIENTED_EDGE ( 'NONE', *, *, #294, .T. ) ;
#1767 = CARTESIAN_POINT ( 'NONE',  ( 2.635606768424067603, 5.999899999999997569, 1.436603339640501797 ) ) ;
#1768 = CARTESIAN_POINT ( 'NONE',  ( 2.584843896998425539, 6.000000000000000888, -0.8554607890441922047 ) ) ;
#1769 = PRODUCT_RELATED_PRODUCT_CATEGORY ( 'part', '', ( #2090 ) ) ;
#1770 = COLOUR_RGB ( '',0.1921568627450980227, 0.2039215686274509776, 0.2039215686274509776 ) ;
#1771 = EDGE_CURVE ( 'NONE', #2627, #4316, #1910, .T. ) ;
#1772 = CARTESIAN_POINT ( 'NONE',  ( 1.213298624243933199, 5.999999999999999112, -0.8814998024638358576 ) ) ;
#1773 = CARTESIAN_POINT ( 'NONE',  ( 2.610351767915529031, 5.999900000000001121, 0.7286545385165502653 ) ) ;
#1774 = PRESENTATION_STYLE_ASSIGNMENT (( #4378 ) ) ;
#1775 = ORIENTED_EDGE ( 'NONE', *, *, #1913, .F. ) ;
#1776 =( GEOMETRIC_REPRESENTATION_CONTEXT ( 3 ) GLOBAL_UNCERTAINTY_ASSIGNED_CONTEXT ( ( #4373 ) ) GLOBAL_UNIT_ASSIGNED_CONTEXT ( ( #2463, #641, #1019 ) ) REPRESENTATION_CONTEXT ( 'NONE', 'WORKASPACE' ) );
#1777 = DIRECTION ( 'NONE',  ( 0.000000000000000000, -0.000000000000000000, 1.000000000000000000 ) ) ;
#1778 = MECHANICAL_DESIGN_GEOMETRIC_PRESENTATION_REPRESENTATION (  '', ( #2020 ), #1065 ) ;
#1779 = ORIENTED_EDGE ( 'NONE', *, *, #3491, .T. ) ;
#1780 = SURFACE_SIDE_STYLE ('',( #3913 ) ) ;
#1781 = CARTESIAN_POINT ( 'NONE',  ( -2.172936944244125979, 6.000000000000000000, 0.2092480314960713517 ) ) ;
#1782 =( NAMED_UNIT ( * ) PLANE_ANGLE_UNIT ( ) SI_UNIT ( $, .RADIAN. ) );
#1783 = VERTEX_POINT ( 'NONE', #4057 ) ;
#1784 = CARTESIAN_POINT ( 'NONE',  ( 2.564450823292857340, 6.000000000000000000, 1.603664320548255473 ) ) ;
#1785 = CARTESIAN_POINT ( 'NONE',  ( 1.876491264469327680, 5.999900000000000233, -0.3061472603340976151 ) ) ;
#1786 = DIRECTION ( 'NONE',  ( 1.000000000000000000, 0.000000000000000000, -0.000000000000000000 ) ) ;
#1787 = CARTESIAN_POINT ( 'NONE',  ( 1.142690712998739588, 6.000000000000000000, 0.2660034749600200255 ) ) ;
#1788 = COLOUR_RGB ( '',0.8274509803921568096, 0.8392156862745098200, 0.8274509803921568096 ) ;
#1789 = COLOUR_RGB ( '',0.1921568627450980227, 0.2039215686274509776, 0.2039215686274509776 ) ;
#1790 = CARTESIAN_POINT ( 'NONE',  ( -1.447834582039406515, 6.000000000000000000, -0.9164999999999924318 ) ) ;
#1791 = CARTESIAN_POINT ( 'NONE',  ( 2.642667625737632253, 6.000000000000000000, 1.495531293261620709 ) ) ;
#1792 = EDGE_LOOP ( 'NONE', ( #4247, #1486, #2244, #79 ) ) ;
#1793 = CARTESIAN_POINT ( 'NONE',  ( 2.642667625737632253, 5.999900000000000233, 1.495531293261620709 ) ) ;
#1794 = AXIS2_PLACEMENT_3D ( 'NONE', #3682, #4053, #12 ) ;
#1795 = VECTOR ( 'NONE', #4571, 1000.000000000000114 ) ;
#1796 = CARTESIAN_POINT ( 'NONE',  ( 2.616279699699928241, 5.999899999999999345, -0.5096733813885260256 ) ) ;
#1797 = CARTESIAN_POINT ( 'NONE',  ( 1.146497715025989406, 5.999900000000002009, 0.6905897097364515069 ) ) ;
#1798 = CARTESIAN_POINT ( 'NONE',  ( 1.143793079353702558, 5.999999999999999112, -0.9076861208459413577 ) ) ;
#1799 = CARTESIAN_POINT ( 'NONE',  ( 1.394999999999999796, 0.000000000000000000, 2.500000000000000444 ) ) ;
#1800 = CARTESIAN_POINT ( 'NONE',  ( -0.8321574166850701504, 6.000000000000000000, 0.6509448818897678457 ) ) ;
#1801 = EDGE_CURVE ( 'NONE', #59, #2547, #2230, .T. ) ;
#1802 = COLOUR_RGB ( '',1.000000000000000000, 1.000000000000000000, 1.000000000000000000 ) ;
#1803 = ORIENTED_EDGE ( 'NONE', *, *, #417, .F. ) ;
#1804 = B_SPLINE_SURFACE_WITH_KNOTS ( 'NONE', 3, 1, ( 
 ( #4630, #2438 ),
 ( #2395, #3576 ),
 ( #3899, #290 ),
 ( #2084, #245 ),
 ( #3273, #1038 ),
 ( #2814, #2159 ),
 ( #3574, #242 ),
 ( #4629, #4249 ),
 ( #2534, #2860 ),
 ( #639, #1060 ),
 ( #3897, #593 ) ),
 .UNSPECIFIED., .F., .F., .F.,
 ( 4, 1, 1, 1, 1, 1, 1, 1, 4 ),
 ( 2, 2 ),
 ( 0.000000000000000000, 0.2090174448045498123, 0.3701215845098708157, 0.4868884033316097093, 0.5748632755078622036, 0.6458207185090942826, 0.7281441267704359399, 0.8423061535616725992, 1.000000000000000000 ),
 ( 0.000000000000000000, 1.000000000000000000 ),
 .UNSPECIFIED. ) ;
#1805 = EDGE_CURVE ( 'NONE', #4695, #1698, #1198, .T. ) ;
#1806 = APPLICATION_PROTOCOL_DEFINITION ( 'draft international standard', 'automotive_design', 1998, #3933 ) ;
#1807 =( NAMED_UNIT ( * ) PLANE_ANGLE_UNIT ( ) SI_UNIT ( $, .RADIAN. ) );
#1808 = ORIENTED_EDGE ( 'NONE', *, *, #441, .F. ) ;
#1809 = CARTESIAN_POINT ( 'NONE',  ( 2.571941074772255753, 6.000000000000000888, 0.5176381068884758907 ) ) ;
#1810 = CARTESIAN_POINT ( 'NONE',  ( 1.144617761972859249, 6.000000000000000000, 0.5638930817821957708 ) ) ;
#1811 = CARTESIAN_POINT ( 'NONE',  ( 2.610351767915529031, 5.999899999999999345, -1.741933696777567597 ) ) ;
#1812 = CARTESIAN_POINT ( 'NONE',  ( 2.642690712998740032, 5.999900000000001121, 0.6092939161364908651 ) ) ;
#1813 = LINE ( 'NONE', #268, #774 ) ;
#1814 = LINE ( 'NONE', #2535, #3020 ) ;
#1815 = FACE_OUTER_BOUND ( 'NONE', #240, .T. ) ;
#1816 = PLANE ( 'NONE',  #429 ) ;
#1817 = CARTESIAN_POINT ( 'NONE',  ( -1.974192849755940671, 6.000000000000000000, -0.4815314960629848984 ) ) ;
#1818 =( GEOMETRIC_REPRESENTATION_CONTEXT ( 3 ) GLOBAL_UNCERTAINTY_ASSIGNED_CONTEXT ( ( #2234 ) ) GLOBAL_UNIT_ASSIGNED_CONTEXT ( ( #3985, #2515, #3374 ) ) REPRESENTATION_CONTEXT ( 'NONE', 'WORKASPACE' ) );
#1819 = ORIENTED_EDGE ( 'NONE', *, *, #1504, .F. ) ;
#1820 = CARTESIAN_POINT ( 'NONE',  ( 2.640243940541739054, 5.999900000000000233, -0.8878840229641778992 ) ) ;
#1821 = CARTESIAN_POINT ( 'NONE',  ( 2.635047234864875687, 5.999900000000002009, -0.5356193963078226261 ) ) ;
#1822 = EDGE_CURVE ( 'NONE', #971, #372, #3715, .T. ) ;
#1823 = CARTESIAN_POINT ( 'NONE',  ( 1.154045461959794405, 6.000000000000000000, -0.8724682229854747728 ) ) ;
#1824 = LINE ( 'NONE', #398, #3109 ) ;
#1825 = ORIENTED_EDGE ( 'NONE', *, *, #3822, .T. ) ;
#1826 = CARTESIAN_POINT ( 'NONE',  ( 1.220930602704621837, 5.999900000000000233, -0.8855360470988036248 ) ) ;
#1827 = ORIENTED_EDGE ( 'NONE', *, *, #4157, .F. ) ;
#1828 = CARTESIAN_POINT ( 'NONE',  ( 2.635047234864875687, 6.000000000000002665, -1.770913513954881502 ) ) ;
#1829 = EDGE_LOOP ( 'NONE', ( #2624, #2777, #4381, #1751 ) ) ;
#1830 = AXIS2_PLACEMENT_3D ( 'NONE', #2064, #1343, #1990 ) ;
#1831 = EDGE_CURVE ( 'NONE', #3178, #1340, #566, .T. ) ;
#1832 = ORIENTED_EDGE ( 'NONE', *, *, #4341, .T. ) ;
#1833 =( LENGTH_UNIT ( ) NAMED_UNIT ( * ) SI_UNIT ( .MILLI., .METRE. ) );
#1834 = FILL_AREA_STYLE_COLOUR ( '', #48 ) ;
#1835 = SURFACE_STYLE_FILL_AREA ( #1433 ) ;
#1836 = STYLED_ITEM ( 'NONE', ( #2641 ), #4106 ) ;
#1837 = CARTESIAN_POINT ( 'NONE',  ( 1.220930602704622059, 5.999900000000001121, -0.6970020397458625006 ) ) ;
#1839 = EDGE_CURVE ( 'NONE', #2256, #4049, #3013, .T. ) ;
#1838 = UNCERTAINTY_MEASURE_WITH_UNIT (LENGTH_MEASURE( 1.000000000000000082E-05 ), #3167, 'distance_accuracy_value', 'NONE');
#1840 = CARTESIAN_POINT ( 'NONE',  ( 0.3034685675668905014, 6.000000000000000000, -1.102125984251969282 ) ) ;
#1841 = VECTOR ( 'NONE', #1219, 1000.000000000000000 ) ;
#1842 = CARTESIAN_POINT ( 'NONE',  ( 1.142690712998739588, 6.000000000000000000, -0.6146261206282154221 ) ) ;
#1843 = B_SPLINE_CURVE_WITH_KNOTS ( 'NONE', 3,
 ( #920, #3077, #3507, #2726 ),
 .UNSPECIFIED., .F., .F.,
 ( 4, 4 ),
 ( 0.6363636363636364646, 0.7272727272727274039 ),
 .UNSPECIFIED. ) ;
#1844 = VERTEX_POINT ( 'NONE', #4011 ) ;
#1845 = CARTESIAN_POINT ( 'NONE',  ( 1.146497715025989406, 5.999900000000001121, -1.779998525557666689 ) ) ;
#1846 =( GEOMETRIC_REPRESENTATION_CONTEXT ( 3 ) GLOBAL_UNCERTAINTY_ASSIGNED_CONTEXT ( ( #3259 ) ) GLOBAL_UNIT_ASSIGNED_CONTEXT ( ( #4258, #2118, #600 ) ) REPRESENTATION_CONTEXT ( 'NONE', 'WORKASPACE' ) );
#1847 = CARTESIAN_POINT ( 'NONE',  ( 2.616279699699928241, 6.000000000000000000, -0.5096733813885260256 ) ) ;
#1848 = LINE ( 'NONE', #1147, #1483 ) ;
#1849 = UNCERTAINTY_MEASURE_WITH_UNIT (LENGTH_MEASURE( 1.000000000000000082E-05 ), #2908, 'distance_accuracy_value', 'NONE');
#1850 = CARTESIAN_POINT ( 'NONE',  ( 1.166537727726018714, 5.999899999999999345, -0.8654582055442724409 ) ) ;
#1851 = SURFACE_STYLE_FILL_AREA ( #348 ) ;
#1852 = FACE_OUTER_BOUND ( 'NONE', #2974, .T. ) ;
#1853 = VERTEX_POINT ( 'NONE', #1527 ) ;
#1854 = CARTESIAN_POINT ( 'NONE',  ( 2.631385331497116731, 5.999900000000002898, -1.045620101869273677 ) ) ;
#1855 = PRESENTATION_STYLE_ASSIGNMENT (( #4426 ) ) ;
#1856 = ORIENTED_EDGE ( 'NONE', *, *, #3643, .T. ) ;
#1857 = CARTESIAN_POINT ( 'NONE',  ( 2.564450823292857340, 6.000000000000000000, 0.5217479602541378325 ) ) ;
#1858 = CARTESIAN_POINT ( 'NONE',  ( 1.154027076143226971, 5.999999999999998224, -1.071967582049080159 ) ) ;
#1859 = STYLED_ITEM ( 'NONE', ( #1328 ), #3345 ) ;
#1860 = ORIENTED_EDGE ( 'NONE', *, *, #1285, .T. ) ;
#1861 = ORIENTED_EDGE ( 'NONE', *, *, #3826, .F. ) ;
#1862 = ORIENTED_EDGE ( 'NONE', *, *, #4631, .F. ) ;
#1863 = CARTESIAN_POINT ( 'NONE',  ( 2.642566788542308309, 5.999899999999998457, -0.6591443372887454411 ) ) ;
#1864 = CARTESIAN_POINT ( 'NONE',  ( 2.641323004694411392, 5.999900000000002898, -0.5698892122843346453 ) ) ;
#1865 = CARTESIAN_POINT ( 'NONE',  ( 1.142720842757629640, 6.000000000000003553, 1.490727634935819168 ) ) ;
#1866 = ADVANCED_FACE ( 'NONE', ( #717 ), #2638, .F. ) ;
#1867 = AXIS2_PLACEMENT_3D ( 'NONE', #1417, #3609, #344 ) ;
#1868 = DIRECTION ( 'NONE',  ( 0.8644584418281031635, 0.000000000000000000, -0.5027042891722012241 ) ) ;
#1869 = VECTOR ( 'NONE', #2011, 1000.000000000000000 ) ;
#1870 = MECHANICAL_DESIGN_GEOMETRIC_PRESENTATION_REPRESENTATION (  '', ( #3386 ), #3774 ) ;
#1871 = CARTESIAN_POINT ( 'NONE',  ( 1.142722440240110604, 6.000000000000000888, -0.6045180104728291592 ) ) ;
#1872 = ORIENTED_EDGE ( 'NONE', *, *, #457, .T. ) ;
#1873 = DIRECTION ( 'NONE',  ( 0.8679317172888709742, 0.000000000000000000, 0.4966835351851230929 ) ) ;
#1874 = PRESENTATION_LAYER_ASSIGNMENT (  '', '', ( #3929 ) ) ;
#1875 = CARTESIAN_POINT ( 'NONE',  ( 2.642690712998739588, 6.000000000000000888, -0.6260002015105682327 ) ) ;
#1876 = FACE_OUTER_BOUND ( 'NONE', #1299, .T. ) ;
#1877 = CARTESIAN_POINT ( 'NONE',  ( 1.143793079353702558, 5.999899999999999345, -0.9076861208459413577 ) ) ;
#1878 = COLOUR_RGB ( '',1.000000000000000000, 1.000000000000000000, 1.000000000000000000 ) ;
#1879 = SURFACE_STYLE_USAGE ( .BOTH. , #3350 ) ;
#1880 = EDGE_CURVE ( 'NONE', #884, #1980, #3486, .T. ) ;
#1881 = B_SPLINE_CURVE_WITH_KNOTS ( 'NONE', 3,
 ( #3154, #3951, #274, #1351, #647, #1767, #2142, #2088, #1793, #2427, #3244 ),
 .UNSPECIFIED., .F., .F.,
 ( 4, 1, 1, 1, 1, 1, 1, 1, 4 ),
 ( 0.000000000000000000, 0.08608748684242689686, 0.1612668260071323245, 0.2388542627190386181, 0.3281828305663082035, 0.4373273942705390160, 0.5807184561777902765, 0.7620511388035712264, 1.000000000000000000 ),
 .UNSPECIFIED. ) ;
#1882 = CARTESIAN_POINT ( 'NONE',  ( 2.639169935549310786, 5.999899999999998457, -1.019216470181155465 ) ) ;
#1883 = LINE ( 'NONE', #3352, #2392 ) ;
#1884 = ORIENTED_EDGE ( 'NONE', *, *, #2817, .F. ) ;
#1885 = CARTESIAN_POINT ( 'NONE',  ( 2.636813255159033975, 6.000000000000000000, 0.5267886985446531556 ) ) ;
#1886 = CARTESIAN_POINT ( 'NONE',  ( 1.213298624243933199, 5.999899999999999345, 0.3537943151832227962 ) ) ;
#1887 = B_SPLINE_CURVE_WITH_KNOTS ( 'NONE', 3,
 ( #4501, #2721, #1891, #811 ),
 .UNSPECIFIED., .F., .F.,
 ( 4, 4 ),
 ( 0.8181818181818183433, 0.9090909090909092827 ),
 .UNSPECIFIED. ) ;
#1888 = ORIENTED_EDGE ( 'NONE', *, *, #113, .F. ) ;
#1889 = ORIENTED_EDGE ( 'NONE', *, *, #1903, .F. ) ;
#1890 = SURFACE_SIDE_STYLE ('',( #3308 ) ) ;
#1891 = CARTESIAN_POINT ( 'NONE',  ( 0.4118740793779169795, 5.999900000000000233, -0.2717755905511823888 ) ) ;
#1892 = DIRECTION ( 'NONE',  ( -0.000000000000000000, 1.000000000000000000, -0.000000000000000000 ) ) ;
#1893 = UNCERTAINTY_MEASURE_WITH_UNIT (LENGTH_MEASURE( 1.000000000000000082E-05 ), #1043, 'distance_accuracy_value', 'NONE');
#1894 = CARTESIAN_POINT ( 'NONE',  ( 2.642690712998739588, 5.999900000000000233, 0.6092939161364907541 ) ) ;
#1895 = MECHANICAL_DESIGN_GEOMETRIC_PRESENTATION_REPRESENTATION (  '', ( #1277 ), #840 ) ;
#1896 = CARTESIAN_POINT ( 'NONE',  ( 2.642690712998739588, 6.000000000000000000, 1.524735092607079068 ) ) ;
#1897 = CARTESIAN_POINT ( 'NONE',  ( 2.616279699699928241, 5.999999999999999112, 0.7256207362585328502 ) ) ;
#1898 = CARTESIAN_POINT ( 'NONE',  ( 1.142778724780128208, 6.000000000000000888, -1.821880208861821782 ) ) ;
#1899 = CARTESIAN_POINT ( 'NONE',  ( 2.610467510789358236, 5.999900000000001121, -1.064853181661812309 ) ) ;
#1900 =( NAMED_UNIT ( * ) PLANE_ANGLE_UNIT ( ) SI_UNIT ( $, .RADIAN. ) );
#1901 = UNCERTAINTY_MEASURE_WITH_UNIT (LENGTH_MEASURE( 1.000000000000000082E-05 ), #1440, 'distance_accuracy_value', 'NONE');
#1902 = FACE_OUTER_BOUND ( 'NONE', #4281, .T. ) ;
#1903 = EDGE_CURVE ( 'NONE', #2141, #4013, #1971, .T. ) ;
#1904 = CARTESIAN_POINT ( 'NONE',  ( 1.394999999999999796, -0.1000000000000000056, 2.500000000000000444 ) ) ;
#1905 =( NAMED_UNIT ( * ) PLANE_ANGLE_UNIT ( ) SI_UNIT ( $, .RADIAN. ) );
#1906 = VECTOR ( 'NONE', #1383, 1000.000000000000000 ) ;
#1907 = CARTESIAN_POINT ( 'NONE',  ( 1.175344842613581742, 6.000000000000000000, -1.090351046262059587 ) ) ;
#1908 = ORIENTED_EDGE ( 'NONE', *, *, #51, .F. ) ;
#1909 = CARTESIAN_POINT ( 'NONE',  ( 1.169738862666132251, 5.999999999999999112, -0.5073267487490195071 ) ) ;
#1910 = B_SPLINE_CURVE_WITH_KNOTS ( 'NONE', 3,
 ( #1118, #435, #2986, #2965, #742, #362, #1090, #4417, #1141, #1871, #1842 ),
 .UNSPECIFIED., .F., .F.,
 ( 4, 1, 1, 1, 1, 1, 1, 1, 4 ),
 ( 0.000000000000000000, 0.08269940838263134530, 0.1609352856402981868, 0.2384022412677344882, 0.3252932597831255657, 0.4321161260274609672, 0.5729322032451371616, 0.7592645677637445134, 1.000000000000000000 ),
 .UNSPECIFIED. ) ;
#1911 = CARTESIAN_POINT ( 'NONE',  ( 1.154045461959793961, 5.999900000000000233, 0.3628258946615842695 ) ) ;
#1912 = ORIENTED_EDGE ( 'NONE', *, *, #1100, .T. ) ;
#1913 = EDGE_CURVE ( 'NONE', #1286, #121, #2341, .T. ) ;
#1914 = ORIENTED_EDGE ( 'NONE', *, *, #2996, .T. ) ;
#1915 = CARTESIAN_POINT ( 'NONE',  ( 1.181887395167976917, 5.999999999999999112, -1.949014349443141114 ) ) ;
#1916 = FACE_OUTER_BOUND ( 'NONE', #3449, .T. ) ;
#1917 = FILL_AREA_STYLE ('',( #1619 ) ) ;
#1918 = CARTESIAN_POINT ( 'NONE',  ( 1.142720842757629640, 5.999900000000002009, 1.490727634935819168 ) ) ;
#1919 = CARTESIAN_POINT ( 'NONE',  ( 2.641316205600277023, 5.999999999999998224, 1.470570637816364545 ) ) ;
#1920 = VECTOR ( 'NONE', #4720, 1000.000000000000000 ) ;
#1921 = SURFACE_STYLE_FILL_AREA ( #3408 ) ;
#1922 = CARTESIAN_POINT ( 'NONE',  ( -3.354999999999998206, 0.000000000000000000, 3.455000000000000515 ) ) ;
#1923 = CARTESIAN_POINT ( 'NONE',  ( 1.161416586822689556, 5.999999999999999112, -1.748260057134093604 ) ) ;
#1924 = AXIS2_PLACEMENT_3D ( 'NONE', #2014, #4559, #2042 ) ;
#1925 = B_SPLINE_CURVE_WITH_KNOTS ( 'NONE', 3,
 ( #3700, #1886, #3725, #426, #1930, #1911, #3355, #78, #2670, #1540, #3000 ),
 .UNSPECIFIED., .F., .F.,
 ( 4, 1, 1, 1, 1, 1, 1, 1, 4 ),
 ( 0.000000000000000000, 0.1528910399261251274, 0.2655498866055909235, 0.3469726293230768754, 0.4171409348174465181, 0.5027291515886446183, 0.6212628926146345210, 0.7862933040589767941, 1.000000000000000000 ),
 .UNSPECIFIED. ) ;
#1926 = CARTESIAN_POINT ( 'NONE',  ( 2.610351767915529031, 5.999899999999999345, -1.741933696777567597 ) ) ;
#1927 = LINE ( 'NONE', #1904, #2433 ) ;
#1928 = FACE_OUTER_BOUND ( 'NONE', #3277, .T. ) ;
#1929 = CARTESIAN_POINT ( 'NONE',  ( 2.642690712998739588, 5.999900000000000233, -0.9458531426870389058 ) ) ;
#1930 = CARTESIAN_POINT ( 'NONE',  ( 1.166537727726018936, 5.999899999999999345, 0.3698359121027862684 ) ) ;
#1931 = VERTEX_POINT ( 'NONE', #3409 ) ;
#1932 = CARTESIAN_POINT ( 'NONE',  ( 1.166518503127166762, 5.999900000000000233, 0.5212835790979341022 ) ) ;
#1933 =( NAMED_UNIT ( * ) PLANE_ANGLE_UNIT ( ) SI_UNIT ( $, .RADIAN. ) );
#1934 =( NAMED_UNIT ( * ) SI_UNIT ( $, .STERADIAN. ) SOLID_ANGLE_UNIT ( ) );
#1935 = CARTESIAN_POINT ( 'NONE',  ( 2.644999999999999130, -0.1000000000000000056, -2.500000000000000444 ) ) ;
#1936 = COLOUR_RGB ( '',1.000000000000000000, 1.000000000000000000, 1.000000000000000000 ) ;
#1937 = CARTESIAN_POINT ( 'NONE',  ( 2.642690712998739588, 6.000000000000000888, 0.6092939161364907541 ) ) ;
#1938 = B_SPLINE_CURVE_WITH_KNOTS ( 'NONE', 3,
 ( #2199, #1181, #2265, #3646, #2600, #2579, #403, #3722, #3298, #1907, #29 ),
 .UNSPECIFIED., .F., .F.,
 ( 4, 1, 1, 1, 1, 1, 1, 1, 4 ),
 ( 0.000000000000000000, 0.2339648385054103330, 0.4198783559695589696, 0.5659151998979450315, 0.6801214999993741017, 0.7723010949812562087, 0.8443163158709252603, 0.9185860088431476722, 1.000000000000000000 ),
 .UNSPECIFIED. ) ;
#1939 = ADVANCED_FACE ( 'NONE', ( #1598 ), #2728, .T. ) ;
#1940 =( GEOMETRIC_REPRESENTATION_CONTEXT ( 3 ) GLOBAL_UNCERTAINTY_ASSIGNED_CONTEXT ( ( #2940 ) ) GLOBAL_UNIT_ASSIGNED_CONTEXT ( ( #3119, #3098, #3035 ) ) REPRESENTATION_CONTEXT ( 'NONE', 'WORKASPACE' ) );
#1941 = CARTESIAN_POINT ( 'NONE',  ( -0.1988070229842903158, 5.999900000000000233, -1.102125984251967505 ) ) ;
#1942 = CARTESIAN_POINT ( 'NONE',  ( -0.1988070229842903158, 5.999900000000000233, -1.102125984251967505 ) ) ;
#1943 =( GEOMETRIC_REPRESENTATION_CONTEXT ( 3 ) GLOBAL_UNCERTAINTY_ASSIGNED_CONTEXT ( ( #1849 ) ) GLOBAL_UNIT_ASSIGNED_CONTEXT ( ( #2908, #3245, #1069 ) ) REPRESENTATION_CONTEXT ( 'NONE', 'WORKASPACE' ) );
#1944 =( NAMED_UNIT ( * ) PLANE_ANGLE_UNIT ( ) SI_UNIT ( $, .RADIAN. ) );
#1945 = MECHANICAL_DESIGN_GEOMETRIC_PRESENTATION_REPRESENTATION (  '', ( #3925 ), #2405 ) ;
#1946 =( GEOMETRIC_REPRESENTATION_CONTEXT ( 3 ) GLOBAL_UNCERTAINTY_ASSIGNED_CONTEXT ( ( #4233 ) ) GLOBAL_UNIT_ASSIGNED_CONTEXT ( ( #468, #1589, #120 ) ) REPRESENTATION_CONTEXT ( 'NONE', 'WORKASPACE' ) );
#1947 =( LENGTH_UNIT ( ) NAMED_UNIT ( * ) SI_UNIT ( .MILLI., .METRE. ) );
#1948 = UNCERTAINTY_MEASURE_WITH_UNIT (LENGTH_MEASURE( 1.000000000000000082E-05 ), #1582, 'distance_accuracy_value', 'NONE');
#1949 = CARTESIAN_POINT ( 'NONE',  ( 2.642566788542308309, 5.999999999999998224, -0.6591443372887454411 ) ) ;
#1950 = DIRECTION ( 'NONE',  ( -0.000000000000000000, 1.000000000000000000, -0.000000000000000000 ) ) ;
#1951 = STYLED_ITEM ( 'NONE', ( #2268 ), #382 ) ;
#1952 = PRESENTATION_LAYER_ASSIGNMENT (  '', '', ( #1563 ) ) ;
#1953 = CARTESIAN_POINT ( 'NONE',  ( 1.178191632116386556, 6.000000000000000000, 1.377906048489432100 ) ) ;
#1954 = CARTESIAN_POINT ( 'NONE',  ( 1.166537727726018936, 5.999999999999999112, 0.3698359121027862684 ) ) ;
#1955 = CARTESIAN_POINT ( 'NONE',  ( 0.7694291974881546370, 6.000000000000000000, -0.3560984251968530301 ) ) ;
#1956 = CARTESIAN_POINT ( 'NONE',  ( -1.394999999999999352, -0.1000000000000000056, -2.500000000000000000 ) ) ;
#1957 = EDGE_CURVE ( 'NONE', #3997, #702, #3436, .T. ) ;
#1958 = EDGE_CURVE ( 'NONE', #2141, #1160, #4061, .T. ) ;
#1959 = PRESENTATION_LAYER_ASSIGNMENT (  '', '', ( #480 ) ) ;
#1960 = ORIENTED_EDGE ( 'NONE', *, *, #973, .F. ) ;
#1961 = DIRECTION ( 'NONE',  ( 0.8589240550050705192, 0.000000000000000000, 0.5121029854762093603 ) ) ;
#1962 = CARTESIAN_POINT ( 'NONE',  ( 1.154974464376838039, 6.000000000000001776, -1.941061151260603079 ) ) ;
#1963 = CARTESIAN_POINT ( 'NONE',  ( 1.142690712998739588, 5.999900000000000233, -0.9692906426870387948 ) ) ;
#1964 = CARTESIAN_POINT ( 'NONE',  ( -2.943241815541270956, 6.000000000000000000, 2.819567424523459209 ) ) ;
#1965 = SURFACE_SIDE_STYLE ('',( #1215 ) ) ;
#1966 =( NAMED_UNIT ( * ) SI_UNIT ( $, .STERADIAN. ) SOLID_ANGLE_UNIT ( ) );
#1967 = EDGE_CURVE ( 'NONE', #3894, #1233, #153, .T. ) ;
#1968 = AXIS2_PLACEMENT_3D ( 'NONE', #337, #3555, #1452 ) ;
#1969 = CARTESIAN_POINT ( 'NONE',  ( 1.142690712998739588, 6.000000000000000000, -0.6146261206282154221 ) ) ;
#1970 = AXIS2_PLACEMENT_3D ( 'NONE', #1522, #3007, #2609 ) ;
#1971 = LINE ( 'NONE', #4534, #1608 ) ;
#1972 = CARTESIAN_POINT ( 'NONE',  ( 1.734142918881092399, 6.000000000000000000, -1.415981819157627219 ) ) ;
#1973 = LINE ( 'NONE', #2732, #2711 ) ;
#1974 = CARTESIAN_POINT ( 'NONE',  ( 2.642690712998740032, 6.000000000000000888, -0.6260002015105683437 ) ) ;
#1975 = DIRECTION ( 'NONE',  ( -0.8660872391925200642, 0.000000000000000000, -0.4998928826337482034 ) ) ;
#1976 = PRESENTATION_STYLE_ASSIGNMENT (( #3472 ) ) ;
#1977 = STYLED_ITEM ( 'NONE', ( #4212 ), #2446 ) ;
#1978 = CARTESIAN_POINT ( 'NONE',  ( 2.607189793881092399, 6.000000000000000000, 0.1684621146659023849 ) ) ;
#1979 = CARTESIAN_POINT ( 'NONE',  ( 2.571937412355976171, 5.999900000000001121, 1.607872597963731831 ) ) ;
#1980 = VERTEX_POINT ( 'NONE', #3853 ) ;
#1981 = ORIENTED_EDGE ( 'NONE', *, *, #1093, .T. ) ;
#1982 = EDGE_CURVE ( 'NONE', #2954, #4587, #4485, .T. ) ;
#1983 = CARTESIAN_POINT ( 'NONE',  ( 1.181887395167976917, 5.999899999999999345, -0.7137202317960829046 ) ) ;
#1984 = CARTESIAN_POINT ( 'NONE',  ( 2.564450823292857340, 6.000000000000000000, -0.8669239147458623895 ) ) ;
#1985 = CARTESIAN_POINT ( 'NONE',  ( 1.220930602704622059, 5.999900000000001121, -0.6970020397458625006 ) ) ;
#1986 = DIRECTION ( 'NONE',  ( -0.8571493051170774313, 0.000000000000000000, -0.5150680234078904851 ) ) ;
#1987 = FILL_AREA_STYLE ('',( #1690 ) ) ;
#1988 = CARTESIAN_POINT ( 'NONE',  ( -2.943241815541270956, 5.999900000000000233, 2.819567424523459209 ) ) ;
#1989 = EDGE_CURVE ( 'NONE', #3197, #1185, #1579, .T. ) ;
#1990 = DIRECTION ( 'NONE',  ( -0.8701091694029018386, 0.000000000000000000, 0.4928590400114340464 ) ) ;
#1991 = SURFACE_STYLE_FILL_AREA ( #4227 ) ;
#1992 = UNCERTAINTY_MEASURE_WITH_UNIT (LENGTH_MEASURE( 1.000000000000000082E-05 ), #3165, 'distance_accuracy_value', 'NONE');
#1993 = STYLED_ITEM ( 'NONE', ( #764 ), #3590 ) ;
#1994 = CARTESIAN_POINT ( 'NONE',  ( 2.642690712998740032, 5.999900000000001121, -1.861294319157627442 ) ) ;
#1995 = UNCERTAINTY_MEASURE_WITH_UNIT (LENGTH_MEASURE( 1.000000000000000082E-05 ), #1240, 'distance_accuracy_value', 'NONE');
#1996 = ORIENTED_EDGE ( 'NONE', *, *, #1313, .T. ) ;
#1997 = CARTESIAN_POINT ( 'NONE',  ( 2.564450823292857340, 5.999900000000000233, -0.7135461573929211543 ) ) ;
#1998 = FACE_OUTER_BOUND ( 'NONE', #266, .T. ) ;
#1999 = PRESENTATION_LAYER_ASSIGNMENT (  '', '', ( #4047 ) ) ;
#2000 = FACE_OUTER_BOUND ( 'NONE', #946, .T. ) ;
#2001 = CARTESIAN_POINT ( 'NONE',  ( 1.181946779667099268, 6.000000000000001776, 0.3684274165713390947 ) ) ;
#2002 = DIRECTION ( 'NONE',  ( 0.8679317172888709742, 0.000000000000000000, 0.4966835351851230929 ) ) ;
#2003 = FILL_AREA_STYLE ('',( #1686 ) ) ;
#2004 = ORIENTED_EDGE ( 'NONE', *, *, #2934, .F. ) ;
#2005 = ORIENTED_EDGE ( 'NONE', *, *, #441, .T. ) ;
#2006 = CARTESIAN_POINT ( 'NONE',  ( 1.154974464376837373, 5.999900000000000233, -0.7057670336135434264 ) ) ;
#2007 =( LENGTH_UNIT ( ) NAMED_UNIT ( * ) SI_UNIT ( .MILLI., .METRE. ) );
#2008 = CARTESIAN_POINT ( 'NONE',  ( -1.486720408811058380, 5.999900000000000233, -0.6494015748031420898 ) ) ;
#2009 = LINE ( 'NONE', #1672, #3900 ) ;
#2010 = VERTEX_POINT ( 'NONE', #2681 ) ;
#2011 = DIRECTION ( 'NONE',  ( -0.000000000000000000, 1.000000000000000000, -0.000000000000000000 ) ) ;
#2012 = VECTOR ( 'NONE', #3592, 1000.000000000000000 ) ;
#2013 = CARTESIAN_POINT ( 'NONE',  ( 1.200201249945043180, 6.000000000000002665, -0.7076870924827134424 ) ) ;
#2014 = CARTESIAN_POINT ( 'NONE',  ( 2.564450823292857340, 5.999900000000000233, -0.8669239147458623895 ) ) ;
#2015 = ADVANCED_FACE ( 'NONE', ( #4124 ), #3058, .T. ) ;
#2016 = CARTESIAN_POINT ( 'NONE',  ( 2.636813255159033975, 5.999899999999999345, -1.943799536749464485 ) ) ;
#2017 = ADVANCED_FACE ( 'NONE', ( #3212 ), #4320, .T. ) ;
#2018 = STYLED_ITEM ( 'NONE', ( #13 ), #2070 ) ;
#2019 = EDGE_CURVE ( 'NONE', #830, #4370, #243, .T. ) ;
#2020 = STYLED_ITEM ( 'NONE', ( #2754 ), #1691 ) ;
#2021 = CARTESIAN_POINT ( 'NONE',  ( -0.8275196214094782121, 5.999900000000000233, 1.076720472440948484 ) ) ;
#2022 = CARTESIAN_POINT ( 'NONE',  ( 2.640139079277641354, 5.999900000000002009, -0.6872634109033418648 ) ) ;
#2023 = VERTEX_POINT ( 'NONE', #1787 ) ;
#2024 = CARTESIAN_POINT ( 'NONE',  ( 1.154974464376838039, 6.000000000000001776, -1.941061151260603079 ) ) ;
#2025 =( GEOMETRIC_REPRESENTATION_CONTEXT ( 3 ) GLOBAL_UNCERTAINTY_ASSIGNED_CONTEXT ( ( #1893 ) ) GLOBAL_UNIT_ASSIGNED_CONTEXT ( ( #1043, #2517, #1117 ) ) REPRESENTATION_CONTEXT ( 'NONE', 'WORKASPACE' ) );
#2026 = SURFACE_SIDE_STYLE ('',( #849 ) ) ;
#2027 = DIRECTION ( 'NONE',  ( 0.000000000000000000, 0.000000000000000000, 1.000000000000000000 ) ) ;
#2028 = CARTESIAN_POINT ( 'NONE',  ( 2.571941074772255753, 6.000000000000000888, 0.5176381068884758907 ) ) ;
#2029 = PRESENTATION_STYLE_ASSIGNMENT (( #909 ) ) ;
#2030 = ADVANCED_FACE ( 'NONE', ( #4703 ), #2881, .F. ) ;
#2031 = FACE_OUTER_BOUND ( 'NONE', #2384, .T. ) ;
#2032 = ORIENTED_EDGE ( 'NONE', *, *, #3817, .F. ) ;
#2033 = EDGE_LOOP ( 'NONE', ( #35, #4385, #1679, #3915 ) ) ;
#2034 = CARTESIAN_POINT ( 'NONE',  ( 1.142825864974269079, 5.999900000000000233, 0.6097575159981364346 ) ) ;
#2035 = CARTESIAN_POINT ( 'NONE',  ( -1.394999999999999352, -0.1000000000000000056, 2.500000000000000000 ) ) ;
#2036 = LINE ( 'NONE', #1985, #489 ) ;
#2037 =( NAMED_UNIT ( * ) SI_UNIT ( $, .STERADIAN. ) SOLID_ANGLE_UNIT ( ) );
#2038 = CARTESIAN_POINT ( 'NONE',  ( 1.142690712998739588, 6.000000000000000000, -1.849920238275274187 ) ) ;
#2039 = PRESENTATION_LAYER_ASSIGNMENT (  '', '', ( #3314 ) ) ;
#2040 = ORIENTED_EDGE ( 'NONE', *, *, #3789, .T. ) ;
#2041 = DIRECTION ( 'NONE',  ( -0.000000000000000000, 1.000000000000000000, -0.000000000000000000 ) ) ;
#2042 = DIRECTION ( 'NONE',  ( -0.8571493051170773203, 0.000000000000000000, -0.5150680234078907072 ) ) ;
#2043 = SURFACE_STYLE_USAGE ( .BOTH. , #3878 ) ;
#2044 = CARTESIAN_POINT ( 'NONE',  ( 2.642690712998740032, 6.000000000000000888, -1.861294319157627442 ) ) ;
#2045 = STYLED_ITEM ( 'NONE', ( #1774 ), #1371 ) ;
#2046 = MECHANICAL_DESIGN_GEOMETRIC_PRESENTATION_REPRESENTATION (  '', ( #2496 ), #707 ) ;
#2047 = LINE ( 'NONE', #272, #2611 ) ;
#2048 = DIRECTION ( 'NONE',  ( -0.8571493051170775423, 0.000000000000000000, -0.5150680234078904851 ) ) ;
#2049 = UNCERTAINTY_MEASURE_WITH_UNIT (LENGTH_MEASURE( 1.000000000000000082E-05 ), #280, 'distance_accuracy_value', 'NONE');
#2050 = ORIENTED_EDGE ( 'NONE', *, *, #2167, .T. ) ;
#2051 = DIRECTION ( 'NONE',  ( 0.5150680234078904851, 0.000000000000000000, -0.8571493051170775423 ) ) ;
#2052 = EDGE_CURVE ( 'NONE', #1423, #3068, #385, .T. ) ;
#2053 = FACE_OUTER_BOUND ( 'NONE', #855, .T. ) ;
#2054 = DIRECTION ( 'NONE',  ( -0.000000000000000000, 1.000000000000000000, -0.000000000000000000 ) ) ;
#2055 = DIRECTION ( 'NONE',  ( -0.000000000000000000, -0.000000000000000000, 1.000000000000000000 ) ) ;
#2056 = CARTESIAN_POINT ( 'NONE',  ( -1.911310959992163383, 5.999900000000000233, -0.7001102362204623120 ) ) ;
#2057 = ORIENTED_EDGE ( 'NONE', *, *, #4309, .F. ) ;
#2058 = FACE_OUTER_BOUND ( 'NONE', #4454, .T. ) ;
#2059 =( NAMED_UNIT ( * ) PLANE_ANGLE_UNIT ( ) SI_UNIT ( $, .RADIAN. ) );
#2060 = SURFACE_STYLE_FILL_AREA ( #3187 ) ;
#2061 = PRESENTATION_LAYER_ASSIGNMENT (  '', '', ( #1210 ) ) ;
#2062 = VERTEX_POINT ( 'NONE', #1837 ) ;
#2063 = FACE_OUTER_BOUND ( 'NONE', #2308, .T. ) ;
#2064 = CARTESIAN_POINT ( 'NONE',  ( 2.607189793881092399, 5.999900000000000233, -1.740315458863509468 ) ) ;
#2065 = CARTESIAN_POINT ( 'NONE',  ( 2.610467510789358681, 5.999899999999999345, 0.1704409359852467054 ) ) ;
#2066 = ORIENTED_EDGE ( 'NONE', *, *, #4438, .T. ) ;
#2067 = DIRECTION ( 'NONE',  ( 1.000000000000000000, 0.000000000000000000, -0.000000000000000000 ) ) ;
#2068 = CARTESIAN_POINT ( 'NONE',  ( 2.564450823292857340, 5.999900000000000233, -0.7135461573929211543 ) ) ;
#2069 = FILL_AREA_STYLE ('',( #963 ) ) ;
#2070 = ADVANCED_FACE ( 'NONE', ( #1815 ), #373, .T. ) ;
#2071 = LINE ( 'NONE', #1665, #1186 ) ;
#2072 = VERTEX_POINT ( 'NONE', #2612 ) ;
#2073 = STYLED_ITEM ( 'NONE', ( #814 ), #1866 ) ;
#2074 = CARTESIAN_POINT ( 'NONE',  ( 1.220930602704622059, 5.999900000000001121, 0.5382920779011968193 ) ) ;
#2075 = B_SPLINE_CURVE_WITH_KNOTS ( 'NONE', 3,
 ( #2422, #527, #1677, #3463, #4536, #4563, #2816, #4251, #2756, #978, #3920 ),
 .UNSPECIFIED., .F., .F.,
 ( 4, 1, 1, 1, 1, 1, 1, 1, 4 ),
 ( 0.000000000000000000, 0.2339648385054090562, 0.4198783559695579704, 0.5659151998979442544, 0.6801214999993734356, 0.7723010949812570969, 0.8443163158709261484, 0.9185860088431486714, 1.000000000000000000 ),
 .UNSPECIFIED. ) ;
#2076 = FACE_BOUND ( 'NONE', #494, .T. ) ;
#2077 = CARTESIAN_POINT ( 'NONE',  ( 1.181887395167976917, 5.999999999999999112, 0.5215738858509758602 ) ) ;
#2078 = PRESENTATION_LAYER_ASSIGNMENT (  '', '', ( #17 ) ) ;
#2079 = ORIENTED_EDGE ( 'NONE', *, *, #2585, .F. ) ;
#2080 = EDGE_LOOP ( 'NONE', ( #3250, #3121, #1996, #3318 ) ) ;
#2081 = CARTESIAN_POINT ( 'NONE',  ( 1.178191632116386556, 5.999900000000000233, 1.377906048489432100 ) ) ;
#2082 = CARTESIAN_POINT ( 'NONE',  ( 2.607189793881092399, 5.999900000000000233, 0.7302727764306083946 ) ) ;
#2083 =( LENGTH_UNIT ( ) NAMED_UNIT ( * ) SI_UNIT ( .MILLI., .METRE. ) );
#2084 = CARTESIAN_POINT ( 'NONE',  ( 2.640243940541738610, 5.999899999999999345, 1.582704212329940630 ) ) ;
#2085 = EDGE_CURVE ( 'NONE', #4539, #858, #1115, .T. ) ;
#2086 = CARTESIAN_POINT ( 'NONE',  ( 2.639169935549310786, 5.999999999999998224, -1.019216470181155465 ) ) ;
#2087 = VERTEX_POINT ( 'NONE', #3337 ) ;
#2088 = CARTESIAN_POINT ( 'NONE',  ( 2.641316205600277023, 5.999899999999998457, 1.470570637816364545 ) ) ;
#2089 = SURFACE_STYLE_USAGE ( .BOTH. , #228 ) ;
#2090 = PRODUCT ( 'XGL6060', 'XGL6060', '', ( #4308 ) ) ;
#2091 = CARTESIAN_POINT ( 'NONE',  ( 1.881316632116386556, 5.999900000000000233, -1.277424833863509690 ) ) ;
#2092 = CARTESIAN_POINT ( 'NONE',  ( 2.642690712998740032, 5.999900000000001121, -1.861294319157627442 ) ) ;
#2093 = SURFACE_STYLE_USAGE ( .BOTH. , #4664 ) ;
#2094 = CARTESIAN_POINT ( 'NONE',  ( -1.911310959992163383, 6.000000000000000000, -0.7001102362204623120 ) ) ;
#2095 = VERTEX_POINT ( 'NONE', #2588 ) ;
#2096 = VECTOR ( 'NONE', #32, 1000.000000000000000 ) ;
#2097 = FACE_BOUND ( 'NONE', #3833, .T. ) ;
#2098 = EDGE_CURVE ( 'NONE', #517, #4646, #40, .T. ) ;
#2099 =( NAMED_UNIT ( * ) PLANE_ANGLE_UNIT ( ) SI_UNIT ( $, .RADIAN. ) );
#2100 = CARTESIAN_POINT ( 'NONE',  ( 1.175322422394289079, 6.000000000000000000, 0.7317669740917206456 ) ) ;
#2101 = ADVANCED_FACE ( 'NONE', ( #3362 ), #3732, .T. ) ;
#2102 = COLOUR_RGB ( '',1.000000000000000000, 1.000000000000000000, 1.000000000000000000 ) ;
#2103 = ORIENTED_EDGE ( 'NONE', *, *, #457, .F. ) ;
#2104 = ORIENTED_EDGE ( 'NONE', *, *, #3946, .F. ) ;
#2105 = FACE_OUTER_BOUND ( 'NONE', #4323, .T. ) ;
#2106 = STYLED_ITEM ( 'NONE', ( #4087 ), #846 ) ;
#2107 = DIRECTION ( 'NONE',  ( -0.000000000000000000, 1.000000000000000000, -0.000000000000000000 ) ) ;
#2108 = EDGE_CURVE ( 'NONE', #392, #1844, #4527, .T. ) ;
#2109 = B_SPLINE_CURVE_WITH_KNOTS ( 'NONE', 3,
 ( #4687, #2545, #2120, #3222, #1073, #2193, #1007, #675, #3586, #1773, #3954 ),
 .UNSPECIFIED., .F., .F.,
 ( 4, 1, 1, 1, 1, 1, 1, 1, 4 ),
 ( 0.000000000000000000, 0.2475841483258849618, 0.4361234509600940279, 0.5765471439970870637, 0.6891935206218198218, 0.7769127325059281830, 0.8506699786920552953, 0.9203469832125598105, 1.000000000000000000 ),
 .UNSPECIFIED. ) ;
#2110 = MECHANICAL_DESIGN_GEOMETRIC_PRESENTATION_REPRESENTATION (  '', ( #4154 ), #553 ) ;
#2111 = FILL_AREA_STYLE_COLOUR ( '', #4424 ) ;
#2112 = CARTESIAN_POINT ( 'NONE',  ( 2.564450823292857340, 6.000000000000000000, -0.8669239147458623895 ) ) ;
#2113 = MECHANICAL_DESIGN_GEOMETRIC_PRESENTATION_REPRESENTATION (  '', ( #4317 ), #710 ) ;
#2114 = ORIENTED_EDGE ( 'NONE', *, *, #113, .T. ) ;
#2115 = SURFACE_SIDE_STYLE ('',( #2495 ) ) ;
#2116 = VECTOR ( 'NONE', #1393, 1000.000000000000000 ) ;
#2117 = CARTESIAN_POINT ( 'NONE',  ( 1.146497715025989406, 6.000000000000001776, 0.6905897097364515069 ) ) ;
#2118 =( NAMED_UNIT ( * ) PLANE_ANGLE_UNIT ( ) SI_UNIT ( $, .RADIAN. ) );
#2119 = VECTOR ( 'NONE', #3426, 1000.000000000000000 ) ;
#2120 = CARTESIAN_POINT ( 'NONE',  ( 2.642673057520803503, 5.999899999999997569, 0.6397636803903865577 ) ) ;
#2121 =( NAMED_UNIT ( * ) SI_UNIT ( $, .STERADIAN. ) SOLID_ANGLE_UNIT ( ) );
#2122 =( LENGTH_UNIT ( ) NAMED_UNIT ( * ) SI_UNIT ( .MILLI., .METRE. ) );
#2123 = UNCERTAINTY_MEASURE_WITH_UNIT (LENGTH_MEASURE( 1.000000000000000082E-05 ), #215, 'distance_accuracy_value', 'NONE');
#2124 = VERTEX_POINT ( 'NONE', #4502 ) ;
#2125 = SURFACE_SIDE_STYLE ('',( #1335 ) ) ;
#2126 =( NAMED_UNIT ( * ) PLANE_ANGLE_UNIT ( ) SI_UNIT ( $, .RADIAN. ) );
#2127 = CARTESIAN_POINT ( 'NONE',  ( 2.610351767915529031, 6.000000000000000000, -1.741933696777567597 ) ) ;
#2128 = CARTESIAN_POINT ( 'NONE',  ( 2.642646007643794537, 5.999999999999998224, -1.873250961106820212 ) ) ;
#2129 = COLOUR_RGB ( '',1.000000000000000000, 1.000000000000000000, 1.000000000000000000 ) ;
#2130 = ORIENTED_EDGE ( 'NONE', *, *, #3986, .T. ) ;
#2131 = DIRECTION ( 'NONE',  ( -0.000000000000000000, 1.000000000000000000, -0.000000000000000000 ) ) ;
#2132 = SURFACE_STYLE_FILL_AREA ( #4268 ) ;
#2133 = B_SPLINE_SURFACE_WITH_KNOTS ( 'NONE', 3, 1, ( 
 ( #4576, #2810 ),
 ( #633, #658 ),
 ( #3960, #1713 ),
 ( #3206, #1810 ),
 ( #2528, #609 ),
 ( #4625, #3979 ),
 ( #2898, #2855 ),
 ( #262, #2077 ),
 ( #1734, #3570 ),
 ( #2506, #307 ),
 ( #1362, #3621 ) ),
 .UNSPECIFIED., .F., .F., .F.,
 ( 4, 1, 1, 1, 1, 1, 1, 1, 4 ),
 ( 2, 2 ),
 ( 0.000000000000000000, 0.2009044012478304053, 0.3599846282170884315, 0.4835952109184648018, 0.5715364693554770836, 0.6460191871590634793, 0.7285858147531646400, 0.8430130251172095468, 1.000000000000000000 ),
 ( 0.000000000000000000, 1.000000000000000000 ),
 .UNSPECIFIED. ) ;
#2134 = CARTESIAN_POINT ( 'NONE',  ( 1.876491264469327680, 5.999900000000000233, -0.3061472603340976151 ) ) ;
#2135 = PRESENTATION_STYLE_ASSIGNMENT (( #2043 ) ) ;
#2136 = MECHANICAL_DESIGN_GEOMETRIC_PRESENTATION_REPRESENTATION (  '', ( #1048 ), #2740 ) ;
#2137 = EDGE_CURVE ( 'NONE', #902, #2023, #1217, .T. ) ;
#2138 = EDGE_CURVE ( 'NONE', #2811, #1077, #4515, .T. ) ;
#2139 = CARTESIAN_POINT ( 'NONE',  ( 2.640139079277641798, 6.000000000000001776, -1.922557528550401074 ) ) ;
#2140 = CARTESIAN_POINT ( 'NONE',  ( 2.607189793881092843, 5.999900000000000233, 1.403756232312961538 ) ) ;
#2141 = VERTEX_POINT ( 'NONE', #2748 ) ;
#2142 = CARTESIAN_POINT ( 'NONE',  ( 2.639169935549310786, 5.999900000000001121, 1.451371765112962287 ) ) ;
#2143 = CARTESIAN_POINT ( 'NONE',  ( -0.6555708025118480720, 6.000000000000000000, -0.6561377952755882426 ) ) ;
#2144 = CARTESIAN_POINT ( 'NONE',  ( 1.142690712998739588, 6.000000000000000000, 0.6206679970188436757 ) ) ;
#2145 = CARTESIAN_POINT ( 'NONE',  ( -3.354999999999999094, 6.000000000000000000, -3.454999999999999627 ) ) ;
#2146 = LINE ( 'NONE', #1729, #3734 ) ;
#2147 = CARTESIAN_POINT ( 'NONE',  ( 1.213298624243933643, 5.999900000000000233, 1.589088432830282116 ) ) ;
#2148 = ORIENTED_EDGE ( 'NONE', *, *, #3067, .F. ) ;
#2149 = MECHANICAL_DESIGN_GEOMETRIC_PRESENTATION_REPRESENTATION (  '', ( #4649 ), #3582 ) ;
#2150 = VERTEX_POINT ( 'NONE', #478 ) ;
#2151 =( NAMED_UNIT ( * ) PLANE_ANGLE_UNIT ( ) SI_UNIT ( $, .RADIAN. ) );
#2152 = CARTESIAN_POINT ( 'NONE',  ( 1.143897626635291154, 6.000000000000000888, 0.6725800144058668995 ) ) ;
#2153 = MECHANICAL_DESIGN_GEOMETRIC_PRESENTATION_REPRESENTATION (  '', ( #2374 ), #2025 ) ;
#2154 =( NAMED_UNIT ( * ) SI_UNIT ( $, .STERADIAN. ) SOLID_ANGLE_UNIT ( ) );
#2155 = B_SPLINE_CURVE_WITH_KNOTS ( 'NONE', 3,
 ( #4286, #2100, #1013, #4337, #3231, #4697, #285, #2152, #2877, #1036, #3550 ),
 .UNSPECIFIED., .F., .F.,
 ( 4, 1, 1, 1, 1, 1, 1, 1, 4 ),
 ( 0.000000000000000000, 0.08269940838263134530, 0.1609352856402981868, 0.2384022412677344882, 0.3252932597831255657, 0.4321161260274609672, 0.5729322032451371616, 0.7592645677637445134, 1.000000000000000000 ),
 .UNSPECIFIED. ) ;
#2156 = VERTEX_POINT ( 'NONE', #3820 ) ;
#2157 = CARTESIAN_POINT ( 'NONE',  ( 2.624753711275634060, 6.000000000000001776, 0.1810289450280383738 ) ) ;
#2158 = B_SPLINE_SURFACE_WITH_KNOTS ( 'NONE', 3, 1, ( 
 ( #805, #467 ),
 ( #446, #1955 ),
 ( #3630, #97 ),
 ( #4473, #1840 ) ),
 .UNSPECIFIED., .F., .F., .F.,
 ( 4, 4 ),
 ( 2, 2 ),
 ( 0.000000000000000000, 0.09090909090909091161 ),
 ( 0.000000000000000000, 1.000000000000000000 ),
 .UNSPECIFIED. ) ;
#2159 = CARTESIAN_POINT ( 'NONE',  ( 2.629826558503599365, 5.999999999999999112, 1.616231457385233883 ) ) ;
#2160 = CARTESIAN_POINT ( 'NONE',  ( 2.642684319598296749, 5.999899999999999345, -0.6149664925970361740 ) ) ;
#2161 = SURFACE_STYLE_FILL_AREA ( #1695 ) ;
#2162 = CARTESIAN_POINT ( 'NONE',  ( 2.636813255159033975, 5.999999999999999112, -1.943799536749464485 ) ) ;
#2163 = ADVANCED_FACE ( 'NONE', ( #193 ), #2338, .T. ) ;
#2164 = CARTESIAN_POINT ( 'NONE',  ( 2.635047234864875687, 5.999900000000002009, 0.6996747213392368048 ) ) ;
#2165 = ADVANCED_FACE ( 'NONE', ( #4599 ), #4669, .T. ) ;
#2166 = VERTEX_POINT ( 'NONE', #1689 ) ;
#2167 = EDGE_CURVE ( 'NONE', #3792, #2627, #1712, .T. ) ;
#2168 = FILL_AREA_STYLE ('',( #1 ) ) ;
#2169 = AXIS2_PLACEMENT_3D ( 'NONE', #4598, #631, #1777 ) ;
#2170 = CARTESIAN_POINT ( 'NONE',  ( 2.584843896998425539, 5.999900000000001121, -0.8554607890441922047 ) ) ;
#2171 = CARTESIAN_POINT ( 'NONE',  ( 2.640243940541738610, 6.000000000000000000, 1.582704212329940630 ) ) ;
#2172 = ORIENTED_EDGE ( 'NONE', *, *, #726, .F. ) ;
#2173 = COLOUR_RGB ( '',1.000000000000000000, 1.000000000000000000, 1.000000000000000000 ) ;
#2174 = CARTESIAN_POINT ( 'NONE',  ( 1.149025747743360526, 5.999900000000002009, 0.7045314611577949693 ) ) ;
#2175 = MECHANICAL_DESIGN_GEOMETRIC_PRESENTATION_REPRESENTATION (  '', ( #937 ), #688 ) ;
#2176 = ORIENTED_EDGE ( 'NONE', *, *, #1075, .T. ) ;
#2177 = CARTESIAN_POINT ( 'NONE',  ( 1.175322422394289079, 6.000000000000000000, -0.5035271435553383412 ) ) ;
#2178 = COLOUR_RGB ( '',1.000000000000000000, 1.000000000000000000, 1.000000000000000000 ) ;
#2179 = ORIENTED_EDGE ( 'NONE', *, *, #3438, .T. ) ;
#2180 = CARTESIAN_POINT ( 'NONE',  ( 2.639169935549311674, 5.999900000000001121, 0.2160776474659031610 ) ) ;
#2181 =( LENGTH_UNIT ( ) NAMED_UNIT ( * ) SI_UNIT ( .MILLI., .METRE. ) );
#2182 = CARTESIAN_POINT ( 'NONE',  ( -2.943241815541270956, 5.999900000000000233, -2.819567424523458321 ) ) ;
#2183 =( NAMED_UNIT ( * ) PLANE_ANGLE_UNIT ( ) SI_UNIT ( $, .RADIAN. ) );
#2184 = UNCERTAINTY_MEASURE_WITH_UNIT (LENGTH_MEASURE( 1.000000000000000082E-05 ), #3489, 'distance_accuracy_value', 'NONE');
#2185 = FILL_AREA_STYLE ('',( #3602 ) ) ;
#2186 = EDGE_CURVE ( 'NONE', #1517, #1046, #3524, .T. ) ;
#2187 = MECHANICAL_DESIGN_GEOMETRIC_PRESENTATION_REPRESENTATION (  '', ( #3623 ), #2563 ) ;
#2188 = EDGE_LOOP ( 'NONE', ( #3203, #2231, #2436, #4619 ) ) ;
#2189 = PRESENTATION_STYLE_ASSIGNMENT (( #2212 ) ) ;
#2190 = LINE ( 'NONE', #3638, #3671 ) ;
#2191 = CARTESIAN_POINT ( 'NONE',  ( 1.154538716452735647, 5.999899999999998457, 0.7146812797883247415 ) ) ;
#2192 = CARTESIAN_POINT ( 'NONE',  ( 1.142930022522763656, 5.999900000000000233, -0.9572398443958084480 ) ) ;
#2193 = CARTESIAN_POINT ( 'NONE',  ( 2.635047234864875687, 5.999900000000002009, 0.6996747213392368048 ) ) ;
#2194 = CARTESIAN_POINT ( 'NONE',  ( 1.143354133692981112, 5.999900000000001121, 1.534705159652830053 ) ) ;
#2195 = ORIENTED_EDGE ( 'NONE', *, *, #1196, .T. ) ;
#2196 = B_SPLINE_SURFACE_WITH_KNOTS ( 'NONE', 3, 1, ( 
 ( #2366, #1014 ),
 ( #2857, #868 ),
 ( #4315, #923 ),
 ( #3078, #550 ),
 ( #2396, #155 ),
 ( #1624, #3829 ),
 ( #2016, #2318 ),
 ( #1319, #3410 ),
 ( #202, #3940 ),
 ( #3487, #2128 ),
 ( #3803, #2044 ) ),
 .UNSPECIFIED., .F., .F., .F.,
 ( 4, 1, 1, 1, 1, 1, 1, 1, 4 ),
 ( 2, 2 ),
 ( 0.000000000000000000, 0.1506145446497700602, 0.2596734740599796476, 0.3388177727155970431, 0.4102835628096077603, 0.5019338459622255666, 0.6260648387140322901, 0.7889788725463123820, 0.9999999999999998890 ),
 ( 0.000000000000000000, 1.000000000000000000 ),
 .UNSPECIFIED. ) ;
#2197 = EDGE_CURVE ( 'NONE', #4049, #3083, #4288, .T. ) ;
#2198 = STYLED_ITEM ( 'NONE', ( #3359 ), #2953 ) ;
#2199 = CARTESIAN_POINT ( 'NONE',  ( 1.142690712998739588, 6.000000000000000000, -0.9692906426870387948 ) ) ;
#2200 = ORIENTED_EDGE ( 'NONE', *, *, #265, .F. ) ;
#2201 = CARTESIAN_POINT ( 'NONE',  ( 1.142774914274140352, 5.999900000000000233, 0.2364644427986457020 ) ) ;
#2202 = CARTESIAN_POINT ( 'NONE',  ( 2.616279699699928685, 6.000000000000000000, -1.744967499035585012 ) ) ;
#2203 = ORIENTED_EDGE ( 'NONE', *, *, #4541, .T. ) ;
#2204 = PRESENTATION_STYLE_ASSIGNMENT (( #2901 ) ) ;
#2205 = CARTESIAN_POINT ( 'NONE',  ( 2.616607625011923233, 6.000000000000000000, 0.1741478421235338192 ) ) ;
#2206 = SURFACE_STYLE_FILL_AREA ( #3706 ) ;
#2207 = CARTESIAN_POINT ( 'NONE',  ( 1.175344842613581742, 6.000000000000001776, 1.380237189032058387 ) ) ;
#2208 =( NAMED_UNIT ( * ) PLANE_ANGLE_UNIT ( ) SI_UNIT ( $, .RADIAN. ) );
#2209 = COLOUR_RGB ( '',1.000000000000000000, 1.000000000000000000, 1.000000000000000000 ) ;
#2210 = CARTESIAN_POINT ( 'NONE',  ( 1.142690712998739588, 6.000000000000000000, -1.849920238275274187 ) ) ;
#2211 = ORIENTED_EDGE ( 'NONE', *, *, #4431, .T. ) ;
#2212 = SURFACE_STYLE_USAGE ( .BOTH. , #2568 ) ;
#2213 = CARTESIAN_POINT ( 'NONE',  ( 2.630254047037110965, 6.000000000000000000, -0.5243396465367895498 ) ) ;
#2214 = CARTESIAN_POINT ( 'NONE',  ( 1.149025747743360526, 5.999900000000002009, -0.5307626564892643506 ) ) ;
#2215 = CARTESIAN_POINT ( 'NONE',  ( 1.146505634764222181, 5.999900000000001121, -1.044398651139731404 ) ) ;
#2216 = CARTESIAN_POINT ( 'NONE',  ( 0.3986378589054800359, 6.000000000000000000, 0.6848070866141745539 ) ) ;
#2217 = EDGE_LOOP ( 'NONE', ( #2949, #363, #4306, #2114 ) ) ;
#2218 = EDGE_CURVE ( 'NONE', #2693, #3553, #3937, .T. ) ;
#2219 = PLANE ( 'NONE',  #1080 ) ;
#2220 = VERTEX_POINT ( 'NONE', #590 ) ;
#2221 = CARTESIAN_POINT ( 'NONE',  ( 2.642690712998740032, 6.000000000000000888, 0.6092939161364908651 ) ) ;
#2222 = CARTESIAN_POINT ( 'NONE',  ( 1.142774914274140574, 5.999999999999999112, -0.9988296748484128962 ) ) ;
#2223 = EDGE_LOOP ( 'NONE', ( #3269, #677, #2792, #190 ) ) ;
#2224 = CARTESIAN_POINT ( 'NONE',  ( 1.142690712998739588, 5.999900000000000233, -0.6146261206282154221 ) ) ;
#2225 = CARTESIAN_POINT ( 'NONE',  ( 2.602780714937743323, 5.999899999999999345, -0.7316181716930250101 ) ) ;
#2226 = VECTOR ( 'NONE', #2594, 999.9999999999998863 ) ;
#2227 =( NAMED_UNIT ( * ) SI_UNIT ( $, .STERADIAN. ) SOLID_ANGLE_UNIT ( ) );
#2228 = UNCERTAINTY_MEASURE_WITH_UNIT (LENGTH_MEASURE( 1.000000000000000082E-05 ), #4107, 'distance_accuracy_value', 'NONE');
#2229 = CARTESIAN_POINT ( 'NONE',  ( 2.564450823292857340, 6.000000000000000000, 0.3683702029011965418 ) ) ;
#2230 = LINE ( 'NONE', #1922, #3752 ) ;
#2231 = ORIENTED_EDGE ( 'NONE', *, *, #195, .F. ) ;
#2232 = B_SPLINE_SURFACE_WITH_KNOTS ( 'NONE', 3, 1, ( 
 ( #3662, #88 ),
 ( #815, #436 ),
 ( #47, #456 ),
 ( #1220, #1923 ),
 ( #1554, #1503 ),
 ( #3388, #112 ),
 ( #1845, #3717 ),
 ( #418, #20 ),
 ( #2682, #1898 ),
 ( #1580, #3039 ),
 ( #4125, #839 ) ),
 .UNSPECIFIED., .F., .F., .F.,
 ( 4, 1, 1, 1, 1, 1, 1, 1, 4 ),
 ( 2, 2 ),
 ( 0.000000000000000000, 0.08269940838263233063, 0.1609352856402981591, 0.2384022412677351266, 0.3252932597831262318, 0.4321161260274608562, 0.5729322032451388269, 0.7592645677637461787, 1.000000000000000000 ),
 ( 0.000000000000000000, 1.000000000000000000 ),
 .UNSPECIFIED. ) ;
#2233 = CARTESIAN_POINT ( 'NONE',  ( 2.564450823292857340, 6.000000000000000000, -0.8669239147458623895 ) ) ;
#2234 = UNCERTAINTY_MEASURE_WITH_UNIT (LENGTH_MEASURE( 1.000000000000000082E-05 ), #3985, 'distance_accuracy_value', 'NONE');
#2235 = CARTESIAN_POINT ( 'NONE',  ( 3.355000000000001759, 6.000000000000000000, 3.455000000000000515 ) ) ;
#2236 =( NAMED_UNIT ( * ) SI_UNIT ( $, .STERADIAN. ) SOLID_ANGLE_UNIT ( ) );
#2237 = CARTESIAN_POINT ( 'NONE',  ( 2.641316205600277911, 5.999900000000002009, -1.000017597477753206 ) ) ;
#2238 = CARTESIAN_POINT ( 'NONE',  ( -1.763090487551214780, 5.999900000000000233, -0.04034645669290454206 ) ) ;
#2239 = ORIENTED_EDGE ( 'NONE', *, *, #1771, .T. ) ;
#2240 =( NAMED_UNIT ( * ) PLANE_ANGLE_UNIT ( ) SI_UNIT ( $, .RADIAN. ) );
#2241 = CARTESIAN_POINT ( 'NONE',  ( 1.169901077095652830, 5.999999999999999112, -1.085893329071908164 ) ) ;
#2242 = VECTOR ( 'NONE', #2027, 1000.000000000000000 ) ;
#2243 = MECHANICAL_DESIGN_GEOMETRIC_PRESENTATION_REPRESENTATION (  '', ( #2018 ), #4517 ) ;
#2244 = ORIENTED_EDGE ( 'NONE', *, *, #495, .T. ) ;
#2245 = ORIENTED_EDGE ( 'NONE', *, *, #129, .F. ) ;
#2246 = ORIENTED_EDGE ( 'NONE', *, *, #2098, .F. ) ;
#2247 = CARTESIAN_POINT ( 'NONE',  ( 2.636813255159033975, 5.999900000000000233, -0.7085054191024058312 ) ) ;
#2248 = CARTESIAN_POINT ( 'NONE',  ( -2.943241815541270956, 5.999900000000000233, -2.819567424523458321 ) ) ;
#2249 = FACE_OUTER_BOUND ( 'NONE', #3745, .T. ) ;
#2250 = CARTESIAN_POINT ( 'NONE',  ( 1.149120405164141490, 5.999900000000001121, 1.410468524459412176 ) ) ;
#2251 = CARTESIAN_POINT ( 'NONE',  ( 2.635606768424067603, 5.999999999999997335, 1.436603339640501797 ) ) ;
#2252 = PRESENTATION_LAYER_ASSIGNMENT (  '', '', ( #3702 ) ) ;
#2253 = EDGE_CURVE ( 'NONE', #630, #603, #608, .T. ) ;
#2254 = VECTOR ( 'NONE', #231, 1000.000000000000000 ) ;
#2255 = CARTESIAN_POINT ( 'NONE',  ( -2.644999999999999130, -0.1000000000000000056, -2.500000000000000000 ) ) ;
#2256 = VERTEX_POINT ( 'NONE', #3892 ) ;
#2257 = DIRECTION ( 'NONE',  ( -1.000000000000000000, -0.000000000000000000, 3.453728408488213260E-15 ) ) ;
#2258 = MECHANICAL_DESIGN_GEOMETRIC_PRESENTATION_REPRESENTATION (  '', ( #3929 ), #4613 ) ;
#2259 = CARTESIAN_POINT ( 'NONE',  ( 2.642667625737631809, 5.999999999999998224, -0.9750569420324970427 ) ) ;
#2260 = CARTESIAN_POINT ( 'NONE',  ( 1.178191632116386556, 6.000000000000000000, 0.1426119308423729748 ) ) ;
#2261 = CARTESIAN_POINT ( 'NONE',  ( 2.642539632016172924, 6.000000000000001776, 1.556265576933502315 ) ) ;
#2262 = CARTESIAN_POINT ( 'NONE',  ( -1.193625920622085834, 6.000000000000000000, -0.9661574803149570734 ) ) ;
#2263 = CARTESIAN_POINT ( 'NONE',  ( 2.624753711275634060, 6.000000000000001776, 0.1810289450280383738 ) ) ;
#2264 = SURFACE_STYLE_FILL_AREA ( #4094 ) ;
#2265 = CARTESIAN_POINT ( 'NONE',  ( 1.142774914274140574, 5.999999999999999112, -0.9988296748484128962 ) ) ;
#2266 = ORIENTED_EDGE ( 'NONE', *, *, #380, .T. ) ;
#2267 = CARTESIAN_POINT ( 'NONE',  ( 1.142722440240110604, 5.999900000000001121, -0.6045180104728291592 ) ) ;
#2268 = PRESENTATION_STYLE_ASSIGNMENT (( #1565 ) ) ;
#2269 = STYLED_ITEM ( 'NONE', ( #4188 ), #1345 ) ;
#2270 = VERTEX_POINT ( 'NONE', #3229 ) ;
#2271 = ORIENTED_EDGE ( 'NONE', *, *, #4166, .T. ) ;
#2272 = COLOUR_RGB ( '',0.8274509803921568096, 0.8392156862745098200, 0.8274509803921568096 ) ;
#2273 = DIRECTION ( 'NONE',  ( -0.000000000000000000, -0.000000000000000000, 1.000000000000000000 ) ) ;
#2274 = DIRECTION ( 'NONE',  ( 0.8644584418281031635, 0.000000000000000000, -0.5027042891722012241 ) ) ;
#2275 = CARTESIAN_POINT ( 'NONE',  ( 2.564450823292857340, 5.999900000000000233, 0.5217479602541378325 ) ) ;
#2276 = DIRECTION ( 'NONE',  ( -0.000000000000000000, 1.000000000000000000, -0.000000000000000000 ) ) ;
#2277 = CARTESIAN_POINT ( 'NONE',  ( 2.635047234864875687, 6.000000000000001776, 0.6996747213392368048 ) ) ;
#2278 = ADVANCED_FACE ( 'NONE', ( #4311 ), #1496, .T. ) ;
#2279 = MECHANICAL_DESIGN_GEOMETRIC_PRESENTATION_REPRESENTATION (  '', ( #3411 ), #644 ) ;
#2280 = CARTESIAN_POINT ( 'NONE',  ( 1.146505634764221959, 5.999999999999997335, 0.1908954665073277213 ) ) ;
#2281 = UNCERTAINTY_MEASURE_WITH_UNIT (LENGTH_MEASURE( 1.000000000000000082E-05 ), #943, 'distance_accuracy_value', 'NONE');
#2282 = CARTESIAN_POINT ( 'NONE',  ( 0.3034685675668905014, 5.999900000000000233, -1.102125984251969282 ) ) ;
#2283 = CARTESIAN_POINT ( 'NONE',  ( 1.142722440240110604, 5.999900000000001121, -1.839812128119887813 ) ) ;
#2284 = CARTESIAN_POINT ( 'NONE',  ( 2.641316205600277023, 5.999999999999999112, 0.2352765201693059749 ) ) ;
#2285 = PLANE ( 'NONE',  #108 ) ;
#2286 =( LENGTH_UNIT ( ) NAMED_UNIT ( * ) SI_UNIT ( .MILLI., .METRE. ) );
#2287 = CARTESIAN_POINT ( 'NONE',  ( 1.161530783382918042, 6.000000000000000000, -1.079908615883631962 ) ) ;
#2288 = ORIENTED_EDGE ( 'NONE', *, *, #4082, .F. ) ;
#2289 = ORIENTED_EDGE ( 'NONE', *, *, #237, .T. ) ;
#2290 = CARTESIAN_POINT ( 'NONE',  ( 1.876491264469327680, 5.999900000000000233, -1.541441377981156435 ) ) ;
#2291 = DIRECTION ( 'NONE',  ( 0.8589240550050706302, 0.000000000000000000, 0.5121029854762092492 ) ) ;
#2292 = DIRECTION ( 'NONE',  ( -0.5103313329909725526, 0.000000000000000000, -0.8599778663242776400 ) ) ;
#2293 = CARTESIAN_POINT ( 'NONE',  ( 2.642684319598296749, 5.999899999999999345, 0.6203276250500228128 ) ) ;
#2294 = PRESENTATION_LAYER_ASSIGNMENT (  '', '', ( #1993 ) ) ;
#2295 = FACE_OUTER_BOUND ( 'NONE', #555, .T. ) ;
#2296 = VECTOR ( 'NONE', #2772, 1000.000000000000000 ) ;
#2297 = CARTESIAN_POINT ( 'NONE',  ( 2.639169935549310786, 5.999899999999998457, -1.019216470181155465 ) ) ;
#2298 = ADVANCED_FACE ( 'NONE', ( #3301 ), #46, .T. ) ;
#2299 = SURFACE_STYLE_USAGE ( .BOTH. , #3018 ) ;
#2300 = ADVANCED_FACE ( 'NONE', ( #3354 ), #1816, .T. ) ;
#2301 =( NAMED_UNIT ( * ) SI_UNIT ( $, .STERADIAN. ) SOLID_ANGLE_UNIT ( ) );
#2302 = DIRECTION ( 'NONE',  ( 0.000000000000000000, 0.000000000000000000, -1.000000000000000000 ) ) ;
#2303 = DIRECTION ( 'NONE',  ( 0.8644584418281031635, 0.000000000000000000, -0.5027042891722010021 ) ) ;
#2304 = CARTESIAN_POINT ( 'NONE',  ( 1.147672671593931160, 5.999900000000000233, 0.3480305999690833096 ) ) ;
#2305 =( NAMED_UNIT ( * ) SI_UNIT ( $, .STERADIAN. ) SOLID_ANGLE_UNIT ( ) );
#2306 = CARTESIAN_POINT ( 'NONE',  ( 1.143951580070068808, 6.000000000000000888, -1.024394971984033509 ) ) ;
#2307 = VERTEX_POINT ( 'NONE', #2562 ) ;
#2308 = EDGE_LOOP ( 'NONE', ( #3233, #2467, #690, #1832 ) ) ;
#2309 = CARTESIAN_POINT ( 'NONE',  ( 1.166518503127166762, 6.000000000000000000, -0.7140105385491253287 ) ) ;
#2310 = CARTESIAN_POINT ( 'NONE',  ( 1.142690712998739588, 6.000000000000000000, 1.501297592607079068 ) ) ;
#2311 = CARTESIAN_POINT ( 'NONE',  ( 1.213298624243933199, 5.999899999999999345, -0.8814998024638358576 ) ) ;
#2312 = LINE ( 'NONE', #4172, #3390 ) ;
#2313 =( GEOMETRIC_REPRESENTATION_CONTEXT ( 3 ) GLOBAL_UNCERTAINTY_ASSIGNED_CONTEXT ( ( #813 ) ) GLOBAL_UNIT_ASSIGNED_CONTEXT ( ( #1302, #584, #4686 ) ) REPRESENTATION_CONTEXT ( 'NONE', 'WORKASPACE' ) );
#2314 = CARTESIAN_POINT ( 'NONE',  ( 2.635350662869938354, 5.999900000000000233, 0.5248800515899163521 ) ) ;
#2315 = CARTESIAN_POINT ( 'NONE',  ( 2.639295963283396329, 5.999899999999997569, 0.6850376199589710557 ) ) ;
#2316 =( LENGTH_UNIT ( ) NAMED_UNIT ( * ) SI_UNIT ( .MILLI., .METRE. ) );
#2317 = VECTOR ( 'NONE', #4396, 1000.000000000000114 ) ;
#2318 = CARTESIAN_POINT ( 'NONE',  ( 2.636813255159033975, 5.999999999999999112, -1.943799536749464485 ) ) ;
#2319 = MECHANICAL_DESIGN_GEOMETRIC_PRESENTATION_REPRESENTATION (  '', ( #850 ), #689 ) ;
#2320 = DIRECTION ( 'NONE',  ( -0.000000000000000000, 1.000000000000000000, -0.000000000000000000 ) ) ;
#2321 = DIRECTION ( 'NONE',  ( -0.000000000000000000, 1.000000000000000000, -0.000000000000000000 ) ) ;
#2322 = UNCERTAINTY_MEASURE_WITH_UNIT (LENGTH_MEASURE( 1.000000000000000082E-05 ), #4393, 'distance_accuracy_value', 'NONE');
#2323 = CARTESIAN_POINT ( 'NONE',  ( 1.178191632116386556, 5.999900000000000233, 0.1426119308423729748 ) ) ;
#2324 = DIRECTION ( 'NONE',  ( -1.000000000000000000, -0.000000000000000000, -0.000000000000000000 ) ) ;
#2325 = AXIS2_PLACEMENT_3D ( 'NONE', #1670, #941, #565 ) ;
#2326 = VECTOR ( 'NONE', #463, 1000.000000000000000 ) ;
#2327 = LINE ( 'NONE', #3392, #41 ) ;
#2328 = CARTESIAN_POINT ( 'NONE',  ( 1.143354133692981112, 5.999900000000000233, 0.2994110420057710109 ) ) ;
#2329 = CARTESIAN_POINT ( 'NONE',  ( 2.642690712998739588, 5.999900000000000233, 1.524735092607079068 ) ) ;
#2330 = ADVANCED_FACE ( 'NONE', ( #4097 ), #2158, .F. ) ;
#2331 = AXIS2_PLACEMENT_3D ( 'NONE', #4120, #834, #3796 ) ;
#2332 = ORIENTED_EDGE ( 'NONE', *, *, #1091, .T. ) ;
#2333 = EDGE_CURVE ( 'NONE', #1185, #4627, #1676, .T. ) ;
#2334 = ORIENTED_EDGE ( 'NONE', *, *, #2108, .F. ) ;
#2335 = CARTESIAN_POINT ( 'NONE',  ( 1.154974464376837373, 6.000000000000000000, -0.7057670336135434264 ) ) ;
#2336 = CARTESIAN_POINT ( 'NONE',  ( 2.641323004694411392, 6.000000000000003553, -0.5698892122843346453 ) ) ;
#2337 = LINE ( 'NONE', #1191, #1566 ) ;
#2338 = PLANE ( 'NONE',  #3217 ) ;
#2339 = CARTESIAN_POINT ( 'NONE',  ( 2.564450823292857340, 6.000000000000000000, -0.8669239147458623895 ) ) ;
#2340 = MECHANICAL_DESIGN_GEOMETRIC_PRESENTATION_REPRESENTATION (  '', ( #3395 ), #4161 ) ;
#2341 = LINE ( 'NONE', #3777, #2377 ) ;
#2342 = CARTESIAN_POINT ( 'NONE',  ( 2.607189793881092399, 5.999900000000000233, -1.066832002981156435 ) ) ;
#2343 =( NAMED_UNIT ( * ) SI_UNIT ( $, .STERADIAN. ) SOLID_ANGLE_UNIT ( ) );
#2344 = CARTESIAN_POINT ( 'NONE',  ( 2.584854964514850639, 6.000000000000000888, -0.7247417799571702623 ) ) ;
#2345 = VERTEX_POINT ( 'NONE', #4727 ) ;
#2346 = FACE_OUTER_BOUND ( 'NONE', #3169, .T. ) ;
#2347 = CARTESIAN_POINT ( 'NONE',  ( 1.148772520324219615, 5.999900000000000233, -1.926402505471917603 ) ) ;
#2348 = STYLED_ITEM ( 'NONE', ( #1583 ), #2680 ) ;
#2349 = PRESENTATION_STYLE_ASSIGNMENT (( #4210 ) ) ;
#2350 = MECHANICAL_DESIGN_GEOMETRIC_PRESENTATION_REPRESENTATION (  '', ( #1210 ), #1818 ) ;
#2351 = DIRECTION ( 'NONE',  ( -0.000000000000000000, 1.000000000000000000, -0.000000000000000000 ) ) ;
#2352 = CARTESIAN_POINT ( 'NONE',  ( 1.175344842613581742, 6.000000000000000000, 1.380237189032058387 ) ) ;
#2353 = DIRECTION ( 'NONE',  ( 1.000000000000000000, -0.000000000000000000, -0.000000000000000000 ) ) ;
#2354 = ORIENTED_EDGE ( 'NONE', *, *, #390, .T. ) ;
#2355 = ORIENTED_EDGE ( 'NONE', *, *, #1601, .T. ) ;
#2356 = EDGE_CURVE ( 'NONE', #3356, #375, #1584, .T. ) ;
#2357 = CARTESIAN_POINT ( 'NONE',  ( 1.144617761972859249, 5.999900000000000233, -0.6714010358648633270 ) ) ;
#2358 = CARTESIAN_POINT ( 'NONE',  ( 2.642636186262780740, 5.999999999999999112, 0.3008206626235513381 ) ) ;
#2359 = CARTESIAN_POINT ( 'NONE',  ( 1.143354133692980668, 5.999899999999999345, -0.9358830756412876983 ) ) ;
#2360 =( LENGTH_UNIT ( ) NAMED_UNIT ( * ) SI_UNIT ( .MILLI., .METRE. ) );
#2361 = CARTESIAN_POINT ( 'NONE',  ( 1.143793079353702780, 6.000000000000000888, 0.3276079968011174626 ) ) ;
#2362 = ORIENTED_EDGE ( 'NONE', *, *, #1801, .F. ) ;
#2363 = SURFACE_SIDE_STYLE ('',( #151 ) ) ;
#2364 = CARTESIAN_POINT ( 'NONE',  ( 1.142825864974269079, 6.000000000000000000, -0.6255366016489226633 ) ) ;
#2365 = UNCERTAINTY_MEASURE_WITH_UNIT (LENGTH_MEASURE( 1.000000000000000082E-05 ), #2834, 'distance_accuracy_value', 'NONE');
#2366 = CARTESIAN_POINT ( 'NONE',  ( 2.564450823292857784, 5.999900000000001121, -1.948840275039980474 ) ) ;
#2367 = PRESENTATION_LAYER_ASSIGNMENT (  '', '', ( #4422 ) ) ;
#2368 = CARTESIAN_POINT ( 'NONE',  ( -0.2367637158976684808, 5.999900000000000233, 0.8929055118110230671 ) ) ;
#2369 = EDGE_CURVE ( 'NONE', #4034, #4223, #3518, .T. ) ;
#2370 = FILL_AREA_STYLE_COLOUR ( '', #33 ) ;
#2371 = UNCERTAINTY_MEASURE_WITH_UNIT (LENGTH_MEASURE( 1.000000000000000082E-05 ), #3331, 'distance_accuracy_value', 'NONE');
#2372 = SURFACE_STYLE_FILL_AREA ( #1247 ) ;
#2373 = ORIENTED_EDGE ( 'NONE', *, *, #4659, .F. ) ;
#2374 = STYLED_ITEM ( 'NONE', ( #3631 ), #4216 ) ;
#2375 =( NAMED_UNIT ( * ) PLANE_ANGLE_UNIT ( ) SI_UNIT ( $, .RADIAN. ) );
#2376 = CARTESIAN_POINT ( 'NONE',  ( -1.486720408811058380, 5.999900000000000233, -0.6494015748031420898 ) ) ;
#2377 = VECTOR ( 'NONE', #950, 1000.000000000000227 ) ;
#2378 = FILL_AREA_STYLE_COLOUR ( '', #28 ) ;
#2379 = CARTESIAN_POINT ( 'NONE',  ( 1.143354133692981112, 6.000000000000000000, 0.2994110420057710109 ) ) ;
#2380 = DIRECTION ( 'NONE',  ( -0.4966835351851230929, 0.000000000000000000, 0.8679317172888709742 ) ) ;
#2381 = DIRECTION ( 'NONE',  ( -0.000000000000000000, 1.000000000000000000, -0.000000000000000000 ) ) ;
#2382 = CARTESIAN_POINT ( 'NONE',  ( -1.702027495425233905, 6.000000000000000000, -0.8668464566929088289 ) ) ;
#2383 = ORIENTED_EDGE ( 'NONE', *, *, #4653, .F. ) ;
#2384 = EDGE_LOOP ( 'NONE', ( #1639, #733, #2734, #1385 ) ) ;
#2385 =( GEOMETRIC_REPRESENTATION_CONTEXT ( 3 ) GLOBAL_UNCERTAINTY_ASSIGNED_CONTEXT ( ( #4031 ) ) GLOBAL_UNIT_ASSIGNED_CONTEXT ( ( #134, #2733, #2301 ) ) REPRESENTATION_CONTEXT ( 'NONE', 'WORKASPACE' ) );
#2386 = DIRECTION ( 'NONE',  ( -0.000000000000000000, 1.000000000000000000, -0.000000000000000000 ) ) ;
#2387 = CARTESIAN_POINT ( 'NONE',  ( -0.8947361568425546974, 5.999900000000000233, -0.3477952755905496796 ) ) ;
#2388 = CARTESIAN_POINT ( 'NONE',  ( 2.635047234864875687, 6.000000000000001776, -0.5356193963078226261 ) ) ;
#2389 = DIRECTION ( 'NONE',  ( 0.000000000000000000, -0.000000000000000000, 1.000000000000000000 ) ) ;
#2390 = ORIENTED_EDGE ( 'NONE', *, *, #2513, .F. ) ;
#2391 = CARTESIAN_POINT ( 'NONE',  ( 2.642690712998740032, 5.999900000000001121, -0.6260002015105683437 ) ) ;
#2392 = VECTOR ( 'NONE', #3673, 1000.000000000000000 ) ;
#2393 = PRESENTATION_STYLE_ASSIGNMENT (( #4177 ) ) ;
#2394 = DIRECTION ( 'NONE',  ( 1.000000000000000000, 0.000000000000000000, 0.000000000000000000 ) ) ;
#2395 = CARTESIAN_POINT ( 'NONE',  ( 2.642636186262781628, 5.999900000000001121, 1.536114780270610991 ) ) ;
#2396 = CARTESIAN_POINT ( 'NONE',  ( 2.618218846677510481, 5.999900000000000233, -1.967658388452810492 ) ) ;
#2397 = VECTOR ( 'NONE', #738, 1000.000000000000000 ) ;
#2398 = EDGE_CURVE ( 'NONE', #3620, #3178, #3122, .T. ) ;
#2399 = LINE ( 'NONE', #899, #3824 ) ;
#2400 = PRESENTATION_STYLE_ASSIGNMENT (( #3440 ) ) ;
#2401 = LINE ( 'NONE', #2818, #3063 ) ;
#2402 = ORIENTED_EDGE ( 'NONE', *, *, #1822, .T. ) ;
#2403 = SURFACE_STYLE_FILL_AREA ( #118 ) ;
#2404 =( NAMED_UNIT ( * ) SI_UNIT ( $, .STERADIAN. ) SOLID_ANGLE_UNIT ( ) );
#2405 =( GEOMETRIC_REPRESENTATION_CONTEXT ( 3 ) GLOBAL_UNCERTAINTY_ASSIGNED_CONTEXT ( ( #3657 ) ) GLOBAL_UNIT_ASSIGNED_CONTEXT ( ( #2316, #3315, #865 ) ) REPRESENTATION_CONTEXT ( 'NONE', 'WORKASPACE' ) );
#2406 = CARTESIAN_POINT ( 'NONE',  ( 2.618218846677510481, 5.999900000000000233, -1.967658388452810492 ) ) ;
#2407 = MECHANICAL_DESIGN_GEOMETRIC_PRESENTATION_REPRESENTATION (  '', ( #1951 ), #1946 ) ;
#2408 = CARTESIAN_POINT ( 'NONE',  ( 1.142690712998739588, 5.999900000000000233, -1.849920238275274187 ) ) ;
#2409 =( NAMED_UNIT ( * ) PLANE_ANGLE_UNIT ( ) SI_UNIT ( $, .RADIAN. ) );
#2410 = ORIENTED_EDGE ( 'NONE', *, *, #4615, .T. ) ;
#2411 = DIRECTION ( 'NONE',  ( -0.000000000000000000, 1.000000000000000000, -0.000000000000000000 ) ) ;
#2412 = FILL_AREA_STYLE_COLOUR ( '', #1022 ) ;
#2413 = CARTESIAN_POINT ( 'NONE',  ( 1.200042968348131067, 5.999899999999999345, -0.8744894223549298795 ) ) ;
#2414 = ORIENTED_EDGE ( 'NONE', *, *, #792, .T. ) ;
#2415 = CARTESIAN_POINT ( 'NONE',  ( 2.015737587998739588, 5.999900000000000233, -1.405297076510568344 ) ) ;
#2416 = FACE_OUTER_BOUND ( 'NONE', #251, .T. ) ;
#2417 = CARTESIAN_POINT ( 'NONE',  ( -0.6555708025118480720, 5.999900000000000233, -0.6561377952755882426 ) ) ;
#2418 = FACE_OUTER_BOUND ( 'NONE', #1792, .T. ) ;
#2419 = PRESENTATION_LAYER_ASSIGNMENT (  '', '', ( #1652 ) ) ;
#2420 = VECTOR ( 'NONE', #136, 1000.000000000000000 ) ;
#2421 = COLOUR_RGB ( '',0.8274509803921568096, 0.8392156862745098200, 0.8274509803921568096 ) ;
#2422 = CARTESIAN_POINT ( 'NONE',  ( 1.142690712998739588, 5.999900000000000233, 1.501297592607079068 ) ) ;
#2423 = EDGE_CURVE ( 'NONE', #2095, #1667, #934, .T. ) ;
#2424 = UNCERTAINTY_MEASURE_WITH_UNIT (LENGTH_MEASURE( 1.000000000000000082E-05 ), #1947, 'distance_accuracy_value', 'NONE');
#2425 = CARTESIAN_POINT ( 'NONE',  ( 2.607189793881092399, 5.999900000000000233, 0.7302727764306083946 ) ) ;
#2426 = EDGE_LOOP ( 'NONE', ( #4199, #1490, #4655, #1293 ) ) ;
#2427 = CARTESIAN_POINT ( 'NONE',  ( 2.642682354305278647, 5.999900000000000233, 1.514161919570959913 ) ) ;
#2428 = CARTESIAN_POINT ( 'NONE',  ( -0.8947361568425546974, 6.000000000000000000, -0.3477952755905496796 ) ) ;
#2429 = CARTESIAN_POINT ( 'NONE',  ( -1.399055054480345284, 5.999900000000000233, 0.9207283464566988762 ) ) ;
#2430 = CARTESIAN_POINT ( 'NONE',  ( 1.881316632116386556, 5.999900000000000233, -0.04213071621645054360 ) ) ;
#2431 = VERTEX_POINT ( 'NONE', #1978 ) ;
#2432 = LINE ( 'NONE', #3546, #25 ) ;
#2433 = VECTOR ( 'NONE', #2302, 1000.000000000000000 ) ;
#2434 = CARTESIAN_POINT ( 'NONE',  ( -0.8321574166850701504, 5.999900000000000233, 0.6509448818897678457 ) ) ;
#2435 = CARTESIAN_POINT ( 'NONE',  ( 1.881316632116386556, 5.999900000000000233, -1.277424833863509690 ) ) ;
#2436 = ORIENTED_EDGE ( 'NONE', *, *, #2629, .F. ) ;
#2437 = ORIENTED_EDGE ( 'NONE', *, *, #2356, .T. ) ;
#2438 = CARTESIAN_POINT ( 'NONE',  ( 2.642690712998740032, 6.000000000000000888, 1.524735092607079290 ) ) ;
#2439 = LINE ( 'NONE', #3901, #3198 ) ;
#2440 = CARTESIAN_POINT ( 'NONE',  ( 2.642667625737632253, 5.999900000000000233, 0.2602371756145618331 ) ) ;
#2441 = ORIENTED_EDGE ( 'NONE', *, *, #1153, .T. ) ;
#2442 = FILL_AREA_STYLE_COLOUR ( '', #2272 ) ;
#2443 = PRESENTATION_STYLE_ASSIGNMENT (( #2736 ) ) ;
#2444 = COLOUR_RGB ( '',1.000000000000000000, 1.000000000000000000, 1.000000000000000000 ) ;
#2445 = ADVANCED_FACE ( 'NONE', ( #230 ), #3111, .T. ) ;
#2446 = ADVANCED_FACE ( 'NONE', ( #3047 ), #3885, .F. ) ;
#2447 = COLOUR_RGB ( '',1.000000000000000000, 1.000000000000000000, 1.000000000000000000 ) ;
#2448 = FILL_AREA_STYLE_COLOUR ( '', #1789 ) ;
#2449 = CARTESIAN_POINT ( 'NONE',  ( 2.564450823292857340, 5.999900000000000233, 0.3683702029011965418 ) ) ;
#2450 = CARTESIAN_POINT ( 'NONE',  ( 2.607189793881092399, 6.000000000000000000, 0.7302727764306083946 ) ) ;
#2451 = ORIENTED_EDGE ( 'NONE', *, *, #1504, .T. ) ;
#2452 = EDGE_CURVE ( 'NONE', #2715, #392, #2146, .T. ) ;
#2453 = SURFACE_STYLE_USAGE ( .BOTH. , #214 ) ;
#2454 = CARTESIAN_POINT ( 'NONE',  ( 1.220930602704622059, 5.999900000000001121, 0.5382920779011968193 ) ) ;
#2455 = DIRECTION ( 'NONE',  ( -0.8599778663242776400, 0.000000000000000000, 0.5103313329909725526 ) ) ;
#2456 = SURFACE_STYLE_FILL_AREA ( #4285 ) ;
#2457 = AXIS2_PLACEMENT_3D ( 'NONE', #2425, #1655, #956 ) ;
#2458 = VERTEX_POINT ( 'NONE', #601 ) ;
#2459 = ORIENTED_EDGE ( 'NONE', *, *, #3710, .F. ) ;
#2460 = CARTESIAN_POINT ( 'NONE',  ( 2.641316205600277023, 5.999999999999999112, 0.2352765201693059749 ) ) ;
#2461 = SURFACE_SIDE_STYLE ('',( #661 ) ) ;
#2462 = EDGE_CURVE ( 'NONE', #3950, #2874, #2109, .T. ) ;
#2463 =( LENGTH_UNIT ( ) NAMED_UNIT ( * ) SI_UNIT ( .MILLI., .METRE. ) );
#2464 =( NAMED_UNIT ( * ) SI_UNIT ( $, .STERADIAN. ) SOLID_ANGLE_UNIT ( ) );
#2465 = CARTESIAN_POINT ( 'NONE',  ( 0.4081181738661062708, 6.000000000000000000, 4.336808689942017736E-16 ) ) ;
#2466 = LINE ( 'NONE', #2112, #1000 ) ;
#2467 = ORIENTED_EDGE ( 'NONE', *, *, #3144, .F. ) ;
#2468 = MECHANICAL_DESIGN_GEOMETRIC_PRESENTATION_REPRESENTATION (  '', ( #161 ), #2313 ) ;
#2469 = CARTESIAN_POINT ( 'NONE',  ( 1.734142918881092399, 5.999900000000000233, 1.054606416136490754 ) ) ;
#2470 =( GEOMETRIC_REPRESENTATION_CONTEXT ( 3 ) GLOBAL_UNCERTAINTY_ASSIGNED_CONTEXT ( ( #157 ) ) GLOBAL_UNIT_ASSIGNED_CONTEXT ( ( #1367, #2835, #4436 ) ) REPRESENTATION_CONTEXT ( 'NONE', 'WORKASPACE' ) );
#2471 = CARTESIAN_POINT ( 'NONE',  ( 2.636771313881896450, 5.999899999999999345, -0.8682515664157633983 ) ) ;
#2472 = CARTESIAN_POINT ( 'NONE',  ( 1.149025747743360526, 5.999900000000002009, 0.7045314611577949693 ) ) ;
#2473 = SURFACE_STYLE_FILL_AREA ( #3906 ) ;
#2474 = CARTESIAN_POINT ( 'NONE',  ( -0.6555708025118480720, 6.000000000000000000, -0.6561377952755882426 ) ) ;
#2475 = ADVANCED_FACE ( 'NONE', ( #1421 ), #3613, .T. ) ;
#2476 = CARTESIAN_POINT ( 'NONE',  ( 2.640243940541739498, 6.000000000000000888, 0.3474100946828813652 ) ) ;
#2477 = CARTESIAN_POINT ( 'NONE',  ( 1.154045461959794405, 5.999900000000000233, 1.598120012308643201 ) ) ;
#2478 =( GEOMETRIC_REPRESENTATION_CONTEXT ( 3 ) GLOBAL_UNCERTAINTY_ASSIGNED_CONTEXT ( ( #23 ) ) GLOBAL_UNIT_ASSIGNED_CONTEXT ( ( #286, #4203, #3127 ) ) REPRESENTATION_CONTEXT ( 'NONE', 'WORKASPACE' ) );
#2479 = ORIENTED_EDGE ( 'NONE', *, *, #726, .T. ) ;
#2480 =( GEOMETRIC_REPRESENTATION_CONTEXT ( 3 ) GLOBAL_UNCERTAINTY_ASSIGNED_CONTEXT ( ( #2929 ) ) GLOBAL_UNIT_ASSIGNED_CONTEXT ( ( #2725, #3825, #2557 ) ) REPRESENTATION_CONTEXT ( 'NONE', 'WORKASPACE' ) );
#2481 = VECTOR ( 'NONE', #2899, 1000.000000000000000 ) ;
#2482 = EDGE_CURVE ( 'NONE', #2819, #4716, #323, .T. ) ;
#2483 = CARTESIAN_POINT ( 'NONE',  ( 1.175322422394289079, 5.999900000000000233, 0.7317669740917206456 ) ) ;
#2484 =( LENGTH_UNIT ( ) NAMED_UNIT ( * ) SI_UNIT ( .MILLI., .METRE. ) );
#2485 =( NAMED_UNIT ( * ) SI_UNIT ( $, .STERADIAN. ) SOLID_ANGLE_UNIT ( ) );
#2486 = ADVANCED_FACE ( 'NONE', ( #1442 ), #1424, .F. ) ;
#2487 = PRESENTATION_STYLE_ASSIGNMENT (( #897 ) ) ;
#2488 = VECTOR ( 'NONE', #2381, 1000.000000000000000 ) ;
#2489 = VERTEX_POINT ( 'NONE', #821 ) ;
#2490 = CARTESIAN_POINT ( 'NONE',  ( 2.610467510789358681, 5.999899999999999345, 0.1704409359852467054 ) ) ;
#2491 =( NAMED_UNIT ( * ) SI_UNIT ( $, .STERADIAN. ) SOLID_ANGLE_UNIT ( ) );
#2492 = SURFACE_STYLE_USAGE ( .BOTH. , #4234 ) ;
#2493 = ORIENTED_EDGE ( 'NONE', *, *, #4398, .T. ) ;
#2494 = DIRECTION ( 'NONE',  ( -1.255226827769035407E-16, -0.000000000000000000, -1.000000000000000000 ) ) ;
#2495 = SURFACE_STYLE_FILL_AREA ( #4015 ) ;
#2496 = STYLED_ITEM ( 'NONE', ( #1047 ), #2801 ) ;
#2497 = CARTESIAN_POINT ( 'NONE',  ( 2.635047234864875687, 6.000000000000002665, -0.5356193963078226261 ) ) ;
#2498 =( NAMED_UNIT ( * ) PLANE_ANGLE_UNIT ( ) SI_UNIT ( $, .RADIAN. ) );
#2499 = CARTESIAN_POINT ( 'NONE',  ( 2.584854964514851083, 5.999900000000001121, -1.960035897604229804 ) ) ;
#2500 =( NAMED_UNIT ( * ) SI_UNIT ( $, .STERADIAN. ) SOLID_ANGLE_UNIT ( ) );
#2501 = CARTESIAN_POINT ( 'NONE',  ( 2.636771313881896894, 5.999900000000000233, 0.3670425512312954774 ) ) ;
#2502 = CARTESIAN_POINT ( 'NONE',  ( -0.2367637158976684808, 6.000000000000000000, 0.8929055118110230671 ) ) ;
#2503 = ORIENTED_EDGE ( 'NONE', *, *, #892, .T. ) ;
#2504 = PRESENTATION_STYLE_ASSIGNMENT (( #1381 ) ) ;
#2505 = CARTESIAN_POINT ( 'NONE',  ( 2.564450823292857340, 5.999900000000000233, 0.5217479602541378325 ) ) ;
#2506 = CARTESIAN_POINT ( 'NONE',  ( 1.213334361882071777, 5.999900000000001121, 0.5343765560452014007 ) ) ;
#2507 = DIRECTION ( 'NONE',  ( 0.000000000000000000, 0.000000000000000000, 1.000000000000000000 ) ) ;
#2508 =( NAMED_UNIT ( * ) PLANE_ANGLE_UNIT ( ) SI_UNIT ( $, .RADIAN. ) );
#2509 = EDGE_CURVE ( 'NONE', #325, #493, #4603, .T. ) ;
#2510 = AXIS2_PLACEMENT_3D ( 'NONE', #209, #2380, #3474 ) ;
#2511 = EDGE_LOOP ( 'NONE', ( #2040, #2580, #3115, #3934 ) ) ;
#2512 = EDGE_CURVE ( 'NONE', #2166, #1054, #1824, .T. ) ;
#2513 = EDGE_CURVE ( 'NONE', #3296, #971, #2956, .T. ) ;
#2514 = PRESENTATION_STYLE_ASSIGNMENT (( #3257 ) ) ;
#2515 =( NAMED_UNIT ( * ) PLANE_ANGLE_UNIT ( ) SI_UNIT ( $, .RADIAN. ) );
#2516 = MECHANICAL_DESIGN_GEOMETRIC_PRESENTATION_REPRESENTATION (  '', ( #4104 ), #1673 ) ;
#2517 =( NAMED_UNIT ( * ) PLANE_ANGLE_UNIT ( ) SI_UNIT ( $, .RADIAN. ) );
#2518 = VERTEX_POINT ( 'NONE', #4402 ) ;
#2519 = LINE ( 'NONE', #1120, #4270 ) ;
#2520 = CARTESIAN_POINT ( 'NONE',  ( 0.8045827407952444998, 5.999900000000000233, 0.7392322834645667085 ) ) ;
#2521 = CARTESIAN_POINT ( 'NONE',  ( 2.602775380086245871, 5.999999999999998224, 1.622405431260541597 ) ) ;
#2522 =( NAMED_UNIT ( * ) PLANE_ANGLE_UNIT ( ) SI_UNIT ( $, .RADIAN. ) );
#2523 = CARTESIAN_POINT ( 'NONE',  ( 1.143354133692981112, 6.000000000000000888, 1.534705159652830053 ) ) ;
#2524 = ORIENTED_EDGE ( 'NONE', *, *, #271, .F. ) ;
#2525 = ADVANCED_BREP_SHAPE_REPRESENTATION ( 'XGL6060', ( #719, #4230 ), #856 ) ;
#2526 = EDGE_LOOP ( 'NONE', ( #282, #3841, #3520, #3895 ) ) ;
#2527 = CARTESIAN_POINT ( 'NONE',  ( 1.178191632116386556, 6.000000000000000000, -0.5015746500399800301 ) ) ;
#2528 = CARTESIAN_POINT ( 'NONE',  ( 1.148772520324219615, 5.999900000000002009, 0.5441857298222008144 ) ) ;
#2529 = DIRECTION ( 'NONE',  ( -0.000000000000000000, 1.000000000000000000, -0.000000000000000000 ) ) ;
#2530 = MECHANICAL_DESIGN_GEOMETRIC_PRESENTATION_REPRESENTATION (  '', ( #4352 ), #1776 ) ;
#2531 = ORIENTED_EDGE ( 'NONE', *, *, #3491, .F. ) ;
#2532 = CARTESIAN_POINT ( 'NONE',  ( 2.642690712998739588, 6.000000000000000000, 0.2894409749600200255 ) ) ;
#2533 = B_SPLINE_SURFACE_WITH_KNOTS ( 'NONE', 3, 1, ( 
 ( #4514, #534 ),
 ( #3517, #1352 ),
 ( #3086, #1700 ),
 ( #876, #3155 ),
 ( #2347, #4614 ),
 ( #2800, #2024 ),
 ( #4568, #2760 ),
 ( #1249, #3809 ),
 ( #509, #1634 ),
 ( #2843, #3637 ),
 ( #252, #4711 ) ),
 .UNSPECIFIED., .F., .F., .F.,
 ( 4, 1, 1, 1, 1, 1, 1, 1, 4 ),
 ( 2, 2 ),
 ( 0.000000000000000000, 0.2009044012478315988, 0.3599846282170894862, 0.4835952109184644687, 0.5715364693554766395, 0.6460191871590637014, 0.7285858147531647511, 0.8430130251172092137, 0.9999999999999998890 ),
 ( 0.000000000000000000, 1.000000000000000000 ),
 .UNSPECIFIED. ) ;
#2534 = CARTESIAN_POINT ( 'NONE',  ( 2.584843896998425095, 5.999900000000002009, 1.615127446249926102 ) ) ;
#2535 = CARTESIAN_POINT ( 'NONE',  ( -3.354999999999998206, 6.000000000000000000, 3.455000000000000515 ) ) ;
#2536 = CARTESIAN_POINT ( 'NONE',  ( 2.618218846677510481, 6.000000000000000000, -1.967658388452810492 ) ) ;
#2537 = CARTESIAN_POINT ( 'NONE',  ( 2.616279699699928241, 5.999899999999999345, 0.7256207362585328502 ) ) ;
#2538 = ORIENTED_EDGE ( 'NONE', *, *, #2197, .F. ) ;
#2539 = SURFACE_STYLE_FILL_AREA ( #671 ) ;
#2540 = EDGE_CURVE ( 'NONE', #4628, #2651, #1927, .T. ) ;
#2541 = CARTESIAN_POINT ( 'NONE',  ( 1.143354133692981112, 5.999900000000001121, 1.534705159652830053 ) ) ;
#2542 = PRESENTATION_LAYER_ASSIGNMENT (  '', '', ( #161 ) ) ;
#2543 = CARTESIAN_POINT ( 'NONE',  ( 1.142722440240110604, 6.000000000000000888, 0.6307761071742298276 ) ) ;
#2544 = DIRECTION ( 'NONE',  ( -0.4928590400114340464, 0.000000000000000000, -0.8701091694029018386 ) ) ;
#2545 = CARTESIAN_POINT ( 'NONE',  ( 2.642684319598296749, 5.999899999999999345, 0.6203276250500228128 ) ) ;
#2546 = CARTESIAN_POINT ( 'NONE',  ( 1.220930602704621837, 5.999900000000000233, 1.585052188195314349 ) ) ;
#2547 = VERTEX_POINT ( 'NONE', #3349 ) ;
#2548 = CARTESIAN_POINT ( 'NONE',  ( 0.000000000000000000, 0.000000000000000000, 0.000000000000000000 ) ) ;
#2549 = VECTOR ( 'NONE', #2987, 999.9999999999998863 ) ;
#2550 = ORIENTED_EDGE ( 'NONE', *, *, #397, .F. ) ;
#2551 = CARTESIAN_POINT ( 'NONE',  ( 2.636813255159033975, 5.999900000000000233, 0.5267886985446531556 ) ) ;
#2552 = CARTESIAN_POINT ( 'NONE',  ( 1.143951580070069030, 6.000000000000002665, 0.2108991456630259498 ) ) ;
#2553 = CARTESIAN_POINT ( 'NONE',  ( 2.642673057520803948, 5.999899999999999345, -1.830824554903731194 ) ) ;
#2554 = ORIENTED_EDGE ( 'NONE', *, *, #4127, .F. ) ;
#2555 =( GEOMETRIC_REPRESENTATION_CONTEXT ( 3 ) GLOBAL_UNCERTAINTY_ASSIGNED_CONTEXT ( ( #14 ) ) GLOBAL_UNIT_ASSIGNED_CONTEXT ( ( #1294, #2752, #997 ) ) REPRESENTATION_CONTEXT ( 'NONE', 'WORKASPACE' ) );
#2556 = CARTESIAN_POINT ( 'NONE',  ( 1.178191632116386556, 5.999900000000000233, -0.5015746500399800301 ) ) ;
#2557 =( NAMED_UNIT ( * ) SI_UNIT ( $, .STERADIAN. ) SOLID_ANGLE_UNIT ( ) );
#2558 =( NAMED_UNIT ( * ) SI_UNIT ( $, .STERADIAN. ) SOLID_ANGLE_UNIT ( ) );
#2559 =( LENGTH_UNIT ( ) NAMED_UNIT ( * ) SI_UNIT ( .MILLI., .METRE. ) );
#2560 = CARTESIAN_POINT ( 'NONE',  ( -2.644999999999999130, -0.1000000000000000056, -2.500000000000000000 ) ) ;
#2561 = UNCERTAINTY_MEASURE_WITH_UNIT (LENGTH_MEASURE( 1.000000000000000082E-05 ), #816, 'distance_accuracy_value', 'NONE');
#2562 = CARTESIAN_POINT ( 'NONE',  ( 1.178191632116386556, 5.999900000000000233, 1.377906048489432100 ) ) ;
#2563 =( GEOMETRIC_REPRESENTATION_CONTEXT ( 3 ) GLOBAL_UNCERTAINTY_ASSIGNED_CONTEXT ( ( #1901 ) ) GLOBAL_UNIT_ASSIGNED_CONTEXT ( ( #1440, #2498, #3639 ) ) REPRESENTATION_CONTEXT ( 'NONE', 'WORKASPACE' ) );
#2564 =( NAMED_UNIT ( * ) SI_UNIT ( $, .STERADIAN. ) SOLID_ANGLE_UNIT ( ) );
#2565 = CARTESIAN_POINT ( 'NONE',  ( 2.624191191930992595, 6.000000000000002665, 0.7194328075581447601 ) ) ;
#2566 = B_SPLINE_CURVE_WITH_KNOTS ( 'NONE', 3,
 ( #696, #2970, #2261, #2171, #1482, #396, #3971, #2521, #3325, #347, #322 ),
 .UNSPECIFIED., .F., .F.,
 ( 4, 1, 1, 1, 1, 1, 1, 1, 4 ),
 ( 0.000000000000000000, 0.2090174448045498123, 0.3701215845098708157, 0.4868884033316097093, 0.5748632755078622036, 0.6458207185090942826, 0.7281441267704359399, 0.8423061535616725992, 1.000000000000000000 ),
 .UNSPECIFIED. ) ;
#2567 = ORIENTED_EDGE ( 'NONE', *, *, #919, .T. ) ;
#2568 = SURFACE_SIDE_STYLE ('',( #2539 ) ) ;
#2569 = EDGE_CURVE ( 'NONE', #702, #2547, #2643, .T. ) ;
#2570 = CARTESIAN_POINT ( 'NONE',  ( 2.642684319598296749, 6.000000000000000000, -0.6149664925970361740 ) ) ;
#2571 = CARTESIAN_POINT ( 'NONE',  ( 1.143951580070069030, 6.000000000000002665, 0.2108991456630259498 ) ) ;
#2572 = UNCERTAINTY_MEASURE_WITH_UNIT (LENGTH_MEASURE( 1.000000000000000082E-05 ), #3882, 'distance_accuracy_value', 'NONE');
#2573 = SURFACE_STYLE_USAGE ( .BOTH. , #3991 ) ;
#2574 = CARTESIAN_POINT ( 'NONE',  ( 1.142690712998739588, 5.999900000000000233, -0.9692906426870387948 ) ) ;
#2575 = CARTESIAN_POINT ( 'NONE',  ( 1.200042968348131511, 6.000000000000000888, 1.596098812939187983 ) ) ;
#2576 = AXIS2_PLACEMENT_3D ( 'NONE', #670, #2067, #4656 ) ;
#2577 = ORIENTED_EDGE ( 'NONE', *, *, #2634, .T. ) ;
#2578 = B_SPLINE_SURFACE_WITH_KNOTS ( 'NONE', 3, 1, ( 
 ( #1894, #1937 ),
 ( #2293, #1524 ),
 ( #3751, #3383 ),
 ( #1067, #4121 ),
 ( #2315, #1414 ),
 ( #2164, #1575 ),
 ( #3338, #3605 ),
 ( #3036, #316 ),
 ( #2537, #4437 ),
 ( #4554, #3821 ),
 ( #3407, #1292 ) ),
 .UNSPECIFIED., .F., .F., .F.,
 ( 4, 1, 1, 1, 1, 1, 1, 1, 4 ),
 ( 2, 2 ),
 ( 0.000000000000000000, 0.2475841483258849618, 0.4361234509600940279, 0.5765471439970870637, 0.6891935206218198218, 0.7769127325059281830, 0.8506699786920552953, 0.9203469832125598105, 1.000000000000000000 ),
 ( 0.000000000000000000, 1.000000000000000000 ),
 .UNSPECIFIED. ) ;
#2579 = CARTESIAN_POINT ( 'NONE',  ( 1.149120405164141268, 6.000000000000000000, -1.060119710834706241 ) ) ;
#2580 = ORIENTED_EDGE ( 'NONE', *, *, #790, .F. ) ;
#2581 = SURFACE_STYLE_FILL_AREA ( #4382 ) ;
#2582 = CARTESIAN_POINT ( 'NONE',  ( 2.642684319598297193, 5.999900000000001121, -1.850260610244095494 ) ) ;
#2583 = ORIENTED_EDGE ( 'NONE', *, *, #390, .F. ) ;
#2584 = ORIENTED_EDGE ( 'NONE', *, *, #4191, .F. ) ;
#2585 = EDGE_CURVE ( 'NONE', #343, #4034, #2674, .T. ) ;
#2586 = SURFACE_SIDE_STYLE ('',( #4389 ) ) ;
#2587 =( LENGTH_UNIT ( ) NAMED_UNIT ( * ) SI_UNIT ( .MILLI., .METRE. ) );
#2588 = CARTESIAN_POINT ( 'NONE',  ( 1.220930602704621837, 5.999900000000000233, -1.932296157392921154 ) ) ;
#2589 = CARTESIAN_POINT ( 'NONE',  ( 2.642690712998739588, 5.999900000000000233, -0.9458531426870389058 ) ) ;
#2590 = B_SPLINE_CURVE_WITH_KNOTS ( 'NONE', 3,
 ( #1790, #716, #1457, #1817 ),
 .UNSPECIFIED., .F., .F.,
 ( 4, 4 ),
 ( 0.2727272727272727071, 0.3636363636363636465 ),
 .UNSPECIFIED. ) ;
#2591 = STYLED_ITEM ( 'NONE', ( #3294 ), #2605 ) ;
#2592 = DIRECTION ( 'NONE',  ( 1.000000000000000000, 0.000000000000000000, 0.000000000000000000 ) ) ;
#2593 = EDGE_LOOP ( 'NONE', ( #4254, #3003, #4235, #563 ) ) ;
#2594 = DIRECTION ( 'NONE',  ( 0.8604455470465084410, 0.000000000000000000, -0.5095424031107078644 ) ) ;
#2595 = B_SPLINE_CURVE_WITH_KNOTS ( 'NONE', 3,
 ( #666, #4707, #643, #3659, #2536, #1413, #2162, #2139, #3603, #4010, #1390 ),
 .UNSPECIFIED., .F., .F.,
 ( 4, 1, 1, 1, 1, 1, 1, 1, 4 ),
 ( 0.000000000000000000, 0.1506145446497700602, 0.2596734740599796476, 0.3388177727155970431, 0.4102835628096077603, 0.5019338459622255666, 0.6260648387140322901, 0.7889788725463123820, 0.9999999999999998890 ),
 .UNSPECIFIED. ) ;
#2596 = CARTESIAN_POINT ( 'NONE',  ( 2.616279699699928685, 5.999899999999999345, -1.744967499035585012 ) ) ;
#2597 =( NAMED_UNIT ( * ) SI_UNIT ( $, .STERADIAN. ) SOLID_ANGLE_UNIT ( ) );
#2598 = SURFACE_STYLE_USAGE ( .BOTH. , #4039 ) ;
#2599 = CARTESIAN_POINT ( 'NONE',  ( 2.607189793881092399, 5.999900000000000233, -1.066832002981156435 ) ) ;
#2600 = CARTESIAN_POINT ( 'NONE',  ( 1.146505634764222181, 6.000000000000000888, -1.044398651139731404 ) ) ;
#2601 = ORIENTED_EDGE ( 'NONE', *, *, #1839, .F. ) ;
#2602 = CARTESIAN_POINT ( 'NONE',  ( 1.142778724780127986, 5.999999999999999112, -0.5865860912147627948 ) ) ;
#2603 = ORIENTED_EDGE ( 'NONE', *, *, #2398, .T. ) ;
#2604 = PRESENTATION_LAYER_ASSIGNMENT (  '', '', ( #4649 ) ) ;
#2605 = ADVANCED_FACE ( 'NONE', ( #370 ), #2666, .F. ) ;
#2606 = EDGE_LOOP ( 'NONE', ( #2812, #507, #592, #3698 ) ) ;
#2607 = CARTESIAN_POINT ( 'NONE',  ( -2.943241815541270956, 5.999900000000000233, 2.819567424523459209 ) ) ;
#2608 = CARTESIAN_POINT ( 'NONE',  ( 2.642636186262781628, 6.000000000000001776, -0.9344734550235077597 ) ) ;
#2609 = DIRECTION ( 'NONE',  ( 0.000000000000000000, -1.792930475019082898E-12, 1.000000000000000000 ) ) ;
#2610 = CARTESIAN_POINT ( 'NONE',  ( -3.354999999999999094, 6.000000000000000000, -3.454999999999999627 ) ) ;
#2611 = VECTOR ( 'NONE', #204, 1000.000000000000000 ) ;
#2612 = CARTESIAN_POINT ( 'NONE',  ( 1.881316632116386556, 6.000000000000000000, -0.04213071621645054360 ) ) ;
#2613 = SURFACE_STYLE_USAGE ( .BOTH. , #454 ) ;
#2614 = DIRECTION ( 'NONE',  ( -0.8571493051170774313, 0.000000000000000000, -0.5150680234078904851 ) ) ;
#2615 = VERTEX_POINT ( 'NONE', #1324 ) ;
#2616 = SURFACE_STYLE_USAGE ( .BOTH. , #2938 ) ;
#2617 = CARTESIAN_POINT ( 'NONE',  ( 2.642667625737631809, 5.999899999999998457, -0.9750569420324970427 ) ) ;
#2618 = DIRECTION ( 'NONE',  ( -0.000000000000000000, 1.000000000000000000, -0.000000000000000000 ) ) ;
#2619 = UNCERTAINTY_MEASURE_WITH_UNIT (LENGTH_MEASURE( 1.000000000000000082E-05 ), #4400, 'distance_accuracy_value', 'NONE');
#2620 = CARTESIAN_POINT ( 'NONE',  ( 1.200042968348131067, 5.999899999999999345, -0.8744894223549298795 ) ) ;
#2621 = CARTESIAN_POINT ( 'NONE',  ( 1.142774914274140574, 5.999899999999999345, -0.9988296748484128962 ) ) ;
#2622 = SURFACE_STYLE_FILL_AREA ( #401 ) ;
#2623 =( NAMED_UNIT ( * ) SI_UNIT ( $, .STERADIAN. ) SOLID_ANGLE_UNIT ( ) );
#2624 = ORIENTED_EDGE ( 'NONE', *, *, #898, .F. ) ;
#2625 = CARTESIAN_POINT ( 'NONE',  ( 1.881316632116386556, 6.000000000000000000, -1.277424833863509690 ) ) ;
#2626 =( GEOMETRIC_REPRESENTATION_CONTEXT ( 3 ) GLOBAL_UNCERTAINTY_ASSIGNED_CONTEXT ( ( #4036 ) ) GLOBAL_UNIT_ASSIGNED_CONTEXT ( ( #1264, #520, #2037 ) ) REPRESENTATION_CONTEXT ( 'NONE', 'WORKASPACE' ) );
#2627 = VERTEX_POINT ( 'NONE', #2687 ) ;
#2628 = ORIENTED_EDGE ( 'NONE', *, *, #2750, .F. ) ;
#2629 = EDGE_CURVE ( 'NONE', #2010, #1423, #844, .T. ) ;
#2630 = CARTESIAN_POINT ( 'NONE',  ( 2.629964885561349330, 5.999899999999999345, 0.5115929380281439842 ) ) ;
#2631 = CARTESIAN_POINT ( 'NONE',  ( 1.394999999999999796, -0.1000000000000000056, 2.500000000000000444 ) ) ;
#2632 = CARTESIAN_POINT ( 'NONE',  ( 1.881316632116386556, 6.000000000000000000, 1.193163401430608506 ) ) ;
#2633 = CARTESIAN_POINT ( 'NONE',  ( 1.154027076143227415, 5.999900000000000233, 1.398620653245037815 ) ) ;
#2634 = EDGE_CURVE ( 'NONE', #430, #2518, #135, .T. ) ;
#2635 =( NAMED_UNIT ( * ) SI_UNIT ( $, .STERADIAN. ) SOLID_ANGLE_UNIT ( ) );
#2636 = VECTOR ( 'NONE', #1315, 1000.000000000000000 ) ;
#2637 = CARTESIAN_POINT ( 'NONE',  ( 0.4081181738661062708, 6.000000000000000000, 4.336808689942017736E-16 ) ) ;
#2638 = PLANE ( 'NONE',  #368 ) ;
#2639 = CARTESIAN_POINT ( 'NONE',  ( 2.610467510789359125, 6.000000000000001776, 1.405735053632306109 ) ) ;
#2640 = VECTOR ( 'NONE', #1613, 1000.000000000000227 ) ;
#2641 = PRESENTATION_STYLE_ASSIGNMENT (( #4441 ) ) ;
#2642 = CARTESIAN_POINT ( 'NONE',  ( 2.624191191930991707, 5.999900000000002009, -1.751155427735973547 ) ) ;
#2643 = LINE ( 'NONE', #2235, #55 ) ;
#2644 = PLANE ( 'NONE',  #3322 ) ;
#2645 = CARTESIAN_POINT ( 'NONE',  ( 1.876491264469327680, 5.999900000000000233, 0.9291468573129614272 ) ) ;
#2646 = SURFACE_STYLE_FILL_AREA ( #1466 ) ;
#2647 = FILL_AREA_STYLE_COLOUR ( '', #3959 ) ;
#2648 = CARTESIAN_POINT ( 'NONE',  ( 1.178191632116386556, 6.000000000000000000, -1.092682186804686095 ) ) ;
#2649 =( GEOMETRIC_REPRESENTATION_CONTEXT ( 3 ) GLOBAL_UNCERTAINTY_ASSIGNED_CONTEXT ( ( #872 ) ) GLOBAL_UNIT_ASSIGNED_CONTEXT ( ( #1151, #4446, #1124 ) ) REPRESENTATION_CONTEXT ( 'NONE', 'WORKASPACE' ) );
#2650 = ORIENTED_EDGE ( 'NONE', *, *, #297, .F. ) ;
#2651 = VERTEX_POINT ( 'NONE', #903 ) ;
#2652 = AXIS2_PLACEMENT_3D ( 'NONE', #2887, #4273, #579 ) ;
#2653 = ORIENTED_EDGE ( 'NONE', *, *, #2916, .F. ) ;
#2654 = CARTESIAN_POINT ( 'NONE',  ( 2.564450823292857340, 5.999900000000000233, 1.603664320548255473 ) ) ;
#2655 =( LENGTH_UNIT ( ) NAMED_UNIT ( * ) SI_UNIT ( .MILLI., .METRE. ) );
#2656 = CARTESIAN_POINT ( 'NONE',  ( 2.639169935549310786, 5.999900000000000233, 1.451371765112962287 ) ) ;
#2657 = EDGE_CURVE ( 'NONE', #3334, #3356, #875, .T. ) ;
#2658 = EDGE_CURVE ( 'NONE', #3490, #1444, #3834, .T. ) ;
#2659 = SURFACE_STYLE_USAGE ( .BOTH. , #795 ) ;
#2660 = FILL_AREA_STYLE_COLOUR ( '', #3850 ) ;
#2661 = STYLED_ITEM ( 'NONE', ( #4137 ), #2445 ) ;
#2662 = DIRECTION ( 'NONE',  ( -0.000000000000000000, 1.000000000000000000, -0.000000000000000000 ) ) ;
#2663 = CARTESIAN_POINT ( 'NONE',  ( 1.220930602704621837, 6.000000000000000000, 0.3497580705482553065 ) ) ;
#2664 = UNCERTAINTY_MEASURE_WITH_UNIT (LENGTH_MEASURE( 1.000000000000000082E-05 ), #3694, 'distance_accuracy_value', 'NONE');
#2665 = FILL_AREA_STYLE_COLOUR ( '', #1616 ) ;
#2666 = PLANE ( 'NONE',  #4715 ) ;
#2667 = DIRECTION ( 'NONE',  ( 1.000000000000000000, 0.000000000000000000, 0.000000000000000000 ) ) ;
#2668 = CARTESIAN_POINT ( 'NONE',  ( 2.635606768424067603, 5.999900000000000233, -1.033984895653615732 ) ) ;
#2669 = CARTESIAN_POINT ( 'NONE',  ( 1.147672671593930938, 6.000000000000000000, -0.8872635176779756216 ) ) ;
#2670 = CARTESIAN_POINT ( 'NONE',  ( 1.143354133692981112, 5.999900000000000233, 0.2994110420057710109 ) ) ;
#2671 = ORIENTED_EDGE ( 'NONE', *, *, #1958, .T. ) ;
#2672 = ORIENTED_EDGE ( 'NONE', *, *, #2052, .T. ) ;
#2673 = CARTESIAN_POINT ( 'NONE',  ( 1.200201249945043180, 5.999900000000002009, -0.7076870924827134424 ) ) ;
#2674 = B_SPLINE_CURVE_WITH_KNOTS ( 'NONE', 3,
 ( #4091, #1533, #2993, #801, #3369, #94, #1560, #3022, #4469, #1123, #1203 ),
 .UNSPECIFIED., .F., .F.,
 ( 4, 1, 1, 1, 1, 1, 1, 1, 4 ),
 ( 0.000000000000000000, 0.2090174448045497568, 0.3701215845098707047, 0.4868884033316095428, 0.5748632755078623147, 0.6458207185090945046, 0.7281441267704360509, 0.8423061535616729323, 1.000000000000000000 ),
 .UNSPECIFIED. ) ;
#2675 = SURFACE_STYLE_USAGE ( .BOTH. , #1890 ) ;
#2676 = CARTESIAN_POINT ( 'NONE',  ( 2.642690712998740032, 6.000000000000000888, -0.6260002015105683437 ) ) ;
#2677 =( NAMED_UNIT ( * ) PLANE_ANGLE_UNIT ( ) SI_UNIT ( $, .RADIAN. ) );
#2678 = PRESENTATION_STYLE_ASSIGNMENT (( #3847 ) ) ;
#2679 = CARTESIAN_POINT ( 'NONE',  ( 2.642682354305278647, 6.000000000000000000, 1.514161919570959913 ) ) ;
#2680 = ADVANCED_FACE ( 'NONE', ( #488 ), #182, .T. ) ;
#2681 = CARTESIAN_POINT ( 'NONE',  ( -1.394999999999999352, -0.1000000000000000056, 2.500000000000000000 ) ) ;
#2682 = CARTESIAN_POINT ( 'NONE',  ( 1.142778724780128208, 5.999900000000001121, -1.821880208861821782 ) ) ;
#2683 = CARTESIAN_POINT ( 'NONE',  ( 2.642682354305278203, 5.999900000000000233, -0.9564263157231580603 ) ) ;
#2684 = CARTESIAN_POINT ( 'NONE',  ( 2.642690712998740032, 5.999900000000001121, -1.861294319157627442 ) ) ;
#2685 = CARTESIAN_POINT ( 'NONE',  ( 2.571941074772255753, 6.000000000000000888, -0.7176560107585832071 ) ) ;
#2686 = EDGE_CURVE ( 'NONE', #1188, #2345, #4156, .T. ) ;
#2687 = CARTESIAN_POINT ( 'NONE',  ( 1.178191632116386556, 6.000000000000000000, -0.5015746500399800301 ) ) ;
#2688 = LINE ( 'NONE', #95, #1194 ) ;
#2689 = PRESENTATION_LAYER_ASSIGNMENT (  '', '', ( #3597 ) ) ;
#2690 = SURFACE_STYLE_USAGE ( .BOTH. , #140 ) ;
#2691 = CARTESIAN_POINT ( 'NONE',  ( 1.142720842757629418, 5.999900000000000233, -0.9798606003582994717 ) ) ;
#2692 = ORIENTED_EDGE ( 'NONE', *, *, #3002, .T. ) ;
#2693 = VERTEX_POINT ( 'NONE', #929 ) ;
#2694 = LINE ( 'NONE', #4141, #1636 ) ;
#2695 = VECTOR ( 'NONE', #2782, 1000.000000000000114 ) ;
#2696 = SURFACE_SIDE_STYLE ('',( #3406 ) ) ;
#2697 = B_SPLINE_CURVE_WITH_KNOTS ( 'NONE', 3,
 ( #3358, #1161, #3769, #475, #3729, #1962, #431, #1915, #123, #3051, #1111 ),
 .UNSPECIFIED., .F., .F.,
 ( 4, 1, 1, 1, 1, 1, 1, 1, 4 ),
 ( 0.000000000000000000, 0.2009044012478315988, 0.3599846282170894862, 0.4835952109184644687, 0.5715364693554766395, 0.6460191871590637014, 0.7285858147531647511, 0.8430130251172092137, 0.9999999999999998890 ),
 .UNSPECIFIED. ) ;
#2698 = PRESENTATION_STYLE_ASSIGNMENT (( #1526 ) ) ;
#2699 = CARTESIAN_POINT ( 'NONE',  ( 1.142690712998739588, 5.999900000000000233, 0.6206679970188436757 ) ) ;
#2700 =( NAMED_UNIT ( * ) PLANE_ANGLE_UNIT ( ) SI_UNIT ( $, .RADIAN. ) );
#2701 = COLOUR_RGB ( '',1.000000000000000000, 1.000000000000000000, 1.000000000000000000 ) ;
#2702 = FILL_AREA_STYLE ('',( #3462 ) ) ;
#2703 = COLOUR_RGB ( '',1.000000000000000000, 1.000000000000000000, 1.000000000000000000 ) ;
#2704 = FACE_OUTER_BOUND ( 'NONE', #1406, .T. ) ;
#2705 = UNCERTAINTY_MEASURE_WITH_UNIT (LENGTH_MEASURE( 1.000000000000000082E-05 ), #602, 'distance_accuracy_value', 'NONE');
#2706 = ORIENTED_EDGE ( 'NONE', *, *, #4009, .F. ) ;
#2707 = CARTESIAN_POINT ( 'NONE',  ( 1.178191632116386556, 5.999900000000000233, 1.377906048489432100 ) ) ;
#2708 = STYLED_ITEM ( 'NONE', ( #3501 ), #4726 ) ;
#2709 = FILL_AREA_STYLE ('',( #3863 ) ) ;
#2710 = ADVANCED_FACE ( 'NONE', ( #2346 ), #3808, .F. ) ;
#2711 = VECTOR ( 'NONE', #2321, 1000.000000000000000 ) ;
#2712 = CARTESIAN_POINT ( 'NONE',  ( 1.154045461959793961, 5.999900000000000233, 0.3628258946615842695 ) ) ;
#2713 = CARTESIAN_POINT ( 'NONE',  ( 2.642646007643794981, 6.000000000000000000, -0.6379568434597616688 ) ) ;
#2714 = LINE ( 'NONE', #1330, #1097 ) ;
#2715 = VERTEX_POINT ( 'NONE', #2469 ) ;
#2716 = ORIENTED_EDGE ( 'NONE', *, *, #2138, .F. ) ;
#2717 = CARTESIAN_POINT ( 'NONE',  ( 1.220930602704621837, 5.999900000000000233, 0.3497580705482553065 ) ) ;
#2718 = CARTESIAN_POINT ( 'NONE',  ( 2.584843896998425539, 6.000000000000000888, -0.8554607890441922047 ) ) ;
#2719 = LINE ( 'NONE', #3052, #2119 ) ;
#2720 = PRESENTATION_LAYER_ASSIGNMENT (  '', '', ( #1491 ) ) ;
#2721 = CARTESIAN_POINT ( 'NONE',  ( 0.1242165990629554018, 5.999900000000000233, -0.7788346456692936126 ) ) ;
#2722 = CARTESIAN_POINT ( 'NONE',  ( 0.1937126620550882472, 6.000000000000000000, 1.355472440944882617 ) ) ;
#2723 = FILL_AREA_STYLE_COLOUR ( '', #3746 ) ;
#2724 = VERTEX_POINT ( 'NONE', #227 ) ;
#2725 =( LENGTH_UNIT ( ) NAMED_UNIT ( * ) SI_UNIT ( .MILLI., .METRE. ) );
#2726 = CARTESIAN_POINT ( 'NONE',  ( -1.608094424559088464, 6.000000000000000000, -0.3819212598425155147 ) ) ;
#2727 = VECTOR ( 'NONE', #3681, 1000.000000000000000 ) ;
#2728 = PLANE ( 'NONE',  #1924 ) ;
#2729 = CARTESIAN_POINT ( 'NONE',  ( 2.631385331497115398, 6.000000000000000888, 1.424968133424845407 ) ) ;
#2730 = CARTESIAN_POINT ( 'NONE',  ( 0.3986378589054800359, 5.999900000000000233, 0.6848070866141745539 ) ) ;
#2731 = B_SPLINE_CURVE_WITH_KNOTS ( 'NONE', 3,
 ( #1318, #951, #4608, #223 ),
 .UNSPECIFIED., .F., .F.,
 ( 4, 4 ),
 ( 0.7272727272727274039, 0.8181818181818183433 ),
 .UNSPECIFIED. ) ;
#2732 = CARTESIAN_POINT ( 'NONE',  ( 2.015737587998739588, 5.999900000000000233, -0.1700029588635093569 ) ) ;
#2733 =( NAMED_UNIT ( * ) PLANE_ANGLE_UNIT ( ) SI_UNIT ( $, .RADIAN. ) );
#2734 = ORIENTED_EDGE ( 'NONE', *, *, #4198, .F. ) ;
#2735 =( LENGTH_UNIT ( ) NAMED_UNIT ( * ) SI_UNIT ( .MILLI., .METRE. ) );
#2736 = SURFACE_STYLE_USAGE ( .BOTH. , #904 ) ;
#2737 =( GEOMETRIC_REPRESENTATION_CONTEXT ( 3 ) GLOBAL_UNCERTAINTY_ASSIGNED_CONTEXT ( ( #1507 ) ) GLOBAL_UNIT_ASSIGNED_CONTEXT ( ( #4567, #461, #4588 ) ) REPRESENTATION_CONTEXT ( 'NONE', 'WORKASPACE' ) );
#2738 = DIRECTION ( 'NONE',  ( 0.6128916609699309737, -0.000000000000000000, -0.7901669519244139961 ) ) ;
#2739 = PRESENTATION_STYLE_ASSIGNMENT (( #1255 ) ) ;
#2740 =( GEOMETRIC_REPRESENTATION_CONTEXT ( 3 ) GLOBAL_UNCERTAINTY_ASSIGNED_CONTEXT ( ( #2371 ) ) GLOBAL_UNIT_ASSIGNED_CONTEXT ( ( #3331, #2240, #1515 ) ) REPRESENTATION_CONTEXT ( 'NONE', 'WORKASPACE' ) );
#2741 =( LENGTH_UNIT ( ) NAMED_UNIT ( * ) SI_UNIT ( .MILLI., .METRE. ) );
#2742 = CARTESIAN_POINT ( 'NONE',  ( -0.8275196214094782121, 5.999900000000000233, 1.076720472440948484 ) ) ;
#2743 =( NAMED_UNIT ( * ) SI_UNIT ( $, .STERADIAN. ) SOLID_ANGLE_UNIT ( ) );
#2744 = VERTEX_POINT ( 'NONE', #2842 ) ;
#2745 = ORIENTED_EDGE ( 'NONE', *, *, #154, .T. ) ;
#2746 = CARTESIAN_POINT ( 'NONE',  ( 1.213334361882071777, 6.000000000000000888, -0.7009175616018576971 ) ) ;
#2747 = B_SPLINE_CURVE_WITH_KNOTS ( 'NONE', 3,
 ( #3265, #3969, #2844, #3927, #626, #983, #1395, #1005, #2170, #4301, #2869 ),
 .UNSPECIFIED., .F., .F.,
 ( 4, 1, 1, 1, 1, 1, 1, 1, 4 ),
 ( 0.000000000000000000, 0.2090174448045498123, 0.3701215845098708157, 0.4868884033316097093, 0.5748632755078627588, 0.6458207185090946156, 0.7281441267704361620, 0.8423061535616729323, 1.000000000000000000 ),
 .UNSPECIFIED. ) ;
#2748 = CARTESIAN_POINT ( 'NONE',  ( -0.6555708025118480720, 5.999900000000000233, -0.6561377952755882426 ) ) ;
#2749 = CARTESIAN_POINT ( 'NONE',  ( 1.142778724780128208, 6.000000000000000888, -1.821880208861821782 ) ) ;
#2750 = EDGE_CURVE ( 'NONE', #2966, #2693, #3562, .T. ) ;
#2751 = ORIENTED_EDGE ( 'NONE', *, *, #581, .T. ) ;
#2752 =( NAMED_UNIT ( * ) PLANE_ANGLE_UNIT ( ) SI_UNIT ( $, .RADIAN. ) );
#2753 = CARTESIAN_POINT ( 'NONE',  ( 1.154027076143226971, 5.999899999999999345, 0.1633265355979788003 ) ) ;
#2754 = PRESENTATION_STYLE_ASSIGNMENT (( #1651 ) ) ;
#2755 = EDGE_CURVE ( 'NONE', #702, #1783, #4710, .T. ) ;
#2756 = CARTESIAN_POINT ( 'NONE',  ( 1.169901077095653052, 5.999900000000000233, 1.384694906222209809 ) ) ;
#2757 = UNCERTAINTY_MEASURE_WITH_UNIT (LENGTH_MEASURE( 1.000000000000000082E-05 ), #2122, 'distance_accuracy_value', 'NONE');
#2758 = SURFACE_SIDE_STYLE ('',( #3106 ) ) ;
#2759 = ORIENTED_EDGE ( 'NONE', *, *, #3789, .F. ) ;
#2760 = CARTESIAN_POINT ( 'NONE',  ( 1.166518503127165873, 5.999999999999998224, -1.949304656196183982 ) ) ;
#2761 = CARTESIAN_POINT ( 'NONE',  ( 1.143068033057007771, 6.000000000000000000, 0.5902078922491580393 ) ) ;
#2762 = CARTESIAN_POINT ( 'NONE',  ( 1.200042968348131067, 5.999999999999999112, 0.3608046952921286632 ) ) ;
#2763 = CARTESIAN_POINT ( 'NONE',  ( -1.447834582039406515, 6.000000000000000000, -0.9164999999999924318 ) ) ;
#2764 = ORIENTED_EDGE ( 'NONE', *, *, #1805, .T. ) ;
#2765 = CARTESIAN_POINT ( 'NONE',  ( 2.640243940541739054, 6.000000000000000888, -0.8878840229641778992 ) ) ;
#2766 = CARTESIAN_POINT ( 'NONE',  ( -2.644999999999999130, -0.1000000000000000056, -2.500000000000000000 ) ) ;
#2767 = CARTESIAN_POINT ( 'NONE',  ( 1.142690712998739588, 6.000000000000000000, 0.2660034749600200255 ) ) ;
#2768 = FACE_BOUND ( 'NONE', #4394, .T. ) ;
#2769 = ORIENTED_EDGE ( 'NONE', *, *, #3523, .T. ) ;
#2770 = COLOUR_RGB ( '',0.8274509803921568096, 0.8392156862745098200, 0.8274509803921568096 ) ;
#2771 = SURFACE_STYLE_FILL_AREA ( #1267 ) ;
#2772 = DIRECTION ( 'NONE',  ( -0.000000000000000000, 1.000000000000000000, -0.000000000000000000 ) ) ;
#2773 =( NAMED_UNIT ( * ) SI_UNIT ( $, .STERADIAN. ) SOLID_ANGLE_UNIT ( ) );
#2774 = FACE_OUTER_BOUND ( 'NONE', #1732, .T. ) ;
#2775 = CARTESIAN_POINT ( 'NONE',  ( 2.616607625011923233, 6.000000000000002665, -1.061146275523525695 ) ) ;
#2776 = PRESENTATION_STYLE_ASSIGNMENT (( #2492 ) ) ;
#2777 = ORIENTED_EDGE ( 'NONE', *, *, #526, .F. ) ;
#2778 = SURFACE_STYLE_USAGE ( .BOTH. , #3132 ) ;
#2779 = PRESENTATION_LAYER_ASSIGNMENT (  '', '', ( #3384 ) ) ;
#2780 = CARTESIAN_POINT ( 'NONE',  ( 1.213334361882071777, 6.000000000000000888, 0.5343765560452014007 ) ) ;
#2781 = AXIS2_PLACEMENT_3D ( 'NONE', #4478, #1212, #832 ) ;
#2782 = DIRECTION ( 'NONE',  ( -0.8660872391925199532, 0.000000000000000000, -0.4998928826337483700 ) ) ;
#2783 = DIRECTION ( 'NONE',  ( -0.8660872391925200642, 0.000000000000000000, -0.4998928826337482034 ) ) ;
#2784 = ORIENTED_EDGE ( 'NONE', *, *, #3468, .F. ) ;
#2785 = COLOUR_RGB ( '',1.000000000000000000, 1.000000000000000000, 1.000000000000000000 ) ;
#2786 = CARTESIAN_POINT ( 'NONE',  ( 1.876491264469327458, 6.000000000000000000, 0.9291468573129612052 ) ) ;
#2787 = CARTESIAN_POINT ( 'NONE',  ( 2.636771313881896894, 6.000000000000000000, 0.3670425512312954774 ) ) ;
#2788 = CARTESIAN_POINT ( 'NONE',  ( 1.146497715025989406, 5.999900000000002009, 0.6905897097364515069 ) ) ;
#2789 = SURFACE_SIDE_STYLE ('',( #1337 ) ) ;
#2790 = VECTOR ( 'NONE', #2291, 999.9999999999998863 ) ;
#2791 = ORIENTED_EDGE ( 'NONE', *, *, #2971, .F. ) ;
#2792 = ORIENTED_EDGE ( 'NONE', *, *, #3343, .T. ) ;
#2793 = CARTESIAN_POINT ( 'NONE',  ( 1.169901077095653052, 5.999999999999998224, 0.1494007885751505449 ) ) ;
#2794 =( LENGTH_UNIT ( ) NAMED_UNIT ( * ) SI_UNIT ( .MILLI., .METRE. ) );
#2795 = EDGE_CURVE ( 'NONE', #2150, #830, #1881, .T. ) ;
#2796 = ADVANCED_FACE ( 'NONE', ( #3536 ), #2820, .F. ) ;
#2797 = LINE ( 'NONE', #955, #1529 ) ;
#2798 = ORIENTED_EDGE ( 'NONE', *, *, #1479, .F. ) ;
#2799 = PRESENTATION_STYLE_ASSIGNMENT (( #1724 ) ) ;
#2800 = CARTESIAN_POINT ( 'NONE',  ( 1.154974464376838039, 5.999900000000001121, -1.941061151260603079 ) ) ;
#2801 = ADVANCED_FACE ( 'NONE', ( #1003 ), #3923, .T. ) ;
#2802 = FILL_AREA_STYLE_COLOUR ( '', #2102 ) ;
#2803 = CARTESIAN_POINT ( 'NONE',  ( 1.220930602704621837, 6.000000000000000000, -0.8855360470988036248 ) ) ;
#2804 = DIRECTION ( 'NONE',  ( 0.000000000000000000, 0.000000000000000000, -1.000000000000000000 ) ) ;
#2805 = DIRECTION ( 'NONE',  ( -0.000000000000000000, -0.000000000000000000, -1.000000000000000000 ) ) ;
#2806 = ORIENTED_EDGE ( 'NONE', *, *, #3857, .F. ) ;
#2807 =( GEOMETRIC_REPRESENTATION_CONTEXT ( 3 ) GLOBAL_UNCERTAINTY_ASSIGNED_CONTEXT ( ( #3324 ) ) GLOBAL_UNIT_ASSIGNED_CONTEXT ( ( #2741, #853, #1612 ) ) REPRESENTATION_CONTEXT ( 'NONE', 'WORKASPACE' ) );
#2808 = CARTESIAN_POINT ( 'NONE',  ( 1.154538716452735647, 5.999899999999998457, 0.7146812797883247415 ) ) ;
#2809 = DIRECTION ( 'NONE',  ( -0.8660872391925200642, 0.000000000000000000, -0.4998928826337482034 ) ) ;
#2810 = CARTESIAN_POINT ( 'NONE',  ( 1.142690712998739588, 6.000000000000000000, 0.6206679970188436757 ) ) ;
#2811 = VERTEX_POINT ( 'NONE', #4583 ) ;
#2812 = ORIENTED_EDGE ( 'NONE', *, *, #3287, .T. ) ;
#2813 = DIRECTION ( 'NONE',  ( 0.8589240550050705192, 0.000000000000000000, 0.5121029854762093603 ) ) ;
#2814 = CARTESIAN_POINT ( 'NONE',  ( 2.629826558503599365, 5.999899999999998457, 1.616231457385233883 ) ) ;
#2815 = PLANE ( 'NONE',  #1033 ) ;
#2816 = CARTESIAN_POINT ( 'NONE',  ( 1.154027076143227415, 5.999900000000000233, 1.398620653245037815 ) ) ;
#2817 = EDGE_CURVE ( 'NONE', #4002, #1046, #2731, .T. ) ;
#2818 = CARTESIAN_POINT ( 'NONE',  ( 1.220930602704621837, 5.999900000000000233, 0.5382920779011967083 ) ) ;
#2819 = VERTEX_POINT ( 'NONE', #2836 ) ;
#2820 = PLANE ( 'NONE',  #2652 ) ;
#2821 = MECHANICAL_DESIGN_GEOMETRIC_PRESENTATION_REPRESENTATION (  '', ( #360 ), #2822 ) ;
#2822 =( GEOMETRIC_REPRESENTATION_CONTEXT ( 3 ) GLOBAL_UNCERTAINTY_ASSIGNED_CONTEXT ( ( #4077 ) ) GLOBAL_UNIT_ASSIGNED_CONTEXT ( ( #3690, #394, #320 ) ) REPRESENTATION_CONTEXT ( 'NONE', 'WORKASPACE' ) );
#2823 = ADVANCED_FACE ( 'NONE', ( #1764 ), #2815, .T. ) ;
#2824 = CARTESIAN_POINT ( 'NONE',  ( 2.642566788542307865, 5.999899999999998457, -1.894438454935804206 ) ) ;
#2825 = CARTESIAN_POINT ( 'NONE',  ( -2.943241815541270956, 5.999900000000000233, 2.819567424523459209 ) ) ;
#2826 = VERTEX_POINT ( 'NONE', #3194 ) ;
#2827 = MECHANICAL_DESIGN_GEOMETRIC_PRESENTATION_REPRESENTATION (  '', ( #823 ), #522 ) ;
#2828 = DIRECTION ( 'NONE',  ( 1.000000000000000000, 0.000000000000000000, 0.000000000000000000 ) ) ;
#2829 = SURFACE_STYLE_USAGE ( .BOTH. , #1780 ) ;
#2830 = FACE_OUTER_BOUND ( 'NONE', #1829, .T. ) ;
#2831 = VECTOR ( 'NONE', #1298, 1000.000000000000000 ) ;
#2832 = ORIENTED_EDGE ( 'NONE', *, *, #4431, .F. ) ;
#2833 = CARTESIAN_POINT ( 'NONE',  ( 2.630254047037111409, 5.999999999999999112, -1.759633764183848870 ) ) ;
#2834 =( LENGTH_UNIT ( ) NAMED_UNIT ( * ) SI_UNIT ( .MILLI., .METRE. ) );
#2835 =( NAMED_UNIT ( * ) PLANE_ANGLE_UNIT ( ) SI_UNIT ( $, .RADIAN. ) );
#2836 = CARTESIAN_POINT ( 'NONE',  ( 1.394999999999999796, 0.000000000000000000, 2.500000000000000444 ) ) ;
#2837 = PLANE ( 'NONE',  #1555 ) ;
#2838 = B_SPLINE_CURVE_WITH_KNOTS ( 'NONE', 3,
 ( #3928, #4278, #2499, #1420, #2406, #3866, #1703, #4662, #2824, #3159, #2092 ),
 .UNSPECIFIED., .F., .F.,
 ( 4, 1, 1, 1, 1, 1, 1, 1, 4 ),
 ( 0.000000000000000000, 0.1506145446497700602, 0.2596734740599796476, 0.3388177727155970431, 0.4102835628096077603, 0.5019338459622255666, 0.6260648387140322901, 0.7889788725463123820, 0.9999999999999998890 ),
 .UNSPECIFIED. ) ;
#2839 = FILL_AREA_STYLE ('',( #1372 ) ) ;
#2840 = ORIENTED_EDGE ( 'NONE', *, *, #2509, .F. ) ;
#2841 = STYLED_ITEM ( 'NONE', ( #2739 ), #3262 ) ;
#2842 = CARTESIAN_POINT ( 'NONE',  ( -2.665451921499553123, 6.000000000000000000, -2.819567424523458321 ) ) ;
#2843 = CARTESIAN_POINT ( 'NONE',  ( 1.213334361882071555, 5.999900000000000233, -1.936211679248916573 ) ) ;
#2844 = CARTESIAN_POINT ( 'NONE',  ( 2.642539632016172924, 5.999900000000002009, -0.9143226583606161029 ) ) ;
#2845 = CARTESIAN_POINT ( 'NONE',  ( 2.571937412355975727, 6.000000000000000888, 0.3725784803166725667 ) ) ;
#2846 = VECTOR ( 'NONE', #241, 1000.000000000000000 ) ;
#2847 = ADVANCED_FACE ( 'NONE', ( #2418 ), #1804, .T. ) ;
#2848 = CARTESIAN_POINT ( 'NONE',  ( 1.142930022522763878, 5.999900000000000233, 1.513348390898309415 ) ) ;
#2849 = EDGE_CURVE ( 'NONE', #493, #1693, #3983, .T. ) ;
#2850 = ORIENTED_EDGE ( 'NONE', *, *, #2750, .T. ) ;
#2851 = EDGE_CURVE ( 'NONE', #3573, #2615, #269, .T. ) ;
#2852 = PRESENTATION_LAYER_ASSIGNMENT (  '', '', ( #3386 ) ) ;
#2853 = LINE ( 'NONE', #4263, #928 ) ;
#2854 = DIRECTION ( 'NONE',  ( -0.8701091694029018386, 0.000000000000000000, 0.4928590400114340464 ) ) ;
#2855 = CARTESIAN_POINT ( 'NONE',  ( 1.166518503127166762, 6.000000000000000000, 0.5212835790979341022 ) ) ;
#2856 = CARTESIAN_POINT ( 'NONE',  ( 2.624191191930991707, 6.000000000000002665, -1.751155427735973547 ) ) ;
#2857 = CARTESIAN_POINT ( 'NONE',  ( 2.571941074772256641, 5.999900000000002009, -1.952950128405642749 ) ) ;
#2858 = ORIENTED_EDGE ( 'NONE', *, *, #3946, .T. ) ;
#2859 = COLOUR_RGB ( '',0.1921568627450980227, 0.2039215686274509776, 0.2039215686274509776 ) ;
#2860 = CARTESIAN_POINT ( 'NONE',  ( 2.584843896998425095, 6.000000000000002665, 1.615127446249926102 ) ) ;
#2861 = CARTESIAN_POINT ( 'NONE',  ( 0.7799370715039031232, 6.000000000000000000, -0.02874015748031673659 ) ) ;
#2862 = ADVANCED_FACE ( 'NONE', ( #685 ), #2879, .F. ) ;
#2863 = DIRECTION ( 'NONE',  ( -0.4966835351851230929, 0.000000000000000000, 0.8679317172888709742 ) ) ;
#2864 = ORIENTED_EDGE ( 'NONE', *, *, #3278, .T. ) ;
#2865 = B_SPLINE_SURFACE_WITH_KNOTS ( 'NONE', 3, 1, ( 
 ( #2224, #122 ),
 ( #3818, #3844 ),
 ( #518, #831 ),
 ( #2357, #4117 ),
 ( #1287, #3478 ),
 ( #940, #2335 ),
 ( #4574, #2309 ),
 ( #3379, #3424 ),
 ( #3767, #4524 ),
 ( #3794, #2746 ),
 ( #474, #4192 ) ),
 .UNSPECIFIED., .F., .F., .F.,
 ( 4, 1, 1, 1, 1, 1, 1, 1, 4 ),
 ( 2, 2 ),
 ( 0.000000000000000000, 0.2009044012478304053, 0.3599846282170884315, 0.4835952109184648018, 0.5715364693554770836, 0.6460191871590634793, 0.7285858147531646400, 0.8430130251172095468, 1.000000000000000000 ),
 ( 0.000000000000000000, 1.000000000000000000 ),
 .UNSPECIFIED. ) ;
#2866 = SURFACE_SIDE_STYLE ('',( #1744 ) ) ;
#2867 = FILL_AREA_STYLE_COLOUR ( '', #2701 ) ;
#2868 = CARTESIAN_POINT ( 'NONE',  ( 1.200042968348131511, 5.999900000000001121, 1.596098812939187983 ) ) ;
#2869 = CARTESIAN_POINT ( 'NONE',  ( 2.564450823292857340, 5.999900000000000233, -0.8669239147458623895 ) ) ;
#2870 = CARTESIAN_POINT ( 'NONE',  ( -0.8944881253464941340, 6.000000000000000000, -0.8987480314960591965 ) ) ;
#2871 =( NAMED_UNIT ( * ) PLANE_ANGLE_UNIT ( ) SI_UNIT ( $, .RADIAN. ) );
#2872 = ORIENTED_EDGE ( 'NONE', *, *, #1989, .T. ) ;
#2873 = LINE ( 'NONE', #3891, #89 ) ;
#2874 = VERTEX_POINT ( 'NONE', #2082 ) ;
#2875 = CARTESIAN_POINT ( 'NONE',  ( 2.629964885561349330, 5.999999999999999112, 0.5115929380281439842 ) ) ;
#2876 = LINE ( 'NONE', #1754, #1920 ) ;
#2877 = CARTESIAN_POINT ( 'NONE',  ( 1.142778724780127986, 5.999999999999999112, 0.6487080264322963030 ) ) ;
#2878 = ORIENTED_EDGE ( 'NONE', *, *, #892, .F. ) ;
#2879 = PLANE ( 'NONE',  #1968 ) ;
#2880 = PRESENTATION_STYLE_ASSIGNMENT (( #1039 ) ) ;
#2881 = PLANE ( 'NONE',  #3608 ) ;
#2882 = EDGE_CURVE ( 'NONE', #1980, #858, #3192, .T. ) ;
#2883 = CARTESIAN_POINT ( 'NONE',  ( 2.629964885561349330, 5.999999999999999112, -0.7237011796189150026 ) ) ;
#2884 = PRESENTATION_LAYER_ASSIGNMENT (  '', '', ( #4104 ) ) ;
#2885 = SURFACE_SIDE_STYLE ('',( #1741 ) ) ;
#2886 = VERTEX_POINT ( 'NONE', #1386 ) ;
#2887 = CARTESIAN_POINT ( 'NONE',  ( 2.644999999999999130, -0.1000000000000000056, 2.500000000000000444 ) ) ;
#2888 = CARTESIAN_POINT ( 'NONE',  ( 2.642636186262781628, 5.999900000000001121, -0.9344734550235077597 ) ) ;
#2889 = CARTESIAN_POINT ( 'NONE',  ( 2.642673057520803503, 5.999999999999998224, -0.5955304372566720961 ) ) ;
#2890 = FACE_OUTER_BOUND ( 'NONE', #3467, .T. ) ;
#2891 = CARTESIAN_POINT ( 'NONE',  ( 1.142930022522763656, 6.000000000000000000, -0.9572398443958084480 ) ) ;
#2892 = FILL_AREA_STYLE ('',( #3930 ) ) ;
#2893 = ORIENTED_EDGE ( 'NONE', *, *, #237, .F. ) ;
#2894 = STYLED_ITEM ( 'NONE', ( #2393 ), #3883 ) ;
#2895 = FILL_AREA_STYLE_COLOUR ( '', #2770 ) ;
#2896 = ORIENTED_EDGE ( 'NONE', *, *, #1285, .F. ) ;
#2897 = CARTESIAN_POINT ( 'NONE',  ( 1.146497715025989406, 6.000000000000001776, -0.5447044079106079240 ) ) ;
#2898 = CARTESIAN_POINT ( 'NONE',  ( 1.166518503127166762, 5.999900000000000233, 0.5212835790979341022 ) ) ;
#2899 = DIRECTION ( 'NONE',  ( -0.000000000000000000, 1.000000000000000000, -0.000000000000000000 ) ) ;
#2900 = VECTOR ( 'NONE', #4033, 1000.000000000000000 ) ;
#2901 = SURFACE_STYLE_USAGE ( .BOTH. , #4003 ) ;
#2902 = CARTESIAN_POINT ( 'NONE',  ( 2.631385331497114954, 5.999900000000000233, 0.1896740157777860591 ) ) ;
#2903 = B_SPLINE_SURFACE_WITH_KNOTS ( 'NONE', 3, 1, ( 
 ( #4213, #3587 ),
 ( #4280, #1730 ),
 ( #4259, #4640 ),
 ( #1397, #2476 ),
 ( #2501, #3931 ),
 ( #281, #1749 ),
 ( #3542, #653 ),
 ( #257, #986 ),
 ( #3201, #3955 ),
 ( #4665, #2845 ),
 ( #2449, #3908 ) ),
 .UNSPECIFIED., .F., .F., .F.,
 ( 4, 1, 1, 1, 1, 1, 1, 1, 4 ),
 ( 2, 2 ),
 ( 0.000000000000000000, 0.2090174448045497568, 0.3701215845098707047, 0.4868884033316095428, 0.5748632755078623147, 0.6458207185090945046, 0.7281441267704360509, 0.8423061535616729323, 1.000000000000000000 ),
 ( 0.000000000000000000, 1.000000000000000000 ),
 .UNSPECIFIED. ) ;
#2904 = CARTESIAN_POINT ( 'NONE',  ( 2.636813255159033975, 6.000000000000000000, -0.7085054191024058312 ) ) ;
#2905 = ADVANCED_FACE ( 'NONE', ( #288 ), #3172, .T. ) ;
#2906 = CARTESIAN_POINT ( 'NONE',  ( 2.642684319598296749, 5.999999999999999112, 0.6203276250500228128 ) ) ;
#2907 = EDGE_LOOP ( 'NONE', ( #3145, #4356, #994, #4379 ) ) ;
#2908 =( LENGTH_UNIT ( ) NAMED_UNIT ( * ) SI_UNIT ( .MILLI., .METRE. ) );
#2909 = CARTESIAN_POINT ( 'NONE',  ( 2.642673057520803503, 5.999899999999997569, -0.5955304372566720961 ) ) ;
#2910 = VECTOR ( 'NONE', #3135, 1000.000000000000000 ) ;
#2911 = CARTESIAN_POINT ( 'NONE',  ( 2.630254047037111409, 5.999899999999999345, -1.759633764183848870 ) ) ;
#2912 = DIRECTION ( 'NONE',  ( -0.8701091694029018386, 0.000000000000000000, 0.4928590400114340464 ) ) ;
#2913 = CARTESIAN_POINT ( 'NONE',  ( 1.178191632116386556, 5.999900000000000233, -1.736868767687038906 ) ) ;
#2914 = CARTESIAN_POINT ( 'NONE',  ( 1.220930602704621837, 5.999900000000000233, -0.6970020397458623895 ) ) ;
#2915 = B_SPLINE_CURVE_WITH_KNOTS ( 'NONE', 3,
 ( #3560, #2730, #2368, #1653 ),
 .UNSPECIFIED., .F., .F.,
 ( 4, 4 ),
 ( 0.7272727272727274039, 0.8181818181818183433 ),
 .UNSPECIFIED. ) ;
#2916 = EDGE_CURVE ( 'NONE', #4698, #2141, #3655, .T. ) ;
#2917 = ORIENTED_EDGE ( 'NONE', *, *, #2423, .T. ) ;
#2918 = COLOUR_RGB ( '',1.000000000000000000, 1.000000000000000000, 1.000000000000000000 ) ;
#2919 = ORIENTED_EDGE ( 'NONE', *, *, #1623, .F. ) ;
#2920 = CARTESIAN_POINT ( 'NONE',  ( 2.642566788542308309, 5.999999999999998224, 0.5761497803583132127 ) ) ;
#2921 = CARTESIAN_POINT ( 'NONE',  ( 1.142720842757628974, 5.999999999999999112, 0.2554335172887596817 ) ) ;
#2922 = CARTESIAN_POINT ( 'NONE',  ( 2.642684319598297193, 6.000000000000001776, -1.850260610244095494 ) ) ;
#2923 = ORIENTED_EDGE ( 'NONE', *, *, #693, .T. ) ;
#2924 = COLOUR_RGB ( '',1.000000000000000000, 1.000000000000000000, 1.000000000000000000 ) ;
#2925 = CARTESIAN_POINT ( 'NONE',  ( 2.636813255159033975, 5.999900000000000233, 0.5267886985446531556 ) ) ;
#2926 = CARTESIAN_POINT ( 'NONE',  ( 2.635606768424067603, 5.999999999999999112, 0.2013092219934430882 ) ) ;
#2927 = PRESENTATION_STYLE_ASSIGNMENT (( #2958 ) ) ;
#2928 = CARTESIAN_POINT ( 'NONE',  ( 1.154027076143227415, 6.000000000000001776, 1.398620653245037815 ) ) ;
#2929 = UNCERTAINTY_MEASURE_WITH_UNIT (LENGTH_MEASURE( 1.000000000000000082E-05 ), #2725, 'distance_accuracy_value', 'NONE');
#2930 = MECHANICAL_DESIGN_GEOMETRIC_PRESENTATION_REPRESENTATION (  '', ( #2708 ), #1410 ) ;
#2931 = CARTESIAN_POINT ( 'NONE',  ( 2.635350662869937910, 5.999900000000000233, -1.945708183704201399 ) ) ;
#2932 = PRESENTATION_LAYER_ASSIGNMENT (  '', '', ( #175 ) ) ;
#2933 = MECHANICAL_DESIGN_GEOMETRIC_PRESENTATION_REPRESENTATION (  '', ( #3314 ), #4692 ) ;
#2934 = EDGE_CURVE ( 'NONE', #2966, #1286, #3730, .T. ) ;
#2935 = ORIENTED_EDGE ( 'NONE', *, *, #2108, .T. ) ;
#2936 = ADVANCED_FACE ( 'NONE', ( #1916 ), #383, .T. ) ;
#2937 = PRESENTATION_LAYER_ASSIGNMENT (  '', '', ( #4154 ) ) ;
#2938 = SURFACE_SIDE_STYLE ('',( #4486 ) ) ;
#2939 = CARTESIAN_POINT ( 'NONE',  ( -3.354999999999998206, 6.000000000000000000, 3.455000000000000515 ) ) ;
#2940 = UNCERTAINTY_MEASURE_WITH_UNIT (LENGTH_MEASURE( 1.000000000000000082E-05 ), #3119, 'distance_accuracy_value', 'NONE');
#2941 = EDGE_CURVE ( 'NONE', #2010, #4690, #1162, .T. ) ;
#2942 = CARTESIAN_POINT ( 'NONE',  ( 1.169901077095652830, 5.999899999999999345, -1.085893329071908164 ) ) ;
#2943 = CARTESIAN_POINT ( 'NONE',  ( -0.8321574166850701504, 5.999900000000000233, 0.6509448818897678457 ) ) ;
#2944 = PRESENTATION_LAYER_ASSIGNMENT (  '', '', ( #1726 ) ) ;
#2945 = VERTEX_POINT ( 'NONE', #4457 ) ;
#2946 = B_SPLINE_SURFACE_WITH_KNOTS ( 'NONE', 3, 1, ( 
 ( #2546, #1102 ),
 ( #2147, #371 ),
 ( #1750, #2575 ),
 ( #4666, #676 ),
 ( #3669, #3994 ),
 ( #2477, #699 ),
 ( #3566, #4330 ),
 ( #3202, #1053 ),
 ( #2194, #2523 ),
 ( #2848, #4305 ),
 ( #3642, #4020 ) ),
 .UNSPECIFIED., .F., .F., .F.,
 ( 4, 1, 1, 1, 1, 1, 1, 1, 4 ),
 ( 2, 2 ),
 ( 0.000000000000000000, 0.1528910399261250719, 0.2655498866055906459, 0.3469726293230765979, 0.4171409348174461851, 0.5027291515886442852, 0.6212628926146345210, 0.7862933040589763500, 1.000000000000000000 ),
 ( 0.000000000000000000, 1.000000000000000000 ),
 .UNSPECIFIED. ) ;
#2947 = CARTESIAN_POINT ( 'NONE',  ( 2.610467510789358236, 5.999900000000001121, -1.064853181661812309 ) ) ;
#2948 =( LENGTH_UNIT ( ) NAMED_UNIT ( * ) SI_UNIT ( .MILLI., .METRE. ) );
#2949 = ORIENTED_EDGE ( 'NONE', *, *, #4371, .T. ) ;
#2950 = CARTESIAN_POINT ( 'NONE',  ( 2.584854964514850639, 5.999900000000001121, 0.5105523376898889465 ) ) ;
#2951 = CARTESIAN_POINT ( 'NONE',  ( 2.642690712998739588, 5.999900000000000233, 0.2894409749600200255 ) ) ;
#2952 = EDGE_LOOP ( 'NONE', ( #1492, #2362, #2798, #233 ) ) ;
#2953 = ADVANCED_FACE ( 'NONE', ( #3309 ), #1190, .F. ) ;
#2954 = VERTEX_POINT ( 'NONE', #38 ) ;
#2955 = LINE ( 'NONE', #2607, #3305 ) ;
#2956 = B_SPLINE_CURVE_WITH_KNOTS ( 'NONE', 3,
 ( #2574, #724, #2621, #1509, #2215, #422, #1175, #773, #2942, #444, #3668 ),
 .UNSPECIFIED., .F., .F.,
 ( 4, 1, 1, 1, 1, 1, 1, 1, 4 ),
 ( 0.000000000000000000, 0.2339648385054103330, 0.4198783559695589696, 0.5659151998979450315, 0.6801214999993741017, 0.7723010949812562087, 0.8443163158709252603, 0.9185860088431476722, 1.000000000000000000 ),
 .UNSPECIFIED. ) ;
#2957 = CARTESIAN_POINT ( 'NONE',  ( 2.642690712998740032, 5.999900000000001121, -0.6260002015105683437 ) ) ;
#2958 = SURFACE_STYLE_USAGE ( .BOTH. , #4365 ) ;
#2959 = CARTESIAN_POINT ( 'NONE',  ( 2.616279699699928241, 5.999899999999999345, -0.5096733813885260256 ) ) ;
#2960 = DIRECTION ( 'NONE',  ( 0.000000000000000000, -0.000000000000000000, 1.000000000000000000 ) ) ;
#2961 = MECHANICAL_DESIGN_GEOMETRIC_PRESENTATION_REPRESENTATION (  '', ( #3339 ), #1369 ) ;
#2962 = B_SPLINE_CURVE_WITH_KNOTS ( 'NONE', 3,
 ( #3417, #1226, #1534, #2263, #2994, #4040, #4092, #2284, #748, #3370, #3023 ),
 .UNSPECIFIED., .F., .F.,
 ( 4, 1, 1, 1, 1, 1, 1, 1, 4 ),
 ( 0.000000000000000000, 0.08608748684242650828, 0.1612668260071322135, 0.2388542627190378964, 0.3281828305663086476, 0.4373273942705386830, 0.5807184561777908316, 0.7620511388035706712, 1.000000000000000000 ),
 .UNSPECIFIED. ) ;
#2963 = CARTESIAN_POINT ( 'NONE',  ( 0.1242165990629554018, 6.000000000000000000, -0.7788346456692936126 ) ) ;
#2964 = VECTOR ( 'NONE', #2854, 1000.000000000000114 ) ;
#2965 = CARTESIAN_POINT ( 'NONE',  ( 1.161416586822690222, 6.000000000000000888, -0.5129659394870350608 ) ) ;
#2966 = VERTEX_POINT ( 'NONE', #1497 ) ;
#2967 = CARTESIAN_POINT ( 'NONE',  ( -0.1988070229842903158, 5.999900000000000233, -1.102125984251967505 ) ) ;
#2968 = CARTESIAN_POINT ( 'NONE',  ( 2.639295963283396329, 5.999899999999997569, -0.5502564976880873759 ) ) ;
#2969 = CARTESIAN_POINT ( 'NONE',  ( 1.175344842613581742, 6.000000000000000000, 0.1449430713849993169 ) ) ;
#2970 = CARTESIAN_POINT ( 'NONE',  ( 2.642636186262781628, 6.000000000000001776, 1.536114780270610991 ) ) ;
#2971 = EDGE_CURVE ( 'NONE', #2156, #4024, #1310, .T. ) ;
#2972 = EDGE_CURVE ( 'NONE', #2062, #4248, #2036, .T. ) ;
#2973 = CARTESIAN_POINT ( 'NONE',  ( 1.142690712998739588, 6.000000000000000000, 0.6206679970188436757 ) ) ;
#2974 = EDGE_LOOP ( 'NONE', ( #756, #267, #4100, #637 ) ) ;
#2975 = FILL_AREA_STYLE_COLOUR ( '', #203 ) ;
#2976 = ORIENTED_EDGE ( 'NONE', *, *, #4157, .T. ) ;
#2977 = ORIENTED_EDGE ( 'NONE', *, *, #1095, .T. ) ;
#2978 = ORIENTED_EDGE ( 'NONE', *, *, #1989, .F. ) ;
#2979 = LINE ( 'NONE', #2275, #109 ) ;
#2980 = PRESENTATION_LAYER_ASSIGNMENT (  '', '', ( #2374 ) ) ;
#2981 = FILL_AREA_STYLE_COLOUR ( '', #684 ) ;
#2982 = UNCERTAINTY_MEASURE_WITH_UNIT (LENGTH_MEASURE( 1.000000000000000082E-05 ), #3010, 'distance_accuracy_value', 'NONE');
#2983 = FILL_AREA_STYLE ('',( #835 ) ) ;
#2984 = B_SPLINE_CURVE_WITH_KNOTS ( 'NONE', 3,
 ( #577, #2065, #3514, #4565, #596, #250, #926, #645, #2440, #3949, #3902 ),
 .UNSPECIFIED., .F., .F.,
 ( 4, 1, 1, 1, 1, 1, 1, 1, 4 ),
 ( 0.000000000000000000, 0.08608748684242650828, 0.1612668260071322135, 0.2388542627190378964, 0.3281828305663086476, 0.4373273942705386830, 0.5807184561777908316, 0.7620511388035706712, 1.000000000000000000 ),
 .UNSPECIFIED. ) ;
#2985 = FILL_AREA_STYLE_COLOUR ( '', #2924 ) ;
#2986 = CARTESIAN_POINT ( 'NONE',  ( 1.169738862666132251, 5.999999999999999112, -0.5073267487490195071 ) ) ;
#2987 = DIRECTION ( 'NONE',  ( 0.8589240550050706302, 0.000000000000000000, 0.5121029854762092492 ) ) ;
#2988 = COLOUR_RGB ( '',1.000000000000000000, 1.000000000000000000, 1.000000000000000000 ) ;
#2989 = SURFACE_SIDE_STYLE ('',( #69 ) ) ;
#2990 = CARTESIAN_POINT ( 'NONE',  ( 1.161530783382918042, 6.000000000000000888, 0.1553855017634269697 ) ) ;
#2991 = UNCERTAINTY_MEASURE_WITH_UNIT (LENGTH_MEASURE( 1.000000000000000082E-05 ), #1710, 'distance_accuracy_value', 'NONE');
#2992 = SURFACE_STYLE_USAGE ( .BOTH. , #1604 ) ;
#2993 = CARTESIAN_POINT ( 'NONE',  ( 2.642539632016172035, 5.999900000000000233, 0.3209714592864429394 ) ) ;
#2994 = CARTESIAN_POINT ( 'NONE',  ( 2.631385331497114954, 6.000000000000000000, 0.1896740157777860591 ) ) ;
#2995 = FILL_AREA_STYLE_COLOUR ( '', #2785 ) ;
#2996 = EDGE_CURVE ( 'NONE', #3197, #3296, #3879, .T. ) ;
#2997 = SURFACE_SIDE_STYLE ('',( #2646 ) ) ;
#2998 = ORIENTED_EDGE ( 'NONE', *, *, #4482, .T. ) ;
#2999 = PRESENTATION_STYLE_ASSIGNMENT (( #1539 ) ) ;
#3000 = CARTESIAN_POINT ( 'NONE',  ( 1.142690712998739588, 5.999900000000000233, 0.2660034749600200255 ) ) ;
#3001 = EDGE_CURVE ( 'NONE', #375, #2693, #3017, .T. ) ;
#3002 = EDGE_CURVE ( 'NONE', #858, #1444, #4525, .T. ) ;
#3003 = ORIENTED_EDGE ( 'NONE', *, *, #4584, .F. ) ;
#3004 = FILL_AREA_STYLE ('',( #36 ) ) ;
#3005 =( GEOMETRIC_REPRESENTATION_CONTEXT ( 3 ) GLOBAL_UNCERTAINTY_ASSIGNED_CONTEXT ( ( #4088 ) ) GLOBAL_UNIT_ASSIGNED_CONTEXT ( ( #1325, #4185, #2404 ) ) REPRESENTATION_CONTEXT ( 'NONE', 'WORKASPACE' ) );
#3006 = LINE ( 'NONE', #2654, #3617 ) ;
#3007 = DIRECTION ( 'NONE',  ( 8.679708053926595535E-13, 1.000000000000000000, 1.792930475019082898E-12 ) ) ;
#3008 = DIRECTION ( 'NONE',  ( -0.000000000000000000, 1.000000000000000000, -0.000000000000000000 ) ) ;
#3009 = CARTESIAN_POINT ( 'NONE',  ( 1.146505634764222181, 5.999900000000001121, 1.426189584154387235 ) ) ;
#3010 =( LENGTH_UNIT ( ) NAMED_UNIT ( * ) SI_UNIT ( .MILLI., .METRE. ) );
#3011 = CARTESIAN_POINT ( 'NONE',  ( 0.4081181738661062708, 5.999900000000000233, 4.336808689942017736E-16 ) ) ;
#3012 = PRODUCT_DEFINITION_FORMATION_WITH_SPECIFIED_SOURCE ( 'ANY', '', #2090, .NOT_KNOWN. ) ;
#3013 = LINE ( 'NONE', #3387, #1227 ) ;
#3014 = CARTESIAN_POINT ( 'NONE',  ( 2.571937412355976615, 5.999900000000001121, -0.8627156373303865866 ) ) ;
#3015 = AXIS2_PLACEMENT_3D ( 'NONE', #511, #2051, #3110 ) ;
#3016 = CARTESIAN_POINT ( 'NONE',  ( 2.642690712998739588, 6.000000000000000000, -0.9458531426870389058 ) ) ;
#3017 = B_SPLINE_CURVE_WITH_KNOTS ( 'NONE', 3,
 ( #2676, #4119, #544, #2336, #3404, #2388, #3795, #3846, #124, #4552, #172 ),
 .UNSPECIFIED., .F., .F.,
 ( 4, 1, 1, 1, 1, 1, 1, 1, 4 ),
 ( 0.000000000000000000, 0.2475841483258849618, 0.4361234509600940279, 0.5765471439970870637, 0.6891935206218198218, 0.7769127325059281830, 0.8506699786920552953, 0.9203469832125598105, 1.000000000000000000 ),
 .UNSPECIFIED. ) ;
#3018 = SURFACE_SIDE_STYLE ('',( #22 ) ) ;
#3019 = CARTESIAN_POINT ( 'NONE',  ( 2.564450823292857340, 5.999900000000000233, -0.7135461573929211543 ) ) ;
#3020 = VECTOR ( 'NONE', #4366, 1000.000000000000000 ) ;
#3021 = VECTOR ( 'NONE', #1378, 1000.000000000000000 ) ;
#3022 = CARTESIAN_POINT ( 'NONE',  ( 2.602775380086247203, 5.999900000000001121, 0.3871113136134829436 ) ) ;
#3023 = CARTESIAN_POINT ( 'NONE',  ( 2.642690712998739588, 6.000000000000000000, 0.2894409749600200255 ) ) ;
#3024 = EDGE_CURVE ( 'NONE', #2724, #3653, #2719, .T. ) ;
#3025 = DIRECTION ( 'NONE',  ( -1.000000000000000000, 0.000000000000000000, -0.000000000000000000 ) ) ;
#3026 =( GEOMETRIC_REPRESENTATION_CONTEXT ( 3 ) GLOBAL_UNCERTAINTY_ASSIGNED_CONTEXT ( ( #3513 ) ) GLOBAL_UNIT_ASSIGNED_CONTEXT ( ( #2181, #1366, #4724 ) ) REPRESENTATION_CONTEXT ( 'NONE', 'WORKASPACE' ) );
#3027 = DIRECTION ( 'NONE',  ( 7.071532949109383506E-13, 1.000000000000000000, 1.499838851394941493E-12 ) ) ;
#3028 =( GEOMETRIC_REPRESENTATION_CONTEXT ( 3 ) GLOBAL_UNCERTAINTY_ASSIGNED_CONTEXT ( ( #2757 ) ) GLOBAL_UNIT_ASSIGNED_CONTEXT ( ( #2122, #2871, #1074 ) ) REPRESENTATION_CONTEXT ( 'NONE', 'WORKASPACE' ) );
#3029 = EDGE_LOOP ( 'NONE', ( #3593, #3450, #3170, #2451 ) ) ;
#3030 = ORIENTED_EDGE ( 'NONE', *, *, #1429, .F. ) ;
#3031 = COLOUR_RGB ( '',1.000000000000000000, 1.000000000000000000, 1.000000000000000000 ) ;
#3032 = CARTESIAN_POINT ( 'NONE',  ( 1.148772520324219615, 5.999900000000002009, -0.6911083878248586165 ) ) ;
#3033 = DIRECTION ( 'NONE',  ( -1.000000000000000000, 0.000000000000000000, -0.000000000000000000 ) ) ;
#3034 = SURFACE_STYLE_FILL_AREA ( #107 ) ;
#3035 =( NAMED_UNIT ( * ) SI_UNIT ( $, .STERADIAN. ) SOLID_ANGLE_UNIT ( ) );
#3036 = CARTESIAN_POINT ( 'NONE',  ( 2.624191191930992595, 5.999900000000002009, 0.7194328075581447601 ) ) ;
#3037 = ADVANCED_FACE ( 'NONE', ( #4171 ), #3118, .F. ) ;
#3038 = UNCERTAINTY_MEASURE_WITH_UNIT (LENGTH_MEASURE( 1.000000000000000082E-05 ), #2655, 'distance_accuracy_value', 'NONE');
#3039 = CARTESIAN_POINT ( 'NONE',  ( 1.142722440240110604, 6.000000000000000888, -1.839812128119887813 ) ) ;
#3040 =( GEOMETRIC_REPRESENTATION_CONTEXT ( 3 ) GLOBAL_UNCERTAINTY_ASSIGNED_CONTEXT ( ( #2664 ) ) GLOBAL_UNIT_ASSIGNED_CONTEXT ( ( #3694, #2375, #3783 ) ) REPRESENTATION_CONTEXT ( 'NONE', 'WORKASPACE' ) );
#3041 = CARTESIAN_POINT ( 'NONE',  ( 2.635606768424067603, 6.000000000000000000, -1.033984895653615732 ) ) ;
#3042 = CARTESIAN_POINT ( 'NONE',  ( 1.181887395167976917, 5.999899999999999345, -1.949014349443141114 ) ) ;
#3043 = UNCERTAINTY_MEASURE_WITH_UNIT (LENGTH_MEASURE( 1.000000000000000082E-05 ), #3988, 'distance_accuracy_value', 'NONE');
#3044 = CARTESIAN_POINT ( 'NONE',  ( 2.642646007643794981, 6.000000000000000000, -0.6379568434597616688 ) ) ;
#3045 = CARTESIAN_POINT ( 'NONE',  ( 1.876491264469327680, 5.999900000000000233, 0.9291468573129614272 ) ) ;
#3046 = SURFACE_STYLE_FILL_AREA ( #4492 ) ;
#3047 = FACE_OUTER_BOUND ( 'NONE', #1430, .T. ) ;
#3048 = ORIENTED_EDGE ( 'NONE', *, *, #709, .T. ) ;
#3049 = ORIENTED_EDGE ( 'NONE', *, *, #100, .F. ) ;
#3050 = DIRECTION ( 'NONE',  ( -0.000000000000000000, 1.000000000000000000, -0.000000000000000000 ) ) ;
#3051 = CARTESIAN_POINT ( 'NONE',  ( 1.213334361882071555, 6.000000000000000888, -1.936211679248916573 ) ) ;
#3052 = CARTESIAN_POINT ( 'NONE',  ( 2.564450823292857340, 5.999900000000000233, -0.8669239147458623895 ) ) ;
#3053 = SURFACE_SIDE_STYLE ('',( #3072 ) ) ;
#3054 =( NAMED_UNIT ( * ) PLANE_ANGLE_UNIT ( ) SI_UNIT ( $, .RADIAN. ) );
#3055 = PRESENTATION_LAYER_ASSIGNMENT (  '', '', ( #360 ) ) ;
#3056 = FILL_AREA_STYLE ('',( #836 ) ) ;
#3057 = LINE ( 'NONE', #1622, #1221 ) ;
#3058 = PLANE ( 'NONE',  #3204 ) ;
#3059 = VECTOR ( 'NONE', #767, 1000.000000000000000 ) ;
#3060 = DIRECTION ( 'NONE',  ( -0.000000000000000000, -0.000000000000000000, -1.000000000000000000 ) ) ;
#3061 = CARTESIAN_POINT ( 'NONE',  ( 1.213334361882071555, 5.999900000000001121, -1.936211679248916573 ) ) ;
#3062 = CARTESIAN_POINT ( 'NONE',  ( 2.584854964514850639, 5.999900000000001121, -0.7247417799571702623 ) ) ;
#3063 = VECTOR ( 'NONE', #1349, 1000.000000000000000 ) ;
#3064 = CARTESIAN_POINT ( 'NONE',  ( 1.154974464376837373, 6.000000000000000000, 0.5295270840335154494 ) ) ;
#3065 = FILL_AREA_STYLE ('',( #3419 ) ) ;
#3066 = CARTESIAN_POINT ( 'NONE',  ( 2.564450823292857784, 5.999900000000001121, -1.948840275039980474 ) ) ;
#3067 = EDGE_CURVE ( 'NONE', #2256, #4698, #1757, .T. ) ;
#3068 = VERTEX_POINT ( 'NONE', #2766 ) ;
#3069 = ORIENTED_EDGE ( 'NONE', *, *, #1246, .F. ) ;
#3070 = CARTESIAN_POINT ( 'NONE',  ( 1.220930602704622059, 5.999900000000001121, -0.6970020397458625006 ) ) ;
#3071 = CARTESIAN_POINT ( 'NONE',  ( -0.1988070229842903158, 5.999900000000000233, -1.102125984251967505 ) ) ;
#3072 = SURFACE_STYLE_FILL_AREA ( #1917 ) ;
#3073 = MECHANICAL_DESIGN_GEOMETRIC_PRESENTATION_REPRESENTATION (  '', ( #3917 ), #1471 ) ;
#3074 = CARTESIAN_POINT ( 'NONE',  ( 1.169738862666132473, 6.000000000000000000, -1.742620866396078938 ) ) ;
#3075 = PRESENTATION_LAYER_ASSIGNMENT (  '', '', ( #1242 ) ) ;
#3076 = ORIENTED_EDGE ( 'NONE', *, *, #3432, .F. ) ;
#3077 = CARTESIAN_POINT ( 'NONE',  ( -1.283948755267751096, 6.000000000000000000, 0.4673622047244164190 ) ) ;
#3078 = CARTESIAN_POINT ( 'NONE',  ( 2.602780714937743323, 5.999900000000001121, -1.966912289340083886 ) ) ;
#3079 = AXIS2_PLACEMENT_3D ( 'NONE', #4723, #4647, #1759 ) ;
#3080 = CARTESIAN_POINT ( 'NONE',  ( 2.607189793881092399, 6.000000000000000000, 1.403756232312961316 ) ) ;
#3081 = UNCERTAINTY_MEASURE_WITH_UNIT (LENGTH_MEASURE( 1.000000000000000082E-05 ), #1228, 'distance_accuracy_value', 'NONE');
#3082 = DIRECTION ( 'NONE',  ( -0.000000000000000000, -1.000000000000000000, -0.000000000000000000 ) ) ;
#3083 = VERTEX_POINT ( 'NONE', #519 ) ;
#3084 = PRESENTATION_STYLE_ASSIGNMENT (( #1633 ) ) ;
#3085 =( GEOMETRIC_REPRESENTATION_CONTEXT ( 3 ) GLOBAL_UNCERTAINTY_ASSIGNED_CONTEXT ( ( #440 ) ) GLOBAL_UNIT_ASSIGNED_CONTEXT ( ( #1129, #1585, #4472 ) ) REPRESENTATION_CONTEXT ( 'NONE', 'WORKASPACE' ) );
#3086 = CARTESIAN_POINT ( 'NONE',  ( 1.143068033057008215, 5.999900000000000233, -1.880380343044960378 ) ) ;
#3087 =( GEOMETRIC_REPRESENTATION_CONTEXT ( 3 ) GLOBAL_UNCERTAINTY_ASSIGNED_CONTEXT ( ( #2424 ) ) GLOBAL_UNIT_ASSIGNED_CONTEXT ( ( #1947, #1900, #3755 ) ) REPRESENTATION_CONTEXT ( 'NONE', 'WORKASPACE' ) );
#3088 = CARTESIAN_POINT ( 'NONE',  ( 1.200201249945043180, 6.000000000000002665, 0.5276070251643458775 ) ) ;
#3089 = EDGE_CURVE ( 'NONE', #392, #3941, #896, .T. ) ;
#3090 = CARTESIAN_POINT ( 'NONE',  ( 2.564450823292857340, 5.999900000000000233, 1.603664320548255473 ) ) ;
#3091 = CARTESIAN_POINT ( 'NONE',  ( 1.166537727726019158, 6.000000000000000888, 1.605130029749845644 ) ) ;
#3092 = ORIENTED_EDGE ( 'NONE', *, *, #1822, .F. ) ;
#3093 = ORIENTED_EDGE ( 'NONE', *, *, #3817, .T. ) ;
#3094 = LINE ( 'NONE', #913, #4231 ) ;
#3095 = CARTESIAN_POINT ( 'NONE',  ( 2.642539632016172035, 6.000000000000000000, 0.3209714592864429394 ) ) ;
#3096 = CARTESIAN_POINT ( 'NONE',  ( -0.8947361568425546974, 5.999900000000000233, -0.3477952755905496796 ) ) ;
#3097 = MECHANICAL_DESIGN_GEOMETRIC_PRESENTATION_REPRESENTATION (  '', ( #1491 ), #2649 ) ;
#3098 =( NAMED_UNIT ( * ) PLANE_ANGLE_UNIT ( ) SI_UNIT ( $, .RADIAN. ) );
#3099 =( LENGTH_UNIT ( ) NAMED_UNIT ( * ) SI_UNIT ( .MILLI., .METRE. ) );
#3100 =( GEOMETRIC_REPRESENTATION_CONTEXT ( 3 ) GLOBAL_UNCERTAINTY_ASSIGNED_CONTEXT ( ( #205 ) ) GLOBAL_UNIT_ASSIGNED_CONTEXT ( ( #1368, #3213, #2773 ) ) REPRESENTATION_CONTEXT ( 'NONE', 'WORKASPACE' ) );
#3101 = VERTEX_POINT ( 'NONE', #3547 ) ;
#3102 = DIRECTION ( 'NONE',  ( 0.8644584418281030525, 0.000000000000000000, -0.5027042891722013351 ) ) ;
#3103 = DIRECTION ( 'NONE',  ( 0.8604455470465084410, 0.000000000000000000, -0.5095424031107078644 ) ) ;
#3104 = CARTESIAN_POINT ( 'NONE',  ( -2.644999999999999130, 0.000000000000000000, 2.500000000000000000 ) ) ;
#3105 = DIRECTION ( 'NONE',  ( 0.000000000000000000, 0.000000000000000000, 1.000000000000000000 ) ) ;
#3106 = SURFACE_STYLE_FILL_AREA ( #979 ) ;
#3107 = VERTEX_POINT ( 'NONE', #4644 ) ;
#3108 = DIRECTION ( 'NONE',  ( 0.8644584418281030525, 0.000000000000000000, -0.5027042891722012241 ) ) ;
#3109 = VECTOR ( 'NONE', #3326, 1000.000000000000000 ) ;
#3110 = DIRECTION ( 'NONE',  ( -0.8571493051170775423, 0.000000000000000000, -0.5150680234078904851 ) ) ;
#3111 = PLANE ( 'NONE',  #2510 ) ;
#3112 = CARTESIAN_POINT ( 'NONE',  ( 1.161530783382917820, 5.999999999999999112, 1.390679619410485790 ) ) ;
#3113 = EDGE_LOOP ( 'NONE', ( #2104, #3849, #2745, #1009 ) ) ;
#3114 = EDGE_CURVE ( 'NONE', #2651, #4716, #2853, .T. ) ;
#3115 = ORIENTED_EDGE ( 'NONE', *, *, #581, .F. ) ;
#3116 = CARTESIAN_POINT ( 'NONE',  ( 1.144617761972859249, 5.999900000000000233, 0.5638930817821957708 ) ) ;
#3117 = CARTESIAN_POINT ( 'NONE',  ( -3.354999999999999094, 6.000000000000000000, -3.454999999999999627 ) ) ;
#3118 = PLANE ( 'NONE',  #765 ) ;
#3119 =( LENGTH_UNIT ( ) NAMED_UNIT ( * ) SI_UNIT ( .MILLI., .METRE. ) );
#3120 = FACE_OUTER_BOUND ( 'NONE', #3874, .T. ) ;
#3121 = ORIENTED_EDGE ( 'NONE', *, *, #4482, .F. ) ;
#3122 = B_SPLINE_CURVE_WITH_KNOTS ( 'NONE', 3,
 ( #4592, #2028, #164, #1280, #908, #1637, #561, #491, #880, #1663, #3496 ),
 .UNSPECIFIED., .F., .F.,
 ( 4, 1, 1, 1, 1, 1, 1, 1, 4 ),
 ( 0.000000000000000000, 0.1506145446497699492, 0.2596734740599798696, 0.3388177727155972097, 0.4102835628096070941, 0.5019338459622260107, 0.6260648387140314020, 0.7889788725463112717, 1.000000000000000000 ),
 .UNSPECIFIED. ) ;
#3123 = CARTESIAN_POINT ( 'NONE',  ( -0.6555708025118480720, 5.999900000000000233, -0.6561377952755882426 ) ) ;
#3124 = CARTESIAN_POINT ( 'NONE',  ( 1.161530783382918042, 5.999900000000001121, 0.1553855017634269697 ) ) ;
#3125 =( LENGTH_UNIT ( ) NAMED_UNIT ( * ) SI_UNIT ( .MILLI., .METRE. ) );
#3126 = CARTESIAN_POINT ( 'NONE',  ( 1.734142918881092399, 5.999900000000000233, -0.1806877015105681772 ) ) ;
#3127 =( NAMED_UNIT ( * ) SI_UNIT ( $, .STERADIAN. ) SOLID_ANGLE_UNIT ( ) );
#3128 =( GEOMETRIC_REPRESENTATION_CONTEXT ( 3 ) GLOBAL_UNCERTAINTY_ASSIGNED_CONTEXT ( ( #1838 ) ) GLOBAL_UNIT_ASSIGNED_CONTEXT ( ( #3167, #3188, #3938 ) ) REPRESENTATION_CONTEXT ( 'NONE', 'WORKASPACE' ) );
#3129 = CARTESIAN_POINT ( 'NONE',  ( 2.635606768424067603, 6.000000000000000000, -1.033984895653615732 ) ) ;
#3130 = UNCERTAINTY_MEASURE_WITH_UNIT (LENGTH_MEASURE( 1.000000000000000082E-05 ), #2794, 'distance_accuracy_value', 'NONE');
#3131 = ORIENTED_EDGE ( 'NONE', *, *, #4691, .T. ) ;
#3132 = SURFACE_SIDE_STYLE ('',( #556 ) ) ;
#3133 = VECTOR ( 'NONE', #2394, 1000.000000000000000 ) ;
#3134 = B_SPLINE_CURVE_WITH_KNOTS ( 'NONE', 3,
 ( #3738, #3664, #439, #746, #1557, #395, #2911, #2642, #2596, #1926, #4442 ),
 .UNSPECIFIED., .F., .F.,
 ( 4, 1, 1, 1, 1, 1, 1, 1, 4 ),
 ( 0.000000000000000000, 0.2475841483258846565, 0.4361234509600950826, 0.5765471439970862866, 0.6891935206218204879, 0.7769127325059288491, 0.8506699786920546291, 0.9203469832125602546, 1.000000000000000000 ),
 .UNSPECIFIED. ) ;
#3135 = DIRECTION ( 'NONE',  ( 1.255226827769035407E-16, 0.000000000000000000, 1.000000000000000000 ) ) ;
#3136 =( LENGTH_UNIT ( ) NAMED_UNIT ( * ) SI_UNIT ( .MILLI., .METRE. ) );
#3137 = LINE ( 'NONE', #586, #2640 ) ;
#3138 = CARTESIAN_POINT ( 'NONE',  ( -1.447834582039406515, 5.999900000000000233, -0.9164999999999924318 ) ) ;
#3139 = EDGE_LOOP ( 'NONE', ( #2493, #1543, #2437, #988, #1284, #1541, #4476, #3131, #1912, #2271, #4602, #1631, #1032, #2050, #2239, #2858 ) ) ;
#3140 = PLANE ( 'NONE',  #945 ) ;
#3141 = EDGE_CURVE ( 'NONE', #305, #1743, #2873, .T. ) ;
#3142 = CARTESIAN_POINT ( 'NONE',  ( 2.607189793881092399, 6.000000000000000000, -0.5050213412164505922 ) ) ;
#3143 = FILL_AREA_STYLE ('',( #2723 ) ) ;
#3144 = EDGE_CURVE ( 'NONE', #587, #809, #1426, .T. ) ;
#3145 = ORIENTED_EDGE ( 'NONE', *, *, #2512, .T. ) ;
#3146 = B_SPLINE_CURVE_WITH_KNOTS ( 'NONE', 3,
 ( #1110, #3679, #3357, #10, #333, #2630, #2925, #4386, #4028, #4722, #1812 ),
 .UNSPECIFIED., .F., .F.,
 ( 4, 1, 1, 1, 1, 1, 1, 1, 4 ),
 ( 0.000000000000000000, 0.1506145446497699492, 0.2596734740599798696, 0.3388177727155972097, 0.4102835628096070941, 0.5019338459622260107, 0.6260648387140314020, 0.7889788725463112717, 1.000000000000000000 ),
 .UNSPECIFIED. ) ;
#3147 = ORIENTED_EDGE ( 'NONE', *, *, #2462, .T. ) ;
#3148 = SURFACE_STYLE_USAGE ( .BOTH. , #1694 ) ;
#3149 = CARTESIAN_POINT ( 'NONE',  ( 1.142690712998739588, 6.000000000000000000, -0.6146261206282154221 ) ) ;
#3150 = B_SPLINE_SURFACE_WITH_KNOTS ( 'NONE', 3, 1, ( 
 ( #4004, #11 ),
 ( #2490, #4699 ),
 ( #1059, #2205 ),
 ( #3654, #2157 ),
 ( #2902, #3982 ),
 ( #3279, #2926 ),
 ( #2180, #614 ),
 ( #4340, #2460 ),
 ( #3626, #3916 ),
 ( #3599, #311 ),
 ( #3554, #2532 ) ),
 .UNSPECIFIED., .F., .F., .F.,
 ( 4, 1, 1, 1, 1, 1, 1, 1, 4 ),
 ( 2, 2 ),
 ( 0.000000000000000000, 0.08608748684242650828, 0.1612668260071322135, 0.2388542627190378964, 0.3281828305663086476, 0.4373273942705386830, 0.5807184561777908316, 0.7620511388035706712, 1.000000000000000000 ),
 ( 0.000000000000000000, 1.000000000000000000 ),
 .UNSPECIFIED. ) ;
#3151 = CARTESIAN_POINT ( 'NONE',  ( 0.1242165990629554018, 6.000000000000000000, -0.7788346456692936126 ) ) ;
#3152 = MECHANICAL_DESIGN_GEOMETRIC_PRESENTATION_REPRESENTATION (  '', ( #847 ), #3299 ) ;
#3153 = ORIENTED_EDGE ( 'NONE', *, *, #2452, .F. ) ;
#3154 = CARTESIAN_POINT ( 'NONE',  ( 2.607189793881092399, 5.999900000000000233, 1.403756232312961316 ) ) ;
#3155 = CARTESIAN_POINT ( 'NONE',  ( 1.144617761972858805, 5.999999999999999112, -1.906695153511921870 ) ) ;
#3156 = AXIS2_PLACEMENT_3D ( 'NONE', #3123, #4225, #972 ) ;
#3157 = COLOUR_RGB ( '',1.000000000000000000, 1.000000000000000000, 1.000000000000000000 ) ;
#3158 = FILL_AREA_STYLE ('',( #2802 ) ) ;
#3159 = CARTESIAN_POINT ( 'NONE',  ( 2.642646007643794537, 5.999899999999998457, -1.873250961106820212 ) ) ;
#3160 = PRESENTATION_STYLE_ASSIGNMENT (( #3992 ) ) ;
#3161 = CARTESIAN_POINT ( 'NONE',  ( 2.015737587998739588, 5.999900000000000233, 1.065291158783549630 ) ) ;
#3162 = DIRECTION ( 'NONE',  ( -0.000000000000000000, 1.000000000000000000, -0.000000000000000000 ) ) ;
#3163 = ORIENTED_EDGE ( 'NONE', *, *, #2253, .F. ) ;
#3164 = ADVANCED_FACE ( 'NONE', ( #2076, #607, #2097 ), #4622, .F. ) ;
#3165 =( LENGTH_UNIT ( ) NAMED_UNIT ( * ) SI_UNIT ( .MILLI., .METRE. ) );
#3166 = CARTESIAN_POINT ( 'NONE',  ( -1.486720408811058380, 6.000000000000000000, -0.6494015748031420898 ) ) ;
#3167 =( LENGTH_UNIT ( ) NAMED_UNIT ( * ) SI_UNIT ( .MILLI., .METRE. ) );
#3168 = MECHANICAL_DESIGN_GEOMETRIC_PRESENTATION_REPRESENTATION (  '', ( #480 ), #3471 ) ;
#3169 = EDGE_LOOP ( 'NONE', ( #3528, #1708, #3527, #259 ) ) ;
#3170 = ORIENTED_EDGE ( 'NONE', *, *, #51, .T. ) ;
#3171 = FILL_AREA_STYLE ('',( #1718 ) ) ;
#3172 = PLANE ( 'NONE',  #341 ) ;
#3173 = CARTESIAN_POINT ( 'NONE',  ( 2.642690712998739588, 5.999900000000000233, 1.524735092607079068 ) ) ;
#3174 =( GEOMETRIC_REPRESENTATION_CONTEXT ( 3 ) GLOBAL_UNCERTAINTY_ASSIGNED_CONTEXT ( ( #3130 ) ) GLOBAL_UNIT_ASSIGNED_CONTEXT ( ( #2794, #1021, #3533 ) ) REPRESENTATION_CONTEXT ( 'NONE', 'WORKASPACE' ) );
#3175 = ADVANCED_FACE ( 'NONE', ( #967 ), #669, .F. ) ;
#3176 = ADVANCED_FACE ( 'NONE', ( #3697 ), #2219, .F. ) ;
#3177 =( NAMED_UNIT ( * ) SI_UNIT ( $, .STERADIAN. ) SOLID_ANGLE_UNIT ( ) );
#3178 = VERTEX_POINT ( 'NONE', #3329 ) ;
#3179 = PLANE ( 'NONE',  #1867 ) ;
#3180 = PRESENTATION_STYLE_ASSIGNMENT (( #1050 ) ) ;
#3181 = CARTESIAN_POINT ( 'NONE',  ( -1.447834582039406515, 6.000000000000000000, -0.9164999999999924318 ) ) ;
#3182 = CARTESIAN_POINT ( 'NONE',  ( 1.142930022522763878, 6.000000000000000000, 1.513348390898309415 ) ) ;
#3183 = ORIENTED_EDGE ( 'NONE', *, *, #2369, .T. ) ;
#3184 = FILL_AREA_STYLE ('',( #1733 ) ) ;
#3185 = PRESENTATION_LAYER_ASSIGNMENT (  '', '', ( #2348 ) ) ;
#3186 =( NAMED_UNIT ( * ) PLANE_ANGLE_UNIT ( ) SI_UNIT ( $, .RADIAN. ) );
#3187 = FILL_AREA_STYLE ('',( #4696 ) ) ;
#3188 =( NAMED_UNIT ( * ) PLANE_ANGLE_UNIT ( ) SI_UNIT ( $, .RADIAN. ) );
#3189 = CARTESIAN_POINT ( 'NONE',  ( 1.142690712998739588, 5.999900000000000233, 0.6206679970188436757 ) ) ;
#3190 = ORIENTED_EDGE ( 'NONE', *, *, #4341, .F. ) ;
#3191 = CARTESIAN_POINT ( 'NONE',  ( 2.635047234864875687, 6.000000000000001776, -1.770913513954881502 ) ) ;
#3192 = LINE ( 'NONE', #615, #1109 ) ;
#3193 = DIRECTION ( 'NONE',  ( 0.5150680234078904851, 0.000000000000000000, -0.8571493051170775423 ) ) ;
#3194 = CARTESIAN_POINT ( 'NONE',  ( 0.4081181738661062708, 5.999900000000000233, 4.336808689942017736E-16 ) ) ;
#3195 = EDGE_CURVE ( 'NONE', #4627, #372, #1938, .T. ) ;
#3196 = DIRECTION ( 'NONE',  ( -0.8571493051170773203, 0.000000000000000000, -0.5150680234078907072 ) ) ;
#3197 = VERTEX_POINT ( 'NONE', #1826 ) ;
#3198 = VECTOR ( 'NONE', #4585, 1000.000000000000114 ) ;
#3199 = CARTESIAN_POINT ( 'NONE',  ( 1.142778724780127986, 5.999899999999999345, 0.6487080264322963030 ) ) ;
#3200 = CARTESIAN_POINT ( 'NONE',  ( 0.7799370715039031232, 5.999900000000000233, -0.02874015748031673659 ) ) ;
#3201 = CARTESIAN_POINT ( 'NONE',  ( 2.584843896998424650, 5.999900000000001121, 0.3798333286028665601 ) ) ;
#3202 = CARTESIAN_POINT ( 'NONE',  ( 1.143793079353702558, 5.999900000000001121, 1.562902114448176283 ) ) ;
#3203 = ORIENTED_EDGE ( 'NONE', *, *, #4130, .T. ) ;
#3204 = AXIS2_PLACEMENT_3D ( 'NONE', #663, #1763, #1344 ) ;
#3205 = CARTESIAN_POINT ( 'NONE',  ( -1.110830645031533503, 6.000000000000000000, -0.5935826771653525125 ) ) ;
#3206 = CARTESIAN_POINT ( 'NONE',  ( 1.144617761972859249, 5.999900000000000233, 0.5638930817821957708 ) ) ;
#3207 = CARTESIAN_POINT ( 'NONE',  ( 2.624753711275633616, 6.000000000000000000, 1.416323062675097111 ) ) ;
#3208 = VECTOR ( 'NONE', #1202, 1000.000000000000114 ) ;
#3209 = ORIENTED_EDGE ( 'NONE', *, *, #610, .F. ) ;
#3210 = SURFACE_STYLE_USAGE ( .BOTH. , #2461 ) ;
#3211 = SURFACE_SIDE_STYLE ('',( #3283 ) ) ;
#3212 = FACE_OUTER_BOUND ( 'NONE', #3263, .T. ) ;
#3213 =( NAMED_UNIT ( * ) PLANE_ANGLE_UNIT ( ) SI_UNIT ( $, .RADIAN. ) );
#3214 = LINE ( 'NONE', #3286, #3854 ) ;
#3215 = B_SPLINE_CURVE_WITH_KNOTS ( 'NONE', 3,
 ( #3980, #4000, #3274, #8 ),
 .UNSPECIFIED., .F., .F.,
 ( 4, 4 ),
 ( 0.2727272727272727071, 0.3636363636363636465 ),
 .UNSPECIFIED. ) ;
#3216 = EDGE_LOOP ( 'NONE', ( #1472, #1446, #317, #3688 ) ) ;
#3217 = AXIS2_PLACEMENT_3D ( 'NONE', #812, #2292, #2455 ) ;
#3218 =( NAMED_UNIT ( * ) SI_UNIT ( $, .STERADIAN. ) SOLID_ANGLE_UNIT ( ) );
#3219 = PRESENTATION_LAYER_ASSIGNMENT (  '', '', ( #847 ) ) ;
#3220 = CARTESIAN_POINT ( 'NONE',  ( 1.169738862666132251, 5.999999999999999112, 0.7279673688980394797 ) ) ;
#3221 = FILL_AREA_STYLE_COLOUR ( '', #1241 ) ;
#3222 = CARTESIAN_POINT ( 'NONE',  ( 2.641323004694411392, 5.999900000000002898, 0.6654049053627252297 ) ) ;
#3223 = ORIENTED_EDGE ( 'NONE', *, *, #4198, .T. ) ;
#3224 = EDGE_CURVE ( 'NONE', #1134, #4316, #1883, .T. ) ;
#3225 = STYLED_ITEM ( 'NONE', ( #810 ), #4643 ) ;
#3226 =( GEOMETRIC_REPRESENTATION_CONTEXT ( 3 ) GLOBAL_UNCERTAINTY_ASSIGNED_CONTEXT ( ( #1321 ) ) GLOBAL_UNIT_ASSIGNED_CONTEXT ( ( #859, #144, #1591 ) ) REPRESENTATION_CONTEXT ( 'NONE', 'WORKASPACE' ) );
#3227 = SURFACE_SIDE_STYLE ('',( #3569 ) ) ;
#3228 = ORIENTED_EDGE ( 'NONE', *, *, #1075, .F. ) ;
#3229 = CARTESIAN_POINT ( 'NONE',  ( 2.642690712998739588, 6.000000000000000000, 0.2894409749600200255 ) ) ;
#3230 = CARTESIAN_POINT ( 'NONE',  ( -1.399055054480345284, 6.000000000000000000, 0.9207283464566988762 ) ) ;
#3231 = CARTESIAN_POINT ( 'NONE',  ( 1.154538716452735647, 5.999999999999998224, 0.7146812797883247415 ) ) ;
#3232 = VECTOR ( 'NONE', #1609, 1000.000000000000000 ) ;
#3233 = ORIENTED_EDGE ( 'NONE', *, *, #166, .F. ) ;
#3234 = CARTESIAN_POINT ( 'NONE',  ( 2.642690712998740032, 6.000000000000000888, -1.861294319157627442 ) ) ;
#3235 = AXIS2_PLACEMENT_3D ( 'NONE', #91, #3692, #1201 ) ;
#3236 = CARTESIAN_POINT ( 'NONE',  ( 2.624191191930992595, 5.999900000000002009, -0.5158613100889147818 ) ) ;
#3237 = ADVANCED_FACE ( 'NONE', ( #1489 ), #54, .F. ) ;
#3238 = DIRECTION ( 'NONE',  ( 0.000000000000000000, 1.000000000000000000, 0.000000000000000000 ) ) ;
#3239 = VECTOR ( 'NONE', #2805, 1000.000000000000000 ) ;
#3240 = FILL_AREA_STYLE_COLOUR ( '', #4681 ) ;
#3241 =( GEOMETRIC_REPRESENTATION_CONTEXT ( 3 ) GLOBAL_UNCERTAINTY_ASSIGNED_CONTEXT ( ( #1173 ) ) GLOBAL_UNIT_ASSIGNED_CONTEXT ( ( #936, #2409, #3887 ) ) REPRESENTATION_CONTEXT ( 'NONE', 'WORKASPACE' ) );
#3242 = ORIENTED_EDGE ( 'NONE', *, *, #1196, .F. ) ;
#3243 = B_SPLINE_SURFACE_WITH_KNOTS ( 'NONE', 3, 1, ( 
 ( #3811, #825 ),
 ( #512, #3838 ),
 ( #4211, #2762 ),
 ( #4186, #2001 ),
 ( #139, #1954 ),
 ( #2712, #907 ),
 ( #2304, #4569 ),
 ( #3762, #465 ),
 ( #2328, #2379 ),
 ( #163, #1635 ),
 ( #3445, #536 ) ),
 .UNSPECIFIED., .F., .F., .F.,
 ( 4, 1, 1, 1, 1, 1, 1, 1, 4 ),
 ( 2, 2 ),
 ( 0.000000000000000000, 0.1528910399261251274, 0.2655498866055909235, 0.3469726293230768754, 0.4171409348174465181, 0.5027291515886446183, 0.6212628926146345210, 0.7862933040589767941, 1.000000000000000000 ),
 ( 0.000000000000000000, 1.000000000000000000 ),
 .UNSPECIFIED. ) ;
#3244 = CARTESIAN_POINT ( 'NONE',  ( 2.642690712998739588, 5.999900000000000233, 1.524735092607079068 ) ) ;
#3245 =( NAMED_UNIT ( * ) PLANE_ANGLE_UNIT ( ) SI_UNIT ( $, .RADIAN. ) );
#3246 = CARTESIAN_POINT ( 'NONE',  ( 0.4081181738661062708, 6.000000000000000000, 4.336808689942017736E-16 ) ) ;
#3247 = FILL_AREA_STYLE ('',( #2448 ) ) ;
#3248 = FACE_OUTER_BOUND ( 'NONE', #2593, .T. ) ;
#3249 = ORIENTED_EDGE ( 'NONE', *, *, #4584, .T. ) ;
#3250 = ORIENTED_EDGE ( 'NONE', *, *, #4166, .F. ) ;
#3251 = SURFACE_STYLE_USAGE ( .BOTH. , #1106 ) ;
#3252 = DIRECTION ( 'NONE',  ( -0.8571493051170774313, 0.000000000000000000, -0.5150680234078904851 ) ) ;
#3253 = CARTESIAN_POINT ( 'NONE',  ( 2.607189793881092399, 5.999900000000000233, -1.740315458863509468 ) ) ;
#3254 = AXIS2_PLACEMENT_3D ( 'NONE', #4520, #3641, #4639 ) ;
#3255 = CARTESIAN_POINT ( 'NONE',  ( -1.394999999999999352, 0.000000000000000000, 2.500000000000000000 ) ) ;
#3256 = CARTESIAN_POINT ( 'NONE',  ( 2.639295963283396773, 5.999999999999999112, -1.785550615335146363 ) ) ;
#3257 = SURFACE_STYLE_USAGE ( .BOTH. , #3944 ) ;
#3258 = FILL_AREA_STYLE ('',( #2370 ) ) ;
#3259 = UNCERTAINTY_MEASURE_WITH_UNIT (LENGTH_MEASURE( 1.000000000000000082E-05 ), #4258, 'distance_accuracy_value', 'NONE');
#3260 = PRESENTATION_STYLE_ASSIGNMENT (( #359 ) ) ;
#3261 = STYLED_ITEM ( 'NONE', ( #4220 ), #2278 ) ;
#3262 = ADVANCED_FACE ( 'NONE', ( #4493 ), #3243, .T. ) ;
#3263 = EDGE_LOOP ( 'NONE', ( #3400, #4612, #1981, #3223, #2410, #4363, #3399, #2671, #295, #2751, #4673 ) ) ;
#3264 = PRESENTATION_STYLE_ASSIGNMENT (( #3581 ) ) ;
#3265 = CARTESIAN_POINT ( 'NONE',  ( 2.642690712998739588, 5.999900000000000233, -0.9458531426870389058 ) ) ;
#3266 = CARTESIAN_POINT ( 'NONE',  ( 1.166537727726018714, 5.999999999999999112, -0.8654582055442724409 ) ) ;
#3267 = CARTESIAN_POINT ( 'NONE',  ( -1.447834582039406515, 6.000000000000000000, -0.9164999999999924318 ) ) ;
#3268 =( LENGTH_UNIT ( ) NAMED_UNIT ( * ) SI_UNIT ( .MILLI., .METRE. ) );
#3269 = ORIENTED_EDGE ( 'NONE', *, *, #2755, .T. ) ;
#3270 = COLOUR_RGB ( '',1.000000000000000000, 1.000000000000000000, 1.000000000000000000 ) ;
#3271 = CARTESIAN_POINT ( 'NONE',  ( -1.763090487551214780, 6.000000000000000000, -0.04034645669290454206 ) ) ;
#3272 = ORIENTED_EDGE ( 'NONE', *, *, #438, .F. ) ;
#3273 = CARTESIAN_POINT ( 'NONE',  ( 2.636771313881897338, 5.999900000000001121, 1.602336668878354686 ) ) ;
#3274 = CARTESIAN_POINT ( 'NONE',  ( -1.911310959992163383, 5.999900000000000233, -0.7001102362204623120 ) ) ;
#3275 = MECHANICAL_DESIGN_GEOMETRIC_PRESENTATION_REPRESENTATION (  '', ( #2073 ), #998 ) ;
#3276 = ORIENTED_EDGE ( 'NONE', *, *, #984, .T. ) ;
#3277 = EDGE_LOOP ( 'NONE', ( #2706, #3190, #1692, #4190 ) ) ;
#3278 = EDGE_CURVE ( 'NONE', #1188, #305, #4544, .T. ) ;
#3279 = CARTESIAN_POINT ( 'NONE',  ( 2.635606768424067603, 5.999899999999999345, 0.2013092219934430882 ) ) ;
#3280 = B_SPLINE_SURFACE_WITH_KNOTS ( 'NONE', 3, 1, ( 
 ( #2140, #3733 ),
 ( #453, #4322 ),
 ( #65, #1045 ),
 ( #4461, #4078 ),
 ( #4481, #293 ),
 ( #4682, #2251 ),
 ( #2656, #3709 ),
 ( #1216, #1919 ),
 ( #4708, #1791 ),
 ( #413, #2679 ),
 ( #1193, #4346 ) ),
 .UNSPECIFIED., .F., .F., .F.,
 ( 4, 1, 1, 1, 1, 1, 1, 1, 4 ),
 ( 2, 2 ),
 ( 0.000000000000000000, 0.08608748684242689686, 0.1612668260071323245, 0.2388542627190386181, 0.3281828305663082035, 0.4373273942705390160, 0.5807184561777902765, 0.7620511388035712264, 1.000000000000000000 ),
 ( 0.000000000000000000, 1.000000000000000000 ),
 .UNSPECIFIED. ) ;
#3281 = ADVANCED_FACE ( 'NONE', ( #3743 ), #4700, .F. ) ;
#3282 =( NAMED_UNIT ( * ) PLANE_ANGLE_UNIT ( ) SI_UNIT ( $, .RADIAN. ) );
#3283 = SURFACE_STYLE_FILL_AREA ( #3258 ) ;
#3284 = CARTESIAN_POINT ( 'NONE',  ( 1.178191632116386556, 6.000000000000001776, 1.377906048489432100 ) ) ;
#3285 = CARTESIAN_POINT ( 'NONE',  ( 2.618218846677510037, 6.000000000000000000, -0.7323642708057511719 ) ) ;
#3286 = CARTESIAN_POINT ( 'NONE',  ( 2.642690712998739588, 5.999900000000000233, 0.2894409749600200255 ) ) ;
#3287 = EDGE_CURVE ( 'NONE', #4013, #523, #827, .T. ) ;
#3288 = CARTESIAN_POINT ( 'NONE',  ( 2.642690712998740032, 6.000000000000000888, 0.6092939161364908651 ) ) ;
#3289 = ORIENTED_EDGE ( 'NONE', *, *, #1156, .T. ) ;
#3290 = CARTESIAN_POINT ( 'NONE',  ( 2.571937412355976615, 6.000000000000001776, -0.8627156373303865866 ) ) ;
#3291 = CARTESIAN_POINT ( 'NONE',  ( 2.610351767915529031, 5.999900000000001121, -0.5066395791305088325 ) ) ;
#3292 =( GEOMETRIC_REPRESENTATION_CONTEXT ( 3 ) GLOBAL_UNCERTAINTY_ASSIGNED_CONTEXT ( ( #1992 ) ) GLOBAL_UNIT_ASSIGNED_CONTEXT ( ( #3165, #1401, #656 ) ) REPRESENTATION_CONTEXT ( 'NONE', 'WORKASPACE' ) );
#3293 = CARTESIAN_POINT ( 'NONE',  ( 2.015737587998739588, 6.000000000000000000, -1.405297076510568344 ) ) ;
#3294 = PRESENTATION_STYLE_ASSIGNMENT (( #2598 ) ) ;
#3295 = SURFACE_SIDE_STYLE ('',( #3973 ) ) ;
#3296 = VERTEX_POINT ( 'NONE', #3494 ) ;
#3297 = PRESENTATION_STYLE_ASSIGNMENT (( #3393 ) ) ;
#3298 = CARTESIAN_POINT ( 'NONE',  ( 1.169901077095652830, 5.999999999999999112, -1.085893329071908164 ) ) ;
#3299 =( GEOMETRIC_REPRESENTATION_CONTEXT ( 3 ) GLOBAL_UNCERTAINTY_ASSIGNED_CONTEXT ( ( #1558 ) ) GLOBAL_UNIT_ASSIGNED_CONTEXT ( ( #4440, #1944, #796 ) ) REPRESENTATION_CONTEXT ( 'NONE', 'WORKASPACE' ) );
#3300 = EDGE_LOOP ( 'NONE', ( #4140, #3076, #101, #1142 ) ) ;
#3301 = FACE_OUTER_BOUND ( 'NONE', #4184, .T. ) ;
#3302 = CARTESIAN_POINT ( 'NONE',  ( 1.161530783382918042, 5.999899999999999345, -1.079908615883631962 ) ) ;
#3303 = ORIENTED_EDGE ( 'NONE', *, *, #2569, .T. ) ;
#3304 = AXIS2_PLACEMENT_3D ( 'NONE', #342, #4728, #4345 ) ;
#3305 = VECTOR ( 'NONE', #4073, 1000.000000000000000 ) ;
#3306 = ORIENTED_EDGE ( 'NONE', *, *, #734, .F. ) ;
#3307 = LINE ( 'NONE', #81, #3703 ) ;
#3308 = SURFACE_STYLE_FILL_AREA ( #1189 ) ;
#3309 = FACE_OUTER_BOUND ( 'NONE', #448, .T. ) ;
#3310 = CARTESIAN_POINT ( 'NONE',  ( 2.642673057520803503, 5.999899999999997569, -0.5955304372566720961 ) ) ;
#3311 = CARTESIAN_POINT ( 'NONE',  ( 1.161530783382917820, 5.999899999999999345, 1.390679619410485790 ) ) ;
#3312 = VECTOR ( 'NONE', #3447, 1000.000000000000000 ) ;
#3313 = EDGE_CURVE ( 'NONE', #1723, #329, #50, .T. ) ;
#3314 = STYLED_ITEM ( 'NONE', ( #722 ), #916 ) ;
#3315 =( NAMED_UNIT ( * ) PLANE_ANGLE_UNIT ( ) SI_UNIT ( $, .RADIAN. ) );
#3316 = CARTESIAN_POINT ( 'NONE',  ( 2.639295963283396329, 5.999999999999997335, 0.6850376199589710557 ) ) ;
#3317 = EDGE_CURVE ( 'NONE', #3701, #917, #2838, .T. ) ;
#3318 = ORIENTED_EDGE ( 'NONE', *, *, #129, .T. ) ;
#3319 = CARTESIAN_POINT ( 'NONE',  ( 1.881316632116386556, 6.000000000000000000, 1.193163401430608506 ) ) ;
#3320 = EDGE_CURVE ( 'NONE', #1931, #4427, #4617, .T. ) ;
#3321 = CARTESIAN_POINT ( 'NONE',  ( 2.642690712998739588, 5.999900000000000233, -0.6260002015105682327 ) ) ;
#3322 = AXIS2_PLACEMENT_3D ( 'NONE', #3045, #4066, #4490 ) ;
#3323 = CARTESIAN_POINT ( 'NONE',  ( 1.142774914274140352, 6.000000000000000000, 0.2364644427986457020 ) ) ;
#3324 = UNCERTAINTY_MEASURE_WITH_UNIT (LENGTH_MEASURE( 1.000000000000000082E-05 ), #2741, 'distance_accuracy_value', 'NONE');
#3325 = CARTESIAN_POINT ( 'NONE',  ( 2.584843896998425095, 6.000000000000002665, 1.615127446249926102 ) ) ;
#3326 = DIRECTION ( 'NONE',  ( -1.000000000000000000, -0.000000000000000000, -0.000000000000000000 ) ) ;
#3327 = COLOUR_RGB ( '',1.000000000000000000, 1.000000000000000000, 1.000000000000000000 ) ;
#3328 = LINE ( 'NONE', #53, #2326 ) ;
#3329 = CARTESIAN_POINT ( 'NONE',  ( 2.642690712998740032, 6.000000000000000888, 0.6092939161364908651 ) ) ;
#3330 = ORIENTED_EDGE ( 'NONE', *, *, #3712, .T. ) ;
#3331 =( LENGTH_UNIT ( ) NAMED_UNIT ( * ) SI_UNIT ( .MILLI., .METRE. ) );
#3332 = CARTESIAN_POINT ( 'NONE',  ( 2.644999999999999130, 0.000000000000000000, 2.500000000000000444 ) ) ;
#3333 = ORIENTED_EDGE ( 'NONE', *, *, #1967, .T. ) ;
#3334 = VERTEX_POINT ( 'NONE', #2068 ) ;
#3335 = DIRECTION ( 'NONE',  ( -0.000000000000000000, 1.000000000000000000, -0.000000000000000000 ) ) ;
#3336 = DIRECTION ( 'NONE',  ( -0.000000000000000000, 1.000000000000000000, -0.000000000000000000 ) ) ;
#3337 = CARTESIAN_POINT ( 'NONE',  ( 1.220930602704621837, 5.999900000000000233, 1.585052188195314349 ) ) ;
#3338 = CARTESIAN_POINT ( 'NONE',  ( 2.630254047037110965, 5.999899999999999345, 0.7109544711102691039 ) ) ;
#3339 = STYLED_ITEM ( 'NONE', ( #4354 ), #2486 ) ;
#3340 =( NAMED_UNIT ( * ) PLANE_ANGLE_UNIT ( ) SI_UNIT ( $, .RADIAN. ) );
#3341 = CARTESIAN_POINT ( 'NONE',  ( 2.644999999999999130, 0.000000000000000000, 2.500000000000000444 ) ) ;
#3342 = LINE ( 'NONE', #364, #612 ) ;
#3343 = EDGE_CURVE ( 'NONE', #1350, #3997, #1683, .T. ) ;
#3344 = CARTESIAN_POINT ( 'NONE',  ( 2.631385331497116731, 5.999900000000002898, -1.045620101869273677 ) ) ;
#3345 = ADVANCED_FACE ( 'NONE', ( #2053 ), #4357, .T. ) ;
#3346 = SURFACE_SIDE_STYLE ('',( #421 ) ) ;
#3347 = EDGE_CURVE ( 'NONE', #4370, #4587, #2566, .T. ) ;
#3348 = CARTESIAN_POINT ( 'NONE',  ( 1.178191632116386556, 5.999900000000000233, -0.5015746500399800301 ) ) ;
#3349 = CARTESIAN_POINT ( 'NONE',  ( 3.355000000000001759, 0.000000000000000000, 3.455000000000000515 ) ) ;
#3350 = SURFACE_SIDE_STYLE ('',( #2622 ) ) ;
#3351 = DIRECTION ( 'NONE',  ( -0.5103313329909725526, 0.000000000000000000, -0.8599778663242776400 ) ) ;
#3352 = CARTESIAN_POINT ( 'NONE',  ( 1.142690712998739588, 5.999900000000000233, -0.6146261206282154221 ) ) ;
#3353 = ORIENTED_EDGE ( 'NONE', *, *, #1771, .F. ) ;
#3354 = FACE_OUTER_BOUND ( 'NONE', #4410, .T. ) ;
#3355 = CARTESIAN_POINT ( 'NONE',  ( 1.147672671593931160, 5.999900000000000233, 0.3480305999690833096 ) ) ;
#3356 = VERTEX_POINT ( 'NONE', #4421 ) ;
#3357 = CARTESIAN_POINT ( 'NONE',  ( 2.584854964514850639, 5.999900000000001121, 0.5105523376898889465 ) ) ;
#3358 = CARTESIAN_POINT ( 'NONE',  ( 1.142690712998739588, 6.000000000000000000, -1.849920238275274187 ) ) ;
#3359 = PRESENTATION_STYLE_ASSIGNMENT (( #1137 ) ) ;
#3360 = CARTESIAN_POINT ( 'NONE',  ( 2.564450823292857340, 6.000000000000000000, 0.3683702029011965418 ) ) ;
#3361 =( GEOMETRIC_REPRESENTATION_CONTEXT ( 3 ) GLOBAL_UNCERTAINTY_ASSIGNED_CONTEXT ( ( #2561 ) ) GLOBAL_UNIT_ASSIGNED_CONTEXT ( ( #816, #3780, #770 ) ) REPRESENTATION_CONTEXT ( 'NONE', 'WORKASPACE' ) );
#3362 = FACE_OUTER_BOUND ( 'NONE', #1373, .T. ) ;
#3363 = UNCERTAINTY_MEASURE_WITH_UNIT (LENGTH_MEASURE( 1.000000000000000082E-05 ), #4295, 'distance_accuracy_value', 'NONE');
#3364 =( NAMED_UNIT ( * ) SI_UNIT ( $, .STERADIAN. ) SOLID_ANGLE_UNIT ( ) );
#3365 = CARTESIAN_POINT ( 'NONE',  ( 1.178191632116386556, 5.999900000000000233, -1.092682186804686095 ) ) ;
#3366 = LINE ( 'NONE', #1144, #239 ) ;
#3367 = UNCERTAINTY_MEASURE_WITH_UNIT (LENGTH_MEASURE( 1.000000000000000082E-05 ), #319, 'distance_accuracy_value', 'NONE');
#3368 = CARTESIAN_POINT ( 'NONE',  ( 1.143951580070069030, 5.999900000000002009, 0.2108991456630259498 ) ) ;
#3369 = CARTESIAN_POINT ( 'NONE',  ( 2.636771313881896894, 5.999900000000000233, 0.3670425512312954774 ) ) ;
#3370 = CARTESIAN_POINT ( 'NONE',  ( 2.642682354305278203, 5.999999999999999112, 0.2788678019239007599 ) ) ;
#3371 = B_SPLINE_CURVE_WITH_KNOTS ( 'NONE', 3,
 ( #4169, #885, #1211, #1307, #3032, #2006, #496, #1983, #2673, #1617, #3070 ),
 .UNSPECIFIED., .F., .F.,
 ( 4, 1, 1, 1, 1, 1, 1, 1, 4 ),
 ( 0.000000000000000000, 0.2009044012478304053, 0.3599846282170884315, 0.4835952109184648018, 0.5715364693554770836, 0.6460191871590634793, 0.7285858147531646400, 0.8430130251172095468, 1.000000000000000000 ),
 .UNSPECIFIED. ) ;
#3372 = SURFACE_SIDE_STYLE ('',( #2264 ) ) ;
#3373 = CARTESIAN_POINT ( 'NONE',  ( -3.354999999999998206, 6.000000000000000000, 3.455000000000000515 ) ) ;
#3374 =( NAMED_UNIT ( * ) SI_UNIT ( $, .STERADIAN. ) SOLID_ANGLE_UNIT ( ) );
#3375 = LINE ( 'NONE', #3066, #2254 ) ;
#3376 = ORIENTED_EDGE ( 'NONE', *, *, #2482, .T. ) ;
#3377 = ADVANCED_FACE ( 'NONE', ( #1902 ), #1441, .T. ) ;
#3378 = ORIENTED_EDGE ( 'NONE', *, *, #4361, .T. ) ;
#3379 = CARTESIAN_POINT ( 'NONE',  ( 1.181887395167976917, 5.999899999999999345, -0.7137202317960829046 ) ) ;
#3380 = PLANE ( 'NONE',  #2781 ) ;
#3381 = CARTESIAN_POINT ( 'NONE',  ( -2.644999999999999130, -0.1000000000000000056, -2.500000000000000000 ) ) ;
#3382 = CARTESIAN_POINT ( 'NONE',  ( 1.213298624243933199, 5.999999999999999112, 0.3537943151832227962 ) ) ;
#3383 = CARTESIAN_POINT ( 'NONE',  ( 2.642673057520803503, 5.999999999999998224, 0.6397636803903865577 ) ) ;
#3384 = STYLED_ITEM ( 'NONE', ( #947 ), #4512 ) ;
#3385 = CARTESIAN_POINT ( 'NONE',  ( 0.4118740793779169795, 6.000000000000000000, -0.2717755905511823888 ) ) ;
#3386 = STYLED_ITEM ( 'NONE', ( #1107 ), #244 ) ;
#3387 = CARTESIAN_POINT ( 'NONE',  ( -1.608094424559088464, 5.999900000000000233, -0.3819212598425155147 ) ) ;
#3388 = CARTESIAN_POINT ( 'NONE',  ( 1.149025747743360082, 5.999900000000000233, -1.766056774136323115 ) ) ;
#3389 = LINE ( 'NONE', #2282, #525 ) ;
#3390 = VECTOR ( 'NONE', #4526, 1000.000000000000000 ) ;
#3391 = CARTESIAN_POINT ( 'NONE',  ( -2.644999999999999130, -0.1000000000000000056, 2.500000000000000000 ) ) ;
#3392 = CARTESIAN_POINT ( 'NONE',  ( 1.734142918881092399, 5.999900000000000233, -1.415981819157627219 ) ) ;
#3393 = SURFACE_STYLE_USAGE ( .BOTH. , #1152 ) ;
#3394 = CARTESIAN_POINT ( 'NONE',  ( -0.8275196214094782121, 5.999900000000000233, 1.076720472440948484 ) ) ;
#3395 = STYLED_ITEM ( 'NONE', ( #2799 ), #2796 ) ;
#3396 = SURFACE_STYLE_FILL_AREA ( #2185 ) ;
#3397 = SURFACE_STYLE_FILL_AREA ( #1516 ) ;
#3398 = COLOUR_RGB ( '',1.000000000000000000, 1.000000000000000000, 1.000000000000000000 ) ;
#3399 = ORIENTED_EDGE ( 'NONE', *, *, #2916, .T. ) ;
#3400 = ORIENTED_EDGE ( 'NONE', *, *, #3313, .T. ) ;
#3401 = EDGE_CURVE ( 'NONE', #4427, #1134, #434, .T. ) ;
#3402 = LINE ( 'NONE', #2717, #4377 ) ;
#3403 = CARTESIAN_POINT ( 'NONE',  ( -1.608094424559088464, 5.999900000000000233, -0.3819212598425155147 ) ) ;
#3404 = CARTESIAN_POINT ( 'NONE',  ( 2.639295963283396329, 5.999999999999997335, -0.5502564976880873759 ) ) ;
#3405 =( NAMED_UNIT ( * ) SI_UNIT ( $, .STERADIAN. ) SOLID_ANGLE_UNIT ( ) );
#3406 = SURFACE_STYLE_FILL_AREA ( #3750 ) ;
#3407 = CARTESIAN_POINT ( 'NONE',  ( 2.607189793881092399, 5.999900000000000233, 0.7302727764306083946 ) ) ;
#3408 = FILL_AREA_STYLE ('',( #2985 ) ) ;
#3409 = CARTESIAN_POINT ( 'NONE',  ( 1.734142918881092399, 5.999900000000000233, -0.1806877015105681772 ) ) ;
#3410 = CARTESIAN_POINT ( 'NONE',  ( 2.640139079277641798, 6.000000000000001776, -1.922557528550401074 ) ) ;
#3411 = STYLED_ITEM ( 'NONE', ( #3160 ), #2475 ) ;
#3412 = CARTESIAN_POINT ( 'NONE',  ( 2.635606768424067603, 5.999900000000000233, -1.033984895653615732 ) ) ;
#3413 = FACE_OUTER_BOUND ( 'NONE', #2907, .T. ) ;
#3414 = UNCERTAINTY_MEASURE_WITH_UNIT (LENGTH_MEASURE( 1.000000000000000082E-05 ), #2484, 'distance_accuracy_value', 'NONE');
#3415 = CARTESIAN_POINT ( 'NONE',  ( 2.640139079277641354, 6.000000000000001776, -0.6872634109033418648 ) ) ;
#3416 = DIRECTION ( 'NONE',  ( -0.000000000000000000, 1.000000000000000000, -0.000000000000000000 ) ) ;
#3417 = CARTESIAN_POINT ( 'NONE',  ( 2.607189793881092399, 6.000000000000000000, 0.1684621146659023849 ) ) ;
#3418 = CARTESIAN_POINT ( 'NONE',  ( 1.175322422394289079, 5.999900000000000233, 0.7317669740917206456 ) ) ;
#3419 = FILL_AREA_STYLE_COLOUR ( '', #4123 ) ;
#3420 = FILL_AREA_STYLE_COLOUR ( '', #2209 ) ;
#3421 = CARTESIAN_POINT ( 'NONE',  ( 1.142690712998739588, 5.999900000000000233, 0.2660034749600200255 ) ) ;
#3422 = ORIENTED_EDGE ( 'NONE', *, *, #2356, .F. ) ;
#3423 = ORIENTED_EDGE ( 'NONE', *, *, #3317, .T. ) ;
#3424 = CARTESIAN_POINT ( 'NONE',  ( 1.181887395167976917, 5.999999999999999112, -0.7137202317960829046 ) ) ;
#3425 = FACE_OUTER_BOUND ( 'NONE', #4358, .T. ) ;
#3426 = DIRECTION ( 'NONE',  ( -0.000000000000000000, 1.000000000000000000, -0.000000000000000000 ) ) ;
#3427 = SURFACE_SIDE_STYLE ('',( #3034 ) ) ;
#3428 = CARTESIAN_POINT ( 'NONE',  ( 1.143354133692981112, 6.000000000000000000, 0.2994110420057710109 ) ) ;
#3429 = SURFACE_STYLE_USAGE ( .BOTH. , #3481 ) ;
#3430 = PRESENTATION_LAYER_ASSIGNMENT (  '', '', ( #1453 ) ) ;
#3431 = ADVANCED_FACE ( 'NONE', ( #901 ), #4319, .T. ) ;
#3432 = EDGE_CURVE ( 'NONE', #325, #2220, #4511, .T. ) ;
#3433 = STYLED_ITEM ( 'NONE', ( #1627 ), #4042 ) ;
#3434 = LINE ( 'NONE', #2081, #1709 ) ;
#3435 = CARTESIAN_POINT ( 'NONE',  ( 1.178191632116386556, 6.000000000000000000, 0.1426119308423729748 ) ) ;
#3436 = LINE ( 'NONE', #3459, #3133 ) ;
#3437 = PRESENTATION_LAYER_ASSIGNMENT (  '', '', ( #2073 ) ) ;
#3438 = EDGE_CURVE ( 'NONE', #329, #4026, #3389, .T. ) ;
#3439 = SURFACE_SIDE_STYLE ('',( #3805 ) ) ;
#3440 = SURFACE_STYLE_USAGE ( .BOTH. , #4509 ) ;
#3441 = DIRECTION ( 'NONE',  ( -0.000000000000000000, 1.000000000000000000, -0.000000000000000000 ) ) ;
#3442 = ORIENTED_EDGE ( 'NONE', *, *, #3320, .F. ) ;
#3443 = SURFACE_STYLE_FILL_AREA ( #4589 ) ;
#3444 = EDGE_CURVE ( 'NONE', #1656, #2945, #1309, .T. ) ;
#3445 = CARTESIAN_POINT ( 'NONE',  ( 1.142690712998739588, 5.999900000000000233, 0.2660034749600200255 ) ) ;
#3446 =( NAMED_UNIT ( * ) PLANE_ANGLE_UNIT ( ) SI_UNIT ( $, .RADIAN. ) );
#3447 = DIRECTION ( 'NONE',  ( -0.000000000000000000, 1.000000000000000000, -0.000000000000000000 ) ) ;
#3448 = SURFACE_STYLE_USAGE ( .BOTH. , #232 ) ;
#3449 = EDGE_LOOP ( 'NONE', ( #1960, #4347, #3616, #1135, #3442, #2032, #3981, #2583, #4407, #142, #2079, #2531, #1775, #2004, #3868, #2373 ) ) ;
#3450 = ORIENTED_EDGE ( 'NONE', *, *, #1128, .F. ) ;
#3451 = LINE ( 'NONE', #170, #1176 ) ;
#3452 = SURFACE_STYLE_FILL_AREA ( #4500 ) ;
#3453 =( NAMED_UNIT ( * ) PLANE_ANGLE_UNIT ( ) SI_UNIT ( $, .RADIAN. ) );
#3454 = SURFACE_STYLE_USAGE ( .BOTH. , #2696 ) ;
#3455 = FACE_BOUND ( 'NONE', #1360, .T. ) ;
#3456 = ORIENTED_EDGE ( 'NONE', *, *, #2971, .T. ) ;
#3457 = CARTESIAN_POINT ( 'NONE',  ( 2.015737587998739588, 5.999900000000000233, 1.065291158783549630 ) ) ;
#3458 = CARTESIAN_POINT ( 'NONE',  ( 1.213334361882071777, 6.000000000000000888, -0.7009175616018576971 ) ) ;
#3459 = CARTESIAN_POINT ( 'NONE',  ( -3.354999999999998206, 6.000000000000000000, 3.455000000000000515 ) ) ;
#3460 = UNCERTAINTY_MEASURE_WITH_UNIT (LENGTH_MEASURE( 1.000000000000000082E-05 ), #785, 'distance_accuracy_value', 'NONE');
#3461 = MECHANICAL_DESIGN_GEOMETRIC_PRESENTATION_REPRESENTATION (  '', ( #3702 ), #1714 ) ;
#3462 = FILL_AREA_STYLE_COLOUR ( '', #393 ) ;
#3463 = CARTESIAN_POINT ( 'NONE',  ( 1.143951580070068585, 5.999900000000001121, 1.446193263310085131 ) ) ;
#3464 = EDGE_CURVE ( 'NONE', #1783, #181, #3806, .T. ) ;
#3465 = CARTESIAN_POINT ( 'NONE',  ( -0.8275196214094782121, 6.000000000000000000, 1.076720472440948484 ) ) ;
#3466 = CARTESIAN_POINT ( 'NONE',  ( 2.642566788542308309, 5.999899999999998457, -0.6591443372887454411 ) ) ;
#3467 = EDGE_LOOP ( 'NONE', ( #1056, #3843, #1493, #1825 ) ) ;
#3468 = EDGE_CURVE ( 'NONE', #884, #4539, #1559, .T. ) ;
#3469 = MECHANICAL_DESIGN_GEOMETRIC_PRESENTATION_REPRESENTATION (  '', ( #175 ), #1260 ) ;
#3470 =( NAMED_UNIT ( * ) PLANE_ANGLE_UNIT ( ) SI_UNIT ( $, .RADIAN. ) );
#3471 =( GEOMETRIC_REPRESENTATION_CONTEXT ( 3 ) GLOBAL_UNCERTAINTY_ASSIGNED_CONTEXT ( ( #1121 ) ) GLOBAL_UNIT_ASSIGNED_CONTEXT ( ( #2587, #1474, #312 ) ) REPRESENTATION_CONTEXT ( 'NONE', 'WORKASPACE' ) );
#3472 = SURFACE_STYLE_USAGE ( .BOTH. , #2026 ) ;
#3473 = FILL_AREA_STYLE ('',( #1229 ) ) ;
#3474 = DIRECTION ( 'NONE',  ( 0.8679317172888709742, 0.000000000000000000, 0.4966835351851230929 ) ) ;
#3475 = CARTESIAN_POINT ( 'NONE',  ( 1.213298624243933643, 6.000000000000000000, 1.589088432830282116 ) ) ;
#3476 = ORIENTED_EDGE ( 'NONE', *, *, #1746, .T. ) ;
#3477 = ORIENTED_EDGE ( 'NONE', *, *, #2941, .F. ) ;
#3478 = CARTESIAN_POINT ( 'NONE',  ( 1.148772520324219615, 6.000000000000001776, -0.6911083878248586165 ) ) ;
#3479 = DIRECTION ( 'NONE',  ( 0.8679317172888709742, 0.000000000000000000, 0.4966835351851230929 ) ) ;
#3480 = COLOUR_RGB ( '',1.000000000000000000, 1.000000000000000000, 1.000000000000000000 ) ;
#3481 = SURFACE_SIDE_STYLE ('',( #173 ) ) ;
#3482 = PRESENTATION_LAYER_ASSIGNMENT (  '', '', ( #560 ) ) ;
#3483 = ORIENTED_EDGE ( 'NONE', *, *, #4631, .T. ) ;
#3484 = CARTESIAN_POINT ( 'NONE',  ( 2.564450823292857340, 5.999900000000000233, -0.8669239147458623895 ) ) ;
#3485 = CARTESIAN_POINT ( 'NONE',  ( 1.175344842613581742, 5.999900000000000233, 0.1449430713849993169 ) ) ;
#3486 = LINE ( 'NONE', #199, #3677 ) ;
#3487 = CARTESIAN_POINT ( 'NONE',  ( 2.642646007643794537, 5.999899999999998457, -1.873250961106820212 ) ) ;
#3488 = CARTESIAN_POINT ( 'NONE',  ( 0.4118740793779169795, 6.000000000000000000, -0.2717755905511823888 ) ) ;
#3489 =( LENGTH_UNIT ( ) NAMED_UNIT ( * ) SI_UNIT ( .MILLI., .METRE. ) );
#3490 = VERTEX_POINT ( 'NONE', #3921 ) ;
#3491 = EDGE_CURVE ( 'NONE', #121, #343, #2984, .T. ) ;
#3492 = ADVANCED_FACE ( 'NONE', ( #1024 ), #1722, .T. ) ;
#3493 =( NAMED_UNIT ( * ) PLANE_ANGLE_UNIT ( ) SI_UNIT ( $, .RADIAN. ) );
#3494 = CARTESIAN_POINT ( 'NONE',  ( 1.142690712998739588, 5.999900000000000233, -0.9692906426870387948 ) ) ;
#3495 = COLOUR_RGB ( '',1.000000000000000000, 1.000000000000000000, 1.000000000000000000 ) ;
#3496 = CARTESIAN_POINT ( 'NONE',  ( 2.642690712998740032, 6.000000000000000888, 0.6092939161364908651 ) ) ;
#3497 = CARTESIAN_POINT ( 'NONE',  ( 1.146505634764222181, 6.000000000000000888, 1.426189584154387235 ) ) ;
#3498 = CARTESIAN_POINT ( 'NONE',  ( 1.143354133692981112, 6.000000000000000888, 1.534705159652830053 ) ) ;
#3499 = VERTEX_POINT ( 'NONE', #621 ) ;
#3500 = CARTESIAN_POINT ( 'NONE',  ( 1.213334361882071777, 5.999900000000001121, 0.5343765560452014007 ) ) ;
#3501 = PRESENTATION_STYLE_ASSIGNMENT (( #3819 ) ) ;
#3502 = CARTESIAN_POINT ( 'NONE',  ( 2.015737587998739588, 6.000000000000000000, -1.405297076510568344 ) ) ;
#3503 =( NAMED_UNIT ( * ) SI_UNIT ( $, .STERADIAN. ) SOLID_ANGLE_UNIT ( ) );
#3504 = CARTESIAN_POINT ( 'NONE',  ( 1.161416586822689556, 5.999999999999999112, -1.748260057134093604 ) ) ;
#3505 = ORIENTED_EDGE ( 'NONE', *, *, #292, .F. ) ;
#3506 = PLANE ( 'NONE',  #3079 ) ;
#3507 = CARTESIAN_POINT ( 'NONE',  ( -1.763090487551214780, 6.000000000000000000, -0.04034645669290454206 ) ) ;
#3508 = SURFACE_STYLE_USAGE ( .BOTH. , #1040 ) ;
#3509 = UNCERTAINTY_MEASURE_WITH_UNIT (LENGTH_MEASURE( 1.000000000000000082E-05 ), #4160, 'distance_accuracy_value', 'NONE');
#3510 = SURFACE_STYLE_USAGE ( .BOTH. , #200 ) ;
#3511 = MECHANICAL_DESIGN_GEOMETRIC_PRESENTATION_REPRESENTATION (  '', ( #2894 ), #3898 ) ;
#3512 = DIRECTION ( 'NONE',  ( -1.000000000000000000, -0.000000000000000000, -0.000000000000000000 ) ) ;
#3513 = UNCERTAINTY_MEASURE_WITH_UNIT (LENGTH_MEASURE( 1.000000000000000082E-05 ), #2181, 'distance_accuracy_value', 'NONE');
#3514 = CARTESIAN_POINT ( 'NONE',  ( 2.616607625011923233, 5.999900000000000233, 0.1741478421235338192 ) ) ;
#3515 = ORIENTED_EDGE ( 'NONE', *, *, #1913, .T. ) ;
#3516 = VECTOR ( 'NONE', #2614, 1000.000000000000114 ) ;
#3517 = CARTESIAN_POINT ( 'NONE',  ( 1.142825864974269523, 5.999900000000000233, -1.860830719295981650 ) ) ;
#3518 = LINE ( 'NONE', #3787, #4256 ) ;
#3519 = SURFACE_STYLE_FILL_AREA ( #2069 ) ;
#3520 = ORIENTED_EDGE ( 'NONE', *, *, #469, .T. ) ;
#3521 =( NAMED_UNIT ( * ) SI_UNIT ( $, .STERADIAN. ) SOLID_ANGLE_UNIT ( ) );
#3522 = PRESENTATION_STYLE_ASSIGNMENT (( #283 ) ) ;
#3523 = EDGE_CURVE ( 'NONE', #121, #2431, #4611, .T. ) ;
#3524 = LINE ( 'NONE', #1753, #1906 ) ;
#3525 = CARTESIAN_POINT ( 'NONE',  ( -1.974192849755940671, 6.000000000000000000, -0.4815314960629848984 ) ) ;
#3526 = EDGE_CURVE ( 'NONE', #587, #630, #2401, .T. ) ;
#3527 = ORIENTED_EDGE ( 'NONE', *, *, #4090, .F. ) ;
#3528 = ORIENTED_EDGE ( 'NONE', *, *, #1282, .T. ) ;
#3529 = CARTESIAN_POINT ( 'NONE',  ( 1.220930602704621837, 6.000000000000000000, -0.6970020397458623895 ) ) ;
#3530 = MECHANICAL_DESIGN_GEOMETRIC_PRESENTATION_REPRESENTATION (  '', ( #1461 ), #3842 ) ;
#3531 = CARTESIAN_POINT ( 'NONE',  ( 1.142690712998739588, 5.999900000000000233, -1.849920238275274187 ) ) ;
#3532 = FILL_AREA_STYLE ('',( #687 ) ) ;
#3533 =( NAMED_UNIT ( * ) SI_UNIT ( $, .STERADIAN. ) SOLID_ANGLE_UNIT ( ) );
#3534 =( NAMED_UNIT ( * ) PLANE_ANGLE_UNIT ( ) SI_UNIT ( $, .RADIAN. ) );
#3535 = ORIENTED_EDGE ( 'NONE', *, *, #4195, .T. ) ;
#3536 = FACE_OUTER_BOUND ( 'NONE', #219, .T. ) ;
#3537 = FACE_OUTER_BOUND ( 'NONE', #4642, .T. ) ;
#3538 = PRESENTATION_LAYER_ASSIGNMENT (  '', '', ( #852 ) ) ;
#3539 = CARTESIAN_POINT ( 'NONE',  ( -3.354999999999999094, 6.000000000000000000, -3.454999999999999627 ) ) ;
#3540 = PRESENTATION_LAYER_ASSIGNMENT (  '', '', ( #619 ) ) ;
#3541 = DIRECTION ( 'NONE',  ( 0.8644584418281031635, 0.000000000000000000, -0.5027042891722011131 ) ) ;
#3542 = CARTESIAN_POINT ( 'NONE',  ( 2.617887197584240599, 5.999899999999999345, 0.3880593156605338656 ) ) ;
#3543 = CARTESIAN_POINT ( 'NONE',  ( 1.220930602704621837, 6.000000000000000000, 1.585052188195314349 ) ) ;
#3544 = VERTEX_POINT ( 'NONE', #1742 ) ;
#3545 = COLOUR_RGB ( '',1.000000000000000000, 1.000000000000000000, 1.000000000000000000 ) ;
#3546 = CARTESIAN_POINT ( 'NONE',  ( 1.142690712998739588, 5.999900000000000233, -0.9692906426870387948 ) ) ;
#3547 = CARTESIAN_POINT ( 'NONE',  ( 2.642690712998740032, 5.999900000000001121, -0.6260002015105683437 ) ) ;
#3548 = CARTESIAN_POINT ( 'NONE',  ( 1.734142918881092399, 5.999900000000000233, -1.415981819157627219 ) ) ;
#3549 = LINE ( 'NONE', #331, #989 ) ;
#3550 = CARTESIAN_POINT ( 'NONE',  ( 1.142690712998739588, 6.000000000000000000, 0.6206679970188436757 ) ) ;
#3551 = EDGE_CURVE ( 'NONE', #3653, #378, #2466, .T. ) ;
#3552 = ORIENTED_EDGE ( 'NONE', *, *, #4262, .F. ) ;
#3553 = VERTEX_POINT ( 'NONE', #4296 ) ;
#3554 = CARTESIAN_POINT ( 'NONE',  ( 2.642690712998739588, 5.999900000000000233, 0.2894409749600200255 ) ) ;
#3555 = DIRECTION ( 'NONE',  ( -1.000000000000000000, 0.000000000000000000, 0.000000000000000000 ) ) ;
#3556 = CARTESIAN_POINT ( 'NONE',  ( 1.142825864974269523, 5.999900000000001121, -1.860830719295981650 ) ) ;
#3557 = FILL_AREA_STYLE ('',( #4343 ) ) ;
#3558 = DIRECTION ( 'NONE',  ( -0.5103313329909725526, 0.000000000000000000, -0.8599778663242776400 ) ) ;
#3559 = AXIS2_PLACEMENT_3D ( 'NONE', #2248, #1113, #4030 ) ;
#3560 = CARTESIAN_POINT ( 'NONE',  ( 0.4081181738661062708, 5.999900000000000233, 4.336808689942017736E-16 ) ) ;
#3561 = VERTEX_POINT ( 'NONE', #4654 ) ;
#3562 = LINE ( 'NONE', #623, #2116 ) ;
#3563 = CARTESIAN_POINT ( 'NONE',  ( 2.617887197584241044, 5.999900000000000233, -0.8472348019865251212 ) ) ;
#3564 = CARTESIAN_POINT ( 'NONE',  ( 1.161416586822690222, 5.999900000000001121, 0.7223281781600243701 ) ) ;
#3565 = CARTESIAN_POINT ( 'NONE',  ( 0.3034685675668905014, 5.999900000000000233, -1.102125984251969282 ) ) ;
#3566 = CARTESIAN_POINT ( 'NONE',  ( 1.147672671593930938, 5.999899999999999345, 1.583324717616142241 ) ) ;
#3567 = VERTEX_POINT ( 'NONE', #1678 ) ;
#3568 =( GEOMETRIC_REPRESENTATION_CONTEXT ( 3 ) GLOBAL_UNCERTAINTY_ASSIGNED_CONTEXT ( ( #2281 ) ) GLOBAL_UNIT_ASSIGNED_CONTEXT ( ( #943, #2099, #968 ) ) REPRESENTATION_CONTEXT ( 'NONE', 'WORKASPACE' ) );
#3569 = SURFACE_STYLE_FILL_AREA ( #3936 ) ;
#3570 = CARTESIAN_POINT ( 'NONE',  ( 1.200201249945043180, 6.000000000000002665, 0.5276070251643458775 ) ) ;
#3571 = CARTESIAN_POINT ( 'NONE',  ( 2.607189793881092399, 6.000000000000000888, -1.740315458863509468 ) ) ;
#3572 = CARTESIAN_POINT ( 'NONE',  ( 1.220930602704621837, 6.000000000000000000, -1.932296157392921154 ) ) ;
#3573 = VERTEX_POINT ( 'NONE', #4253 ) ;
#3574 = CARTESIAN_POINT ( 'NONE',  ( 2.617887197584241488, 5.999900000000000233, 1.623353433307592963 ) ) ;
#3575 = DIRECTION ( 'NONE',  ( 0.8604455470465084410, 0.000000000000000000, -0.5095424031107078644 ) ) ;
#3576 = CARTESIAN_POINT ( 'NONE',  ( 2.642636186262781628, 6.000000000000001776, 1.536114780270610991 ) ) ;
#3577 = PRESENTATION_STYLE_ASSIGNMENT (( #4652 ) ) ;
#3578 = FILL_AREA_STYLE_COLOUR ( '', #443 ) ;
#3579 = ORIENTED_EDGE ( 'NONE', *, *, #3287, .F. ) ;
#3580 =( NAMED_UNIT ( * ) PLANE_ANGLE_UNIT ( ) SI_UNIT ( $, .RADIAN. ) );
#3581 = SURFACE_STYLE_USAGE ( .BOTH. , #2115 ) ;
#3582 =( GEOMETRIC_REPRESENTATION_CONTEXT ( 3 ) GLOBAL_UNCERTAINTY_ASSIGNED_CONTEXT ( ( #2184 ) ) GLOBAL_UNIT_ASSIGNED_CONTEXT ( ( #3489, #4586, #3364 ) ) REPRESENTATION_CONTEXT ( 'NONE', 'WORKASPACE' ) );
#3583 = ADVANCED_FACE ( 'NONE', ( #1391 ), #3280, .T. ) ;
#3584 = CARTESIAN_POINT ( 'NONE',  ( 1.213298624243933643, 5.999900000000000233, 1.589088432830282116 ) ) ;
#3585 = CARTESIAN_POINT ( 'NONE',  ( 1.220930602704621837, 5.999900000000000233, -0.8855360470988036248 ) ) ;
#3586 = CARTESIAN_POINT ( 'NONE',  ( 2.616279699699928241, 5.999899999999999345, 0.7256207362585328502 ) ) ;
#3587 = CARTESIAN_POINT ( 'NONE',  ( 2.642690712998739588, 6.000000000000000000, 0.2894409749600200255 ) ) ;
#3588 = CARTESIAN_POINT ( 'NONE',  ( 0.4081181738661062708, 6.000000000000000000, 4.336808689942017736E-16 ) ) ;
#3589 = EDGE_LOOP ( 'NONE', ( #3861, #2245, #2354, #3911 ) ) ;
#3590 = ADVANCED_FACE ( 'NONE', ( #85 ), #2578, .T. ) ;
#3591 = SHAPE_DEFINITION_REPRESENTATION ( #276, #2525 ) ;
#3592 = DIRECTION ( 'NONE',  ( -0.000000000000000000, 1.000000000000000000, -0.000000000000000000 ) ) ;
#3593 = ORIENTED_EDGE ( 'NONE', *, *, #2398, .F. ) ;
#3594 = CARTESIAN_POINT ( 'NONE',  ( 1.734142918881092399, 6.000000000000000000, -0.1806877015105681772 ) ) ;
#3595 = DIRECTION ( 'NONE',  ( -0.8599778663242776400, 0.000000000000000000, 0.5103313329909725526 ) ) ;
#3596 = CARTESIAN_POINT ( 'NONE',  ( 2.641323004694410059, 6.000000000000001776, -1.805183329931393077 ) ) ;
#3597 = STYLED_ITEM ( 'NONE', ( #2776 ), #3492 ) ;
#3598 = ORIENTED_EDGE ( 'NONE', *, *, #693, .F. ) ;
#3599 = CARTESIAN_POINT ( 'NONE',  ( 2.642682354305278203, 5.999899999999999345, 0.2788678019239007599 ) ) ;
#3600 = B_SPLINE_CURVE_WITH_KNOTS ( 'NONE', 3,
 ( #37, #4029, #4413, #2225, #82, #3680, #2247, #381, #1863, #1495, #2957 ),
 .UNSPECIFIED., .F., .F.,
 ( 4, 1, 1, 1, 1, 1, 1, 1, 4 ),
 ( 0.000000000000000000, 0.1506145446497699492, 0.2596734740599798696, 0.3388177727155972097, 0.4102835628096070941, 0.5019338459622260107, 0.6260648387140314020, 0.7889788725463112717, 1.000000000000000000 ),
 .UNSPECIFIED. ) ;
#3601 = PRESENTATION_STYLE_ASSIGNMENT (( #3629 ) ) ;
#3602 = FILL_AREA_STYLE_COLOUR ( '', #3495 ) ;
#3603 = CARTESIAN_POINT ( 'NONE',  ( 2.642566788542307865, 5.999999999999998224, -1.894438454935804206 ) ) ;
#3604 = B_SPLINE_CURVE_WITH_KNOTS ( 'NONE', 3,
 ( #1265, #915, #3074, #3504, #891, #1312, #1238, #1620, #2749, #4245, #2038 ),
 .UNSPECIFIED., .F., .F.,
 ( 4, 1, 1, 1, 1, 1, 1, 1, 4 ),
 ( 0.000000000000000000, 0.08269940838263233063, 0.1609352856402981591, 0.2384022412677351266, 0.3252932597831262318, 0.4321161260274608562, 0.5729322032451388269, 0.7592645677637461787, 1.000000000000000000 ),
 .UNSPECIFIED. ) ;
#3605 = CARTESIAN_POINT ( 'NONE',  ( 2.630254047037110965, 6.000000000000000000, 0.7109544711102691039 ) ) ;
#3606 = EDGE_LOOP ( 'NONE', ( #743, #4522, #80, #2998 ) ) ;
#3607 = FILL_AREA_STYLE ('',( #4684 ) ) ;
#3608 = AXIS2_PLACEMENT_3D ( 'NONE', #1499, #787, #2960 ) ;
#3609 = DIRECTION ( 'NONE',  ( 0.4998928826337482589, 0.000000000000000000, -0.8660872391925201752 ) ) ;
#3610 = PRESENTATION_STYLE_ASSIGNMENT (( #299 ) ) ;
#3611 = CARTESIAN_POINT ( 'NONE',  ( 1.169738862666132251, 5.999899999999999345, 0.7279673688980394797 ) ) ;
#3612 = FILL_AREA_STYLE_COLOUR ( '', #1765 ) ;
#3613 = PLANE ( 'NONE',  #1736 ) ;
#3614 = VECTOR ( 'NONE', #2813, 1000.000000000000000 ) ;
#3615 = LINE ( 'NONE', #2914, #3871 ) ;
#3616 = ORIENTED_EDGE ( 'NONE', *, *, #154, .F. ) ;
#3617 = VECTOR ( 'NONE', #450, 1000.000000000000114 ) ;
#3618 = CLOSED_SHELL ( 'NONE', ( #3164, #3645, #1866, #1041, #789, #3237, #1449, #2278, #3590, #3492, #2445, #3583, #2847, #952, #649, #1371, #2070, #2680, #1569, #751, #3711, #4555, #2101, #236, #3431, #3964, #3377, #4282, #4578, #582, #741, #2163, #3262, #3799, #4314, #2801, #2298, #128, #2905, #2936, #846, #1660, #244, #3883, #1178, #4042, #1594, #1939, #2823, #3345, #382, #2475, #2165, #1632, #1542, #1400, #2300, #2953, #2710, #4216, #3037, #1008, #2330, #3281, #916, #1244, #2486, #4512, #1520, #3175, #1345, #4339, #4726, #2017, #2862, #2796, #2446, #4106, #2015, #2605, #4643, #1691, #3176, #2030 ) ) ;
#3619 = CARTESIAN_POINT ( 'NONE',  ( -1.283948755267751096, 5.999900000000000233, 0.4673622047244164190 ) ) ;
#3620 = VERTEX_POINT ( 'NONE', #545 ) ;
#3621 = CARTESIAN_POINT ( 'NONE',  ( 1.220930602704622059, 6.000000000000000888, 0.5382920779011968193 ) ) ;
#3622 = CARTESIAN_POINT ( 'NONE',  ( 2.616279699699928685, 5.999899999999999345, -1.744967499035585012 ) ) ;
#3623 = STYLED_ITEM ( 'NONE', ( #3180 ), #789 ) ;
#3624 = EDGE_LOOP ( 'NONE', ( #980, #3242, #4215, #1130 ) ) ;
#3625 = EDGE_CURVE ( 'NONE', #2220, #1693, #3604, .T. ) ;
#3626 = CARTESIAN_POINT ( 'NONE',  ( 2.642667625737632253, 5.999900000000000233, 0.2602371756145618331 ) ) ;
#3627 = VECTOR ( 'NONE', #1986, 1000.000000000000114 ) ;
#3628 = DIRECTION ( 'NONE',  ( -0.000000000000000000, 1.000000000000000000, -0.000000000000000000 ) ) ;
#3629 = SURFACE_STYLE_USAGE ( .BOTH. , #3211 ) ;
#3630 = CARTESIAN_POINT ( 'NONE',  ( 0.6067008510314587655, 5.999900000000000233, -0.7267047244094460012 ) ) ;
#3631 = PRESENTATION_STYLE_ASSIGNMENT (( #1476 ) ) ;
#3632 = MECHANICAL_DESIGN_GEOMETRIC_PRESENTATION_REPRESENTATION (  '', ( #560 ), #4621 ) ;
#3633 = PRESENTATION_LAYER_ASSIGNMENT (  '', '', ( #3942 ) ) ;
#3634 = ORIENTED_EDGE ( 'NONE', *, *, #2882, .F. ) ;
#3635 = B_SPLINE_SURFACE_WITH_KNOTS ( 'NONE', 3, 1, ( 
 ( #705, #3650 ),
 ( #2582, #2922 ),
 ( #2553, #3939 ),
 ( #332, #3596 ),
 ( #1403, #4721 ),
 ( #1755, #1828 ),
 ( #4383, #4313 ),
 ( #308, #2856 ),
 ( #3622, #2202 ),
 ( #1811, #2127 ),
 ( #3253, #3571 ) ),
 .UNSPECIFIED., .F., .F., .F.,
 ( 4, 1, 1, 1, 1, 1, 1, 1, 4 ),
 ( 2, 2 ),
 ( 0.000000000000000000, 0.2475841483258846565, 0.4361234509600950826, 0.5765471439970862866, 0.6891935206218204879, 0.7769127325059288491, 0.8506699786920546291, 0.9203469832125602546, 1.000000000000000000 ),
 ( 0.000000000000000000, 1.000000000000000000 ),
 .UNSPECIFIED. ) ;
#3636 =( NAMED_UNIT ( * ) PLANE_ANGLE_UNIT ( ) SI_UNIT ( $, .RADIAN. ) );
#3637 = CARTESIAN_POINT ( 'NONE',  ( 1.213334361882071555, 6.000000000000000888, -1.936211679248916573 ) ) ;
#3638 = CARTESIAN_POINT ( 'NONE',  ( -1.974192849755940671, 5.999900000000000233, -0.4815314960629848984 ) ) ;
#3639 =( NAMED_UNIT ( * ) SI_UNIT ( $, .STERADIAN. ) SOLID_ANGLE_UNIT ( ) );
#3640 = CARTESIAN_POINT ( 'NONE',  ( 1.147672671593930938, 5.999900000000000233, -0.8872635176779756216 ) ) ;
#3641 = DIRECTION ( 'NONE',  ( 1.000000000000000000, 0.000000000000000000, 0.000000000000000000 ) ) ;
#3642 = CARTESIAN_POINT ( 'NONE',  ( 1.142690712998739588, 5.999900000000000233, 1.501297592607079068 ) ) ;
#3643 = EDGE_CURVE ( 'NONE', #2307, #3499, #3798, .T. ) ;
#3644 = VERTEX_POINT ( 'NONE', #4197 ) ;
#3645 = ADVANCED_FACE ( 'NONE', ( #3455, #2768, #4174, #126, #3872, #4503 ), #863, .T. ) ;
#3646 = CARTESIAN_POINT ( 'NONE',  ( 1.143951580070068808, 6.000000000000000888, -1.024394971984033509 ) ) ;
#3647 = EDGE_LOOP ( 'NONE', ( #1861, #1415, #4331, #1266 ) ) ;
#3648 = CARTESIAN_POINT ( 'NONE',  ( 1.142722440240110604, 6.000000000000000888, -0.6045180104728291592 ) ) ;
#3649 = CARTESIAN_POINT ( 'NONE',  ( 1.146505634764221959, 5.999999999999997335, 0.1908954665073277213 ) ) ;
#3650 = CARTESIAN_POINT ( 'NONE',  ( 2.642690712998739588, 6.000000000000000888, -1.861294319157627219 ) ) ;
#3651 = ORIENTED_EDGE ( 'NONE', *, *, #919, .F. ) ;
#3652 = VECTOR ( 'NONE', #4236, 1000.000000000000000 ) ;
#3653 = VERTEX_POINT ( 'NONE', #2339 ) ;
#3654 = CARTESIAN_POINT ( 'NONE',  ( 2.624753711275634060, 5.999900000000002009, 0.1810289450280383738 ) ) ;
#3655 = LINE ( 'NONE', #410, #635 ) ;
#3656 = CARTESIAN_POINT ( 'NONE',  ( 1.178191632116386556, 5.999900000000000233, 1.377906048489432100 ) ) ;
#3657 = UNCERTAINTY_MEASURE_WITH_UNIT (LENGTH_MEASURE( 1.000000000000000082E-05 ), #2316, 'distance_accuracy_value', 'NONE');
#3658 = CARTESIAN_POINT ( 'NONE',  ( 1.220930602704621837, 6.000000000000000000, -0.8855360470988036248 ) ) ;
#3659 = CARTESIAN_POINT ( 'NONE',  ( 2.602780714937743323, 6.000000000000000888, -1.966912289340083886 ) ) ;
#3660 = CARTESIAN_POINT ( 'NONE',  ( 2.564450823292857340, 6.000000000000000000, 1.603664320548255473 ) ) ;
#3661 = ORIENTED_EDGE ( 'NONE', *, *, #4262, .T. ) ;
#3662 = CARTESIAN_POINT ( 'NONE',  ( 1.178191632116386556, 5.999900000000000233, -1.736868767687038906 ) ) ;
#3663 = CARTESIAN_POINT ( 'NONE',  ( 2.641323004694411392, 6.000000000000004441, -0.5698892122843346453 ) ) ;
#3664 = CARTESIAN_POINT ( 'NONE',  ( 2.642684319598297193, 5.999900000000001121, -1.850260610244095494 ) ) ;
#3665 = UNCERTAINTY_MEASURE_WITH_UNIT (LENGTH_MEASURE( 1.000000000000000082E-05 ), #3125, 'distance_accuracy_value', 'NONE');
#3666 = CARTESIAN_POINT ( 'NONE',  ( 1.142690712998739588, 6.000000000000000000, -0.9692906426870387948 ) ) ;
#3667 = STYLED_ITEM ( 'NONE', ( #479 ), #3711 ) ;
#3668 = CARTESIAN_POINT ( 'NONE',  ( 1.178191632116386556, 5.999900000000000233, -1.092682186804686095 ) ) ;
#3669 = CARTESIAN_POINT ( 'NONE',  ( 1.166537727726019158, 5.999900000000001121, 1.605130029749845644 ) ) ;
#3670 = ORIENTED_EDGE ( 'NONE', *, *, #328, .T. ) ;
#3671 = VECTOR ( 'NONE', #2320, 1000.000000000000000 ) ;
#3672 =( NAMED_UNIT ( * ) PLANE_ANGLE_UNIT ( ) SI_UNIT ( $, .RADIAN. ) );
#3673 = DIRECTION ( 'NONE',  ( -0.000000000000000000, 1.000000000000000000, -0.000000000000000000 ) ) ;
#3674 = ORIENTED_EDGE ( 'NONE', *, *, #184, .F. ) ;
#3675 = CARTESIAN_POINT ( 'NONE',  ( 1.169738862666132251, 5.999899999999999345, -0.5073267487490195071 ) ) ;
#3676 = CARTESIAN_POINT ( 'NONE',  ( 1.149120405164141268, 6.000000000000000000, -1.060119710834706241 ) ) ;
#3677 = VECTOR ( 'NONE', #111, 1000.000000000000000 ) ;
#3678 = ORIENTED_EDGE ( 'NONE', *, *, #419, .F. ) ;
#3679 = CARTESIAN_POINT ( 'NONE',  ( 2.571941074772255753, 5.999900000000001121, 0.5176381068884758907 ) ) ;
#3680 = CARTESIAN_POINT ( 'NONE',  ( 2.629964885561349330, 5.999899999999999345, -0.7237011796189150026 ) ) ;
#3681 = DIRECTION ( 'NONE',  ( -0.000000000000000000, 1.000000000000000000, -0.000000000000000000 ) ) ;
#3682 = CARTESIAN_POINT ( 'NONE',  ( 0.000000000000000000, 5.999900000000000233, 0.000000000000000000 ) ) ;
#3683 = FILL_AREA_STYLE ('',( #2981 ) ) ;
#3684 = EDGE_CURVE ( 'NONE', #2547, #181, #4221, .T. ) ;
#3685 = MECHANICAL_DESIGN_GEOMETRIC_PRESENTATION_REPRESENTATION (  '', ( #3907 ), #4055 ) ;
#3686 = DIRECTION ( 'NONE',  ( -0.8701091694029018386, 0.000000000000000000, 0.4928590400114339354 ) ) ;
#3687 = DIRECTION ( 'NONE',  ( 1.000000000000000000, 0.000000000000000000, 0.000000000000000000 ) ) ;
#3688 = ORIENTED_EDGE ( 'NONE', *, *, #3710, .T. ) ;
#3689 = LINE ( 'NONE', #3319, #2317 ) ;
#3690 =( LENGTH_UNIT ( ) NAMED_UNIT ( * ) SI_UNIT ( .MILLI., .METRE. ) );
#3691 = MECHANICAL_DESIGN_GEOMETRIC_PRESENTATION_REPRESENTATION (  '', ( #2841 ), #4596 ) ;
#3692 = DIRECTION ( 'NONE',  ( 0.5095424031107078644, 0.000000000000000000, 0.8604455470465083300 ) ) ;
#3693 = CARTESIAN_POINT ( 'NONE',  ( 1.146497715025989406, 5.999900000000002009, -0.5447044079106079240 ) ) ;
#3694 =( LENGTH_UNIT ( ) NAMED_UNIT ( * ) SI_UNIT ( .MILLI., .METRE. ) );
#3695 = CARTESIAN_POINT ( 'NONE',  ( 2.642690712998740032, 5.999900000000001121, 0.6092939161364908651 ) ) ;
#3696 = LINE ( 'NONE', #824, #857 ) ;
#3697 = FACE_OUTER_BOUND ( 'NONE', #427, .T. ) ;
#3698 = ORIENTED_EDGE ( 'NONE', *, *, #1903, .T. ) ;
#3699 = CARTESIAN_POINT ( 'NONE',  ( 2.618218846677510037, 5.999900000000000233, 0.5029298468413077039 ) ) ;
#3700 = CARTESIAN_POINT ( 'NONE',  ( 1.220930602704621837, 5.999900000000000233, 0.3497580705482553065 ) ) ;
#3701 = VERTEX_POINT ( 'NONE', #3848 ) ;
#3702 = STYLED_ITEM ( 'NONE', ( #4674 ), #4578 ) ;
#3703 = VECTOR ( 'NONE', #4050, 1000.000000000000000 ) ;
#3704 = ORIENTED_EDGE ( 'NONE', *, *, #2197, .T. ) ;
#3705 = LINE ( 'NONE', #106, #102 ) ;
#3706 = FILL_AREA_STYLE ('',( #4434 ) ) ;
#3707 = PRESENTATION_STYLE_ASSIGNMENT (( #889 ) ) ;
#3708 = UNCERTAINTY_MEASURE_WITH_UNIT (LENGTH_MEASURE( 1.000000000000000082E-05 ), #198, 'distance_accuracy_value', 'NONE');
#3709 = CARTESIAN_POINT ( 'NONE',  ( 2.639169935549310786, 6.000000000000000888, 1.451371765112962287 ) ) ;
#3710 = EDGE_CURVE ( 'NONE', #4266, #3561, #2009, .T. ) ;
#3711 = ADVANCED_FACE ( 'NONE', ( #3120 ), #2133, .T. ) ;
#3712 = EDGE_CURVE ( 'NONE', #3644, #3197, #4670, .T. ) ;
#3713 = VECTOR ( 'NONE', #4128, 1000.000000000000000 ) ;
#3714 = DIRECTION ( 'NONE',  ( -0.000000000000000000, 1.000000000000000000, -0.000000000000000000 ) ) ;
#3715 = LINE ( 'NONE', #3365, #1456 ) ;
#3716 = ORIENTED_EDGE ( 'NONE', *, *, #1253, .T. ) ;
#3717 = CARTESIAN_POINT ( 'NONE',  ( 1.146497715025989406, 6.000000000000000888, -1.779998525557666689 ) ) ;
#3718 = FILL_AREA_STYLE ('',( #870 ) ) ;
#3719 = CARTESIAN_POINT ( 'NONE',  ( 1.149120405164141490, 6.000000000000001776, 0.1751744068123526343 ) ) ;
#3720 =( LENGTH_UNIT ( ) NAMED_UNIT ( * ) SI_UNIT ( .MILLI., .METRE. ) );
#3721 = CARTESIAN_POINT ( 'NONE',  ( 1.149025747743360082, 5.999900000000000233, -1.766056774136323115 ) ) ;
#3722 = CARTESIAN_POINT ( 'NONE',  ( 1.161530783382918042, 6.000000000000000000, -1.079908615883631962 ) ) ;
#3723 = ORIENTED_EDGE ( 'NONE', *, *, #292, .T. ) ;
#3724 = CARTESIAN_POINT ( 'NONE',  ( 1.142690712998739588, 6.000000000000000000, -0.6146261206282154221 ) ) ;
#3725 = CARTESIAN_POINT ( 'NONE',  ( 1.200042968348131067, 5.999899999999999345, 0.3608046952921286632 ) ) ;
#3726 = ORIENTED_EDGE ( 'NONE', *, *, #1628, .F. ) ;
#3727 = EDGE_LOOP ( 'NONE', ( #2441, #2577, #4241, #3815, #168, #2692, #912, #655, #4683, #3378, #1323, #4098, #3289, #3535, #752, #1758 ) ) ;
#3728 = FACE_OUTER_BOUND ( 'NONE', #3113, .T. ) ;
#3729 = CARTESIAN_POINT ( 'NONE',  ( 1.148772520324219615, 6.000000000000000888, -1.926402505471917603 ) ) ;
#3730 = LINE ( 'NONE', #61, #1501 ) ;
#3731 = PLANE ( 'NONE',  #2331 ) ;
#3732 = PLANE ( 'NONE',  #388 ) ;
#3733 = CARTESIAN_POINT ( 'NONE',  ( 2.607189793881092843, 6.000000000000000888, 1.403756232312961538 ) ) ;
#3734 = VECTOR ( 'NONE', #4329, 1000.000000000000114 ) ;
#3735 = CARTESIAN_POINT ( 'NONE',  ( 0.7799370715039031232, 5.999900000000000233, -0.02874015748031673659 ) ) ;
#3736 = FACE_OUTER_BOUND ( 'NONE', #3300, .T. ) ;
#3737 = LINE ( 'NONE', #1200, #516 ) ;
#3738 = CARTESIAN_POINT ( 'NONE',  ( 2.642690712998740032, 5.999900000000001121, -1.861294319157627442 ) ) ;
#3739 = CARTESIAN_POINT ( 'NONE',  ( 2.629964885561349330, 5.999899999999999345, -0.7237011796189150026 ) ) ;
#3740 = EDGE_CURVE ( 'NONE', #4034, #1261, #3549, .T. ) ;
#3741 = CARTESIAN_POINT ( 'NONE',  ( -0.8944881253464941340, 6.000000000000000000, -0.8987480314960591965 ) ) ;
#3742 = FACE_OUTER_BOUND ( 'NONE', #578, .T. ) ;
#3743 = FACE_OUTER_BOUND ( 'NONE', #1590, .T. ) ;
#3744 = SURFACE_SIDE_STYLE ('',( #3397 ) ) ;
#3745 = EDGE_LOOP ( 'NONE', ( #1687, #1187, #727, #4718 ) ) ;
#3746 = COLOUR_RGB ( '',0.1019607843137254888, 0.1019607843137254888, 0.1019607843137254888 ) ;
#3747 = ORIENTED_EDGE ( 'NONE', *, *, #4688, .F. ) ;
#3748 = CARTESIAN_POINT ( 'NONE',  ( 1.148772520324219615, 5.999900000000002009, 0.5441857298222008144 ) ) ;
#3749 = CARTESIAN_POINT ( 'NONE',  ( -1.283948755267751096, 5.999900000000000233, 0.4673622047244164190 ) ) ;
#3750 = FILL_AREA_STYLE ('',( #84 ) ) ;
#3751 = CARTESIAN_POINT ( 'NONE',  ( 2.642673057520803503, 5.999899999999997569, 0.6397636803903865577 ) ) ;
#3752 = VECTOR ( 'NONE', #3687, 1000.000000000000000 ) ;
#3753 = DIRECTION ( 'NONE',  ( -0.000000000000000000, 0.000000000000000000, 1.000000000000000000 ) ) ;
#3754 = FILL_AREA_STYLE ('',( #2660 ) ) ;
#3755 =( NAMED_UNIT ( * ) SI_UNIT ( $, .STERADIAN. ) SOLID_ANGLE_UNIT ( ) );
#3756 = UNCERTAINTY_MEASURE_WITH_UNIT (LENGTH_MEASURE( 1.000000000000000082E-05 ), #3268, 'distance_accuracy_value', 'NONE');
#3757 = CARTESIAN_POINT ( 'NONE',  ( 2.602780714937743323, 5.999899999999999345, -0.7316181716930250101 ) ) ;
#3758 = FILL_AREA_STYLE ('',( #533 ) ) ;
#3759 = FILL_AREA_STYLE_COLOUR ( '', #3480 ) ;
#3760 = PRESENTATION_LAYER_ASSIGNMENT (  '', '', ( #3917 ) ) ;
#3761 = CARTESIAN_POINT ( 'NONE',  ( 2.624753711275633172, 5.999899999999996680, -1.054265172619019975 ) ) ;
#3762 = CARTESIAN_POINT ( 'NONE',  ( 1.143793079353702780, 5.999900000000001121, 0.3276079968011174626 ) ) ;
#3763 = SURFACE_SIDE_STYLE ('',( #3396 ) ) ;
#3764 = CARTESIAN_POINT ( 'NONE',  ( 1.146505634764222181, 5.999900000000000233, -1.044398651139731404 ) ) ;
#3765 = ORIENTED_EDGE ( 'NONE', *, *, #2996, .F. ) ;
#3766 = ORIENTED_EDGE ( 'NONE', *, *, #4632, .F. ) ;
#3767 = CARTESIAN_POINT ( 'NONE',  ( 1.200201249945043180, 5.999900000000002009, -0.7076870924827134424 ) ) ;
#3768 = STYLED_ITEM ( 'NONE', ( #3264 ), #1594 ) ;
#3769 = CARTESIAN_POINT ( 'NONE',  ( 1.143068033057008215, 6.000000000000000888, -1.880380343044960378 ) ) ;
#3770 = CARTESIAN_POINT ( 'NONE',  ( 1.181946779667098824, 5.999899999999999345, -0.8668667010757199476 ) ) ;
#3771 = CARTESIAN_POINT ( 'NONE',  ( -1.447834582039406515, 5.999900000000000233, -0.9164999999999924318 ) ) ;
#3772 = SURFACE_STYLE_USAGE ( .BOTH. , #2789 ) ;
#3773 = PRESENTATION_LAYER_ASSIGNMENT (  '', '', ( #3925 ) ) ;
#3774 =( GEOMETRIC_REPRESENTATION_CONTEXT ( 3 ) GLOBAL_UNCERTAINTY_ASSIGNED_CONTEXT ( ( #1274 ) ) GLOBAL_UNIT_ASSIGNED_CONTEXT ( ( #1470, #1782, #2485 ) ) REPRESENTATION_CONTEXT ( 'NONE', 'WORKASPACE' ) );
#3775 = CARTESIAN_POINT ( 'NONE',  ( 1.178191632116386556, 5.999900000000000233, 0.1426119308423729748 ) ) ;
#3776 = CARTESIAN_POINT ( 'NONE',  ( 1.149120405164141490, 6.000000000000001776, 0.1751744068123526343 ) ) ;
#3777 = CARTESIAN_POINT ( 'NONE',  ( 2.015737587998739588, 5.999900000000000233, -0.1700029588635093569 ) ) ;
#3778 = CARTESIAN_POINT ( 'NONE',  ( 2.641316205600277023, 5.999999999999998224, 1.470570637816364545 ) ) ;
#3779 = COLOUR_RGB ( '',1.000000000000000000, 1.000000000000000000, 1.000000000000000000 ) ;
#3780 =( NAMED_UNIT ( * ) PLANE_ANGLE_UNIT ( ) SI_UNIT ( $, .RADIAN. ) );
#3781 = CARTESIAN_POINT ( 'NONE',  ( -1.974192849755940671, 6.000000000000000000, -0.4815314960629848984 ) ) ;
#3782 = CARTESIAN_POINT ( 'NONE',  ( 2.571941074772255753, 5.999900000000001121, -0.7176560107585832071 ) ) ;
#3783 =( NAMED_UNIT ( * ) SI_UNIT ( $, .STERADIAN. ) SOLID_ANGLE_UNIT ( ) );
#3784 = CARTESIAN_POINT ( 'NONE',  ( 1.178191632116386556, 5.999900000000000233, 0.7337194676070789567 ) ) ;
#3785 = SURFACE_SIDE_STYLE ('',( #185 ) ) ;
#3786 = COLOUR_RGB ( '',1.000000000000000000, 1.000000000000000000, 1.000000000000000000 ) ;
#3787 = CARTESIAN_POINT ( 'NONE',  ( 2.564450823292857340, 5.999900000000000233, 0.3683702029011965418 ) ) ;
#3788 = LINE ( 'NONE', #3813, #1480 ) ;
#3789 = EDGE_CURVE ( 'NONE', #2124, #2811, #4287, .T. ) ;
#3790 = EDGE_CURVE ( 'NONE', #30, #3701, #2876, .T. ) ;
#3791 = ORIENTED_EDGE ( 'NONE', *, *, #3317, .F. ) ;
#3792 = VERTEX_POINT ( 'NONE', #1402 ) ;
#3793 =( GEOMETRIC_REPRESENTATION_CONTEXT ( 3 ) GLOBAL_UNCERTAINTY_ASSIGNED_CONTEXT ( ( #2365 ) ) GLOBAL_UNIT_ASSIGNED_CONTEXT ( ( #2834, #1017, #4342 ) ) REPRESENTATION_CONTEXT ( 'NONE', 'WORKASPACE' ) );
#3794 = CARTESIAN_POINT ( 'NONE',  ( 1.213334361882071777, 5.999900000000001121, -0.7009175616018576971 ) ) ;
#3795 = CARTESIAN_POINT ( 'NONE',  ( 2.630254047037110965, 5.999999999999999112, -0.5243396465367895498 ) ) ;
#3796 = DIRECTION ( 'NONE',  ( 0.8679317172888709742, 0.000000000000000000, 0.4966835351851230929 ) ) ;
#3797 = FILL_AREA_STYLE_COLOUR ( '', #1551 ) ;
#3798 = LINE ( 'NONE', #944, #1140 ) ;
#3799 = ADVANCED_FACE ( 'NONE', ( #2830 ), #4636, .T. ) ;
#3800 = PLANE ( 'NONE',  #3156 ) ;
#3801 = CARTESIAN_POINT ( 'NONE',  ( 1.181887395167976917, 5.999999999999999112, -0.7137202317960829046 ) ) ;
#3802 = DIRECTION ( 'NONE',  ( 1.255226827769035407E-16, 0.000000000000000000, 1.000000000000000000 ) ) ;
#3803 = CARTESIAN_POINT ( 'NONE',  ( 2.642690712998740032, 5.999900000000001121, -1.861294319157627442 ) ) ;
#3804 = PRESENTATION_LAYER_ASSIGNMENT (  '', '', ( #1977 ) ) ;
#3805 = SURFACE_STYLE_FILL_AREA ( #1243 ) ;
#3806 = LINE ( 'NONE', #1630, #301 ) ;
#3807 = ORIENTED_EDGE ( 'NONE', *, *, #2755, .F. ) ;
#3808 = PLANE ( 'NONE',  #2576 ) ;
#3809 = CARTESIAN_POINT ( 'NONE',  ( 1.181887395167976917, 5.999999999999999112, -1.949014349443141114 ) ) ;
#3810 =( NAMED_UNIT ( * ) SI_UNIT ( $, .STERADIAN. ) SOLID_ANGLE_UNIT ( ) );
#3811 = CARTESIAN_POINT ( 'NONE',  ( 1.220930602704621837, 5.999900000000000233, 0.3497580705482553065 ) ) ;
#3812 = FILL_AREA_STYLE ('',( #3420 ) ) ;
#3813 = CARTESIAN_POINT ( 'NONE',  ( 1.734142918881092399, 6.000000000000000000, 1.054606416136490754 ) ) ;
#3814 = CARTESIAN_POINT ( 'NONE',  ( -1.974192849755940671, 6.000000000000000000, -0.4815314960629848984 ) ) ;
#3815 = ORIENTED_EDGE ( 'NONE', *, *, #4601, .T. ) ;
#3816 = ORIENTED_EDGE ( 'NONE', *, *, #4252, .F. ) ;
#3817 = EDGE_CURVE ( 'NONE', #2945, #1931, #152, .T. ) ;
#3818 = CARTESIAN_POINT ( 'NONE',  ( 1.142825864974269079, 5.999900000000000233, -0.6255366016489226633 ) ) ;
#3819 = SURFACE_STYLE_USAGE ( .BOTH. , #1234 ) ;
#3820 = CARTESIAN_POINT ( 'NONE',  ( 1.734142918881092399, 5.999900000000000233, -1.415981819157627219 ) ) ;
#3821 = CARTESIAN_POINT ( 'NONE',  ( 2.610351767915529031, 6.000000000000001776, 0.7286545385165502653 ) ) ;
#3822 = EDGE_CURVE ( 'NONE', #1350, #970, #221, .T. ) ;
#3823 = EDGE_LOOP ( 'NONE', ( #718, #1819, #3147, #3048 ) ) ;
#3824 = VECTOR ( 'NONE', #620, 1000.000000000000000 ) ;
#3825 =( NAMED_UNIT ( * ) PLANE_ANGLE_UNIT ( ) SI_UNIT ( $, .RADIAN. ) );
#3826 = EDGE_CURVE ( 'NONE', #2615, #3356, #3057, .T. ) ;
#3827 = CARTESIAN_POINT ( 'NONE',  ( 1.144617761972859249, 6.000000000000000000, -0.6714010358648633270 ) ) ;
#3828 = DIRECTION ( 'NONE',  ( -1.000000000000000000, 0.000000000000000000, 1.255226827769035407E-16 ) ) ;
#3829 = CARTESIAN_POINT ( 'NONE',  ( 2.629964885561349330, 6.000000000000000000, -1.958995297265973878 ) ) ;
#3830 = COLOUR_RGB ( '',1.000000000000000000, 1.000000000000000000, 1.000000000000000000 ) ;
#3831 =( NAMED_UNIT ( * ) SI_UNIT ( $, .STERADIAN. ) SOLID_ANGLE_UNIT ( ) );
#3832 = CARTESIAN_POINT ( 'NONE',  ( 2.602780714937743323, 5.999999999999999112, -0.7316181716930250101 ) ) ;
#3833 = EDGE_LOOP ( 'NONE', ( #1025, #3049, #3995, #3069 ) ) ;
#3834 = LINE ( 'NONE', #4513, #3652 ) ;
#3835 = CARTESIAN_POINT ( 'NONE',  ( -1.486720408811058380, 6.000000000000000000, -0.6494015748031420898 ) ) ;
#3836 = AXIS2_PLACEMENT_3D ( 'NONE', #1072, #2544, #2912 ) ;
#3837 = SURFACE_STYLE_FILL_AREA ( #3158 ) ;
#3838 = CARTESIAN_POINT ( 'NONE',  ( 1.213298624243933199, 5.999999999999999112, 0.3537943151832227962 ) ) ;
#3839 = CARTESIAN_POINT ( 'NONE',  ( 2.629826558503599365, 5.999899999999999345, 1.616231457385233883 ) ) ;
#3840 = LINE ( 'NONE', #964, #3021 ) ;
#3841 = ORIENTED_EDGE ( 'NONE', *, *, #2085, .F. ) ;
#3842 =( GEOMETRIC_REPRESENTATION_CONTEXT ( 3 ) GLOBAL_UNCERTAINTY_ASSIGNED_CONTEXT ( ( #4560 ) ) GLOBAL_UNIT_ASSIGNED_CONTEXT ( ( #1537, #1807, #2623 ) ) REPRESENTATION_CONTEXT ( 'NONE', 'WORKASPACE' ) );
#3843 = ORIENTED_EDGE ( 'NONE', *, *, #1091, .F. ) ;
#3844 = CARTESIAN_POINT ( 'NONE',  ( 1.142825864974269079, 6.000000000000000000, -0.6255366016489226633 ) ) ;
#3845 = FILL_AREA_STYLE ('',( #2412 ) ) ;
#3846 = CARTESIAN_POINT ( 'NONE',  ( 2.624191191930992595, 6.000000000000002665, -0.5158613100889147818 ) ) ;
#3847 = SURFACE_STYLE_USAGE ( .BOTH. , #1965 ) ;
#3848 = CARTESIAN_POINT ( 'NONE',  ( 2.564450823292857784, 5.999900000000001121, -1.948840275039980474 ) ) ;
#3849 = ORIENTED_EDGE ( 'NONE', *, *, #3224, .F. ) ;
#3850 = COLOUR_RGB ( '',1.000000000000000000, 1.000000000000000000, 1.000000000000000000 ) ;
#3851 = FACE_OUTER_BOUND ( 'NONE', #4404, .T. ) ;
#3852 = CARTESIAN_POINT ( 'NONE',  ( -3.354999999999999094, 6.000000000000000000, -3.454999999999999627 ) ) ;
#3853 = CARTESIAN_POINT ( 'NONE',  ( 2.607189793881092399, 6.000000000000000000, -1.740315458863509468 ) ) ;
#3854 = VECTOR ( 'NONE', #4391, 1000.000000000000000 ) ;
#3855 = EDGE_CURVE ( 'NONE', #1046, #4049, #1843, .T. ) ;
#3856 = CARTESIAN_POINT ( 'NONE',  ( 2.635606768424067603, 5.999999999999997335, 1.436603339640501797 ) ) ;
#3857 = EDGE_CURVE ( 'NONE', #2715, #1459, #4533, .T. ) ;
#3858 = CARTESIAN_POINT ( 'NONE',  ( 1.220930602704621837, 5.999900000000000233, 0.3497580705482553065 ) ) ;
#3859 = UNCERTAINTY_MEASURE_WITH_UNIT (LENGTH_MEASURE( 1.000000000000000082E-05 ), #2559, 'distance_accuracy_value', 'NONE');
#3860 = PRESENTATION_STYLE_ASSIGNMENT (( #4206 ) ) ;
#3861 = ORIENTED_EDGE ( 'NONE', *, *, #2137, .F. ) ;
#3862 = CARTESIAN_POINT ( 'NONE',  ( -2.644999999999999130, -0.1000000000000000056, 2.500000000000000000 ) ) ;
#3863 = FILL_AREA_STYLE_COLOUR ( '', #334 ) ;
#3864 = VECTOR ( 'NONE', #1071, 1000.000000000000000 ) ;
#3865 = VECTOR ( 'NONE', #2353, 1000.000000000000000 ) ;
#3866 = CARTESIAN_POINT ( 'NONE',  ( 2.629964885561349330, 5.999900000000000233, -1.958995297265973878 ) ) ;
#3867 = CARTESIAN_POINT ( 'NONE',  ( 2.642636186262781628, 5.999900000000002009, 1.536114780270610991 ) ) ;
#3868 = ORIENTED_EDGE ( 'NONE', *, *, #1064, .F. ) ;
#3869 = FILL_AREA_STYLE ('',( #260 ) ) ;
#3870 = CARTESIAN_POINT ( 'NONE',  ( 1.178191632116386556, 5.999900000000000233, 0.7337194676070789567 ) ) ;
#3871 = VECTOR ( 'NONE', #324, 1000.000000000000000 ) ;
#3872 = FACE_BOUND ( 'NONE', #3139, .T. ) ;
#3873 = COLOUR_RGB ( '',1.000000000000000000, 1.000000000000000000, 1.000000000000000000 ) ;
#3874 = EDGE_LOOP ( 'NONE', ( #2172, #3505, #4272, #4667 ) ) ;
#3875 = DIRECTION ( 'NONE',  ( -0.000000000000000000, 1.000000000000000000, -0.000000000000000000 ) ) ;
#3876 = PLANE ( 'NONE',  #1830 ) ;
#3877 = DIRECTION ( 'NONE',  ( -0.000000000000000000, 1.000000000000000000, -0.000000000000000000 ) ) ;
#3878 = SURFACE_SIDE_STYLE ('',( #549 ) ) ;
#3879 = B_SPLINE_CURVE_WITH_KNOTS ( 'NONE', 3,
 ( #4219, #2311, #2413, #3770, #4479, #1592, #1213, #476, #2359, #1263, #1963 ),
 .UNSPECIFIED., .F., .F.,
 ( 4, 1, 1, 1, 1, 1, 1, 1, 4 ),
 ( 0.000000000000000000, 0.1528910399261251551, 0.2655498866055909790, 0.3469726293230769865, 0.4171409348174466292, 0.5027291515886447293, 0.6212628926146344099, 0.7862933040589770162, 1.000000000000000000 ),
 .UNSPECIFIED. ) ;
#3880 = CARTESIAN_POINT ( 'NONE',  ( 2.607189793881092399, 5.999900000000000233, 0.1684621146659023849 ) ) ;
#3881 = ORIENTED_EDGE ( 'NONE', *, *, #469, .F. ) ;
#3882 =( LENGTH_UNIT ( ) NAMED_UNIT ( * ) SI_UNIT ( .MILLI., .METRE. ) );
#3883 = ADVANCED_FACE ( 'NONE', ( #2416 ), #3876, .T. ) ;
#3884 = CARTESIAN_POINT ( 'NONE',  ( 0.8045827407952444998, 6.000000000000000000, 0.7392322834645667085 ) ) ;
#3885 = PLANE ( 'NONE',  #3254 ) ;
#3886 = LINE ( 'NONE', #3161, #248 ) ;
#3887 =( NAMED_UNIT ( * ) SI_UNIT ( $, .STERADIAN. ) SOLID_ANGLE_UNIT ( ) );
#3888 = EDGE_LOOP ( 'NONE', ( #407, #2791, #706, #3977 ) ) ;
#3889 =( NAMED_UNIT ( * ) SI_UNIT ( $, .STERADIAN. ) SOLID_ANGLE_UNIT ( ) );
#3890 = CARTESIAN_POINT ( 'NONE',  ( 2.629826558503599809, 5.999999999999999112, -0.8543567779088838687 ) ) ;
#3891 = CARTESIAN_POINT ( 'NONE',  ( 2.644999999999999130, -0.1000000000000000056, 2.500000000000000444 ) ) ;
#3892 = CARTESIAN_POINT ( 'NONE',  ( -1.608094424559088464, 5.999900000000000233, -0.3819212598425155147 ) ) ;
#3893 = PRESENTATION_STYLE_ASSIGNMENT (( #4312 ) ) ;
#3894 = VERTEX_POINT ( 'NONE', #4558 ) ;
#3895 = ORIENTED_EDGE ( 'NONE', *, *, #2658, .T. ) ;
#3896 = CARTESIAN_POINT ( 'NONE',  ( 0.6067008510314587655, 6.000000000000000000, -0.7267047244094460012 ) ) ;
#3897 = CARTESIAN_POINT ( 'NONE',  ( 2.564450823292857340, 5.999899999999999345, 1.603664320548255473 ) ) ;
#3898 =( GEOMETRIC_REPRESENTATION_CONTEXT ( 3 ) GLOBAL_UNCERTAINTY_ASSIGNED_CONTEXT ( ( #3708 ) ) GLOBAL_UNIT_ASSIGNED_CONTEXT ( ( #198, #837, #130 ) ) REPRESENTATION_CONTEXT ( 'NONE', 'WORKASPACE' ) );
#3899 = CARTESIAN_POINT ( 'NONE',  ( 2.642539632016172924, 5.999900000000001121, 1.556265576933502315 ) ) ;
#3900 = VECTOR ( 'NONE', #1645, 1000.000000000000000 ) ;
#3901 = CARTESIAN_POINT ( 'NONE',  ( 1.734142918881092399, 6.000000000000000000, -1.415981819157627219 ) ) ;
#3902 = CARTESIAN_POINT ( 'NONE',  ( 2.642690712998739588, 5.999900000000000233, 0.2894409749600200255 ) ) ;
#3903 = ORIENTED_EDGE ( 'NONE', *, *, #4023, .F. ) ;
#3904 =( LENGTH_UNIT ( ) NAMED_UNIT ( * ) SI_UNIT ( .MILLI., .METRE. ) );
#3905 = FILL_AREA_STYLE_COLOUR ( '', #3398 ) ;
#3906 = FILL_AREA_STYLE ('',( #3221 ) ) ;
#3907 = STYLED_ITEM ( 'NONE', ( #4037 ), #3377 ) ;
#3908 = CARTESIAN_POINT ( 'NONE',  ( 2.564450823292857340, 6.000000000000000000, 0.3683702029011965418 ) ) ;
#3909 = PRODUCT_DEFINITION ( 'UNKNOWN', '', #3012, #4548 ) ;
#3910 = CARTESIAN_POINT ( 'NONE',  ( -1.702027495425233905, 5.999900000000000233, -0.8668464566929088289 ) ) ;
#3911 = ORIENTED_EDGE ( 'NONE', *, *, #526, .T. ) ;
#3912 = CARTESIAN_POINT ( 'NONE',  ( 1.142690712998739588, 5.999900000000000233, 0.6206679970188436757 ) ) ;
#3913 = SURFACE_STYLE_FILL_AREA ( #306 ) ;
#3914 = EDGE_LOOP ( 'NONE', ( #428, #310, #3330, #2872 ) ) ;
#3915 = ORIENTED_EDGE ( 'NONE', *, *, #2851, .T. ) ;
#3916 = CARTESIAN_POINT ( 'NONE',  ( 2.642667625737632253, 6.000000000000000000, 0.2602371756145618331 ) ) ;
#3917 = STYLED_ITEM ( 'NONE', ( #1855 ), #3237 ) ;
#3918 = VECTOR ( 'NONE', #1892, 1000.000000000000000 ) ;
#3919 = PRESENTATION_STYLE_ASSIGNMENT (( #222 ) ) ;
#3920 = CARTESIAN_POINT ( 'NONE',  ( 1.178191632116386556, 5.999900000000000233, 1.377906048489432100 ) ) ;
#3921 = CARTESIAN_POINT ( 'NONE',  ( 2.607189793881092399, 5.999900000000000233, -1.066832002981156435 ) ) ;
#3922 = ORIENTED_EDGE ( 'NONE', *, *, #3401, .T. ) ;
#3923 = PLANE ( 'NONE',  #1271 ) ;
#3924 = CARTESIAN_POINT ( 'NONE',  ( 2.629826558503599809, 5.999899999999998457, -0.8543567779088838687 ) ) ;
#3925 = STYLED_ITEM ( 'NONE', ( #1167 ), #4339 ) ;
#3926 =( GEOMETRIC_REPRESENTATION_CONTEXT ( 3 ) GLOBAL_UNCERTAINTY_ASSIGNED_CONTEXT ( ( #2991 ) ) GLOBAL_UNIT_ASSIGNED_CONTEXT ( ( #1710, #1361, #3889 ) ) REPRESENTATION_CONTEXT ( 'NONE', 'WORKASPACE' ) );
#3927 = CARTESIAN_POINT ( 'NONE',  ( 2.640243940541739054, 5.999900000000001121, -0.8878840229641778992 ) ) ;
#3928 = CARTESIAN_POINT ( 'NONE',  ( 2.564450823292857784, 5.999900000000001121, -1.948840275039980474 ) ) ;
#3929 = STYLED_ITEM ( 'NONE', ( #1976 ), #751 ) ;
#3930 = FILL_AREA_STYLE_COLOUR ( '', #2129 ) ;
#3931 = CARTESIAN_POINT ( 'NONE',  ( 2.636771313881896894, 6.000000000000000000, 0.3670425512312954774 ) ) ;
#3932 = SURFACE_SIDE_STYLE ('',( #1443 ) ) ;
#3933 = APPLICATION_CONTEXT ( 'automotive_design' ) ;
#3934 = ORIENTED_EDGE ( 'NONE', *, *, #4023, .T. ) ;
#3935 = MECHANICAL_DESIGN_GEOMETRIC_PRESENTATION_REPRESENTATION (  '', ( #624 ), #4080 ) ;
#3936 = FILL_AREA_STYLE ('',( #1034 ) ) ;
#3937 = LINE ( 'NONE', #3142, #2964 ) ;
#3938 =( NAMED_UNIT ( * ) SI_UNIT ( $, .STERADIAN. ) SOLID_ANGLE_UNIT ( ) );
#3939 = CARTESIAN_POINT ( 'NONE',  ( 2.642673057520803948, 6.000000000000000000, -1.830824554903731194 ) ) ;
#3940 = CARTESIAN_POINT ( 'NONE',  ( 2.642566788542307865, 5.999999999999998224, -1.894438454935804206 ) ) ;
#3941 = VERTEX_POINT ( 'NONE', #2699 ) ;
#3942 = STYLED_ITEM ( 'NONE', ( #2443 ), #1520 ) ;
#3943 = CARTESIAN_POINT ( 'NONE',  ( 2.610351767915529031, 5.999999999999999112, -1.741933696777567597 ) ) ;
#3944 = SURFACE_SIDE_STYLE ('',( #2132 ) ) ;
#3945 = LINE ( 'NONE', #2134, #1027 ) ;
#3946 = EDGE_CURVE ( 'NONE', #4316, #4248, #4452, .T. ) ;
#3947 = PRESENTATION_LAYER_ASSIGNMENT (  '', '', ( #1197 ) ) ;
#3948 = B_SPLINE_CURVE_WITH_KNOTS ( 'NONE', 3,
 ( #2329, #3867, #210, #492, #4239, #3839, #513, #4570, #1638, #1979, #3090 ),
 .UNSPECIFIED., .F., .F.,
 ( 4, 1, 1, 1, 1, 1, 1, 1, 4 ),
 ( 0.000000000000000000, 0.2090174448045498123, 0.3701215845098708157, 0.4868884033316097093, 0.5748632755078622036, 0.6458207185090942826, 0.7281441267704359399, 0.8423061535616725992, 1.000000000000000000 ),
 .UNSPECIFIED. ) ;
#3949 = CARTESIAN_POINT ( 'NONE',  ( 2.642682354305278203, 5.999899999999999345, 0.2788678019239007599 ) ) ;
#3950 = VERTEX_POINT ( 'NONE', #4350 ) ;
#3951 = CARTESIAN_POINT ( 'NONE',  ( 2.610467510789359125, 5.999900000000002009, 1.405735053632306109 ) ) ;
#3952 = CARTESIAN_POINT ( 'NONE',  ( 2.641323004694411392, 5.999900000000002898, -0.5698892122843346453 ) ) ;
#3953 = CARTESIAN_POINT ( 'NONE',  ( 1.175322422394289079, 6.000000000000000000, 0.7317669740917206456 ) ) ;
#3954 = CARTESIAN_POINT ( 'NONE',  ( 2.607189793881092399, 5.999900000000000233, 0.7302727764306083946 ) ) ;
#3955 = CARTESIAN_POINT ( 'NONE',  ( 2.584843896998424650, 6.000000000000000888, 0.3798333286028665601 ) ) ;
#3956 = FILL_AREA_STYLE ('',( #4714 ) ) ;
#3957 = PRESENTATION_LAYER_ASSIGNMENT (  '', '', ( #3411 ) ) ;
#3958 = EDGE_LOOP ( 'NONE', ( #2977, #1615, #1803, #1105 ) ) ;
#3959 = COLOUR_RGB ( '',1.000000000000000000, 1.000000000000000000, 1.000000000000000000 ) ;
#3960 = CARTESIAN_POINT ( 'NONE',  ( 1.143068033057007771, 5.999900000000000233, 0.5902078922491580393 ) ) ;
#3961 = CARTESIAN_POINT ( 'NONE',  ( 2.644999999999999130, 0.000000000000000000, -2.500000000000000444 ) ) ;
#3962 = ORIENTED_EDGE ( 'NONE', *, *, #1715, .T. ) ;
#3963 = FILL_AREA_STYLE_COLOUR ( '', #2421 ) ;
#3964 = ADVANCED_FACE ( 'NONE', ( #673 ), #975, .T. ) ;
#3965 = SURFACE_SIDE_STYLE ('',( #1320 ) ) ;
#3966 =( NAMED_UNIT ( * ) PLANE_ANGLE_UNIT ( ) SI_UNIT ( $, .RADIAN. ) );
#3967 = EDGE_LOOP ( 'NONE', ( #3422, #1438, #4550, #4634 ) ) ;
#3968 = CARTESIAN_POINT ( 'NONE',  ( 1.154045461959794405, 5.999900000000000233, 1.598120012308643201 ) ) ;
#3969 = CARTESIAN_POINT ( 'NONE',  ( 2.642636186262781628, 5.999900000000002009, -0.9344734550235077597 ) ) ;
#3970 = PRESENTATION_LAYER_ASSIGNMENT (  '', '', ( #4352 ) ) ;
#3971 = CARTESIAN_POINT ( 'NONE',  ( 2.617887197584241488, 6.000000000000000888, 1.623353433307592963 ) ) ;
#3972 = SURFACE_SIDE_STYLE ('',( #302 ) ) ;
#3973 = SURFACE_STYLE_FILL_AREA ( #1031 ) ;
#3974 = EDGE_LOOP ( 'NONE', ( #4070, #730, #4418, #2195 ) ) ;
#3975 = B_SPLINE_SURFACE_WITH_KNOTS ( 'NONE', 3, 1, ( 
 ( #959, #557 ),
 ( #2376, #3835 ),
 ( #4255, #1300 ),
 ( #4540, #2428 ) ),
 .UNSPECIFIED., .F., .F., .F.,
 ( 4, 4 ),
 ( 2, 2 ),
 ( 0.5454545454545455252, 0.6363636363636364646 ),
 ( 0.000000000000000000, 1.000000000000000000 ),
 .UNSPECIFIED. ) ;
#3976 = FILL_AREA_STYLE ('',( #1055 ) ) ;
#3977 = ORIENTED_EDGE ( 'NONE', *, *, #3432, .T. ) ;
#3978 = CARTESIAN_POINT ( 'NONE',  ( 1.149025747743360526, 6.000000000000001776, -0.5307626564892643506 ) ) ;
#3979 = CARTESIAN_POINT ( 'NONE',  ( 1.154974464376837373, 6.000000000000000000, 0.5295270840335154494 ) ) ;
#3980 = CARTESIAN_POINT ( 'NONE',  ( -1.447834582039406515, 5.999900000000000233, -0.9164999999999924318 ) ) ;
#3981 = ORIENTED_EDGE ( 'NONE', *, *, #3444, .F. ) ;
#3982 = CARTESIAN_POINT ( 'NONE',  ( 2.631385331497114954, 6.000000000000000000, 0.1896740157777860591 ) ) ;
#3983 = LINE ( 'NONE', #3531, #4471 ) ;
#3984 = UNCERTAINTY_MEASURE_WITH_UNIT (LENGTH_MEASURE( 1.000000000000000082E-05 ), #3720, 'distance_accuracy_value', 'NONE');
#3985 =( LENGTH_UNIT ( ) NAMED_UNIT ( * ) SI_UNIT ( .MILLI., .METRE. ) );
#3986 = EDGE_CURVE ( 'NONE', #3107, #4165, #2519, .T. ) ;
#3987 = ORIENTED_EDGE ( 'NONE', *, *, #1839, .T. ) ;
#3988 =( LENGTH_UNIT ( ) NAMED_UNIT ( * ) SI_UNIT ( .MILLI., .METRE. ) );
#3989 = CARTESIAN_POINT ( 'NONE',  ( 1.142930022522763878, 5.999900000000000233, 1.513348390898309415 ) ) ;
#3990 = SURFACE_STYLE_FILL_AREA ( #3247 ) ;
#3991 = SURFACE_SIDE_STYLE ('',( #4353 ) ) ;
#3992 = SURFACE_STYLE_USAGE ( .BOTH. , #3972 ) ;
#3993 = COLOUR_RGB ( '',1.000000000000000000, 1.000000000000000000, 1.000000000000000000 ) ;
#3994 = CARTESIAN_POINT ( 'NONE',  ( 1.166537727726019158, 6.000000000000000888, 1.605130029749845644 ) ) ;
#3995 = ORIENTED_EDGE ( 'NONE', *, *, #1157, .F. ) ;
#3996 = SURFACE_SIDE_STYLE ('',( #1445 ) ) ;
#3997 = VERTEX_POINT ( 'NONE', #2939 ) ;
#3998 = CARTESIAN_POINT ( 'NONE',  ( 1.142690712998739588, 6.000000000000000000, 0.2660034749600200255 ) ) ;
#3999 = B_SPLINE_CURVE_WITH_KNOTS ( 'NONE', 3,
 ( #4217, #2034, #1668, #3116, #3748, #449, #1932, #105, #1570, #3500, #2074 ),
 .UNSPECIFIED., .F., .F.,
 ( 4, 1, 1, 1, 1, 1, 1, 1, 4 ),
 ( 0.000000000000000000, 0.2009044012478304053, 0.3599846282170884315, 0.4835952109184648018, 0.5715364693554770836, 0.6460191871590634793, 0.7285858147531646400, 0.8430130251172095468, 1.000000000000000000 ),
 .UNSPECIFIED. ) ;
#4000 = CARTESIAN_POINT ( 'NONE',  ( -1.702027495425233905, 5.999900000000000233, -0.8668464566929088289 ) ) ;
#4001 = VECTOR ( 'NONE', #2738, 1000.000000000000114 ) ;
#4002 = VERTEX_POINT ( 'NONE', #3246 ) ;
#4003 = SURFACE_SIDE_STYLE ('',( #758 ) ) ;
#4004 = CARTESIAN_POINT ( 'NONE',  ( 2.607189793881092399, 5.999900000000000233, 0.1684621146659023849 ) ) ;
#4005 = COLOUR_RGB ( '',1.000000000000000000, 1.000000000000000000, 1.000000000000000000 ) ;
#4006 = FILL_AREA_STYLE_COLOUR ( '', #2859 ) ;
#4007 = CARTESIAN_POINT ( 'NONE',  ( 1.143951580070068585, 5.999900000000001121, 1.446193263310085131 ) ) ;
#4008 = DIRECTION ( 'NONE',  ( 0.000000000000000000, -1.499838851394941493E-12, 1.000000000000000000 ) ) ;
#4009 = EDGE_CURVE ( 'NONE', #213, #3620, #4399, .T. ) ;
#4010 = CARTESIAN_POINT ( 'NONE',  ( 2.642646007643794537, 5.999999999999998224, -1.873250961106820212 ) ) ;
#4011 = CARTESIAN_POINT ( 'NONE',  ( 1.178191632116386556, 6.000000000000000000, 0.7337194676070789567 ) ) ;
#4012 = PRESENTATION_LAYER_ASSIGNMENT (  '', '', ( #4317 ) ) ;
#4013 = VERTEX_POINT ( 'NONE', #2143 ) ;
#4014 = B_SPLINE_SURFACE_WITH_KNOTS ( 'NONE', 3, 1, ( 
 ( #4214, #3588 ),
 ( #303, #2216 ),
 ( #1464, #2502 ),
 ( #4355, #1800 ) ),
 .UNSPECIFIED., .F., .F., .F.,
 ( 4, 4 ),
 ( 2, 2 ),
 ( 0.7272727272727274039, 0.8181818181818183433 ),
 ( 0.000000000000000000, 1.000000000000000000 ),
 .UNSPECIFIED. ) ;
#4015 = FILL_AREA_STYLE ('',( #1094 ) ) ;
#4016 = CARTESIAN_POINT ( 'NONE',  ( 2.642684319598296749, 5.999899999999999345, -0.6149664925970361740 ) ) ;
#4017 = FILL_AREA_STYLE ('',( #70 ) ) ;
#4018 = CARTESIAN_POINT ( 'NONE',  ( 1.161416586822690222, 5.999900000000001121, -0.5129659394870350608 ) ) ;
#4019 = CARTESIAN_POINT ( 'NONE',  ( 1.142690712998739588, 5.999900000000000233, -1.849920238275274187 ) ) ;
#4020 = CARTESIAN_POINT ( 'NONE',  ( 1.142690712998739588, 6.000000000000000000, 1.501297592607079068 ) ) ;
#4021 = EDGE_CURVE ( 'NONE', #2087, #517, #982, .T. ) ;
#4022 = ORIENTED_EDGE ( 'NONE', *, *, #4691, .F. ) ;
#4023 = EDGE_CURVE ( 'NONE', #3544, #2124, #2190, .T. ) ;
#4024 = VERTEX_POINT ( 'NONE', #1972 ) ;
#4025 = CARTESIAN_POINT ( 'NONE',  ( 1.178191632116386556, 5.999900000000000233, -0.5015746500399800301 ) ) ;
#4026 = VERTEX_POINT ( 'NONE', #420 ) ;
#4027 = COLOUR_RGB ( '',1.000000000000000000, 1.000000000000000000, 1.000000000000000000 ) ;
#4028 = CARTESIAN_POINT ( 'NONE',  ( 2.642566788542308309, 5.999899999999998457, 0.5761497803583132127 ) ) ;
#4029 = CARTESIAN_POINT ( 'NONE',  ( 2.571941074772255753, 5.999900000000001121, -0.7176560107585832071 ) ) ;
#4030 = DIRECTION ( 'NONE',  ( -1.000000000000000000, 0.000000000000000000, -0.000000000000000000 ) ) ;
#4031 = UNCERTAINTY_MEASURE_WITH_UNIT (LENGTH_MEASURE( 1.000000000000000082E-05 ), #134, 'distance_accuracy_value', 'NONE');
#4032 = LINE ( 'NONE', #740, #4607 ) ;
#4033 = DIRECTION ( 'NONE',  ( -0.000000000000000000, 1.000000000000000000, -0.000000000000000000 ) ) ;
#4034 = VERTEX_POINT ( 'NONE', #1530 ) ;
#4035 = CARTESIAN_POINT ( 'NONE',  ( 2.624191191930992595, 6.000000000000003553, -0.5158613100889147818 ) ) ;
#4036 = UNCERTAINTY_MEASURE_WITH_UNIT (LENGTH_MEASURE( 1.000000000000000082E-05 ), #1264, 'distance_accuracy_value', 'NONE');
#4037 = PRESENTATION_STYLE_ASSIGNMENT (( #2573 ) ) ;
#4038 = MECHANICAL_DESIGN_GEOMETRIC_PRESENTATION_REPRESENTATION (  '', ( #3667 ), #1752 ) ;
#4039 = SURFACE_SIDE_STYLE ('',( #1851 ) ) ;
#4040 = CARTESIAN_POINT ( 'NONE',  ( 2.635606768424067603, 5.999999999999999112, 0.2013092219934430882 ) ) ;
#4041 = DIRECTION ( 'NONE',  ( -0.8599778663242776400, 0.000000000000000000, 0.5103313329909725526 ) ) ;
#4042 = ADVANCED_FACE ( 'NONE', ( #1146 ), #605, .T. ) ;
#4043 = SURFACE_STYLE_USAGE ( .BOTH. , #2997 ) ;
#4044 = EDGE_LOOP ( 'NONE', ( #778, #56, #3807, #3303 ) ) ;
#4045 = CARTESIAN_POINT ( 'NONE',  ( 1.142690712998739588, 5.999900000000000233, -0.6146261206282154221 ) ) ;
#4046 = CARTESIAN_POINT ( 'NONE',  ( 1.149120405164141268, 5.999899999999999345, -1.060119710834706241 ) ) ;
#4047 = STYLED_ITEM ( 'NONE', ( #4148 ), #1939 ) ;
#4048 = ORIENTED_EDGE ( 'NONE', *, *, #3141, .F. ) ;
#4049 = VERTEX_POINT ( 'NONE', #841 ) ;
#4050 = DIRECTION ( 'NONE',  ( -0.000000000000000000, 1.000000000000000000, -0.000000000000000000 ) ) ;
#4051 = CARTESIAN_POINT ( 'NONE',  ( 2.642539632016172924, 6.000000000000001776, -0.9143226583606161029 ) ) ;
#4052 = CARTESIAN_POINT ( 'NONE',  ( -1.394999999999999352, -0.1000000000000000056, 2.500000000000000000 ) ) ;
#4053 = DIRECTION ( 'NONE',  ( 0.000000000000000000, -1.000000000000000000, 0.000000000000000000 ) ) ;
#4054 = SURFACE_SIDE_STYLE ('',( #1192 ) ) ;
#4055 =( GEOMETRIC_REPRESENTATION_CONTEXT ( 3 ) GLOBAL_UNCERTAINTY_ASSIGNED_CONTEXT ( ( #3984 ) ) GLOBAL_UNIT_ASSIGNED_CONTEXT ( ( #3720, #4713, #2597 ) ) REPRESENTATION_CONTEXT ( 'NONE', 'WORKASPACE' ) );
#4056 = SURFACE_STYLE_FILL_AREA ( #3056 ) ;
#4057 = CARTESIAN_POINT ( 'NONE',  ( 3.355000000000000870, 6.000000000000000000, -3.454999999999999627 ) ) ;
#4058 = ORIENTED_EDGE ( 'NONE', *, *, #984, .F. ) ;
#4059 = PRESENTATION_STYLE_ASSIGNMENT (( #2616 ) ) ;
#4060 = SURFACE_STYLE_USAGE ( .BOTH. , #3439 ) ;
#4061 = B_SPLINE_CURVE_WITH_KNOTS ( 'NONE', 3,
 ( #2417, #895, #1295, #4202 ),
 .UNSPECIFIED., .F., .F.,
 ( 4, 4 ),
 ( 0.3636363636363636465, 0.4545454545454545858 ),
 .UNSPECIFIED. ) ;
#4062 = CARTESIAN_POINT ( 'NONE',  ( 1.142720842757628974, 5.999999999999999112, 0.2554335172887596817 ) ) ;
#4063 = STYLED_ITEM ( 'NONE', ( #2678 ), #2163 ) ;
#4064 = CARTESIAN_POINT ( 'NONE',  ( 1.154045461959794405, 5.999900000000000233, -0.8724682229854747728 ) ) ;
#4065 = CARTESIAN_POINT ( 'NONE',  ( 1.143897626635291154, 5.999900000000001121, -1.798008220888251518 ) ) ;
#4066 = DIRECTION ( 'NONE',  ( 0.5095424031107078644, 0.000000000000000000, 0.8604455470465084410 ) ) ;
#4067 = ORIENTED_EDGE ( 'NONE', *, *, #4371, .F. ) ;
#4068 = CARTESIAN_POINT ( 'NONE',  ( 1.161416586822690222, 6.000000000000000888, -0.5129659394870350608 ) ) ;
#4069 = CARTESIAN_POINT ( 'NONE',  ( 1.142690712998739810, 5.999900000000000233, -0.9692906426870389058 ) ) ;
#4070 = ORIENTED_EDGE ( 'NONE', *, *, #1157, .T. ) ;
#4071 = PRESENTATION_LAYER_ASSIGNMENT (  '', '', ( #1951 ) ) ;
#4072 = ORIENTED_EDGE ( 'NONE', *, *, #397, .T. ) ;
#4073 = DIRECTION ( 'NONE',  ( 1.000000000000000000, 0.000000000000000000, 0.000000000000000000 ) ) ;
#4074 = FILL_AREA_STYLE_COLOUR ( '', #1788 ) ;
#4075 = FILL_AREA_STYLE_COLOUR ( '', #1487 ) ;
#4076 = CARTESIAN_POINT ( 'NONE',  ( 1.142690712998739588, 6.000000000000001776, 1.501297592607079068 ) ) ;
#4077 = UNCERTAINTY_MEASURE_WITH_UNIT (LENGTH_MEASURE( 1.000000000000000082E-05 ), #3690, 'distance_accuracy_value', 'NONE');
#4078 = CARTESIAN_POINT ( 'NONE',  ( 2.624753711275633616, 6.000000000000000000, 1.416323062675097111 ) ) ;
#4079 = PRESENTATION_LAYER_ASSIGNMENT (  '', '', ( #1412 ) ) ;
#4080 =( GEOMETRIC_REPRESENTATION_CONTEXT ( 3 ) GLOBAL_UNCERTAINTY_ASSIGNED_CONTEXT ( ( #1948 ) ) GLOBAL_UNIT_ASSIGNED_CONTEXT ( ( #1582, #1297, #2343 ) ) REPRESENTATION_CONTEXT ( 'NONE', 'WORKASPACE' ) );
#4081 = CARTESIAN_POINT ( 'NONE',  ( 1.881316632116386556, 6.000000000000000000, -1.277424833863509690 ) ) ;
#4082 = EDGE_CURVE ( 'NONE', #1054, #104, #3737, .T. ) ;
#4083 = FILL_AREA_STYLE_COLOUR ( '', #4122 ) ;
#4084 = CARTESIAN_POINT ( 'NONE',  ( 2.616607625011922789, 6.000000000000000888, 1.409441959770592945 ) ) ;
#4085 = CARTESIAN_POINT ( 'NONE',  ( 2.624753711275633172, 5.999999999999996447, -1.054265172619019975 ) ) ;
#4086 = AXIS2_PLACEMENT_3D ( 'NONE', #4470, #4423, #822 ) ;
#4087 = PRESENTATION_STYLE_ASSIGNMENT (( #2299 ) ) ;
#4088 = UNCERTAINTY_MEASURE_WITH_UNIT (LENGTH_MEASURE( 1.000000000000000082E-05 ), #1325, 'distance_accuracy_value', 'NONE');
#4089 = CARTESIAN_POINT ( 'NONE',  ( 2.618218846677510037, 6.000000000000000000, -0.7323642708057511719 ) ) ;
#4090 = EDGE_CURVE ( 'NONE', #2458, #2166, #4508, .T. ) ;
#4091 = CARTESIAN_POINT ( 'NONE',  ( 2.642690712998739588, 5.999900000000000233, 0.2894409749600200255 ) ) ;
#4092 = CARTESIAN_POINT ( 'NONE',  ( 2.639169935549311674, 6.000000000000000888, 0.2160776474659031610 ) ) ;
#4093 = COLOUR_RGB ( '',1.000000000000000000, 1.000000000000000000, 1.000000000000000000 ) ;
#4094 = FILL_AREA_STYLE ('',( #2995 ) ) ;
#4095 =( NAMED_UNIT ( * ) PLANE_ANGLE_UNIT ( ) SI_UNIT ( $, .RADIAN. ) );
#4096 = SURFACE_STYLE_FILL_AREA ( #4449 ) ;
#4097 = FACE_OUTER_BOUND ( 'NONE', #2217, .T. ) ;
#4098 = ORIENTED_EDGE ( 'NONE', *, *, #3195, .T. ) ;
#4099 = ORIENTED_EDGE ( 'NONE', *, *, #2540, .T. ) ;
#4100 = ORIENTED_EDGE ( 'NONE', *, *, #1658, .T. ) ;
#4101 = CARTESIAN_POINT ( 'NONE',  ( 1.142690712998739588, 6.000000000000000000, -0.9692906426870387948 ) ) ;
#4102 = DIRECTION ( 'NONE',  ( -0.5121029854762093603, 0.000000000000000000, 0.8589240550050705192 ) ) ;
#4103 = SURFACE_SIDE_STYLE ('',( #788 ) ) ;
#4104 = STYLED_ITEM ( 'NONE', ( #2999 ), #2300 ) ;
#4105 = DIRECTION ( 'NONE',  ( -0.000000000000000000, 1.000000000000000000, -0.000000000000000000 ) ) ;
#4106 = ADVANCED_FACE ( 'NONE', ( #2704 ), #4151, .F. ) ;
#4107 =( LENGTH_UNIT ( ) NAMED_UNIT ( * ) SI_UNIT ( .MILLI., .METRE. ) );
#4108 = FACE_OUTER_BOUND ( 'NONE', #2511, .T. ) ;
#4109 = FILL_AREA_STYLE_COLOUR ( '', #4406 ) ;
#4110 = CARTESIAN_POINT ( 'NONE',  ( -2.644999999999999130, -0.1000000000000000056, -2.500000000000000000 ) ) ;
#4111 = CARTESIAN_POINT ( 'NONE',  ( 1.881316632116386556, 5.999900000000000233, 1.193163401430608506 ) ) ;
#4112 = CARTESIAN_POINT ( 'NONE',  ( 1.142690712998739588, 6.000000000000000000, -0.9692906426870387948 ) ) ;
#4113 = CARTESIAN_POINT ( 'NONE',  ( 1.143951580070068808, 5.999900000000000233, -1.024394971984033509 ) ) ;
#4114 = EDGE_LOOP ( 'NONE', ( #1339, #1133, #2005, #1465 ) ) ;
#4115 = AXIS2_PLACEMENT_3D ( 'NONE', #218, #521, #2389 ) ;
#4116 = ORIENTED_EDGE ( 'NONE', *, *, #3857, .T. ) ;
#4117 = CARTESIAN_POINT ( 'NONE',  ( 1.144617761972859249, 6.000000000000000000, -0.6714010358648633270 ) ) ;
#4118 =( LENGTH_UNIT ( ) NAMED_UNIT ( * ) SI_UNIT ( .MILLI., .METRE. ) );
#4119 = CARTESIAN_POINT ( 'NONE',  ( 2.642684319598296749, 5.999999999999999112, -0.6149664925970361740 ) ) ;
#4120 = CARTESIAN_POINT ( 'NONE',  ( 2.015737587998739588, 5.999900000000000233, -1.405297076510568344 ) ) ;
#4121 = CARTESIAN_POINT ( 'NONE',  ( 2.641323004694411392, 6.000000000000004441, 0.6654049053627252297 ) ) ;
#4122 = COLOUR_RGB ( '',0.1921568627450980227, 0.2039215686274509776, 0.2039215686274509776 ) ;
#4123 = COLOUR_RGB ( '',1.000000000000000000, 1.000000000000000000, 1.000000000000000000 ) ;
#4124 = FACE_OUTER_BOUND ( 'NONE', #1518, .T. ) ;
#4125 = CARTESIAN_POINT ( 'NONE',  ( 1.142690712998739588, 5.999900000000000233, -1.849920238275274187 ) ) ;
#4126 = CARTESIAN_POINT ( 'NONE',  ( 2.642690712998739588, 5.999900000000000233, -0.9458531426870389058 ) ) ;
#4127 = EDGE_CURVE ( 'NONE', #2744, #104, #179, .T. ) ;
#4128 = DIRECTION ( 'NONE',  ( -0.000000000000000000, 1.000000000000000000, -0.000000000000000000 ) ) ;
#4129 = UNCERTAINTY_MEASURE_WITH_UNIT (LENGTH_MEASURE( 1.000000000000000082E-05 ), #1547, 'distance_accuracy_value', 'NONE');
#4130 = EDGE_CURVE ( 'NONE', #4690, #1666, #2399, .T. ) ;
#4131 = CARTESIAN_POINT ( 'NONE',  ( 2.636813255159033975, 6.000000000000000000, -0.7085054191024058312 ) ) ;
#4132 = EDGE_CURVE ( 'NONE', #30, #430, #2047, .T. ) ;
#4133 = DIRECTION ( 'NONE',  ( 1.255226827769035407E-16, 0.000000000000000000, 1.000000000000000000 ) ) ;
#4134 = CARTESIAN_POINT ( 'NONE',  ( 2.642667625737631809, 5.999899999999998457, -0.9750569420324970427 ) ) ;
#4135 = EDGE_CURVE ( 'NONE', #1444, #3561, #4283, .T. ) ;
#4136 = SURFACE_SIDE_STYLE ('',( #851 ) ) ;
#4137 = PRESENTATION_STYLE_ASSIGNMENT (( #2690 ) ) ;
#4138 = CARTESIAN_POINT ( 'NONE',  ( 0.4081181738661062708, 5.999900000000000233, 4.336808689942017736E-16 ) ) ;
#4139 = VERTEX_POINT ( 'NONE', #3858 ) ;
#4140 = ORIENTED_EDGE ( 'NONE', *, *, #3625, .F. ) ;
#4141 = CARTESIAN_POINT ( 'NONE',  ( 1.220930602704621837, 6.000000000000000000, 0.5382920779011967083 ) ) ;
#4142 = MECHANICAL_DESIGN_GEOMETRIC_PRESENTATION_REPRESENTATION (  '', ( #1475 ), #2478 ) ;
#4143 =( NAMED_UNIT ( * ) SI_UNIT ( $, .STERADIAN. ) SOLID_ANGLE_UNIT ( ) );
#4144 = DIRECTION ( 'NONE',  ( -0.000000000000000000, 1.000000000000000000, -0.000000000000000000 ) ) ;
#4145 = CARTESIAN_POINT ( 'NONE',  ( 1.166537727726018936, 5.999999999999999112, 0.3698359121027862684 ) ) ;
#4146 = CARTESIAN_POINT ( 'NONE',  ( 0.4118740793779169795, 5.999900000000000233, -0.2717755905511823888 ) ) ;
#4147 = CARTESIAN_POINT ( 'NONE',  ( 1.148772520324219615, 6.000000000000001776, -0.6911083878248586165 ) ) ;
#4148 = PRESENTATION_STYLE_ASSIGNMENT (( #838 ) ) ;
#4149 = SURFACE_SIDE_STYLE ('',( #4535 ) ) ;
#4150 = VECTOR ( 'NONE', #254, 1000.000000000000000 ) ;
#4151 = PLANE ( 'NONE',  #4497 ) ;
#4152 = CARTESIAN_POINT ( 'NONE',  ( 1.166518503127165873, 5.999899999999998457, -1.949304656196183982 ) ) ;
#4153 = CARTESIAN_POINT ( 'NONE',  ( 1.142690712998739588, 5.999900000000000233, 0.2660034749600200255 ) ) ;
#4154 = STYLED_ITEM ( 'NONE', ( #3707 ), #1244 ) ;
#4155 = ORIENTED_EDGE ( 'NONE', *, *, #1880, .T. ) ;
#4156 = LINE ( 'NONE', #4208, #960 ) ;
#4157 = EDGE_CURVE ( 'NONE', #1698, #4002, #1675, .T. ) ;
#4158 = COLOUR_RGB ( '',1.000000000000000000, 1.000000000000000000, 1.000000000000000000 ) ;
#4159 = CARTESIAN_POINT ( 'NONE',  ( 1.142825864974269079, 6.000000000000000000, 0.6097575159981364346 ) ) ;
#4160 =( LENGTH_UNIT ( ) NAMED_UNIT ( * ) SI_UNIT ( .MILLI., .METRE. ) );
#4161 =( GEOMETRIC_REPRESENTATION_CONTEXT ( 3 ) GLOBAL_UNCERTAINTY_ASSIGNED_CONTEXT ( ( #117 ) ) GLOBAL_UNIT_ASSIGNED_CONTEXT ( ( #3904, #3580, #598 ) ) REPRESENTATION_CONTEXT ( 'NONE', 'WORKASPACE' ) );
#4162 = CARTESIAN_POINT ( 'NONE',  ( 2.642690712998740032, 6.000000000000000888, -0.6260002015105683437 ) ) ;
#4163 = CARTESIAN_POINT ( 'NONE',  ( 1.154027076143227415, 6.000000000000000000, 1.398620653245037815 ) ) ;
#4164 = B_SPLINE_CURVE_WITH_KNOTS ( 'NONE', 3,
 ( #2599, #2947, #1204, #3761, #1854, #2668, #1882, #2237, #4134, #1536, #1929 ),
 .UNSPECIFIED., .F., .F.,
 ( 4, 1, 1, 1, 1, 1, 1, 1, 4 ),
 ( 0.000000000000000000, 0.08608748684242605032, 0.1612668260071325466, 0.2388542627190375356, 0.3281828305663086476, 0.4373273942705394601, 0.5807184561777908316, 0.7620511388035702272, 0.9999999999999998890 ),
 .UNSPECIFIED. ) ;
#4165 = VERTEX_POINT ( 'NONE', #3080 ) ;
#4166 = EDGE_CURVE ( 'NONE', #2072, #902, #2797, .T. ) ;
#4167 = ORIENTED_EDGE ( 'NONE', *, *, #4601, .F. ) ;
#4168 = VECTOR ( 'NONE', #3479, 1000.000000000000227 ) ;
#4169 = CARTESIAN_POINT ( 'NONE',  ( 1.142690712998739588, 5.999900000000000233, -0.6146261206282154221 ) ) ;
#4170 = LINE ( 'NONE', #3117, #1259 ) ;
#4171 = FACE_OUTER_BOUND ( 'NONE', #3958, .T. ) ;
#4172 = CARTESIAN_POINT ( 'NONE',  ( -2.644999999999999130, 0.000000000000000000, -2.500000000000000000 ) ) ;
#4173 = CARTESIAN_POINT ( 'NONE',  ( 1.147672671593931160, 6.000000000000000000, 0.3480305999690833096 ) ) ;
#4174 = FACE_OUTER_BOUND ( 'NONE', #2223, .T. ) ;
#4175 = VERTEX_POINT ( 'NONE', #575 ) ;
#4176 = SURFACE_STYLE_FILL_AREA ( #4530 ) ;
#4177 = SURFACE_STYLE_USAGE ( .BOTH. , #4226 ) ;
#4178 =( NAMED_UNIT ( * ) SI_UNIT ( $, .STERADIAN. ) SOLID_ANGLE_UNIT ( ) );
#4179 =( GEOMETRIC_REPRESENTATION_CONTEXT ( 3 ) GLOBAL_UNCERTAINTY_ASSIGNED_CONTEXT ( ( #576 ) ) GLOBAL_UNIT_ASSIGNED_CONTEXT ( ( #3136, #3446, #4494 ) ) REPRESENTATION_CONTEXT ( 'NONE', 'WORKASPACE' ) );
#4180 = AXIS2_PLACEMENT_3D ( 'NONE', #3548, #217, #2809 ) ;
#4181 = CARTESIAN_POINT ( 'NONE',  ( 2.644999999999999130, -0.1000000000000000056, -2.500000000000000444 ) ) ;
#4182 = LINE ( 'NONE', #2684, #3713 ) ;
#4183 = UNCERTAINTY_MEASURE_WITH_UNIT (LENGTH_MEASURE( 1.000000000000000082E-05 ), #1661, 'distance_accuracy_value', 'NONE');
#4184 = EDGE_LOOP ( 'NONE', ( #3353, #1248, #3922, #4498 ) ) ;
#4185 =( NAMED_UNIT ( * ) PLANE_ANGLE_UNIT ( ) SI_UNIT ( $, .RADIAN. ) );
#4186 = CARTESIAN_POINT ( 'NONE',  ( 1.181946779667099268, 5.999900000000002009, 0.3684274165713390947 ) ) ;
#4187 = FACE_OUTER_BOUND ( 'NONE', #5, .T. ) ;
#4188 = PRESENTATION_STYLE_ASSIGNMENT (( #3448 ) ) ;
#4189 = ORIENTED_EDGE ( 'NONE', *, *, #3643, .F. ) ;
#4190 = ORIENTED_EDGE ( 'NONE', *, *, #1128, .T. ) ;
#4191 = EDGE_CURVE ( 'NONE', #517, #2307, #2075, .T. ) ;
#4192 = CARTESIAN_POINT ( 'NONE',  ( 1.220930602704622059, 6.000000000000000888, -0.6970020397458625006 ) ) ;
#4193 = DIRECTION ( 'NONE',  ( -1.000000000000000000, -0.000000000000000000, -0.000000000000000000 ) ) ;
#4194 = DIRECTION ( 'NONE',  ( -0.000000000000000000, 1.000000000000000000, -0.000000000000000000 ) ) ;
#4195 = EDGE_CURVE ( 'NONE', #4024, #2220, #2439, .T. ) ;
#4196 = DIRECTION ( 'NONE',  ( -0.000000000000000000, 1.000000000000000000, -0.000000000000000000 ) ) ;
#4197 = CARTESIAN_POINT ( 'NONE',  ( 1.881316632116386556, 5.999900000000000233, -1.277424833863509690 ) ) ;
#4198 = EDGE_CURVE ( 'NONE', #2826, #1517, #2915, .T. ) ;
#4199 = ORIENTED_EDGE ( 'NONE', *, *, #1659, .F. ) ;
#4200 = CARTESIAN_POINT ( 'NONE',  ( 0.7799370715039031232, 6.000000000000000000, -0.02874015748031673659 ) ) ;
#4201 = DIRECTION ( 'NONE',  ( 0.8644584418281031635, 0.000000000000000000, -0.5027042891722012241 ) ) ;
#4202 = CARTESIAN_POINT ( 'NONE',  ( -1.447834582039406515, 5.999900000000000233, -0.9164999999999924318 ) ) ;
#4203 =( NAMED_UNIT ( * ) PLANE_ANGLE_UNIT ( ) SI_UNIT ( $, .RADIAN. ) );
#4204 = PLANE ( 'NONE',  #3304 ) ;
#4205 = CARTESIAN_POINT ( 'NONE',  ( 1.220930602704621837, 5.999900000000000233, -1.932296157392921154 ) ) ;
#4206 = SURFACE_STYLE_USAGE ( .BOTH. , #2758 ) ;
#4207 = EDGE_LOOP ( 'NONE', ( #700, #2672, #191, #304 ) ) ;
#4208 = CARTESIAN_POINT ( 'NONE',  ( 2.644999999999999130, -0.1000000000000000056, -2.500000000000000444 ) ) ;
#4209 = MECHANICAL_DESIGN_GEOMETRIC_PRESENTATION_REPRESENTATION (  '', ( #921 ), #2385 ) ;
#4210 = SURFACE_STYLE_USAGE ( .BOTH. , #4616 ) ;
#4211 = CARTESIAN_POINT ( 'NONE',  ( 1.200042968348131067, 5.999899999999999345, 0.3608046952921286632 ) ) ;
#4212 = PRESENTATION_STYLE_ASSIGNMENT (( #1684 ) ) ;
#4213 = CARTESIAN_POINT ( 'NONE',  ( 2.642690712998739588, 5.999900000000000233, 0.2894409749600200255 ) ) ;
#4214 = CARTESIAN_POINT ( 'NONE',  ( 0.4081181738661062708, 5.999900000000000233, 4.336808689942017736E-16 ) ) ;
#4215 = ORIENTED_EDGE ( 'NONE', *, *, #2052, .F. ) ;
#4216 = ADVANCED_FACE ( 'NONE', ( #1296 ), #4204, .F. ) ;
#4217 = CARTESIAN_POINT ( 'NONE',  ( 1.142690712998739588, 5.999900000000000233, 0.6206679970188436757 ) ) ;
#4218 = PLANE ( 'NONE',  #2325 ) ;
#4219 = CARTESIAN_POINT ( 'NONE',  ( 1.220930602704621837, 5.999900000000000233, -0.8855360470988036248 ) ) ;
#4220 = PRESENTATION_STYLE_ASSIGNMENT (( #632 ) ) ;
#4221 = LINE ( 'NONE', #194, #4730 ) ;
#4222 = PRESENTATION_LAYER_ASSIGNMENT (  '', '', ( #2018 ) ) ;
#4223 = VERTEX_POINT ( 'NONE', #2229 ) ;
#4224 = MECHANICAL_DESIGN_GEOMETRIC_PRESENTATION_REPRESENTATION (  '', ( #1354 ), #3005 ) ;
#4225 = DIRECTION ( 'NONE',  ( 0.7901669519244139961, 0.000000000000000000, 0.6128916609699309737 ) ) ;
#4226 = SURFACE_SIDE_STYLE ('',( #2771 ) ) ;
#4227 = FILL_AREA_STYLE ('',( #177 ) ) ;
#4228 = VECTOR ( 'NONE', #1577, 1000.000000000000227 ) ;
#4229 = EDGE_CURVE ( 'NONE', #2518, #2489, #2595, .T. ) ;
#4230 = AXIS2_PLACEMENT_3D ( 'NONE', #2548, #4693, #2828 ) ;
#4231 = VECTOR ( 'NONE', #2386, 1000.000000000000000 ) ;
#4232 = CARTESIAN_POINT ( 'NONE',  ( 2.631385331497116731, 6.000000000000003553, -1.045620101869273677 ) ) ;
#4233 = UNCERTAINTY_MEASURE_WITH_UNIT (LENGTH_MEASURE( 1.000000000000000082E-05 ), #468, 'distance_accuracy_value', 'NONE');
#4234 = SURFACE_SIDE_STYLE ('',( #1322 ) ) ;
#4235 = ORIENTED_EDGE ( 'NONE', *, *, #4021, .T. ) ;
#4236 = DIRECTION ( 'NONE',  ( -0.000000000000000000, 1.000000000000000000, -0.000000000000000000 ) ) ;
#4237 = PRESENTATION_LAYER_ASSIGNMENT (  '', '', ( #3623 ) ) ;
#4238 = SURFACE_STYLE_USAGE ( .BOTH. , #627 ) ;
#4239 = CARTESIAN_POINT ( 'NONE',  ( 2.636771313881897338, 5.999900000000002009, 1.602336668878354686 ) ) ;
#4240 = CARTESIAN_POINT ( 'NONE',  ( -1.974192849755940671, 5.999900000000000233, -0.4815314960629848984 ) ) ;
#4241 = ORIENTED_EDGE ( 'NONE', *, *, #4229, .T. ) ;
#4242 = SURFACE_STYLE_FILL_AREA ( #3184 ) ;
#4243 =( NAMED_UNIT ( * ) PLANE_ANGLE_UNIT ( ) SI_UNIT ( $, .RADIAN. ) );
#4244 = MECHANICAL_DESIGN_GEOMETRIC_PRESENTATION_REPRESENTATION (  '', ( #3942 ), #1576 ) ;
#4245 = CARTESIAN_POINT ( 'NONE',  ( 1.142722440240110604, 6.000000000000000888, -1.839812128119887813 ) ) ;
#4246 = PRESENTATION_LAYER_ASSIGNMENT (  '', '', ( #1277 ) ) ;
#4247 = ORIENTED_EDGE ( 'NONE', *, *, #3347, .F. ) ;
#4248 = VERTEX_POINT ( 'NONE', #361 ) ;
#4249 = CARTESIAN_POINT ( 'NONE',  ( 2.602775380086245871, 5.999999999999998224, 1.622405431260541597 ) ) ;
#4250 = PRESENTATION_STYLE_ASSIGNMENT (( #3508 ) ) ;
#4251 = CARTESIAN_POINT ( 'NONE',  ( 1.161530783382917820, 5.999899999999999345, 1.390679619410485790 ) ) ;
#4252 = EDGE_CURVE ( 'NONE', #343, #2270, #3214, .T. ) ;
#4253 = CARTESIAN_POINT ( 'NONE',  ( 1.876491264469327680, 5.999900000000000233, -0.3061472603340976151 ) ) ;
#4254 = ORIENTED_EDGE ( 'NONE', *, *, #1253, .F. ) ;
#4255 = CARTESIAN_POINT ( 'NONE',  ( -1.110830645031533503, 5.999900000000000233, -0.5935826771653525125 ) ) ;
#4256 = VECTOR ( 'NONE', #2054, 1000.000000000000000 ) ;
#4257 = CARTESIAN_POINT ( 'NONE',  ( 1.143897626635291154, 6.000000000000000888, 0.6725800144058668995 ) ) ;
#4258 =( LENGTH_UNIT ( ) NAMED_UNIT ( * ) SI_UNIT ( .MILLI., .METRE. ) );
#4259 = CARTESIAN_POINT ( 'NONE',  ( 2.642539632016172035, 5.999900000000000233, 0.3209714592864429394 ) ) ;
#4260 = LINE ( 'NONE', #167, #3239 ) ;
#4261 = ORIENTED_EDGE ( 'NONE', *, *, #3114, .F. ) ;
#4262 = EDGE_CURVE ( 'NONE', #523, #2124, #2590, .T. ) ;
#4263 = CARTESIAN_POINT ( 'NONE',  ( 1.394999999999999796, -0.1000000000000000056, -2.500000000000000444 ) ) ;
#4264 = SURFACE_SIDE_STYLE ('',( #2456 ) ) ;
#4265 = ORIENTED_EDGE ( 'NONE', *, *, #4637, .T. ) ;
#4266 = VERTEX_POINT ( 'NONE', #2589 ) ;
#4267 = CARTESIAN_POINT ( 'NONE',  ( 0.7694291974881546370, 6.000000000000000000, -0.3560984251968530301 ) ) ;
#4268 = FILL_AREA_STYLE ('',( #3963 ) ) ;
#4269 = FILL_AREA_STYLE ('',( #573 ) ) ;
#4270 = VECTOR ( 'NONE', #1028, 1000.000000000000227 ) ;
#4271 = DIRECTION ( 'NONE',  ( 1.000000000000000000, 0.000000000000000000, -0.000000000000000000 ) ) ;
#4272 = ORIENTED_EDGE ( 'NONE', *, *, #211, .T. ) ;
#4273 = DIRECTION ( 'NONE',  ( -0.000000000000000000, 0.000000000000000000, -1.000000000000000000 ) ) ;
#4274 = MECHANICAL_DESIGN_GEOMETRIC_PRESENTATION_REPRESENTATION (  '', ( #4047 ), #4657 ) ;
#4275 = CARTESIAN_POINT ( 'NONE',  ( 2.642539632016172924, 6.000000000000001776, -0.9143226583606161029 ) ) ;
#4276 = EDGE_CURVE ( 'NONE', #1340, #3107, #4032, .T. ) ;
#4277 = CARTESIAN_POINT ( 'NONE',  ( 1.220930602704622059, 6.000000000000000888, 0.5382920779011968193 ) ) ;
#4278 = CARTESIAN_POINT ( 'NONE',  ( 2.571941074772256641, 5.999900000000002009, -1.952950128405642749 ) ) ;
#4279 = MECHANICAL_DESIGN_GEOMETRIC_PRESENTATION_REPRESENTATION (  '', ( #3597 ), #4507 ) ;
#4280 = CARTESIAN_POINT ( 'NONE',  ( 2.642636186262780740, 5.999899999999999345, 0.3008206626235513381 ) ) ;
#4281 = EDGE_LOOP ( 'NONE', ( #4566, #2628, #597, #169 ) ) ;
#4282 = ADVANCED_FACE ( 'NONE', ( #315 ), #2837, .T. ) ;
#4283 = B_SPLINE_CURVE_WITH_KNOTS ( 'NONE', 3,
 ( #1697, #249, #2775, #1370, #4232, #3129, #2086, #1348, #224, #595, #4633 ),
 .UNSPECIFIED., .F., .F.,
 ( 4, 1, 1, 1, 1, 1, 1, 1, 4 ),
 ( 0.000000000000000000, 0.08608748684242605032, 0.1612668260071325466, 0.2388542627190375356, 0.3281828305663086476, 0.4373273942705394601, 0.5807184561777908316, 0.7620511388035702272, 0.9999999999999998890 ),
 .UNSPECIFIED. ) ;
#4284 = DIRECTION ( 'NONE',  ( -0.000000000000000000, 1.000000000000000000, -0.000000000000000000 ) ) ;
#4285 = FILL_AREA_STYLE ('',( #4336 ) ) ;
#4286 = CARTESIAN_POINT ( 'NONE',  ( 1.178191632116386556, 6.000000000000000000, 0.7337194676070789567 ) ) ;
#4287 = B_SPLINE_CURVE_WITH_KNOTS ( 'NONE', 3,
 ( #3525, #1781, #3230, #680 ),
 .UNSPECIFIED., .F., .F.,
 ( 4, 4 ),
 ( 0.1818181818181818232, 0.2727272727272727071 ),
 .UNSPECIFIED. ) ;
#4288 = B_SPLINE_CURVE_WITH_KNOTS ( 'NONE', 3,
 ( #284, #3166, #3205, #568 ),
 .UNSPECIFIED., .F., .F.,
 ( 4, 4 ),
 ( 0.5454545454545455252, 0.6363636363636364646 ),
 .UNSPECIFIED. ) ;
#4289 = ORIENTED_EDGE ( 'NONE', *, *, #3855, .T. ) ;
#4290 = CARTESIAN_POINT ( 'NONE',  ( 2.624191191930991707, 6.000000000000001776, -1.751155427735973547 ) ) ;
#4291 = COLOUR_RGB ( '',1.000000000000000000, 1.000000000000000000, 1.000000000000000000 ) ;
#4292 = VECTOR ( 'NONE', #4196, 1000.000000000000000 ) ;
#4293 = B_SPLINE_SURFACE_WITH_KNOTS ( 'NONE', 3, 1, ( 
 ( #1941, #1596 ),
 ( #389, #2963 ),
 ( #4146, #3385 ),
 ( #3011, #2637 ) ),
 .UNSPECIFIED., .F., .F., .F.,
 ( 4, 4 ),
 ( 2, 2 ),
 ( 0.8181818181818183433, 0.9090909090909092827 ),
 ( 0.000000000000000000, 1.000000000000000000 ),
 .UNSPECIFIED. ) ;
#4294 = CARTESIAN_POINT ( 'NONE',  ( 1.178191632116386556, 5.999900000000000233, -1.092682186804686095 ) ) ;
#4295 =( LENGTH_UNIT ( ) NAMED_UNIT ( * ) SI_UNIT ( .MILLI., .METRE. ) );
#4296 = CARTESIAN_POINT ( 'NONE',  ( 2.015737587998739588, 6.000000000000000000, -0.1700029588635093569 ) ) ;
#4297 = ORIENTED_EDGE ( 'NONE', *, *, #1156, .F. ) ;
#4298 =( NAMED_UNIT ( * ) SI_UNIT ( $, .STERADIAN. ) SOLID_ANGLE_UNIT ( ) );
#4299 = PRESENTATION_LAYER_ASSIGNMENT (  '', '', ( #4376 ) ) ;
#4300 = MECHANICAL_DESIGN_GEOMETRIC_PRESENTATION_REPRESENTATION (  '', ( #4453 ), #3926 ) ;
#4301 = CARTESIAN_POINT ( 'NONE',  ( 2.571937412355976615, 5.999900000000002009, -0.8627156373303865866 ) ) ;
#4302 = VECTOR ( 'NONE', #1180, 1000.000000000000114 ) ;
#4303 = FILL_AREA_STYLE ('',( #1704 ) ) ;
#4304 = CARTESIAN_POINT ( 'NONE',  ( 2.564450823292857340, 5.999900000000000233, 0.5217479602541378325 ) ) ;
#4305 = CARTESIAN_POINT ( 'NONE',  ( 1.142930022522763878, 6.000000000000000000, 1.513348390898309415 ) ) ;
#4306 = ORIENTED_EDGE ( 'NONE', *, *, #3313, .F. ) ;
#4307 = MECHANICAL_DESIGN_GEOMETRIC_PRESENTATION_REPRESENTATION (  '', ( #1646 ), #1184 ) ;
#4308 = PRODUCT_CONTEXT ( 'NONE', #995, 'mechanical' ) ;
#4309 = EDGE_CURVE ( 'NONE', #4716, #2345, #86, .T. ) ;
#4310 =( LENGTH_UNIT ( ) NAMED_UNIT ( * ) SI_UNIT ( .MILLI., .METRE. ) );
#4311 = FACE_OUTER_BOUND ( 'NONE', #3029, .T. ) ;
#4312 = SURFACE_STYLE_USAGE ( .BOTH. , #4264 ) ;
#4313 = CARTESIAN_POINT ( 'NONE',  ( 2.630254047037111409, 6.000000000000000000, -1.759633764183848870 ) ) ;
#4314 = ADVANCED_FACE ( 'NONE', ( #1239 ), #4464, .T. ) ;
#4315 = CARTESIAN_POINT ( 'NONE',  ( 2.584854964514851083, 5.999900000000001121, -1.960035897604229804 ) ) ;
#4316 = VERTEX_POINT ( 'NONE', #1969 ) ;
#4317 = STYLED_ITEM ( 'NONE', ( #349 ), #1400 ) ;
#4318 = SURFACE_STYLE_USAGE ( .BOTH. , #4387 ) ;
#4319 = B_SPLINE_SURFACE_WITH_KNOTS ( 'NONE', 3, 1, ( 
 ( #3019, #1174 ),
 ( #3782, #2685 ),
 ( #3062, #2344 ),
 ( #3757, #3832 ),
 ( #530, #4089 ),
 ( #3739, #506 ),
 ( #460, #4131 ),
 ( #2022, #3415 ),
 ( #3466, #1949 ),
 ( #487, #3044 ),
 ( #800, #1974 ) ),
 .UNSPECIFIED., .F., .F., .F.,
 ( 4, 1, 1, 1, 1, 1, 1, 1, 4 ),
 ( 2, 2 ),
 ( 0.000000000000000000, 0.1506145446497699492, 0.2596734740599798696, 0.3388177727155972097, 0.4102835628096070941, 0.5019338459622260107, 0.6260648387140314020, 0.7889788725463112717, 1.000000000000000000 ),
 ( 0.000000000000000000, 1.000000000000000000 ),
 .UNSPECIFIED. ) ;
#4320 = PLANE ( 'NONE',  #1010 ) ;
#4321 = STYLED_ITEM ( 'NONE', ( #2135 ), #2847 ) ;
#4322 = CARTESIAN_POINT ( 'NONE',  ( 2.610467510789359125, 6.000000000000001776, 1.405735053632306109 ) ) ;
#4323 = EDGE_LOOP ( 'NONE', ( #806, #515, #1779, #1379 ) ) ;
#4324 = SURFACE_STYLE_USAGE ( .BOTH. , #2866 ) ;
#4325 = FACE_OUTER_BOUND ( 'NONE', #1647, .T. ) ;
#4326 = CARTESIAN_POINT ( 'NONE',  ( 1.181946779667099046, 5.999900000000001121, 1.603721534218398137 ) ) ;
#4327 = LINE ( 'NONE', #4351, #3864 ) ;
#4328 = CARTESIAN_POINT ( 'NONE',  ( 1.142690712998739588, 5.999900000000000233, -0.6146261206282154221 ) ) ;
#4329 = DIRECTION ( 'NONE',  ( -0.8660872391925200642, 0.000000000000000000, -0.4998928826337482034 ) ) ;
#4330 = CARTESIAN_POINT ( 'NONE',  ( 1.147672671593930938, 5.999999999999999112, 1.583324717616142241 ) ) ;
#4331 = ORIENTED_EDGE ( 'NONE', *, *, #973, .T. ) ;
#4332 = MECHANICAL_DESIGN_GEOMETRIC_PRESENTATION_REPRESENTATION (  '', ( #3261 ), #3568 ) ;
#4333 = DIRECTION ( 'NONE',  ( -0.000000000000000000, 1.000000000000000000, -0.000000000000000000 ) ) ;
#4334 = ORIENTED_EDGE ( 'NONE', *, *, #2795, .F. ) ;
#4335 = CARTESIAN_POINT ( 'NONE',  ( 1.161416586822690222, 5.999900000000001121, -0.5129659394870350608 ) ) ;
#4336 = FILL_AREA_STYLE_COLOUR ( '', #2444 ) ;
#4337 = CARTESIAN_POINT ( 'NONE',  ( 1.161416586822690222, 6.000000000000000888, 0.7223281781600243701 ) ) ;
#4338 = ORIENTED_EDGE ( 'NONE', *, *, #1282, .F. ) ;
#4339 = ADVANCED_FACE ( 'NONE', ( #2295 ), #4293, .F. ) ;
#4340 = CARTESIAN_POINT ( 'NONE',  ( 2.641316205600277023, 5.999899999999999345, 0.2352765201693059749 ) ) ;
#4341 = EDGE_CURVE ( 'NONE', #630, #213, #4416, .T. ) ;
#4342 =( NAMED_UNIT ( * ) SI_UNIT ( $, .STERADIAN. ) SOLID_ANGLE_UNIT ( ) );
#4343 = FILL_AREA_STYLE_COLOUR ( '', #162 ) ;
#4344 = CARTESIAN_POINT ( 'NONE',  ( 2.602780714937743323, 5.999999999999999112, -0.7316181716930250101 ) ) ;
#4345 = DIRECTION ( 'NONE',  ( 1.000000000000000000, 0.000000000000000000, 0.000000000000000000 ) ) ;
#4346 = CARTESIAN_POINT ( 'NONE',  ( 2.642690712998739588, 6.000000000000000000, 1.524735092607079068 ) ) ;
#4347 = ORIENTED_EDGE ( 'NONE', *, *, #1347, .F. ) ;
#4348 = CARTESIAN_POINT ( 'NONE',  ( 2.642539632016172924, 5.999900000000001121, -0.9143226583606161029 ) ) ;
#4349 = VECTOR ( 'NONE', #2041, 1000.000000000000000 ) ;
#4350 = CARTESIAN_POINT ( 'NONE',  ( 2.642690712998740032, 5.999900000000001121, 0.6092939161364908651 ) ) ;
#4351 = CARTESIAN_POINT ( 'NONE',  ( -0.8275196214094782121, 5.999900000000000233, 1.076720472440948484 ) ) ;
#4352 = STYLED_ITEM ( 'NONE', ( #4678 ), #2017 ) ;
#4353 = SURFACE_STYLE_FILL_AREA ( #4374 ) ;
#4354 = PRESENTATION_STYLE_ASSIGNMENT (( #2093 ) ) ;
#4355 = CARTESIAN_POINT ( 'NONE',  ( -0.8321574166850701504, 5.999900000000000233, 0.6509448818897678457 ) ) ;
#4356 = ORIENTED_EDGE ( 'NONE', *, *, #417, .T. ) ;
#4357 = B_SPLINE_SURFACE_WITH_KNOTS ( 'NONE', 3, 1, ( 
 ( #3585, #2803 ),
 ( #300, #1772 ),
 ( #2620, #4401 ),
 ( #1051, #1122 ),
 ( #1850, #3266 ),
 ( #4064, #1823 ),
 ( #3640, #772 ),
 ( #1877, #1798 ),
 ( #369, #71 ),
 ( #2192, #2891 ),
 ( #674, #3666 ) ),
 .UNSPECIFIED., .F., .F., .F.,
 ( 4, 1, 1, 1, 1, 1, 1, 1, 4 ),
 ( 2, 2 ),
 ( 0.000000000000000000, 0.1528910399261251551, 0.2655498866055909790, 0.3469726293230769865, 0.4171409348174466292, 0.5027291515886447293, 0.6212628926146344099, 0.7862933040589770162, 1.000000000000000000 ),
 ( 0.000000000000000000, 1.000000000000000000 ),
 .UNSPECIFIED. ) ;
#4358 = EDGE_LOOP ( 'NONE', ( #1519, #4448, #2919, #2179 ) ) ;
#4359 = CARTESIAN_POINT ( 'NONE',  ( 1.143897626635291154, 6.000000000000000888, -0.5627141032411921984 ) ) ;
#4360 =( NAMED_UNIT ( * ) SI_UNIT ( $, .STERADIAN. ) SOLID_ANGLE_UNIT ( ) );
#4361 = EDGE_CURVE ( 'NONE', #378, #1185, #414, .T. ) ;
#4362 = VERTEX_POINT ( 'NONE', #4484 ) ;
#4363 = ORIENTED_EDGE ( 'NONE', *, *, #3067, .T. ) ;
#4364 = FILL_AREA_STYLE_COLOUR ( '', #1020 ) ;
#4365 = SURFACE_SIDE_STYLE ('',( #2206 ) ) ;
#4366 = DIRECTION ( 'NONE',  ( -0.000000000000000000, -1.000000000000000000, -0.000000000000000000 ) ) ;
#4367 = CARTESIAN_POINT ( 'NONE',  ( 2.640139079277641354, 6.000000000000001776, -0.6872634109033418648 ) ) ;
#4368 = COLOUR_RGB ( '',0.1921568627450980227, 0.2039215686274509776, 0.2039215686274509776 ) ;
#4369 = DIRECTION ( 'NONE',  ( -0.000000000000000000, 1.000000000000000000, -0.000000000000000000 ) ) ;
#4370 = VERTEX_POINT ( 'NONE', #1896 ) ;
#4371 = EDGE_CURVE ( 'NONE', #1077, #4026, #798, .T. ) ;
#4372 = SURFACE_STYLE_FILL_AREA ( #2168 ) ;
#4373 = UNCERTAINTY_MEASURE_WITH_UNIT (LENGTH_MEASURE( 1.000000000000000082E-05 ), #2463, 'distance_accuracy_value', 'NONE');
#4374 = FILL_AREA_STYLE ('',( #3612 ) ) ;
#4375 = CARTESIAN_POINT ( 'NONE',  ( 1.175322422394288857, 5.999899999999999345, -1.738821261202396995 ) ) ;
#4376 = STYLED_ITEM ( 'NONE', ( #4605 ), #4555 ) ;
#4377 = VECTOR ( 'NONE', #3050, 1000.000000000000000 ) ;
#4378 = SURFACE_STYLE_USAGE ( .BOTH. , #3932 ) ;
#4379 = ORIENTED_EDGE ( 'NONE', *, *, #4090, .T. ) ;
#4380 = COLOUR_RGB ( '',0.7921568627450980005, 0.8196078431372548767, 0.9333333333333333481 ) ;
#4381 = ORIENTED_EDGE ( 'NONE', *, *, #3444, .T. ) ;
#4382 = FILL_AREA_STYLE ('',( #2975 ) ) ;
#4383 = CARTESIAN_POINT ( 'NONE',  ( 2.630254047037111409, 5.999899999999999345, -1.759633764183848870 ) ) ;
#4384 = MECHANICAL_DESIGN_GEOMETRIC_PRESENTATION_REPRESENTATION (  '', ( #1719 ), #4388 ) ;
#4385 = ORIENTED_EDGE ( 'NONE', *, *, #2972, .F. ) ;
#4386 = CARTESIAN_POINT ( 'NONE',  ( 2.640139079277641354, 5.999900000000002009, 0.5480307067437175661 ) ) ;
#4387 = SURFACE_SIDE_STYLE ('',( #1407 ) ) ;
#4388 =( GEOMETRIC_REPRESENTATION_CONTEXT ( 3 ) GLOBAL_UNCERTAINTY_ASSIGNED_CONTEXT ( ( #4129 ) ) GLOBAL_UNIT_ASSIGNED_CONTEXT ( ( #1547, #2677, #3405 ) ) REPRESENTATION_CONTEXT ( 'NONE', 'WORKASPACE' ) );
#4389 = SURFACE_STYLE_FILL_AREA ( #4414 ) ;
#4390 = CARTESIAN_POINT ( 'NONE',  ( 1.143951580070068585, 6.000000000000002665, 1.446193263310085131 ) ) ;
#4391 = DIRECTION ( 'NONE',  ( -0.000000000000000000, 1.000000000000000000, -0.000000000000000000 ) ) ;
#4392 = PRESENTATION_LAYER_ASSIGNMENT (  '', '', ( #2496 ) ) ;
#4393 =( LENGTH_UNIT ( ) NAMED_UNIT ( * ) SI_UNIT ( .MILLI., .METRE. ) );
#4394 = EDGE_LOOP ( 'NONE', ( #2554, #4338, #3228, #1640 ) ) ;
#4395 = B_SPLINE_SURFACE_WITH_KNOTS ( 'NONE', 3, 1, ( 
 ( #3138, #189 ),
 ( #3910, #2382 ),
 ( #2056, #2094 ),
 ( #4240, #3814 ) ),
 .UNSPECIFIED., .F., .F., .F.,
 ( 4, 4 ),
 ( 2, 2 ),
 ( 0.2727272727272727071, 0.3636363636363636465 ),
 ( 0.000000000000000000, 1.000000000000000000 ),
 .UNSPECIFIED. ) ;
#4396 = DIRECTION ( 'NONE',  ( -0.8599778663242775290, 0.000000000000000000, 0.5103313329909725526 ) ) ;
#4397 = PRESENTATION_LAYER_ASSIGNMENT (  '', '', ( #2198 ) ) ;
#4398 = EDGE_CURVE ( 'NONE', #4248, #2615, #1218, .T. ) ;
#4399 = LINE ( 'NONE', #650, #2226 ) ;
#4400 =( LENGTH_UNIT ( ) NAMED_UNIT ( * ) SI_UNIT ( .MILLI., .METRE. ) );
#4401 = CARTESIAN_POINT ( 'NONE',  ( 1.200042968348131067, 5.999999999999999112, -0.8744894223549298795 ) ) ;
#4402 = CARTESIAN_POINT ( 'NONE',  ( 2.564450823292857784, 6.000000000000000888, -1.948840275039980474 ) ) ;
#4403 = LINE ( 'NONE', #4110, #1270 ) ;
#4404 = EDGE_LOOP ( 'NONE', ( #143, #1889, #2653, #2503 ) ) ;
#4405 = CARTESIAN_POINT ( 'NONE',  ( -1.608094424559088464, 6.000000000000000000, -0.3819212598425155147 ) ) ;
#4406 = COLOUR_RGB ( '',0.8274509803921568096, 0.8392156862745098200, 0.8274509803921568096 ) ;
#4407 = ORIENTED_EDGE ( 'NONE', *, *, #1313, .F. ) ;
#4408 = CARTESIAN_POINT ( 'NONE',  ( 1.175322422394289079, 5.999900000000000233, -0.5035271435553383412 ) ) ;
#4409 = LINE ( 'NONE', #3332, #2096 ) ;
#4410 = EDGE_LOOP ( 'NONE', ( #622, #1092, #3651, #2840, #3030, #3598, #2390, #3765, #470, #473, #1538, #4572, #3881, #2784, #883, #3791 ) ) ;
#4411 = ORIENTED_EDGE ( 'NONE', *, *, #2585, .T. ) ;
#4412 = EDGE_CURVE ( 'NONE', #1674, #3107, #570, .T. ) ;
#4413 = CARTESIAN_POINT ( 'NONE',  ( 2.584854964514850639, 5.999900000000001121, -0.7247417799571702623 ) ) ;
#4414 = FILL_AREA_STYLE ('',( #1834 ) ) ;
#4415 = CARTESIAN_POINT ( 'NONE',  ( 2.610351767915529031, 5.999900000000001121, -0.5066395791305088325 ) ) ;
#4416 = LINE ( 'NONE', #110, #769 ) ;
#4417 = CARTESIAN_POINT ( 'NONE',  ( 1.143897626635291154, 6.000000000000000888, -0.5627141032411921984 ) ) ;
#4418 = ORIENTED_EDGE ( 'NONE', *, *, #1451, .F. ) ;
#4419 = LINE ( 'NONE', #2967, #539 ) ;
#4420 = FILL_AREA_STYLE_COLOUR ( '', #2447 ) ;
#4421 = CARTESIAN_POINT ( 'NONE',  ( 2.564450823292857340, 6.000000000000000000, -0.7135461573929211543 ) ) ;
#4422 = STYLED_ITEM ( 'NONE', ( #3893 ), #3799 ) ;
#4423 = DIRECTION ( 'NONE',  ( -0.5121029854762092492, 0.000000000000000000, 0.8589240550050706302 ) ) ;
#4424 = COLOUR_RGB ( '',1.000000000000000000, 1.000000000000000000, 1.000000000000000000 ) ;
#4425 = FILL_AREA_STYLE_COLOUR ( '', #4380 ) ;
#4426 = SURFACE_STYLE_USAGE ( .BOTH. , #3996 ) ;
#4427 = VERTEX_POINT ( 'NONE', #1621 ) ;
#4428 = FILL_AREA_STYLE_COLOUR ( '', #618 ) ;
#4429 = COLOUR_RGB ( '',1.000000000000000000, 1.000000000000000000, 1.000000000000000000 ) ;
#4430 = ORIENTED_EDGE ( 'NONE', *, *, #2085, .T. ) ;
#4431 = EDGE_CURVE ( 'NONE', #2307, #2715, #3434, .T. ) ;
#4432 = ORIENTED_EDGE ( 'NONE', *, *, #1967, .F. ) ;
#4433 = ORIENTED_EDGE ( 'NONE', *, *, #820, .T. ) ;
#4434 = FILL_AREA_STYLE_COLOUR ( '', #3031 ) ;
#4435 = LINE ( 'NONE', #1236, #2790 ) ;
#4436 =( NAMED_UNIT ( * ) SI_UNIT ( $, .STERADIAN. ) SOLID_ANGLE_UNIT ( ) );
#4437 = CARTESIAN_POINT ( 'NONE',  ( 2.616279699699928241, 6.000000000000000000, 0.7256207362585328502 ) ) ;
#4438 = EDGE_CURVE ( 'NONE', #2724, #3644, #197, .T. ) ;
#4439 = CARTESIAN_POINT ( 'NONE',  ( 2.642673057520803503, 5.999999999999997335, 0.6397636803903865577 ) ) ;
#4440 =( LENGTH_UNIT ( ) NAMED_UNIT ( * ) SI_UNIT ( .MILLI., .METRE. ) );
#4441 = SURFACE_STYLE_USAGE ( .BOTH. , #2989 ) ;
#4442 = CARTESIAN_POINT ( 'NONE',  ( 2.607189793881092399, 5.999900000000000233, -1.740315458863509468 ) ) ;
#4443 = VECTOR ( 'NONE', #4650, 1000.000000000000000 ) ;
#4444 = DIRECTION ( 'NONE',  ( -0.000000000000000000, 1.000000000000000000, -0.000000000000000000 ) ) ;
#4445 = CARTESIAN_POINT ( 'NONE',  ( 1.146497715025989406, 5.999900000000001121, -1.779998525557666689 ) ) ;
#4446 =( NAMED_UNIT ( * ) PLANE_ANGLE_UNIT ( ) SI_UNIT ( $, .RADIAN. ) );
#4447 = PRESENTATION_LAYER_ASSIGNMENT (  '', '', ( #3768 ) ) ;
#4448 = ORIENTED_EDGE ( 'NONE', *, *, #1805, .F. ) ;
#4449 = FILL_AREA_STYLE ('',( #2647 ) ) ;
#4450 = CARTESIAN_POINT ( 'NONE',  ( 1.175344842613581742, 6.000000000000000000, -1.090351046262059587 ) ) ;
#4451 = ORIENTED_EDGE ( 'NONE', *, *, #610, .T. ) ;
#4452 = B_SPLINE_CURVE_WITH_KNOTS ( 'NONE', 3,
 ( #3149, #2364, #482, #3827, #4147, #524, #866, #3801, #2013, #3458, #176 ),
 .UNSPECIFIED., .F., .F.,
 ( 4, 1, 1, 1, 1, 1, 1, 1, 4 ),
 ( 0.000000000000000000, 0.2009044012478304053, 0.3599846282170884315, 0.4835952109184648018, 0.5715364693554770836, 0.6460191871590634793, 0.7285858147531646400, 0.8430130251172095468, 1.000000000000000000 ),
 .UNSPECIFIED. ) ;
#4453 = STYLED_ITEM ( 'NONE', ( #1688 ), #236 ) ;
#4454 = EDGE_LOOP ( 'NONE', ( #4167, #4058, #4433, #4155 ) ) ;
#4455 = ORIENTED_EDGE ( 'NONE', *, *, #790, .T. ) ;
#4456 = LINE ( 'NONE', #784, #4531 ) ;
#4457 = CARTESIAN_POINT ( 'NONE',  ( 1.178191632116386556, 5.999900000000000233, 0.1426119308423729748 ) ) ;
#4458 = DIRECTION ( 'NONE',  ( -0.000000000000000000, -0.000000000000000000, 1.000000000000000000 ) ) ;
#4459 = CARTESIAN_POINT ( 'NONE',  ( 1.146505634764222181, 6.000000000000002665, 1.426189584154387235 ) ) ;
#4460 = UNCERTAINTY_MEASURE_WITH_UNIT (LENGTH_MEASURE( 1.000000000000000082E-05 ), #1012, 'distance_accuracy_value', 'NONE');
#4461 = CARTESIAN_POINT ( 'NONE',  ( 2.624753711275633616, 5.999899999999999345, 1.416323062675097111 ) ) ;
#4462 = COLOUR_RGB ( '',1.000000000000000000, 1.000000000000000000, 1.000000000000000000 ) ;
#4463 = AXIS2_PLACEMENT_3D ( 'NONE', #2610, #1114, #1786 ) ;
#4464 = PLANE ( 'NONE',  #1254 ) ;
#4465 = SURFACE_STYLE_FILL_AREA ( #18 ) ;
#4466 = DIRECTION ( 'NONE',  ( -0.000000000000000000, 1.000000000000000000, -0.000000000000000000 ) ) ;
#4467 = UNCERTAINTY_MEASURE_WITH_UNIT (LENGTH_MEASURE( 1.000000000000000082E-05 ), #2286, 'distance_accuracy_value', 'NONE');
#4468 = CARTESIAN_POINT ( 'NONE',  ( 2.607189793881092399, 5.999900000000000233, -1.740315458863509468 ) ) ;
#4469 = CARTESIAN_POINT ( 'NONE',  ( 2.584843896998424650, 5.999900000000001121, 0.3798333286028665601 ) ) ;
#4470 = CARTESIAN_POINT ( 'NONE',  ( 1.220930602704621837, 5.999900000000000233, -1.932296157392921154 ) ) ;
#4471 = VECTOR ( 'NONE', #3628, 1000.000000000000000 ) ;
#4472 =( NAMED_UNIT ( * ) SI_UNIT ( $, .STERADIAN. ) SOLID_ANGLE_UNIT ( ) );
#4473 = CARTESIAN_POINT ( 'NONE',  ( 0.3034685675668905014, 5.999900000000000233, -1.102125984251969282 ) ) ;
#4474 = CARTESIAN_POINT ( 'NONE',  ( 1.178191632116386556, 6.000000000000000000, -1.092682186804686095 ) ) ;
#4475 = EDGE_LOOP ( 'NONE', ( #3766, #3726, #3093, #1860 ) ) ;
#4476 = ORIENTED_EDGE ( 'NONE', *, *, #1462, .T. ) ;
#4477 = CARTESIAN_POINT ( 'NONE',  ( 3.355000000000000870, 0.000000000000000000, -3.454999999999999627 ) ) ;
#4478 = CARTESIAN_POINT ( 'NONE',  ( -2.644999999999999130, -0.1000000000000000056, -2.500000000000000000 ) ) ;
#4479 = CARTESIAN_POINT ( 'NONE',  ( 1.166537727726018714, 5.999899999999999345, -0.8654582055442724409 ) ) ;
#4480 = CARTESIAN_POINT ( 'NONE',  ( 1.220930602704621837, 6.000000000000000000, 0.3497580705482553065 ) ) ;
#4481 = CARTESIAN_POINT ( 'NONE',  ( 2.631385331497115398, 5.999900000000000233, 1.424968133424845407 ) ) ;
#4482 = EDGE_CURVE ( 'NONE', #1261, #2072, #918, .T. ) ;
#4483 = EDGE_CURVE ( 'NONE', #3101, #375, #1341, .T. ) ;
#4484 = CARTESIAN_POINT ( 'NONE',  ( 1.178191632116386556, 6.000000000000000000, 0.1426119308423729748 ) ) ;
#4485 = LINE ( 'NONE', #4582, #2296 ) ;
#4486 = SURFACE_STYLE_FILL_AREA ( #3754 ) ;
#4487 = CARTESIAN_POINT ( 'NONE',  ( 2.641316205600277911, 5.999900000000002009, -1.000017597477753206 ) ) ;
#4488 = CARTESIAN_POINT ( 'NONE',  ( -1.399055054480345284, 6.000000000000000000, 0.9207283464566988762 ) ) ;
#4489 = CARTESIAN_POINT ( 'NONE',  ( 1.149120405164141490, 5.999900000000002009, 0.1751744068123526343 ) ) ;
#4490 = DIRECTION ( 'NONE',  ( 0.8604455470465084410, 0.000000000000000000, -0.5095424031107078644 ) ) ;
#4491 = COLOUR_RGB ( '',1.000000000000000000, 1.000000000000000000, 1.000000000000000000 ) ;
#4492 = FILL_AREA_STYLE ('',( #4425 ) ) ;
#4493 = FACE_OUTER_BOUND ( 'NONE', #3589, .T. ) ;
#4494 =( NAMED_UNIT ( * ) SI_UNIT ( $, .STERADIAN. ) SOLID_ANGLE_UNIT ( ) );
#4495 = DIRECTION ( 'NONE',  ( -0.000000000000000000, 1.000000000000000000, -0.000000000000000000 ) ) ;
#4496 = ORIENTED_EDGE ( 'NONE', *, *, #763, .T. ) ;
#4497 = AXIS2_PLACEMENT_3D ( 'NONE', #4181, #3105, #4271 ) ;
#4498 = ORIENTED_EDGE ( 'NONE', *, *, #3224, .T. ) ;
#4499 = CARTESIAN_POINT ( 'NONE',  ( 2.571937412355975727, 6.000000000000000888, 0.3725784803166725667 ) ) ;
#4500 = FILL_AREA_STYLE ('',( #567 ) ) ;
#4501 = CARTESIAN_POINT ( 'NONE',  ( -0.1988070229842903158, 5.999900000000000233, -1.102125984251967505 ) ) ;
#4502 = CARTESIAN_POINT ( 'NONE',  ( -1.974192849755940671, 6.000000000000000000, -0.4815314960629848984 ) ) ;
#4503 = FACE_BOUND ( 'NONE', #3727, .T. ) ;
#4504 = PRESENTATION_LAYER_ASSIGNMENT (  '', '', ( #823 ) ) ;
#4505 = DIRECTION ( 'NONE',  ( 0.8679317172888709742, 0.000000000000000000, 0.4966835351851230929 ) ) ;
#4506 = CARTESIAN_POINT ( 'NONE',  ( 1.734142918881092399, 5.999900000000000233, 1.054606416136490754 ) ) ;
#4507 =( GEOMETRIC_REPRESENTATION_CONTEXT ( 3 ) GLOBAL_UNCERTAINTY_ASSIGNED_CONTEXT ( ( #64 ) ) GLOBAL_UNIT_ASSIGNED_CONTEXT ( ( #225, #1001, #3177 ) ) REPRESENTATION_CONTEXT ( 'NONE', 'WORKASPACE' ) );
#4508 = LINE ( 'NONE', #1602, #744 ) ;
#4509 = SURFACE_SIDE_STYLE ('',( #1387 ) ) ;
#4510 = UNCERTAINTY_MEASURE_WITH_UNIT (LENGTH_MEASURE( 1.000000000000000082E-05 ), #2360, 'distance_accuracy_value', 'NONE');
#4511 = LINE ( 'NONE', #180, #4663 ) ;
#4512 = ADVANCED_FACE ( 'NONE', ( #3851 ), #3800, .F. ) ;
#4513 = CARTESIAN_POINT ( 'NONE',  ( 2.607189793881092399, 5.999900000000000233, -1.066832002981156435 ) ) ;
#4514 = CARTESIAN_POINT ( 'NONE',  ( 1.142690712998739810, 5.999900000000000233, -1.849920238275274409 ) ) ;
#4515 = B_SPLINE_CURVE_WITH_KNOTS ( 'NONE', 3,
 ( #148, #2722, #890, #1644 ),
 .UNSPECIFIED., .F., .F.,
 ( 4, 4 ),
 ( 0.09090909090909091161, 0.1818181818181818232 ),
 .UNSPECIFIED. ) ;
#4516 = MECHANICAL_DESIGN_GEOMETRIC_PRESENTATION_REPRESENTATION (  '', ( #604 ), #532 ) ;
#4517 =( GEOMETRIC_REPRESENTATION_CONTEXT ( 3 ) GLOBAL_UNCERTAINTY_ASSIGNED_CONTEXT ( ( #486 ) ) GLOBAL_UNIT_ASSIGNED_CONTEXT ( ( #1549, #2183, #2227 ) ) REPRESENTATION_CONTEXT ( 'NONE', 'WORKASPACE' ) );
#4518 = CARTESIAN_POINT ( 'NONE',  ( 1.181887395167976917, 5.999999999999999112, 0.5215738858509758602 ) ) ;
#4519 =( NAMED_UNIT ( * ) SI_UNIT ( $, .STERADIAN. ) SOLID_ANGLE_UNIT ( ) );
#4520 = CARTESIAN_POINT ( 'NONE',  ( 1.394999999999999796, -0.1000000000000000056, 2.500000000000000444 ) ) ;
#4521 = CARTESIAN_POINT ( 'NONE',  ( 1.149120405164141490, 6.000000000000000888, 1.410468524459412176 ) ) ;
#4522 = ORIENTED_EDGE ( 'NONE', *, *, #2369, .F. ) ;
#4523 = ORIENTED_EDGE ( 'NONE', *, *, #1437, .F. ) ;
#4524 = CARTESIAN_POINT ( 'NONE',  ( 1.200201249945043180, 6.000000000000002665, -0.7076870924827134424 ) ) ;
#4525 = LINE ( 'NONE', #3502, #4168 ) ;
#4526 = DIRECTION ( 'NONE',  ( 1.000000000000000000, 0.000000000000000000, 0.000000000000000000 ) ) ;
#4527 = LINE ( 'NONE', #125, #4292 ) ;
#4528 = MECHANICAL_DESIGN_GEOMETRIC_PRESENTATION_REPRESENTATION (  '', ( #4376 ), #2480 ) ;
#4529 = ORIENTED_EDGE ( 'NONE', *, *, #1982, .F. ) ;
#4530 = FILL_AREA_STYLE ('',( #220 ) ) ;
#4531 = VECTOR ( 'NONE', #2274, 1000.000000000000114 ) ;
#4532 = VECTOR ( 'NONE', #165, 999.9999999999998863 ) ;
#4533 = LINE ( 'NONE', #4506, #4349 ) ;
#4534 = CARTESIAN_POINT ( 'NONE',  ( -0.6555708025118480720, 5.999900000000000233, -0.6561377952755882426 ) ) ;
#4535 = SURFACE_STYLE_FILL_AREA ( #1404 ) ;
#4536 = CARTESIAN_POINT ( 'NONE',  ( 1.146505634764222181, 5.999900000000001121, 1.426189584154387235 ) ) ;
#4537 = CARTESIAN_POINT ( 'NONE',  ( -1.399055054480345284, 5.999900000000000233, 0.9207283464566988762 ) ) ;
#4538 = PRESENTATION_STYLE_ASSIGNMENT (( #2992 ) ) ;
#4539 = VERTEX_POINT ( 'NONE', #2415 ) ;
#4540 = CARTESIAN_POINT ( 'NONE',  ( -0.8947361568425546974, 5.999900000000000233, -0.3477952755905496796 ) ) ;
#4541 = EDGE_CURVE ( 'NONE', #1258, #660, #503, .T. ) ;
#4542 = MECHANICAL_DESIGN_GEOMETRIC_PRESENTATION_REPRESENTATION (  '', ( #2045 ), #3028 ) ;
#4543 = PLANE ( 'NONE',  #3015 ) ;
#4544 = LINE ( 'NONE', #1586, #2242 ) ;
#4545 = AXIS2_PLACEMENT_3D ( 'NONE', #2707, #160, #3108 ) ;
#4546 = CARTESIAN_POINT ( 'NONE',  ( 1.142690712998739588, 5.999900000000000233, 1.501297592607079068 ) ) ;
#4547 = CARTESIAN_POINT ( 'NONE',  ( 2.644999999999999130, -0.1000000000000000056, -2.500000000000000444 ) ) ;
#4548 = PRODUCT_DEFINITION_CONTEXT ( 'detailed design', #3933, 'design' ) ;
#4549 = ORIENTED_EDGE ( 'NONE', *, *, #4309, .T. ) ;
#4550 = ORIENTED_EDGE ( 'NONE', *, *, #4659, .T. ) ;
#4551 = CARTESIAN_POINT ( 'NONE',  ( 2.602775380086247203, 6.000000000000000888, 0.3871113136134829436 ) ) ;
#4552 = CARTESIAN_POINT ( 'NONE',  ( 2.610351767915529031, 6.000000000000000888, -0.5066395791305088325 ) ) ;
#4553 = DIRECTION ( 'NONE',  ( 8.679708053927831459E-13, 1.000000000000000000, 1.792930475019355932E-12 ) ) ;
#4554 = CARTESIAN_POINT ( 'NONE',  ( 2.610351767915529031, 5.999900000000001121, 0.7286545385165502653 ) ) ;
#4555 = ADVANCED_FACE ( 'NONE', ( #2063 ), #3506, .T. ) ;
#4556 = ORIENTED_EDGE ( 'NONE', *, *, #4009, .T. ) ;
#4557 = SURFACE_STYLE_USAGE ( .BOTH. , #2363 ) ;
#4558 = CARTESIAN_POINT ( 'NONE',  ( 1.881316632116386556, 5.999900000000000233, 1.193163401430608506 ) ) ;
#4559 = DIRECTION ( 'NONE',  ( 0.5150680234078907072, 0.000000000000000000, -0.8571493051170773203 ) ) ;
#4560 = UNCERTAINTY_MEASURE_WITH_UNIT (LENGTH_MEASURE( 1.000000000000000082E-05 ), #1537, 'distance_accuracy_value', 'NONE');
#4561 = SURFACE_SIDE_STYLE ('',( #178 ) ) ;
#4562 = PRESENTATION_LAYER_ASSIGNMENT (  '', '', ( #1048 ) ) ;
#4563 = CARTESIAN_POINT ( 'NONE',  ( 1.149120405164141490, 5.999900000000001121, 1.410468524459412176 ) ) ;
#4564 = CARTESIAN_POINT ( 'NONE',  ( 1.144617761972858805, 5.999899999999999345, -1.906695153511921870 ) ) ;
#4565 = CARTESIAN_POINT ( 'NONE',  ( 2.624753711275634060, 5.999900000000002009, 0.1810289450280383738 ) ) ;
#4566 = ORIENTED_EDGE ( 'NONE', *, *, #2218, .F. ) ;
#4567 =( LENGTH_UNIT ( ) NAMED_UNIT ( * ) SI_UNIT ( .MILLI., .METRE. ) );
#4568 = CARTESIAN_POINT ( 'NONE',  ( 1.166518503127165873, 5.999899999999997569, -1.949304656196183982 ) ) ;
#4569 = CARTESIAN_POINT ( 'NONE',  ( 1.147672671593931160, 6.000000000000000000, 0.3480305999690833096 ) ) ;
#4570 = CARTESIAN_POINT ( 'NONE',  ( 2.602775380086245871, 5.999899999999998457, 1.622405431260541597 ) ) ;
#4571 = DIRECTION ( 'NONE',  ( -0.8599778663242775290, 0.000000000000000000, 0.5103313329909725526 ) ) ;
#4572 = ORIENTED_EDGE ( 'NONE', *, *, #672, .F. ) ;
#4573 = ORIENTED_EDGE ( 'NONE', *, *, #1831, .T. ) ;
#4574 = CARTESIAN_POINT ( 'NONE',  ( 1.166518503127166762, 5.999900000000000233, -0.7140105385491253287 ) ) ;
#4575 = CARTESIAN_POINT ( 'NONE',  ( -1.608094424559088464, 5.999900000000000233, -0.3819212598425155147 ) ) ;
#4576 = CARTESIAN_POINT ( 'NONE',  ( 1.142690712998739588, 5.999900000000000233, 0.6206679970188436757 ) ) ;
#4577 = MECHANICAL_DESIGN_GEOMETRIC_PRESENTATION_REPRESENTATION (  '', ( #4422 ), #3128 ) ;
#4578 = ADVANCED_FACE ( 'NONE', ( #2105 ), #3150, .T. ) ;
#4579 = ORIENTED_EDGE ( 'NONE', *, *, #1957, .F. ) ;
#4580 = DIRECTION ( 'NONE',  ( -0.8571493051170773203, 0.000000000000000000, -0.5150680234078907072 ) ) ;
#4581 = CARTESIAN_POINT ( 'NONE',  ( 1.169901077095653052, 5.999899999999998457, 0.1494007885751505449 ) ) ;
#4582 = CARTESIAN_POINT ( 'NONE',  ( 2.564450823292857340, 5.999900000000000233, 1.603664320548255473 ) ) ;
#4583 = CARTESIAN_POINT ( 'NONE',  ( -0.8275196214094782121, 6.000000000000000000, 1.076720472440948484 ) ) ;
#4584 = EDGE_CURVE ( 'NONE', #2087, #3567, #1813, .T. ) ;
#4585 = DIRECTION ( 'NONE',  ( -0.8660872391925200642, 0.000000000000000000, -0.4998928826337482034 ) ) ;
#4586 =( NAMED_UNIT ( * ) PLANE_ANGLE_UNIT ( ) SI_UNIT ( $, .RADIAN. ) );
#4587 = VERTEX_POINT ( 'NONE', #1784 ) ;
#4588 =( NAMED_UNIT ( * ) SI_UNIT ( $, .STERADIAN. ) SOLID_ANGLE_UNIT ( ) );
#4589 = FILL_AREA_STYLE ('',( #3905 ) ) ;
#4590 =( NAMED_UNIT ( * ) PLANE_ANGLE_UNIT ( ) SI_UNIT ( $, .RADIAN. ) );
#4591 = CARTESIAN_POINT ( 'NONE',  ( 0.8045827407952444998, 5.999900000000000233, 0.7392322834645667085 ) ) ;
#4592 = CARTESIAN_POINT ( 'NONE',  ( 2.564450823292857340, 6.000000000000000000, 0.5217479602541378325 ) ) ;
#4593 = LINE ( 'NONE', #1304, #4532 ) ;
#4594 = CARTESIAN_POINT ( 'NONE',  ( 2.015737587998739588, 5.999900000000000233, -0.1700029588635093569 ) ) ;
#4595 = EDGE_LOOP ( 'NONE', ( #1614, #287, #3515, #2769 ) ) ;
#4596 =( GEOMETRIC_REPRESENTATION_CONTEXT ( 3 ) GLOBAL_UNCERTAINTY_ASSIGNED_CONTEXT ( ( #3509 ) ) GLOBAL_UNIT_ASSIGNED_CONTEXT ( ( #4160, #1279, #879 ) ) REPRESENTATION_CONTEXT ( 'NONE', 'WORKASPACE' ) );
#4597 = CARTESIAN_POINT ( 'NONE',  ( 2.602775380086246315, 5.999999999999997335, -0.8481828040335757102 ) ) ;
#4598 = CARTESIAN_POINT ( 'NONE',  ( 0.000000000000000000, 0.000000000000000000, 0.000000000000000000 ) ) ;
#4599 = FACE_OUTER_BOUND ( 'NONE', #3888, .T. ) ;
#4600 = MECHANICAL_DESIGN_GEOMETRIC_PRESENTATION_REPRESENTATION (  '', ( #1166 ), #1701 ) ;
#4601 = EDGE_CURVE ( 'NONE', #2489, #1980, #735, .T. ) ;
#4602 = ORIENTED_EDGE ( 'NONE', *, *, #2137, .T. ) ;
#4603 = B_SPLINE_CURVE_WITH_KNOTS ( 'NONE', 3,
 ( #2913, #4375, #1150, #52, #1101, #3721, #4445, #4065, #24, #2283, #4019 ),
 .UNSPECIFIED., .F., .F.,
 ( 4, 1, 1, 1, 1, 1, 1, 1, 4 ),
 ( 0.000000000000000000, 0.08269940838263233063, 0.1609352856402981591, 0.2384022412677351266, 0.3252932597831262318, 0.4321161260274608562, 0.5729322032451388269, 0.7592645677637461787, 1.000000000000000000 ),
 .UNSPECIFIED. ) ;
#4604 = ORIENTED_EDGE ( 'NONE', *, *, #636, .F. ) ;
#4605 = PRESENTATION_STYLE_ASSIGNMENT (( #3148 ) ) ;
#4606 = CARTESIAN_POINT ( 'NONE',  ( 1.154027076143226971, 5.999999999999999112, 0.1633265355979788003 ) ) ;
#4607 = VECTOR ( 'NONE', #3686, 999.9999999999998863 ) ;
#4608 = CARTESIAN_POINT ( 'NONE',  ( -0.2367637158976684808, 6.000000000000000000, 0.8929055118110230671 ) ) ;
#4609 = VECTOR ( 'NONE', #60, 1000.000000000000000 ) ;
#4610 = CARTESIAN_POINT ( 'NONE',  ( -2.943241815541270956, 6.000000000000000000, -2.819567424523458321 ) ) ;
#4611 = LINE ( 'NONE', #3880, #2831 ) ;
#4612 = ORIENTED_EDGE ( 'NONE', *, *, #1623, .T. ) ;
#4613 =( GEOMETRIC_REPRESENTATION_CONTEXT ( 3 ) GLOBAL_UNCERTAINTY_ASSIGNED_CONTEXT ( ( #4183 ) ) GLOBAL_UNIT_ASSIGNED_CONTEXT ( ( #1661, #4590, #961 ) ) REPRESENTATION_CONTEXT ( 'NONE', 'WORKASPACE' ) );
#4614 = CARTESIAN_POINT ( 'NONE',  ( 1.148772520324219615, 6.000000000000000888, -1.926402505471917603 ) ) ;
#4615 = EDGE_CURVE ( 'NONE', #1517, #2256, #1611, .T. ) ;
#4616 = SURFACE_SIDE_STYLE ('',( #3837 ) ) ;
#4617 = LINE ( 'NONE', #1376, #2695 ) ;
#4618 = CARTESIAN_POINT ( 'NONE',  ( 1.876491264469327680, 6.000000000000000000, -1.541441377981155991 ) ) ;
#4619 = ORIENTED_EDGE ( 'NONE', *, *, #2941, .T. ) ;
#4620 = FACE_OUTER_BOUND ( 'NONE', #3647, .T. ) ;
#4621 =( GEOMETRIC_REPRESENTATION_CONTEXT ( 3 ) GLOBAL_UNCERTAINTY_ASSIGNED_CONTEXT ( ( #818 ) ) GLOBAL_UNIT_ASSIGNED_CONTEXT ( ( #2735, #318, #4298 ) ) REPRESENTATION_CONTEXT ( 'NONE', 'WORKASPACE' ) );
#4622 = PLANE ( 'NONE',  #2169 ) ;
#4623 = VECTOR ( 'NONE', #802, 1000.000000000000000 ) ;
#4624 = SURFACE_SIDE_STYLE ('',( #2060 ) ) ;
#4625 = CARTESIAN_POINT ( 'NONE',  ( 1.154974464376837373, 5.999900000000000233, 0.5295270840335154494 ) ) ;
#4626 = MECHANICAL_DESIGN_GEOMETRIC_PRESENTATION_REPRESENTATION (  '', ( #2198 ), #877 ) ;
#4627 = VERTEX_POINT ( 'NONE', #4101 ) ;
#4628 = VERTEX_POINT ( 'NONE', #2631 ) ;
#4629 = CARTESIAN_POINT ( 'NONE',  ( 2.602775380086245871, 5.999899999999997569, 1.622405431260541597 ) ) ;
#4630 = CARTESIAN_POINT ( 'NONE',  ( 2.642690712998740032, 5.999900000000000233, 1.524735092607079290 ) ) ;
#4631 = EDGE_CURVE ( 'NONE', #2954, #3894, #3006, .T. ) ;
#4632 = EDGE_CURVE ( 'NONE', #4362, #3792, #4456, .T. ) ;
#4633 = CARTESIAN_POINT ( 'NONE',  ( 2.642690712998739588, 6.000000000000000000, -0.9458531426870389058 ) ) ;
#4634 = ORIENTED_EDGE ( 'NONE', *, *, #4483, .T. ) ;
#4635 = FACE_OUTER_BOUND ( 'NONE', #1068, .T. ) ;
#4636 = B_SPLINE_SURFACE_WITH_KNOTS ( 'NONE', 3, 1, ( 
 ( #993, #3998 ),
 ( #704, #2921 ),
 ( #2201, #355 ),
 ( #7, #2552 ),
 ( #1469, #3649 ),
 ( #548, #3776 ),
 ( #2753, #4606 ),
 ( #3124, #1649 ),
 ( #4581, #2793 ),
 ( #3485, #504 ),
 ( #571, #3435 ) ),
 .UNSPECIFIED., .F., .F., .F.,
 ( 4, 1, 1, 1, 1, 1, 1, 1, 4 ),
 ( 2, 2 ),
 ( 0.000000000000000000, 0.2339648385054098612, 0.4198783559695589140, 0.5659151998979449205, 0.6801214999993744348, 0.7723010949812569859, 0.8443163158709258154, 0.9185860088431486714, 1.000000000000000000 ),
 ( 0.000000000000000000, 1.000000000000000000 ),
 .UNSPECIFIED. ) ;
#4637 = EDGE_CURVE ( 'NONE', #4628, #2819, #3705, .T. ) ;
#4638 = CARTESIAN_POINT ( 'NONE',  ( 1.142690712998739588, 5.999900000000000233, 0.6206679970188436757 ) ) ;
#4639 = DIRECTION ( 'NONE',  ( 0.000000000000000000, 0.000000000000000000, -1.000000000000000000 ) ) ;
#4640 = CARTESIAN_POINT ( 'NONE',  ( 2.642539632016172035, 6.000000000000000000, 0.3209714592864429394 ) ) ;
#4641 = CARTESIAN_POINT ( 'NONE',  ( 1.142690712998739588, 6.000000000000000000, 1.501297592607079068 ) ) ;
#4642 = EDGE_LOOP ( 'NONE', ( #2383, #238, #2567, #2917 ) ) ;
#4643 = ADVANCED_FACE ( 'NONE', ( #1521 ), #3380, .F. ) ;
#4644 = CARTESIAN_POINT ( 'NONE',  ( 2.015737587998739588, 6.000000000000000000, 1.065291158783549630 ) ) ;
#4645 = LINE ( 'NONE', #1956, #1711 ) ;
#4646 = VERTEX_POINT ( 'NONE', #2310 ) ;
#4647 = DIRECTION ( 'NONE',  ( -0.5121029854762093603, 0.000000000000000000, 0.8589240550050705192 ) ) ;
#4648 = CARTESIAN_POINT ( 'NONE',  ( -3.354999999999999094, 0.000000000000000000, -3.454999999999999627 ) ) ;
#4649 = STYLED_ITEM ( 'NONE', ( #3860 ), #3583 ) ;
#4650 = DIRECTION ( 'NONE',  ( -0.000000000000000000, 1.000000000000000000, -0.000000000000000000 ) ) ;
#4651 =( GEOMETRIC_REPRESENTATION_CONTEXT ( 3 ) GLOBAL_UNCERTAINTY_ASSIGNED_CONTEXT ( ( #2228 ) ) GLOBAL_UNIT_ASSIGNED_CONTEXT ( ( #4107, #3534, #3831 ) ) REPRESENTATION_CONTEXT ( 'NONE', 'WORKASPACE' ) );
#4652 = SURFACE_STYLE_USAGE ( .BOTH. , #2885 ) ;
#4653 = EDGE_CURVE ( 'NONE', #1693, #1667, #2697, .T. ) ;
#4654 = CARTESIAN_POINT ( 'NONE',  ( 2.642690712998739588, 6.000000000000000000, -0.9458531426870389058 ) ) ;
#4655 = ORIENTED_EDGE ( 'NONE', *, *, #2795, .T. ) ;
#4656 = DIRECTION ( 'NONE',  ( -0.000000000000000000, 0.000000000000000000, -1.000000000000000000 ) ) ;
#4657 =( GEOMETRIC_REPRESENTATION_CONTEXT ( 3 ) GLOBAL_UNCERTAINTY_ASSIGNED_CONTEXT ( ( #3665 ) ) GLOBAL_UNIT_ASSIGNED_CONTEXT ( ( #3125, #2700, #867 ) ) REPRESENTATION_CONTEXT ( 'NONE', 'WORKASPACE' ) );
#4658 = CARTESIAN_POINT ( 'NONE',  ( 2.602775380086246315, 5.999899999999996680, -0.8481828040335757102 ) ) ;
#4659 = EDGE_CURVE ( 'NONE', #3334, #3101, #3600, .T. ) ;
#4660 = CARTESIAN_POINT ( 'NONE',  ( 0.1937126620550882472, 5.999900000000000233, 1.355472440944882617 ) ) ;
#4661 = EDGE_CURVE ( 'NONE', #3561, #3653, #848, .T. ) ;
#4662 = CARTESIAN_POINT ( 'NONE',  ( 2.640139079277641798, 5.999900000000002009, -1.922557528550401074 ) ) ;
#4663 = VECTOR ( 'NONE', #3441, 1000.000000000000000 ) ;
#4664 = SURFACE_SIDE_STYLE ('',( #1030 ) ) ;
#4665 = CARTESIAN_POINT ( 'NONE',  ( 2.571937412355975727, 5.999900000000001121, 0.3725784803166725667 ) ) ;
#4666 = CARTESIAN_POINT ( 'NONE',  ( 1.181946779667099046, 5.999900000000001121, 1.603721534218398137 ) ) ;
#4667 = ORIENTED_EDGE ( 'NONE', *, *, #3144, .T. ) ;
#4668 = CARTESIAN_POINT ( 'NONE',  ( 1.143897626635291154, 5.999900000000001121, 0.6725800144058668995 ) ) ;
#4669 = PLANE ( 'NONE',  #4180 ) ;
#4670 = LINE ( 'NONE', #2435, #739 ) ;
#4671 = SURFACE_STYLE_USAGE ( .BOTH. , #1384 ) ;
#4672 = FILL_AREA_STYLE_COLOUR ( '', #462 ) ;
#4673 = ORIENTED_EDGE ( 'NONE', *, *, #757, .T. ) ;
#4674 = PRESENTATION_STYLE_ASSIGNMENT (( #4318 ) ) ;
#4675 = PRESENTATION_LAYER_ASSIGNMENT (  '', '', ( #4063 ) ) ;
#4676 = PRESENTATION_STYLE_ASSIGNMENT (( #3210 ) ) ;
#4677 = LINE ( 'NONE', #1408, #327 ) ;
#4678 = PRESENTATION_STYLE_ASSIGNMENT (( #1434 ) ) ;
#4679 = PRESENTATION_STYLE_ASSIGNMENT (( #3510 ) ) ;
#4680 = CARTESIAN_POINT ( 'NONE',  ( 2.015737587998739588, 5.999900000000000233, -0.1700029588635093569 ) ) ;
#4681 = COLOUR_RGB ( '',1.000000000000000000, 1.000000000000000000, 1.000000000000000000 ) ;
#4682 = CARTESIAN_POINT ( 'NONE',  ( 2.635606768424067603, 5.999899999999996680, 1.436603339640501797 ) ) ;
#4683 = ORIENTED_EDGE ( 'NONE', *, *, #3551, .T. ) ;
#4684 = FILL_AREA_STYLE_COLOUR ( '', #4093 ) ;
#4685 = DIRECTION ( 'NONE',  ( 1.000000000000000000, 0.000000000000000000, -1.255226827769035407E-16 ) ) ;
#4686 =( NAMED_UNIT ( * ) SI_UNIT ( $, .STERADIAN. ) SOLID_ANGLE_UNIT ( ) );
#4687 = CARTESIAN_POINT ( 'NONE',  ( 2.642690712998740032, 5.999900000000001121, 0.6092939161364908651 ) ) ;
#4688 = EDGE_CURVE ( 'NONE', #1103, #2010, #145, .T. ) ;
#4689 = EDGE_CURVE ( 'NONE', #1783, #1350, #4170, .T. ) ;
#4690 = VERTEX_POINT ( 'NONE', #1642 ) ;
#4691 = EDGE_CURVE ( 'NONE', #2270, #4223, #1605, .T. ) ;
#4692 =( GEOMETRIC_REPRESENTATION_CONTEXT ( 3 ) GLOBAL_UNCERTAINTY_ASSIGNED_CONTEXT ( ( #2619 ) ) GLOBAL_UNIT_ASSIGNED_CONTEXT ( ( #4400, #1018, #1654 ) ) REPRESENTATION_CONTEXT ( 'NONE', 'WORKASPACE' ) );
#4693 = DIRECTION ( 'NONE',  ( 0.000000000000000000, 0.000000000000000000, 1.000000000000000000 ) ) ;
#4694 = CARTESIAN_POINT ( 'NONE',  ( 1.142778724780127986, 5.999899999999999345, 0.6487080264322963030 ) ) ;
#4695 = VERTEX_POINT ( 'NONE', #3071 ) ;
#4696 = FILL_AREA_STYLE_COLOUR ( '', #893 ) ;
#4697 = CARTESIAN_POINT ( 'NONE',  ( 1.149025747743360526, 6.000000000000001776, 0.7045314611577949693 ) ) ;
#4698 = VERTEX_POINT ( 'NONE', #2387 ) ;
#4699 = CARTESIAN_POINT ( 'NONE',  ( 2.610467510789358681, 5.999999999999999112, 0.1704409359852467054 ) ) ;
#4700 = B_SPLINE_SURFACE_WITH_KNOTS ( 'NONE', 3, 1, ( 
 ( #3394, #1728 ),
 ( #559, #1748 ),
 ( #4591, #3884 ),
 ( #1006, #985 ) ),
 .UNSPECIFIED., .F., .F., .F.,
 ( 4, 4 ),
 ( 2, 2 ),
 ( 0.09090909090909091161, 0.1818181818181818232 ),
 ( 0.000000000000000000, 1.000000000000000000 ),
 .UNSPECIFIED. ) ;
#4701 = FILL_AREA_STYLE ('',( #1761 ) ) ;
#4702 =( NAMED_UNIT ( * ) PLANE_ANGLE_UNIT ( ) SI_UNIT ( $, .RADIAN. ) );
#4703 = FACE_OUTER_BOUND ( 'NONE', #4207, .T. ) ;
#4704 = UNCERTAINTY_MEASURE_WITH_UNIT (LENGTH_MEASURE( 1.000000000000000082E-05 ), #1235, 'distance_accuracy_value', 'NONE');
#4705 = CARTESIAN_POINT ( 'NONE',  ( 1.213298624243933199, 5.999999999999999112, -0.8814998024638358576 ) ) ;
#4706 = COLOUR_RGB ( '',1.000000000000000000, 1.000000000000000000, 1.000000000000000000 ) ;
#4707 = CARTESIAN_POINT ( 'NONE',  ( 2.571941074772256641, 6.000000000000001776, -1.952950128405642749 ) ) ;
#4708 = CARTESIAN_POINT ( 'NONE',  ( 2.642667625737632253, 5.999899999999999345, 1.495531293261620709 ) ) ;
#4709 = ORIENTED_EDGE ( 'NONE', *, *, #166, .T. ) ;
#4710 = LINE ( 'NONE', #1026, #1425 ) ;
#4711 = CARTESIAN_POINT ( 'NONE',  ( 1.220930602704621837, 6.000000000000000000, -1.932296157392921154 ) ) ;
#4712 = CARTESIAN_POINT ( 'NONE',  ( 1.143793079353702558, 5.999900000000001121, 1.562902114448176283 ) ) ;
#4713 =( NAMED_UNIT ( * ) PLANE_ANGLE_UNIT ( ) SI_UNIT ( $, .RADIAN. ) );
#4714 = FILL_AREA_STYLE_COLOUR ( '', #1802 ) ;
#4715 = AXIS2_PLACEMENT_3D ( 'NONE', #3862, #1607, #1657 ) ;
#4716 = VERTEX_POINT ( 'NONE', #966 ) ;
#4717 = DIRECTION ( 'NONE',  ( -1.000000000000000000, 0.000000000000000000, -0.000000000000000000 ) ) ;
#4718 = ORIENTED_EDGE ( 'NONE', *, *, #3464, .T. ) ;
#4719 = CARTESIAN_POINT ( 'NONE',  ( 1.149025747743360526, 5.999900000000002009, -0.5307626564892643506 ) ) ;
#4720 = DIRECTION ( 'NONE',  ( 0.8604455470465083300, 0.000000000000000000, -0.5095424031107078644 ) ) ;
#4721 = CARTESIAN_POINT ( 'NONE',  ( 2.639295963283396773, 6.000000000000000000, -1.785550615335146363 ) ) ;
#4722 = CARTESIAN_POINT ( 'NONE',  ( 2.642646007643794981, 5.999900000000000233, 0.5973372741872973180 ) ) ;
#4723 = CARTESIAN_POINT ( 'NONE',  ( 1.220930602704621837, 5.999900000000000233, 0.5382920779011967083 ) ) ;
#4724 =( NAMED_UNIT ( * ) SI_UNIT ( $, .STERADIAN. ) SOLID_ANGLE_UNIT ( ) );
#4725 = CARTESIAN_POINT ( 'NONE',  ( 1.149120405164141490, 6.000000000000002665, 1.410468524459412176 ) ) ;
#4726 = ADVANCED_FACE ( 'NONE', ( #3425 ), #4218, .F. ) ;
#4727 = CARTESIAN_POINT ( 'NONE',  ( 2.644999999999999130, 0.000000000000000000, -2.500000000000000444 ) ) ;
#4728 = DIRECTION ( 'NONE',  ( -0.000000000000000000, 0.000000000000000000, 1.000000000000000000 ) ) ;
#4729 = ORIENTED_EDGE ( 'NONE', *, *, #419, .T. ) ;
#4730 = VECTOR ( 'NONE', #500, 1000.000000000000000 ) ;
ENDSEC;
END-ISO-10303-21;
