ISO-10303-21;
HEADER;
FILE_DESCRIPTION (( 'STEP AP214' ),
    '1' );
FILE_NAME ('UMT250.STEP',
    '2014-12-19T08:42:08',
    ( '' ),
    ( '' ),
    'SwSTEP 2.0',
    'SolidWorks 2012',
    '' );
FILE_SCHEMA (( 'AUTOMOTIVE_DESIGN' ));
ENDSEC;

DATA;
#1 = PRODUCT_DEFINITION_CONTEXT ( 'detailed design', #1628, 'design' ) ;
#2 = PRODUCT_DEFINITION_SHAPE ( 'NONE', 'NONE',  #1459 ) ;
#3 = CARTESIAN_POINT ( 'NONE',  ( -1.160000000000000100, 5.049999999999998900, 1.100000000000000100 ) ) ;
#4 = CARTESIAN_POINT ( 'NONE',  ( 0.8950000000000000200, -5.049999999999998900, 1.096058885236881000E-016 ) ) ;
#5 = CARTESIAN_POINT ( 'NONE',  ( -1.100000000000000300, 5.049999999999998900, 1.160000000000000400 ) ) ;
#6 = CARTESIAN_POINT ( 'NONE',  ( 1.500000000000000400, -3.449999999999999300, -1.100000000000000300 ) ) ;
#7 = CARTESIAN_POINT ( 'NONE',  ( 0.3499999999999996400, 4.823336748648220200, 0.0000000000000000000 ) ) ;
#8 = CARTESIAN_POINT ( 'NONE',  ( 1.160000000000000400, 5.049999999999998900, 1.100000000000000100 ) ) ;
#9 = CARTESIAN_POINT ( 'NONE',  ( 1.100000000000000300, 3.449999999999999300, -1.500000000000000000 ) ) ;
#10 = CARTESIAN_POINT ( 'NONE',  ( -0.3811906968533948500, 5.449999999999999300, 6.745902134310871700E-017 ) ) ;
#11 = CARTESIAN_POINT ( 'NONE',  ( 1.500000000000000400, 3.449999999999999300, 1.100000000000000100 ) ) ;
#12 = CARTESIAN_POINT ( 'NONE',  ( 1.500000000000000400, 4.709999999999999100, 1.100000000000000100 ) ) ;
#13 = CARTESIAN_POINT ( 'NONE',  ( -1.100000000000000300, 4.709999999999999100, 1.500000000000000200 ) ) ;
#14 = CARTESIAN_POINT ( 'NONE',  ( -1.225000000000000300, 3.449999999999999300, 0.9250000000000004900 ) ) ;
#15 = CARTESIAN_POINT ( 'NONE',  ( -1.100000000000000100, 5.049999999999998900, -1.160000000000000800 ) ) ;
#16 = CARTESIAN_POINT ( 'NONE',  ( 1.500000000000000400, 3.449999999999999300, -1.100000000000000100 ) ) ;
#17 = CARTESIAN_POINT ( 'NONE',  ( 1.100000000000000300, 4.709999999999999100, 1.500000000000000700 ) ) ;
#18 = CARTESIAN_POINT ( 'NONE',  ( -0.8000000000000012700, 4.556668729376094800, 9.797174393178839700E-017 ) ) ;
#19 = CARTESIAN_POINT ( 'NONE',  ( 1.100000000000000300, -3.449999999999999300, 1.500000000000000200 ) ) ;
#20 = CARTESIAN_POINT ( 'NONE',  ( 1.100000000000000300, -4.709999999999999100, 1.500000000000000200 ) ) ;
#21 = CARTESIAN_POINT ( 'NONE',  ( -1.225000000000000300, 3.449999999999999300, -0.9250000000000039300 ) ) ;
#22 = CARTESIAN_POINT ( 'NONE',  ( 0.3499999999999996400, -4.823336748648220200, 4.286263797015731000E-017 ) ) ;
#23 = CARTESIAN_POINT ( 'NONE',  ( -1.100000000000000300, 3.449999999999999300, 1.500000000000000200 ) ) ;
#24 = CARTESIAN_POINT ( 'NONE',  ( 0.8950000000000000200, -5.229999999999998600, 1.096058885236881000E-016 ) ) ;
#25 = CARTESIAN_POINT ( 'NONE',  ( 1.099999999999999400, -4.709999999999999100, -1.500000000000000900 ) ) ;
#26 = CARTESIAN_POINT ( 'NONE',  ( 0.3811906968533948500, 5.099999999999998800, 0.0000000000000000000 ) ) ;
#27 = CARTESIAN_POINT ( 'NONE',  ( 1.225000000000009400, 3.449999999999999300, -0.9250000000000020400 ) ) ;
#28 = DIRECTION ( 'NONE',  ( -0.0000000000000000000, -0.0000000000000000000, -1.000000000000000000 ) ) ;
#29 = DIRECTION ( 'NONE',  ( -0.0000000000000000000, 1.000000000000000000, -0.0000000000000000000 ) ) ;
#30 = CARTESIAN_POINT ( 'NONE',  ( 0.9250000000000091500, 3.449999999999999300, -1.225000000000003900 ) ) ;
#31 = CARTESIAN_POINT ( 'NONE',  ( -0.3499999999999996400, 4.823336748648220200, 7.041719095097280100E-017 ) ) ;
#32 = PLANE ( 'NONE',  #1523 ) ;
#33 = DIRECTION ( 'NONE',  ( 0.0000000000000000000, -1.000000000000000000, -0.0000000000000000000 ) ) ;
#34 = DIRECTION ( 'NONE',  ( 1.000000000000000000, 0.0000000000000000000, -1.224646799147353000E-016 ) ) ;
#35 = DIRECTION ( 'NONE',  ( -1.000000000000000000, 0.0000000000000000000, 0.0000000000000000000 ) ) ;
#36 = DIRECTION ( 'NONE',  ( 1.000000000000000000, -0.0000000000000000000, -6.377659838150025700E-016 ) ) ;
#37 = DIRECTION ( 'NONE',  ( 0.0000000000000000000, 1.000000000000000000, 0.0000000000000000000 ) ) ;
#38 = DIRECTION ( 'NONE',  ( 0.0000000000000000000, 1.000000000000000000, 0.0000000000000000000 ) ) ;
#39 = DIRECTION ( 'NONE',  ( 0.0000000000000000000, 1.000000000000000000, 0.0000000000000000000 ) ) ;
#40 = CARTESIAN_POINT ( 'NONE',  ( 0.8000000000000000400, -4.556668729376094800, 9.797174393178826200E-017 ) ) ;
#41 = DIRECTION ( 'NONE',  ( 9.856383386231860100E-017, 0.0000000000000000000, 1.000000000000000000 ) ) ;
#42 = DIRECTION ( 'NONE',  ( 1.000000000000000000, 0.0000000000000000000, 0.0000000000000000000 ) ) ;
#43 = CARTESIAN_POINT ( 'NONE',  ( 0.7204987272332283900, 5.185849056603772500, 0.0000000000000000000 ) ) ;
#44 = CARTESIAN_POINT ( 'NONE',  ( -1.160000000000000400, -4.709999999999999100, 1.100000000000000100 ) ) ;
#45 = DIRECTION ( 'NONE',  ( 0.0000000000000000000, -1.000000000000000000, -0.0000000000000000000 ) ) ;
#46 = DIRECTION ( 'NONE',  ( -1.000000000000000000, 0.0000000000000000000, 9.856383386231860100E-017 ) ) ;
#47 = CARTESIAN_POINT ( 'NONE',  ( 0.0000000000000000000, -5.150000000000000400, 0.0000000000000000000 ) ) ;
#48 = DIRECTION ( 'NONE',  ( 0.0000000000000000000, -1.000000000000000000, 0.0000000000000000000 ) ) ;
#49 = DIRECTION ( 'NONE',  ( -0.0000000000000000000, 1.000000000000000000, -0.0000000000000000000 ) ) ;
#50 = DIRECTION ( 'NONE',  ( -1.000000000000000000, 0.0000000000000000000, 0.0000000000000000000 ) ) ;
#51 = CARTESIAN_POINT ( 'NONE',  ( 1.100000000000001000, 3.449999999999999300, -1.100000000000000100 ) ) ;
#52 = DIRECTION ( 'NONE',  ( -0.0000000000000000000, 1.000000000000000000, -0.0000000000000000000 ) ) ;
#53 = DIRECTION ( 'NONE',  ( -1.000000000000000000, 0.0000000000000000000, 0.0000000000000000000 ) ) ;
#54 = PLANE ( 'NONE',  #1524 ) ;
#55 = CARTESIAN_POINT ( 'NONE',  ( 1.224999999999998800, 3.449999999999999300, 0.9250000000000022600 ) ) ;
#56 = DIRECTION ( 'NONE',  ( 0.0000000000000000000, 0.0000000000000000000, -1.000000000000000000 ) ) ;
#57 = DIRECTION ( 'NONE',  ( -1.000000000000000000, 0.0000000000000000000, 0.0000000000000000000 ) ) ;
#58 = CARTESIAN_POINT ( 'NONE',  ( 1.100000000000000500, 5.049999999999998900, 1.160000000000000600 ) ) ;
#59 = CARTESIAN_POINT ( 'NONE',  ( 1.099999999999999400, -3.449999999999999300, -1.500000000000000900 ) ) ;
#60 = PLANE ( 'NONE',  #1612 ) ;
#61 = DIRECTION ( 'NONE',  ( 1.000000000000000000, 0.0000000000000000000, -9.856383386231860100E-017 ) ) ;
#62 = DIRECTION ( 'NONE',  ( -1.000000000000000000, -0.0000000000000000000, -9.856383386231860100E-017 ) ) ;
#63 = CARTESIAN_POINT ( 'NONE',  ( -1.225000000000000300, -4.750000000000000000, 1.225000000000000300 ) ) ;
#64 = DIRECTION ( 'NONE',  ( -1.000000000000000000, 0.0000000000000000000, 0.0000000000000000000 ) ) ;
#65 = DIRECTION ( 'NONE',  ( -0.0000000000000000000, 1.000000000000000000, -0.0000000000000000000 ) ) ;
#66 = CARTESIAN_POINT ( 'NONE',  ( 0.0000000000000000000, -4.750000000000000000, 0.0000000000000000000 ) ) ;
#67 = CARTESIAN_POINT ( 'NONE',  ( 0.0000000000000000000, -5.099999999999998800, 0.0000000000000000000 ) ) ;
#68 = DIRECTION ( 'NONE',  ( 0.0000000000000000000, -1.000000000000000000, 0.0000000000000000000 ) ) ;
#69 = PLANE ( 'NONE',  #1527 ) ;
#70 = PLANE ( 'NONE',  #1626 ) ;
#71 = DIRECTION ( 'NONE',  ( -1.000000000000000000, 0.0000000000000000000, 0.0000000000000000000 ) ) ;
#72 = DIRECTION ( 'NONE',  ( 0.0000000000000000000, -1.000000000000000000, 0.0000000000000000000 ) ) ;
#73 = CARTESIAN_POINT ( 'NONE',  ( -1.099999999999999400, 3.449999999999999300, -1.500000000000000900 ) ) ;
#74 = DIRECTION ( 'NONE',  ( 0.0000000000000000000, 1.000000000000000000, 0.0000000000000000000 ) ) ;
#75 = PLANE ( 'NONE',  #1615 ) ;
#76 = DIRECTION ( 'NONE',  ( -1.000000000000000000, 0.0000000000000000000, 0.0000000000000000000 ) ) ;
#77 = DIRECTION ( 'NONE',  ( 0.0000000000000000000, 1.000000000000000000, 0.0000000000000000000 ) ) ;
#78 = DIRECTION ( 'NONE',  ( -1.000000000000000000, 0.0000000000000000000, 0.0000000000000000000 ) ) ;
#79 = DIRECTION ( 'NONE',  ( -1.000000000000000000, 0.0000000000000000000, 0.0000000000000000000 ) ) ;
#80 = DIRECTION ( 'NONE',  ( 1.000000000000000000, 0.0000000000000000000, 0.0000000000000000000 ) ) ;
#81 = DIRECTION ( 'NONE',  ( 0.0000000000000000000, 1.000000000000000000, 0.0000000000000000000 ) ) ;
#82 = DIRECTION ( 'NONE',  ( -9.856383386231860100E-017, 0.0000000000000000000, 1.000000000000000000 ) ) ;
#83 = CARTESIAN_POINT ( 'NONE',  ( 1.100000000000000100, -3.449999999999999300, 1.225000000000000300 ) ) ;
#84 = DIRECTION ( 'NONE',  ( -1.000000000000000000, 0.0000000000000000000, 0.0000000000000000000 ) ) ;
#85 = CARTESIAN_POINT ( 'NONE',  ( 0.0000000000000000000, 5.449999999999999300, 0.0000000000000000000 ) ) ;
#86 = DIRECTION ( 'NONE',  ( -1.000000000000000000, 0.0000000000000000000, 0.0000000000000000000 ) ) ;
#87 = DIRECTION ( 'NONE',  ( 0.0000000000000000000, 1.000000000000000000, 0.0000000000000000000 ) ) ;
#88 = DIRECTION ( 'NONE',  ( -0.0000000000000000000, 1.000000000000000000, -0.0000000000000000000 ) ) ;
#89 = CARTESIAN_POINT ( 'NONE',  ( -1.100000000000000100, 5.049999999999998900, -1.100000000000000300 ) ) ;
#90 = DIRECTION ( 'NONE',  ( 1.000000000000000000, 0.0000000000000000000, 0.0000000000000000000 ) ) ;
#91 = CARTESIAN_POINT ( 'NONE',  ( -1.100000000000000100, 3.449999999999999300, -1.100000000000000300 ) ) ;
#92 = DIRECTION ( 'NONE',  ( 0.0000000000000000000, -1.000000000000000000, 0.0000000000000000000 ) ) ;
#93 = CARTESIAN_POINT ( 'NONE',  ( -1.100000000000000100, 5.049999999999998900, 1.100000000000000300 ) ) ;
#94 = CARTESIAN_POINT ( 'NONE',  ( -1.500000000000000400, -3.449999999999999300, 1.100000000000000100 ) ) ;
#95 = DIRECTION ( 'NONE',  ( 0.0000000000000000000, 0.0000000000000000000, -1.000000000000000000 ) ) ;
#96 = CARTESIAN_POINT ( 'NONE',  ( 0.8950000000000000200, 5.229999999999998600, 0.0000000000000000000 ) ) ;
#97 = CARTESIAN_POINT ( 'NONE',  ( 0.8950000000000000200, -5.229999999999998600, 1.096058885236881000E-016 ) ) ;
#98 = CARTESIAN_POINT ( 'NONE',  ( 0.0000000000000000000, -5.185849056603772500, 0.0000000000000000000 ) ) ;
#99 = CARTESIAN_POINT ( 'NONE',  ( 0.0000000000000000000, -4.556668729376094800, 0.0000000000000000000 ) ) ;
#100 = DIRECTION ( 'NONE',  ( -0.0000000000000000000, -1.000000000000000000, -0.0000000000000000000 ) ) ;
#101 = DIRECTION ( 'NONE',  ( -0.0000000000000000000, 1.000000000000000000, -0.0000000000000000000 ) ) ;
#102 = CARTESIAN_POINT ( 'NONE',  ( -1.225000000000000300, -4.750000000000000000, 0.9250000000000004900 ) ) ;
#103 = CARTESIAN_POINT ( 'NONE',  ( 1.100000000000000300, -3.449999999999999300, 1.500000000000000200 ) ) ;
#104 = DIRECTION ( 'NONE',  ( 0.0000000000000000000, 0.0000000000000000000, -1.000000000000000000 ) ) ;
#105 = CARTESIAN_POINT ( 'NONE',  ( 1.100000000000000100, -3.449999999999999300, 1.100000000000000300 ) ) ;
#106 = DIRECTION ( 'NONE',  ( -1.000000000000000000, -0.0000000000000000000, 1.971276677246371500E-016 ) ) ;
#107 = DIRECTION ( 'NONE',  ( 0.0000000000000000000, 0.0000000000000000000, -1.000000000000000000 ) ) ;
#108 = DIRECTION ( 'NONE',  ( -0.0000000000000000000, 1.000000000000000000, -0.0000000000000000000 ) ) ;
#109 = CARTESIAN_POINT ( 'NONE',  ( 1.500000000000000400, -4.709999999999999100, 1.100000000000000100 ) ) ;
#110 = DIRECTION ( 'NONE',  ( -0.0000000000000000000, 1.000000000000000000, -0.0000000000000000000 ) ) ;
#111 = CARTESIAN_POINT ( 'NONE',  ( 0.9249999999999987100, -3.449999999999999300, 0.9250000000000004900 ) ) ;
#112 = DIRECTION ( 'NONE',  ( -0.0000000000000000000, -1.000000000000000000, -0.0000000000000000000 ) ) ;
#113 = DIRECTION ( 'NONE',  ( 0.0000000000000000000, 0.0000000000000000000, 1.000000000000000000 ) ) ;
#114 = CARTESIAN_POINT ( 'NONE',  ( 0.0000000000000000000, 4.823336748648220200, 0.0000000000000000000 ) ) ;
#115 = DIRECTION ( 'NONE',  ( -1.000000000000000000, 0.0000000000000000000, 0.0000000000000000000 ) ) ;
#116 = CARTESIAN_POINT ( 'NONE',  ( 1.100000000000001000, 5.049999999999998900, -1.100000000000000100 ) ) ;
#117 = CARTESIAN_POINT ( 'NONE',  ( 0.0000000000000000000, -5.449999999999999300, 0.0000000000000000000 ) ) ;
#118 = DIRECTION ( 'NONE',  ( 0.0000000000000000000, -1.000000000000000000, 0.0000000000000000000 ) ) ;
#119 = DIRECTION ( 'NONE',  ( -0.0000000000000000000, -1.000000000000000000, -0.0000000000000000000 ) ) ;
#120 = CARTESIAN_POINT ( 'NONE',  ( -1.160000000000000400, 5.049999999999998900, 1.100000000000000300 ) ) ;
#121 = DIRECTION ( 'NONE',  ( -1.000000000000000000, 0.0000000000000000000, 9.856383386231860100E-017 ) ) ;
#122 = CARTESIAN_POINT ( 'NONE',  ( -0.8000000000000000400, -4.750000000000000000, 0.0000000000000000000 ) ) ;
#123 = DIRECTION ( 'NONE',  ( 1.000000000000000000, 0.0000000000000000000, 0.0000000000000000000 ) ) ;
#124 = DIRECTION ( 'NONE',  ( 1.000000000000000000, 0.0000000000000000000, 0.0000000000000000000 ) ) ;
#125 = DIRECTION ( 'NONE',  ( 0.0000000000000000000, 1.000000000000000000, 0.0000000000000000000 ) ) ;
#126 = CARTESIAN_POINT ( 'NONE',  ( 1.100000000000000100, -5.049999999999998900, 1.160000000000000100 ) ) ;
#127 = DIRECTION ( 'NONE',  ( 0.0000000000000000000, 1.000000000000000000, 0.0000000000000000000 ) ) ;
#128 = DIRECTION ( 'NONE',  ( -1.224646799147353200E-016, 0.0000000000000000000, 1.000000000000000000 ) ) ;
#129 = DIRECTION ( 'NONE',  ( -1.000000000000000000, 0.0000000000000000000, 0.0000000000000000000 ) ) ;
#130 = CARTESIAN_POINT ( 'NONE',  ( 1.100000000000000100, -4.709999999999999100, 1.100000000000000300 ) ) ;
#131 = DIRECTION ( 'NONE',  ( 0.0000000000000000000, 1.000000000000000000, 0.0000000000000000000 ) ) ;
#132 = CARTESIAN_POINT ( 'NONE',  ( 0.3499999999999996400, -5.150000000000000400, 4.286263797015731000E-017 ) ) ;
#133 = DIRECTION ( 'NONE',  ( -1.000000000000000000, 0.0000000000000000000, 0.0000000000000000000 ) ) ;
#134 = DIRECTION ( 'NONE',  ( 0.0000000000000000000, 1.000000000000000000, 0.0000000000000000000 ) ) ;
#135 = DIRECTION ( 'NONE',  ( -1.000000000000000000, 0.0000000000000000000, 0.0000000000000000000 ) ) ;
#136 = DIRECTION ( 'NONE',  ( 1.000000000000000000, 0.0000000000000000000, 0.0000000000000000000 ) ) ;
#137 = DIRECTION ( 'NONE',  ( 1.000000000000000000, 0.0000000000000000000, 1.224646799147353000E-016 ) ) ;
#138 = CARTESIAN_POINT ( 'NONE',  ( -1.100000000000001000, -5.049999999999998900, -1.100000000000000100 ) ) ;
#139 = CARTESIAN_POINT ( 'NONE',  ( 0.9249999999999987100, -4.750000000000000000, 1.225000000000000300 ) ) ;
#140 = DIRECTION ( 'NONE',  ( 0.0000000000000000000, 0.0000000000000000000, 1.000000000000000000 ) ) ;
#141 = CARTESIAN_POINT ( 'NONE',  ( 0.0000000000000000000, 5.449999999999999300, 0.0000000000000000000 ) ) ;
#142 = DIRECTION ( 'NONE',  ( -0.0000000000000000000, 1.000000000000000000, -0.0000000000000000000 ) ) ;
#143 = DIRECTION ( 'NONE',  ( 0.0000000000000000000, -1.000000000000000000, -0.0000000000000000000 ) ) ;
#144 = DIRECTION ( 'NONE',  ( 1.224646799147353200E-016, 0.0000000000000000000, 1.000000000000000000 ) ) ;
#145 = DIRECTION ( 'NONE',  ( 0.0000000000000000000, -1.000000000000000000, 0.0000000000000000000 ) ) ;
#146 = DIRECTION ( 'NONE',  ( 0.0000000000000000000, 1.000000000000000000, 0.0000000000000000000 ) ) ;
#147 = DIRECTION ( 'NONE',  ( -1.000000000000000000, 0.0000000000000000000, 0.0000000000000000000 ) ) ;
#148 = CARTESIAN_POINT ( 'NONE',  ( -1.100000000000000500, -5.049999999999998900, 1.100000000000000500 ) ) ;
#149 = DIRECTION ( 'NONE',  ( 0.0000000000000000000, 1.000000000000000000, 0.0000000000000000000 ) ) ;
#150 = DIRECTION ( 'NONE',  ( -0.0000000000000000000, -1.000000000000000000, -0.0000000000000000000 ) ) ;
#151 = CARTESIAN_POINT ( 'NONE',  ( -1.100000000000000100, 4.709999999999999100, -1.100000000000000300 ) ) ;
#152 = DIRECTION ( 'NONE',  ( 1.000000000000000000, 0.0000000000000000000, 0.0000000000000000000 ) ) ;
#153 = DIRECTION ( 'NONE',  ( -0.0000000000000000000, 1.000000000000000000, -0.0000000000000000000 ) ) ;
#154 = CARTESIAN_POINT ( 'NONE',  ( -0.9250000000000004900, -3.449999999999999300, 0.9250000000000004900 ) ) ;
#155 = DIRECTION ( 'NONE',  ( -1.000000000000000000, 0.0000000000000000000, 0.0000000000000000000 ) ) ;
#156 = CARTESIAN_POINT ( 'NONE',  ( 1.224999999999997600, -3.449999999999999300, 1.100000000000001000 ) ) ;
#157 = DIRECTION ( 'NONE',  ( -0.0000000000000000000, 1.000000000000000000, -0.0000000000000000000 ) ) ;
#158 = DIRECTION ( 'NONE',  ( 0.0000000000000000000, 0.0000000000000000000, -1.000000000000000000 ) ) ;
#159 = CARTESIAN_POINT ( 'NONE',  ( -1.099999999999999900, 5.049999999999998900, -1.160000000000000800 ) ) ;
#160 = DIRECTION ( 'NONE',  ( -1.000000000000000000, 0.0000000000000000000, 0.0000000000000000000 ) ) ;
#161 = DIRECTION ( 'NONE',  ( -5.664403186863034400E-015, 0.0000000000000000000, 1.000000000000000000 ) ) ;
#162 = DIRECTION ( 'NONE',  ( -0.0000000000000000000, 1.000000000000000000, -0.0000000000000000000 ) ) ;
#163 = DIRECTION ( 'NONE',  ( 0.0000000000000000000, -1.000000000000000000, -0.0000000000000000000 ) ) ;
#164 = CARTESIAN_POINT ( 'NONE',  ( -0.9250000000000004900, -4.750000000000000000, 1.225000000000000300 ) ) ;
#165 = DIRECTION ( 'NONE',  ( -0.0000000000000000000, 1.000000000000000000, -0.0000000000000000000 ) ) ;
#166 = DIRECTION ( 'NONE',  ( 0.0000000000000000000, 1.000000000000000000, 0.0000000000000000000 ) ) ;
#167 = CARTESIAN_POINT ( 'NONE',  ( -1.225000000000000300, 3.449999999999999300, 1.100000000000000300 ) ) ;
#168 = CARTESIAN_POINT ( 'NONE',  ( 1.500000000000000400, -3.449999999999999300, -1.100000000000000300 ) ) ;
#169 = CARTESIAN_POINT ( 'NONE',  ( -0.8950000000000000200, -5.229999999999998600, 0.0000000000000000000 ) ) ;
#170 = CARTESIAN_POINT ( 'NONE',  ( -1.100000000000000300, 3.449999999999999300, 1.500000000000000200 ) ) ;
#171 = CARTESIAN_POINT ( 'NONE',  ( 1.099999999999999900, -5.049999999999998900, -1.160000000000000800 ) ) ;
#172 = DIRECTION ( 'NONE',  ( 0.0000000000000000000, 0.0000000000000000000, 1.000000000000000000 ) ) ;
#173 = CARTESIAN_POINT ( 'NONE',  ( 1.160000000000000100, -4.709999999999999100, 1.100000000000000300 ) ) ;
#174 = DIRECTION ( 'NONE',  ( -6.377659838150025700E-016, 6.377659838150025700E-016, -1.000000000000000000 ) ) ;
#175 = DIRECTION ( 'NONE',  ( 0.0000000000000000000, 1.000000000000000000, 0.0000000000000000000 ) ) ;
#176 = CARTESIAN_POINT ( 'NONE',  ( 1.160000000000000400, -4.709999999999999100, -1.100000000000000300 ) ) ;
#177 = DIRECTION ( 'NONE',  ( 0.0000000000000000000, -1.000000000000000000, -6.377659838150025700E-016 ) ) ;
#178 = CARTESIAN_POINT ( 'NONE',  ( 1.224999999999998800, -4.750000000000000000, 0.9250000000000022600 ) ) ;
#179 = CARTESIAN_POINT ( 'NONE',  ( -1.500000000000000400, 3.449999999999999300, 1.100000000000000100 ) ) ;
#180 = DIRECTION ( 'NONE',  ( -0.0000000000000000000, -1.000000000000000000, -0.0000000000000000000 ) ) ;
#181 = CARTESIAN_POINT ( 'NONE',  ( 1.160000000000000400, -5.049999999999998900, 1.100000000000000300 ) ) ;
#182 = CARTESIAN_POINT ( 'NONE',  ( 1.100000000000000100, -5.049999999999998900, -1.100000000000000300 ) ) ;
#183 = DIRECTION ( 'NONE',  ( -0.0000000000000000000, -1.000000000000000000, -0.0000000000000000000 ) ) ;
#184 = DIRECTION ( 'NONE',  ( -0.0000000000000000000, -0.0000000000000000000, 1.000000000000000000 ) ) ;
#185 = CARTESIAN_POINT ( 'NONE',  ( -1.160000000000000600, -5.049999999999998900, 1.100000000000000300 ) ) ;
#186 = DIRECTION ( 'NONE',  ( 0.0000000000000000000, 0.0000000000000000000, 1.000000000000000000 ) ) ;
#187 = DIRECTION ( 'NONE',  ( -1.000000000000000000, 0.0000000000000000000, 0.0000000000000000000 ) ) ;
#188 = DIRECTION ( 'NONE',  ( 0.0000000000000000000, 0.0000000000000000000, -1.000000000000000000 ) ) ;
#189 = CARTESIAN_POINT ( 'NONE',  ( -0.3811906968533948500, 5.099999999999998800, 4.668239667662590700E-017 ) ) ;
#190 = DIRECTION ( 'NONE',  ( 1.224646799147353200E-016, 0.0000000000000000000, 1.000000000000000000 ) ) ;
#191 = CARTESIAN_POINT ( 'NONE',  ( -1.225000000000000300, -4.750000000000000000, -0.9250000000000039300 ) ) ;
#192 = CARTESIAN_POINT ( 'NONE',  ( -1.500000000000000400, -3.449999999999999300, -1.100000000000000100 ) ) ;
#193 = DIRECTION ( 'NONE',  ( 0.0000000000000000000, -1.000000000000000000, -0.0000000000000000000 ) ) ;
#194 = DIRECTION ( 'NONE',  ( 0.0000000000000000000, 0.0000000000000000000, 1.000000000000000000 ) ) ;
#195 = DIRECTION ( 'NONE',  ( 1.000000000000000000, 0.0000000000000000000, -1.224646799147353200E-016 ) ) ;
#196 = CARTESIAN_POINT ( 'NONE',  ( 1.100000000000000300, 3.449999999999999300, -1.500000000000000000 ) ) ;
#197 = DIRECTION ( 'NONE',  ( 1.000000000000000000, 0.0000000000000000000, 9.856383386231860100E-017 ) ) ;
#198 = DIRECTION ( 'NONE',  ( -0.0000000000000000000, -1.000000000000000000, -0.0000000000000000000 ) ) ;
#199 = CARTESIAN_POINT ( 'NONE',  ( 1.100000000000000300, -4.709999999999999100, 1.160000000000000100 ) ) ;
#200 = DIRECTION ( 'NONE',  ( 1.000000000000000000, 0.0000000000000000000, 0.0000000000000000000 ) ) ;
#201 = DIRECTION ( 'NONE',  ( -0.0000000000000000000, -1.000000000000000000, -0.0000000000000000000 ) ) ;
#202 = CARTESIAN_POINT ( 'NONE',  ( -1.500000000000000400, 4.709999999999999100, 1.100000000000000100 ) ) ;
#203 = DIRECTION ( 'NONE',  ( -1.000000000000000000, 0.0000000000000000000, 0.0000000000000000000 ) ) ;
#204 = DIRECTION ( 'NONE',  ( 0.0000000000000000000, 1.000000000000000000, 0.0000000000000000000 ) ) ;
#205 = DIRECTION ( 'NONE',  ( -0.0000000000000000000, 1.000000000000000000, -0.0000000000000000000 ) ) ;
#206 = DIRECTION ( 'NONE',  ( 1.000000000000000000, 0.0000000000000000000, 0.0000000000000000000 ) ) ;
#207 = CARTESIAN_POINT ( 'NONE',  ( 0.8000000000000000400, -4.750000000000000000, 9.797174393178826200E-017 ) ) ;
#208 = DIRECTION ( 'NONE',  ( -1.000000000000000000, -0.0000000000000000000, -9.856383386231860100E-017 ) ) ;
#209 = CARTESIAN_POINT ( 'NONE',  ( -1.099999999999999400, 4.709999999999999100, -1.500000000000000900 ) ) ;
#210 = DIRECTION ( 'NONE',  ( 0.0000000000000000000, -1.000000000000000000, 0.0000000000000000000 ) ) ;
#211 = CARTESIAN_POINT ( 'NONE',  ( -0.8950000000000000200, -5.229999999999998600, 0.0000000000000000000 ) ) ;
#212 = CARTESIAN_POINT ( 'NONE',  ( -1.100000000000000500, -3.449999999999999300, 1.100000000000000500 ) ) ;
#213 = DIRECTION ( 'NONE',  ( 0.0000000000000000000, 1.000000000000000000, 0.0000000000000000000 ) ) ;
#214 = CARTESIAN_POINT ( 'NONE',  ( 1.500000000000000400, -3.449999999999999300, 1.100000000000000100 ) ) ;
#215 = CARTESIAN_POINT ( 'NONE',  ( -0.3811906968533948500, -5.449999999999999300, 0.0000000000000000000 ) ) ;
#216 = CARTESIAN_POINT ( 'NONE',  ( -0.9250000000000004900, -4.750000000000000000, -1.225000000000003900 ) ) ;
#217 = DIRECTION ( 'NONE',  ( -0.0000000000000000000, -1.000000000000000000, -0.0000000000000000000 ) ) ;
#218 = DIRECTION ( 'NONE',  ( 0.0000000000000000000, -1.000000000000000000, 0.0000000000000000000 ) ) ;
#219 = DIRECTION ( 'NONE',  ( 0.0000000000000000000, 1.000000000000000000, 0.0000000000000000000 ) ) ;
#220 = CARTESIAN_POINT ( 'NONE',  ( 0.0000000000000000000, 5.099999999999998800, 0.0000000000000000000 ) ) ;
#221 = DIRECTION ( 'NONE',  ( 0.0000000000000000000, -1.000000000000000000, -0.0000000000000000000 ) ) ;
#222 = DIRECTION ( 'NONE',  ( 0.0000000000000000000, -1.000000000000000000, -0.0000000000000000000 ) ) ;
#223 = DIRECTION ( 'NONE',  ( 1.000000000000000000, -0.0000000000000000000, -1.913297951445007900E-015 ) ) ;
#224 = CARTESIAN_POINT ( 'NONE',  ( 0.9249999999999987100, 3.449999999999999300, 0.9250000000000004900 ) ) ;
#225 = DIRECTION ( 'NONE',  ( -0.0000000000000000000, 1.000000000000000000, -0.0000000000000000000 ) ) ;
#226 = DIRECTION ( 'NONE',  ( 0.0000000000000000000, 1.000000000000000000, 0.0000000000000000000 ) ) ;
#227 = DIRECTION ( 'NONE',  ( 0.0000000000000000000, -1.000000000000000000, 0.0000000000000000000 ) ) ;
#228 = CARTESIAN_POINT ( 'NONE',  ( -1.100000000000000100, 3.449999999999999300, 1.100000000000000300 ) ) ;
#229 = DIRECTION ( 'NONE',  ( 0.0000000000000000000, 0.0000000000000000000, -1.000000000000000000 ) ) ;
#230 = CARTESIAN_POINT ( 'NONE',  ( 1.100000000000000300, -3.449999999999999300, 1.500000000000000200 ) ) ;
#231 = CARTESIAN_POINT ( 'NONE',  ( -0.8950000000000000200, 5.229999999999998600, 1.096058885236881000E-016 ) ) ;
#232 = DIRECTION ( 'NONE',  ( -0.0000000000000000000, -1.000000000000000000, -0.0000000000000000000 ) ) ;
#233 = DIRECTION ( 'NONE',  ( -1.000000000000000000, 0.0000000000000000000, 0.0000000000000000000 ) ) ;
#234 = DIRECTION ( 'NONE',  ( 1.000000000000000000, -0.0000000000000000000, -1.971276677246371300E-016 ) ) ;
#235 = CARTESIAN_POINT ( 'NONE',  ( 1.100000000000000100, -5.049999999999998900, 1.100000000000000300 ) ) ;
#236 = DIRECTION ( 'NONE',  ( 0.0000000000000000000, 0.0000000000000000000, -1.000000000000000000 ) ) ;
#237 = DIRECTION ( 'NONE',  ( 0.0000000000000000000, 0.0000000000000000000, -1.000000000000000000 ) ) ;
#238 = CARTESIAN_POINT ( 'NONE',  ( 0.0000000000000000000, 5.049999999999998900, 0.0000000000000000000 ) ) ;
#239 = CARTESIAN_POINT ( 'NONE',  ( -0.3499999999999996400, -5.150000000000000400, 0.0000000000000000000 ) ) ;
#240 = CARTESIAN_POINT ( 'NONE',  ( 1.100000000000000500, 4.709999999999999100, 1.160000000000000600 ) ) ;
#241 = DIRECTION ( 'NONE',  ( -1.913297951445007500E-015, 0.0000000000000000000, -1.000000000000000000 ) ) ;
#242 = DIRECTION ( 'NONE',  ( -1.000000000000000000, 0.0000000000000000000, -6.377659838150025700E-016 ) ) ;
#243 = DIRECTION ( 'NONE',  ( -6.377659838150025700E-016, 0.0000000000000000000, -1.000000000000000000 ) ) ;
#244 = CARTESIAN_POINT ( 'NONE',  ( -1.100000000000000100, 5.049999999999998900, 1.100000000000000300 ) ) ;
#245 = CARTESIAN_POINT ( 'NONE',  ( -1.100000000000000300, 3.449999999999999300, 1.500000000000000200 ) ) ;
#246 = DIRECTION ( 'NONE',  ( 0.0000000000000000000, 0.0000000000000000000, 1.000000000000000000 ) ) ;
#247 = PLANE ( 'NONE',  #789 ) ;
#248 = DIRECTION ( 'NONE',  ( 0.0000000000000000000, 1.000000000000000000, 0.0000000000000000000 ) ) ;
#249 = DIRECTION ( 'NONE',  ( 0.0000000000000000000, 1.000000000000000000, 0.0000000000000000000 ) ) ;
#250 = DIRECTION ( 'NONE',  ( -1.000000000000000000, 0.0000000000000000000, 0.0000000000000000000 ) ) ;
#251 = DIRECTION ( 'NONE',  ( -1.000000000000000000, 0.0000000000000000000, 0.0000000000000000000 ) ) ;
#252 = CARTESIAN_POINT ( 'NONE',  ( -1.100000000000000500, -3.449999999999999300, 1.100000000000000500 ) ) ;
#253 = CARTESIAN_POINT ( 'NONE',  ( 0.0000000000000000000, 5.099999999999998800, 0.0000000000000000000 ) ) ;
#254 = DIRECTION ( 'NONE',  ( 0.0000000000000000000, -1.000000000000000000, 0.0000000000000000000 ) ) ;
#255 = DIRECTION ( 'NONE',  ( -0.0000000000000000000, 1.000000000000000000, -0.0000000000000000000 ) ) ;
#256 = DIRECTION ( 'NONE',  ( 0.0000000000000000000, 0.0000000000000000000, 1.000000000000000000 ) ) ;
#257 = DIRECTION ( 'NONE',  ( 0.0000000000000000000, 1.000000000000000000, 0.0000000000000000000 ) ) ;
#258 = CARTESIAN_POINT ( 'NONE',  ( 1.099999999999999400, -4.709999999999999100, -1.160000000000000800 ) ) ;
#259 = DIRECTION ( 'NONE',  ( -1.000000000000000000, 0.0000000000000000000, 0.0000000000000000000 ) ) ;
#260 = DIRECTION ( 'NONE',  ( 0.0000000000000000000, -1.000000000000000000, 0.0000000000000000000 ) ) ;
#261 = PLANE ( 'NONE',  #767 ) ;
#262 = CARTESIAN_POINT ( 'NONE',  ( 1.224999999999997000, -4.750000000000000000, 1.225000000000000300 ) ) ;
#263 = CARTESIAN_POINT ( 'NONE',  ( 1.100000000000000100, -5.049999999999998900, 1.100000000000000300 ) ) ;
#264 = DIRECTION ( 'NONE',  ( 0.0000000000000000000, 0.0000000000000000000, -1.000000000000000000 ) ) ;
#265 = PLANE ( 'NONE',  #778 ) ;
#266 = DIRECTION ( 'NONE',  ( 0.0000000000000000000, 1.000000000000000000, 0.0000000000000000000 ) ) ;
#267 = CARTESIAN_POINT ( 'NONE',  ( 0.0000000000000000000, 5.229999999999998600, 0.0000000000000000000 ) ) ;
#268 = DIRECTION ( 'NONE',  ( 0.0000000000000000000, 0.0000000000000000000, -1.000000000000000000 ) ) ;
#269 = DIRECTION ( 'NONE',  ( 1.000000000000000000, 0.0000000000000000000, 0.0000000000000000000 ) ) ;
#270 = DIRECTION ( 'NONE',  ( -1.224646799147353200E-016, 0.0000000000000000000, 1.000000000000000000 ) ) ;
#271 = DIRECTION ( 'NONE',  ( -1.000000000000000000, 0.0000000000000000000, 0.0000000000000000000 ) ) ;
#272 = CARTESIAN_POINT ( 'NONE',  ( 0.0000000000000000000, -5.229999999999998600, 0.0000000000000000000 ) ) ;
#273 = DIRECTION ( 'NONE',  ( 1.000000000000000000, 0.0000000000000000000, 0.0000000000000000000 ) ) ;
#274 = DIRECTION ( 'NONE',  ( 0.0000000000000000000, 1.000000000000000000, 0.0000000000000000000 ) ) ;
#275 = CARTESIAN_POINT ( 'NONE',  ( 1.500000000000000400, 3.449999999999999300, 1.100000000000000100 ) ) ;
#276 = DIRECTION ( 'NONE',  ( 0.0000000000000000000, 0.0000000000000000000, 1.000000000000000000 ) ) ;
#277 = CARTESIAN_POINT ( 'NONE',  ( 1.100000000000000100, -3.449999999999999300, 1.100000000000000300 ) ) ;
#278 = DIRECTION ( 'NONE',  ( 0.0000000000000000000, 1.000000000000000000, 0.0000000000000000000 ) ) ;
#279 = DIRECTION ( 'NONE',  ( -1.000000000000000000, 0.0000000000000000000, 0.0000000000000000000 ) ) ;
#280 = DIRECTION ( 'NONE',  ( 0.0000000000000000000, -1.000000000000000000, -0.0000000000000000000 ) ) ;
#281 = CARTESIAN_POINT ( 'NONE',  ( -1.225000000000000300, -4.750000000000000000, -1.225000000000003900 ) ) ;
#282 = CARTESIAN_POINT ( 'NONE',  ( -1.160000000000000400, -4.709999999999999100, -1.100000000000000100 ) ) ;
#283 = DIRECTION ( 'NONE',  ( 0.0000000000000000000, 0.0000000000000000000, -1.000000000000000000 ) ) ;
#284 = DIRECTION ( 'NONE',  ( 0.0000000000000000000, 1.000000000000000000, 0.0000000000000000000 ) ) ;
#285 = DIRECTION ( 'NONE',  ( 1.000000000000000000, 0.0000000000000000000, 0.0000000000000000000 ) ) ;
#286 = DIRECTION ( 'NONE',  ( 1.000000000000000000, 0.0000000000000000000, -1.971276677246371500E-016 ) ) ;
#287 = CARTESIAN_POINT ( 'NONE',  ( 1.100000000000000100, -3.449999999999999300, 1.100000000000000300 ) ) ;
#288 = CARTESIAN_POINT ( 'NONE',  ( -1.500000000000000400, 3.449999999999999300, 1.100000000000000100 ) ) ;
#289 = PLANE ( 'NONE',  #782 ) ;
#290 = DIRECTION ( 'NONE',  ( 0.0000000000000000000, 1.000000000000000000, 0.0000000000000000000 ) ) ;
#291 = CARTESIAN_POINT ( 'NONE',  ( 0.9250000000000091500, -3.449999999999999300, -0.9250000000000039300 ) ) ;
#292 = CARTESIAN_POINT ( 'NONE',  ( 0.0000000000000000000, -5.229999999999998600, 0.0000000000000000000 ) ) ;
#293 = DIRECTION ( 'NONE',  ( -0.0000000000000000000, -0.0000000000000000000, 1.000000000000000000 ) ) ;
#294 = DIRECTION ( 'NONE',  ( 0.0000000000000000000, 1.000000000000000000, 0.0000000000000000000 ) ) ;
#295 = CARTESIAN_POINT ( 'NONE',  ( 1.500000000000000400, -3.449999999999999300, 1.100000000000000100 ) ) ;
#296 = DIRECTION ( 'NONE',  ( -0.0000000000000000000, 1.000000000000000000, -0.0000000000000000000 ) ) ;
#297 = DIRECTION ( 'NONE',  ( 1.000000000000000000, 0.0000000000000000000, 0.0000000000000000000 ) ) ;
#298 = CARTESIAN_POINT ( 'NONE',  ( 1.099999999999999400, -3.449999999999999300, -1.500000000000000900 ) ) ;
#299 = CARTESIAN_POINT ( 'NONE',  ( 1.224999999999998100, 3.449999999999999300, 1.100000000000013400 ) ) ;
#300 = DIRECTION ( 'NONE',  ( -1.000000000000000000, 0.0000000000000000000, 0.0000000000000000000 ) ) ;
#301 = CARTESIAN_POINT ( 'NONE',  ( 1.099999999999999400, -3.449999999999999300, -1.500000000000000900 ) ) ;
#302 = CARTESIAN_POINT ( 'NONE',  ( 1.500000000000000400, 4.709999999999999100, -1.100000000000000100 ) ) ;
#303 = DIRECTION ( 'NONE',  ( -1.000000000000000000, 0.0000000000000000000, 0.0000000000000000000 ) ) ;
#304 = DIRECTION ( 'NONE',  ( -1.000000000000000000, 0.0000000000000000000, 0.0000000000000000000 ) ) ;
#305 = CARTESIAN_POINT ( 'NONE',  ( -1.100000000000000500, -4.709999999999999100, 1.100000000000000500 ) ) ;
#306 = CARTESIAN_POINT ( 'NONE',  ( 0.0000000000000000000, -5.150000000000000400, 0.0000000000000000000 ) ) ;
#307 = DIRECTION ( 'NONE',  ( 0.0000000000000000000, 1.000000000000000000, 0.0000000000000000000 ) ) ;
#308 = CARTESIAN_POINT ( 'NONE',  ( -1.100000000000000500, -4.709999999999999100, 1.160000000000000600 ) ) ;
#309 = CARTESIAN_POINT ( 'NONE',  ( 1.100000000000000100, -3.449999999999999300, -1.100000000000000300 ) ) ;
#310 = DIRECTION ( 'NONE',  ( 1.000000000000000000, 0.0000000000000000000, 0.0000000000000000000 ) ) ;
#311 = DIRECTION ( 'NONE',  ( 1.000000000000000000, 0.0000000000000000000, 0.0000000000000000000 ) ) ;
#312 = DIRECTION ( 'NONE',  ( -1.000000000000000000, 0.0000000000000000000, -1.971276677246371300E-016 ) ) ;
#313 = CARTESIAN_POINT ( 'NONE',  ( 1.100000000000000300, -4.709999999999999100, 1.160000000000000100 ) ) ;
#314 = CARTESIAN_POINT ( 'NONE',  ( -1.100000000000001000, -4.709999999999999100, -1.100000000000000100 ) ) ;
#315 = CARTESIAN_POINT ( 'NONE',  ( -0.9250000000000004900, -4.750000000000000000, 0.9250000000000004900 ) ) ;
#316 = DIRECTION ( 'NONE',  ( 0.0000000000000000000, -1.000000000000000000, 0.0000000000000000000 ) ) ;
#317 = PLANE ( 'NONE',  #788 ) ;
#318 = PLANE ( 'NONE',  #873 ) ;
#319 = DIRECTION ( 'NONE',  ( -1.000000000000000000, 0.0000000000000000000, 0.0000000000000000000 ) ) ;
#320 = DIRECTION ( 'NONE',  ( 0.0000000000000000000, -1.000000000000000000, 0.0000000000000000000 ) ) ;
#321 = DIRECTION ( 'NONE',  ( -1.000000000000000000, 0.0000000000000000000, 0.0000000000000000000 ) ) ;
#322 = DIRECTION ( 'NONE',  ( 1.000000000000000000, 0.0000000000000000000, 1.224646799147353000E-016 ) ) ;
#323 = CARTESIAN_POINT ( 'NONE',  ( 0.0000000000000000000, 5.229999999999998600, 0.0000000000000000000 ) ) ;
#324 = DIRECTION ( 'NONE',  ( 0.0000000000000000000, 0.0000000000000000000, -1.000000000000000000 ) ) ;
#325 = DIRECTION ( 'NONE',  ( 0.0000000000000000000, 1.000000000000000000, 0.0000000000000000000 ) ) ;
#326 = DIRECTION ( 'NONE',  ( 0.0000000000000000000, 0.0000000000000000000, 1.000000000000000000 ) ) ;
#327 = DIRECTION ( 'NONE',  ( 0.0000000000000000000, 0.0000000000000000000, 1.000000000000000000 ) ) ;
#328 = DIRECTION ( 'NONE',  ( 0.0000000000000000000, 1.000000000000000000, 0.0000000000000000000 ) ) ;
#329 = CARTESIAN_POINT ( 'NONE',  ( 0.0000000000000000000, -5.099999999999998800, 0.0000000000000000000 ) ) ;
#330 = DIRECTION ( 'NONE',  ( -0.0000000000000000000, 1.000000000000000000, -0.0000000000000000000 ) ) ;
#331 = DIRECTION ( 'NONE',  ( -1.000000000000000000, 0.0000000000000000000, 0.0000000000000000000 ) ) ;
#332 = DIRECTION ( 'NONE',  ( 0.0000000000000000000, 1.000000000000000000, 0.0000000000000000000 ) ) ;
#333 = DIRECTION ( 'NONE',  ( 1.000000000000000000, 0.0000000000000000000, 0.0000000000000000000 ) ) ;
#334 = CARTESIAN_POINT ( 'NONE',  ( 0.0000000000000000000, -5.229999999999998600, 0.0000000000000000000 ) ) ;
#335 = DIRECTION ( 'NONE',  ( 1.000000000000000000, 0.0000000000000000000, 0.0000000000000000000 ) ) ;
#336 = DIRECTION ( 'NONE',  ( -1.000000000000000000, 0.0000000000000000000, 9.856383386231860100E-017 ) ) ;
#337 = CARTESIAN_POINT ( 'NONE',  ( -0.9250000000000004900, -4.750000000000000000, -0.9250000000000039300 ) ) ;
#338 = CARTESIAN_POINT ( 'NONE',  ( 0.0000000000000000000, 5.229999999999998600, 0.0000000000000000000 ) ) ;
#339 = CARTESIAN_POINT ( 'NONE',  ( 0.9250000000000091500, -4.750000000000000000, -1.225000000000003900 ) ) ;
#340 = CARTESIAN_POINT ( 'NONE',  ( -1.160000000000000400, 4.709999999999999100, -1.100000000000000300 ) ) ;
#341 = CARTESIAN_POINT ( 'NONE',  ( 0.0000000000000000000, -5.049999999999998900, 0.0000000000000000000 ) ) ;
#342 = DIRECTION ( 'NONE',  ( -1.000000000000000000, 0.0000000000000000000, 0.0000000000000000000 ) ) ;
#343 = DIRECTION ( 'NONE',  ( 0.0000000000000000000, -1.000000000000000000, 0.0000000000000000000 ) ) ;
#344 = DIRECTION ( 'NONE',  ( -1.000000000000000000, 0.0000000000000000000, 0.0000000000000000000 ) ) ;
#345 = CARTESIAN_POINT ( 'NONE',  ( 1.500000000000000400, 3.449999999999999300, 1.100000000000000100 ) ) ;
#346 = DIRECTION ( 'NONE',  ( 1.000000000000000000, 0.0000000000000000000, 0.0000000000000000000 ) ) ;
#347 = DIRECTION ( 'NONE',  ( 0.0000000000000000000, 0.0000000000000000000, 1.000000000000000000 ) ) ;
#348 = DIRECTION ( 'NONE',  ( 1.000000000000000000, 0.0000000000000000000, 0.0000000000000000000 ) ) ;
#349 = DIRECTION ( 'NONE',  ( -1.000000000000000000, 0.0000000000000000000, 0.0000000000000000000 ) ) ;
#350 = DIRECTION ( 'NONE',  ( 0.0000000000000000000, 1.000000000000000000, 0.0000000000000000000 ) ) ;
#351 = CARTESIAN_POINT ( 'NONE',  ( -1.225000000000000300, -4.750000000000000000, 1.225000000000000300 ) ) ;
#352 = DIRECTION ( 'NONE',  ( 5.664403186863034400E-015, 0.0000000000000000000, -1.000000000000000000 ) ) ;
#353 = DIRECTION ( 'NONE',  ( 0.0000000000000000000, 1.000000000000000000, 0.0000000000000000000 ) ) ;
#354 = DIRECTION ( 'NONE',  ( 1.000000000000000000, 0.0000000000000000000, 0.0000000000000000000 ) ) ;
#355 = DIRECTION ( 'NONE',  ( -1.000000000000000000, 0.0000000000000000000, 0.0000000000000000000 ) ) ;
#356 = CARTESIAN_POINT ( 'NONE',  ( 0.9250000000000091500, -4.750000000000000000, -0.9250000000000039300 ) ) ;
#357 = CARTESIAN_POINT ( 'NONE',  ( 0.0000000000000000000, -4.750000000000000000, 0.0000000000000000000 ) ) ;
#358 = DIRECTION ( 'NONE',  ( 0.0000000000000000000, -1.000000000000000000, 0.0000000000000000000 ) ) ;
#359 = DIRECTION ( 'NONE',  ( 0.0000000000000000000, -1.000000000000000000, -0.0000000000000000000 ) ) ;
#360 = CARTESIAN_POINT ( 'NONE',  ( -1.100000000000001000, -3.449999999999999300, -1.100000000000000100 ) ) ;
#361 = DIRECTION ( 'NONE',  ( 0.0000000000000000000, 0.0000000000000000000, -1.000000000000000000 ) ) ;
#362 = DIRECTION ( 'NONE',  ( -1.000000000000000000, 0.0000000000000000000, 0.0000000000000000000 ) ) ;
#363 = CARTESIAN_POINT ( 'NONE',  ( 0.0000000000000000000, -4.823336748648220200, 0.0000000000000000000 ) ) ;
#364 = CARTESIAN_POINT ( 'NONE',  ( -1.100000000000000100, 3.449999999999999300, 1.225000000000000300 ) ) ;
#365 = CARTESIAN_POINT ( 'NONE',  ( 1.100000000000000100, -3.449999999999999300, -1.100000000000000300 ) ) ;
#366 = DIRECTION ( 'NONE',  ( 5.664403186863034400E-015, 0.0000000000000000000, -1.000000000000000000 ) ) ;
#367 = CARTESIAN_POINT ( 'NONE',  ( 0.9249999999999987100, -4.750000000000000000, 0.9250000000000004900 ) ) ;
#368 = DIRECTION ( 'NONE',  ( -1.000000000000000000, -0.0000000000000000000, -5.664403186863034400E-015 ) ) ;
#369 = CARTESIAN_POINT ( 'NONE',  ( 1.100000000000000100, -4.709999999999999100, 1.100000000000000300 ) ) ;
#370 = DIRECTION ( 'NONE',  ( 1.000000000000000000, 0.0000000000000000000, 0.0000000000000000000 ) ) ;
#371 = DIRECTION ( 'NONE',  ( 1.000000000000000000, -0.0000000000000000000, -9.856383386231860100E-017 ) ) ;
#372 = CARTESIAN_POINT ( 'NONE',  ( -1.100000000000000100, 4.709999999999999100, 1.100000000000000300 ) ) ;
#373 = DIRECTION ( 'NONE',  ( 1.000000000000000000, 0.0000000000000000000, 0.0000000000000000000 ) ) ;
#374 = DIRECTION ( 'NONE',  ( -0.0000000000000000000, 1.000000000000000000, -0.0000000000000000000 ) ) ;
#375 = DIRECTION ( 'NONE',  ( 0.0000000000000000000, -1.000000000000000000, 0.0000000000000000000 ) ) ;
#376 = DIRECTION ( 'NONE',  ( 1.000000000000000000, 0.0000000000000000000, 0.0000000000000000000 ) ) ;
#377 = CARTESIAN_POINT ( 'NONE',  ( 1.100000000000000500, 5.049999999999998900, 1.100000000000000500 ) ) ;
#378 = DIRECTION ( 'NONE',  ( -0.0000000000000000000, 1.000000000000000000, -0.0000000000000000000 ) ) ;
#379 = CARTESIAN_POINT ( 'NONE',  ( -1.100000000000000300, 4.709999999999999100, 1.160000000000000100 ) ) ;
#380 = DIRECTION ( 'NONE',  ( -1.000000000000000000, 0.0000000000000000000, 0.0000000000000000000 ) ) ;
#381 = DIRECTION ( 'NONE',  ( 0.0000000000000000000, -1.000000000000000000, 0.0000000000000000000 ) ) ;
#382 = DIRECTION ( 'NONE',  ( 0.0000000000000000000, 0.0000000000000000000, 1.000000000000000000 ) ) ;
#383 = DIRECTION ( 'NONE',  ( -1.000000000000000000, 0.0000000000000000000, 0.0000000000000000000 ) ) ;
#384 = DIRECTION ( 'NONE',  ( 1.000000000000000000, 0.0000000000000000000, 0.0000000000000000000 ) ) ;
#385 = DIRECTION ( 'NONE',  ( 0.0000000000000000000, -1.000000000000000000, 0.0000000000000000000 ) ) ;
#386 = CARTESIAN_POINT ( 'NONE',  ( 1.100000000000001000, 4.709999999999999100, -1.100000000000000100 ) ) ;
#387 = CARTESIAN_POINT ( 'NONE',  ( -1.100000000000001000, -3.449999999999999300, -1.100000000000000100 ) ) ;
#388 = DIRECTION ( 'NONE',  ( 1.000000000000000000, 0.0000000000000000000, 0.0000000000000000000 ) ) ;
#389 = DIRECTION ( 'NONE',  ( 0.0000000000000000000, -1.000000000000000000, 0.0000000000000000000 ) ) ;
#390 = CARTESIAN_POINT ( 'NONE',  ( 0.9250000000000091500, 3.449999999999999300, -0.9250000000000039300 ) ) ;
#391 = CARTESIAN_POINT ( 'NONE',  ( 1.100000000000000100, -4.709999999999999100, -1.160000000000000800 ) ) ;
#392 = CARTESIAN_POINT ( 'NONE',  ( 1.500000000000000400, -3.449999999999999300, 1.100000000000000100 ) ) ;
#393 = DIRECTION ( 'NONE',  ( 1.000000000000000000, 0.0000000000000000000, 0.0000000000000000000 ) ) ;
#394 = DIRECTION ( 'NONE',  ( 6.377659838150025700E-016, 0.0000000000000000000, -1.000000000000000000 ) ) ;
#395 = DIRECTION ( 'NONE',  ( -0.0000000000000000000, -0.0000000000000000000, -1.000000000000000000 ) ) ;
#396 = CARTESIAN_POINT ( 'NONE',  ( 0.3811906968533948500, -5.099999999999998800, 4.668239667662590700E-017 ) ) ;
#397 = CARTESIAN_POINT ( 'NONE',  ( 1.160000000000000600, 5.049999999999998900, 1.100000000000000300 ) ) ;
#398 = DIRECTION ( 'NONE',  ( -1.224646799147353200E-016, 0.0000000000000000000, 1.000000000000000000 ) ) ;
#399 = CIRCLE ( 'NONE', #798, 0.3999999999999999700 ) ;
#400 = VECTOR ( 'NONE', #709, 1000.000000000000000 ) ;
#401 = LINE ( 'NONE', #698, #428 ) ;
#402 = VECTOR ( 'NONE', #666, 1000.000000000000000 ) ;
#403 = LINE ( 'NONE', #181, #496 ) ;
#404 = CIRCLE ( 'NONE', #832, 0.3811906968533948500 ) ;
#405 = CIRCLE ( 'NONE', #799, 0.8000000000000000400 ) ;
#406 = VECTOR ( 'NONE', #742, 1000.000000000000000 ) ;
#407 = CIRCLE ( 'NONE', #852, 0.3400000000000000200 ) ;
#408 = CIRCLE ( 'NONE', #851, 0.8000000000000000400 ) ;
#409 = CIRCLE ( 'NONE', #857, 0.06000000000000037200 ) ;
#410 = CIRCLE ( 'NONE', #794, 0.2999999999999999300 ) ;
#411 = LINE ( 'NONE', #699, #440 ) ;
#412 = LINE ( 'NONE', #216, #515 ) ;
#413 = VECTOR ( 'NONE', #545, 1000.000000000000000 ) ;
#414 = VECTOR ( 'NONE', #326, 1000.000000000000000 ) ;
#415 = VECTOR ( 'NONE', #217, 1000.000000000000000 ) ;
#416 = LINE ( 'NONE', #275, #414 ) ;
#417 = CIRCLE ( 'NONE', #822, 0.6800000000000000500 ) ;
#418 = CIRCLE ( 'NONE', #858, 0.3999999999999999700 ) ;
#419 = CIRCLE ( 'NONE', #862, 0.3400000000000000200 ) ;
#420 = CIRCLE ( 'NONE', #844, 0.2999999999999999300 ) ;
#421 = CIRCLE ( 'NONE', #840, 0.3999999999999999700 ) ;
#422 = CIRCLE ( 'NONE', #841, 0.8950000000000000200 ) ;
#423 = LINE ( 'NONE', #164, #425 ) ;
#424 = CIRCLE ( 'NONE', #827, 0.7204987272332283900 ) ;
#425 = VECTOR ( 'NONE', #198, 1000.000000000000000 ) ;
#426 = LINE ( 'NONE', #541, #432 ) ;
#427 = CIRCLE ( 'NONE', #871, 0.4000000000000005200 ) ;
#428 = VECTOR ( 'NONE', #696, 1000.000000000000000 ) ;
#429 = LINE ( 'NONE', #550, #435 ) ;
#430 = CIRCLE ( 'NONE', #859, 0.4000000000000001900 ) ;
#431 = VECTOR ( 'NONE', #536, 1000.000000000000000 ) ;
#432 = VECTOR ( 'NONE', #547, 1000.000000000000000 ) ;
#433 = CIRCLE ( 'NONE', #843, 0.3500000000000000300 ) ;
#434 = LINE ( 'NONE', #753, #480 ) ;
#435 = VECTOR ( 'NONE', #546, 1000.000000000000000 ) ;
#436 = LINE ( 'NONE', #651, #438 ) ;
#437 = CIRCLE ( 'NONE', #795, 0.3499999999999996400 ) ;
#438 = VECTOR ( 'NONE', #653, 1000.000000000000000 ) ;
#439 = CIRCLE ( 'NONE', #846, 0.3400000000000000200 ) ;
#440 = VECTOR ( 'NONE', #697, 1000.000000000000000 ) ;
#441 = PRESENTATION_STYLE_ASSIGNMENT (( #1665 ) ) ;
#442 = VECTOR ( 'NONE', #695, 1000.000000000000000 ) ;
#443 = CIRCLE ( 'NONE', #848, 0.8950000000000000200 ) ;
#444 = LINE ( 'NONE', #690, #494 ) ;
#445 = CIRCLE ( 'NONE', #847, 0.3400000000000000200 ) ;
#446 = VECTOR ( 'NONE', #704, 1000.000000000000000 ) ;
#447 = LINE ( 'NONE', #689, #442 ) ;
#448 = LINE ( 'NONE', #531, #400 ) ;
#449 = LINE ( 'NONE', #707, #452 ) ;
#450 = VECTOR ( 'NONE', #683, 1000.000000000000000 ) ;
#451 = CIRCLE ( 'NONE', #838, 0.3400000000000000200 ) ;
#452 = VECTOR ( 'NONE', #530, 1000.000000000000000 ) ;
#453 = LINE ( 'NONE', #687, #527 ) ;
#454 = FACE_OUTER_BOUND ( 'NONE', #1275, .T. ) ;
#455 = CYLINDRICAL_SURFACE ( 'NONE', #1450, 0.3400000000000000200 ) ;
#456 = FACE_OUTER_BOUND ( 'NONE', #1073, .T. ) ;
#457 = FACE_OUTER_BOUND ( 'NONE', #995, .T. ) ;
#458 = FACE_OUTER_BOUND ( 'NONE', #1312, .T. ) ;
#459 = SHAPE_DEFINITION_REPRESENTATION ( #2, #1711 ) ;
#460 = FACE_OUTER_BOUND ( 'NONE', #955, .T. ) ;
#461 = CYLINDRICAL_SURFACE ( 'NONE', #1449, 0.3400000000000000200 ) ;
#462 = CIRCLE ( 'NONE', #765, 0.3400000000000000200 ) ;
#463 = CYLINDRICAL_SURFACE ( 'NONE', #1456, 0.3400000000000000200 ) ;
#464 = PRESENTATION_STYLE_ASSIGNMENT (( #619 ) ) ;
#465 = SURFACE_STYLE_FILL_AREA ( #1631 ) ;
#466 = CIRCLE ( 'NONE', #766, 0.3400000000000000200 ) ;
#467 = TOROIDAL_SURFACE ( 'NONE', #1439, 0.8950000000000000200, 0.1799999999999999900 ) ;
#468 = FACE_OUTER_BOUND ( 'NONE', #1109, .T. ) ;
#469 = CYLINDRICAL_SURFACE ( 'NONE', #1447, 0.4000000000000000800 ) ;
#470 = FACE_OUTER_BOUND ( 'NONE', #992, .T. ) ;
#471 = FACE_OUTER_BOUND ( 'NONE', #1066, .T. ) ;
#472 = CYLINDRICAL_SURFACE ( 'NONE', #1463, 0.3400000000000000200 ) ;
#473 = FACE_OUTER_BOUND ( 'NONE', #963, .T. ) ;
#474 = FACE_BOUND ( 'NONE', #1320, .T. ) ;
#475 = LINE ( 'NONE', #694, #450 ) ;
#476 = CIRCLE ( 'NONE', #860, 0.3999999999999999700 ) ;
#477 = CIRCLE ( 'NONE', #776, 0.3811906968533948500 ) ;
#478 = TOROIDAL_SURFACE ( 'NONE', #1438, 0.06000000000000004600, 0.3400000000000000200 ) ;
#479 = COLOUR_RGB ( '',0.7529411764705882200, 0.7529411764705882200, 0.7529411764705882200 ) ;
#480 = VECTOR ( 'NONE', #730, 1000.000000000000000 ) ;
#481 = FACE_OUTER_BOUND ( 'NONE', #987, .T. ) ;
#482 = FACE_OUTER_BOUND ( 'NONE', #1052, .T. ) ;
#483 = FACE_OUTER_BOUND ( 'NONE', #1076, .T. ) ;
#484 = TOROIDAL_SURFACE ( 'NONE', #1440, 0.8950000000000000200, 0.1799999999999999900 ) ;
#485 = FACE_OUTER_BOUND ( 'NONE', #1250, .T. ) ;
#486 = FACE_OUTER_BOUND ( 'NONE', #1101, .T. ) ;
#487 = CYLINDRICAL_SURFACE ( 'NONE', #1458, 0.3400000000000000200 ) ;
#488 = FACE_OUTER_BOUND ( 'NONE', #984, .T. ) ;
#489 = TOROIDAL_SURFACE ( 'NONE', #1455, 0.06000000000000048400, 0.3400000000000000200 ) ;
#490 = FACE_OUTER_BOUND ( 'NONE', #1411, .T. ) ;
#491 = TOROIDAL_SURFACE ( 'NONE', #1453, 0.06000000000000004600, 0.3400000000000000200 ) ;
#492 = FACE_OUTER_BOUND ( 'NONE', #1238, .T. ) ;
#493 = LINE ( 'NONE', #665, #446 ) ;
#494 = VECTOR ( 'NONE', #688, 1000.000000000000000 ) ;
#495 = TOROIDAL_SURFACE ( 'NONE', #1441, 0.06000000000000015700, 0.3400000000000000200 ) ;
#496 = VECTOR ( 'NONE', #184, 1000.000000000000000 ) ;
#497 = CIRCLE ( 'NONE', #845, 0.4000000000000000800 ) ;
#498 = LINE ( 'NONE', #663, #402 ) ;
#499 = LINE ( 'NONE', #538, #521 ) ;
#500 = FACE_OUTER_BOUND ( 'NONE', #1038, .T. ) ;
#501 = CIRCLE ( 'NONE', #836, 0.7204987272332283900 ) ;
#502 = CIRCLE ( 'NONE', #826, 0.7204987272332283900 ) ;
#503 = CIRCLE ( 'NONE', #861, 0.8000000000000000400 ) ;
#504 = CIRCLE ( 'NONE', #835, 0.6800000000000000500 ) ;
#505 = FACE_OUTER_BOUND ( 'NONE', #1048, .T. ) ;
#506 = TOROIDAL_SURFACE ( 'NONE', #1452, 0.06000000000000048400, 0.3400000000000000200 ) ;
#507 = CIRCLE ( 'NONE', #842, 0.3400000000000000200 ) ;
#508 = CIRCLE ( 'NONE', #802, 0.3400000000000000200 ) ;
#509 = LINE ( 'NONE', #749, #406 ) ;
#510 = SURFACE_STYLE_FILL_AREA ( #625 ) ;
#511 = COLOUR_RGB ( '',0.7529411764705882200, 0.7529411764705882200, 0.7529411764705882200 ) ;
#512 = CIRCLE ( 'NONE', #830, 0.3499999999999999800 ) ;
#513 = CIRCLE ( 'NONE', #834, 0.2999999999999999300 ) ;
#514 = LINE ( 'NONE', #544, #431 ) ;
#515 = VECTOR ( 'NONE', #219, 1000.000000000000000 ) ;
#516 = VECTOR ( 'NONE', #603, 1000.000000000000000 ) ;
#517 = LINE ( 'NONE', #339, #415 ) ;
#518 = CIRCLE ( 'NONE', #833, 0.8950000000000000200 ) ;
#519 = LINE ( 'NONE', #563, #413 ) ;
#520 = VECTOR ( 'NONE', #86, 1000.000000000000000 ) ;
#521 = VECTOR ( 'NONE', #578, 1000.000000000000000 ) ;
#522 = LINE ( 'NONE', #579, #516 ) ;
#523 = CIRCLE ( 'NONE', #837, 0.2999999999999999300 ) ;
#524 = CIRCLE ( 'NONE', #839, 0.6800000000000000500 ) ;
#525 = CIRCLE ( 'NONE', #855, 0.3499999999999996400 ) ;
#526 = CIRCLE ( 'NONE', #810, 0.4000000000000004100 ) ;
#527 = VECTOR ( 'NONE', #675, 1000.000000000000000 ) ;
#528 = LINE ( 'NONE', #83, #520 ) ;
#529 = DIRECTION ( 'NONE',  ( -0.0000000000000000000, 1.000000000000000000, -0.0000000000000000000 ) ) ;
#530 = DIRECTION ( 'NONE',  ( 0.0000000000000000000, 0.0000000000000000000, -1.000000000000000000 ) ) ;
#531 = CARTESIAN_POINT ( 'NONE',  ( -1.100000000000000300, -3.449999999999999300, 1.500000000000000700 ) ) ;
#532 = CARTESIAN_POINT ( 'NONE',  ( -1.100000000000000300, -4.709999999999999100, -1.159999999999999900 ) ) ;
#533 = DIRECTION ( 'NONE',  ( 0.0000000000000000000, 0.0000000000000000000, 1.000000000000000000 ) ) ;
#534 = DIRECTION ( 'NONE',  ( 0.0000000000000000000, 1.000000000000000000, 0.0000000000000000000 ) ) ;
#535 = CARTESIAN_POINT ( 'NONE',  ( 0.0000000000000000000, -5.449999999999999300, 0.0000000000000000000 ) ) ;
#536 = DIRECTION ( 'NONE',  ( 1.000000000000000000, 0.0000000000000000000, 0.0000000000000000000 ) ) ;
#537 = DIRECTION ( 'NONE',  ( 0.0000000000000000000, 1.000000000000000000, 0.0000000000000000000 ) ) ;
#538 = CARTESIAN_POINT ( 'NONE',  ( -1.500000000000000400, 3.449999999999999300, -1.100000000000000300 ) ) ;
#539 = PLANE ( 'NONE',  #1454 ) ;
#540 = CARTESIAN_POINT ( 'NONE',  ( 0.3811906968533948500, -5.449999999999999300, 6.745902134310871700E-017 ) ) ;
#541 = CARTESIAN_POINT ( 'NONE',  ( -1.100000000000000300, 4.709999999999999100, 1.500000000000000200 ) ) ;
#542 = CARTESIAN_POINT ( 'NONE',  ( 0.0000000000000000000, 4.823336748648220200, 0.0000000000000000000 ) ) ;
#543 = CARTESIAN_POINT ( 'NONE',  ( 0.9249999999999987100, -3.449999999999999300, 1.225000000000000300 ) ) ;
#544 = CARTESIAN_POINT ( 'NONE',  ( 1.100000000000000100, -3.449999999999999300, -1.225000000000003900 ) ) ;
#545 = DIRECTION ( 'NONE',  ( 0.0000000000000000000, 0.0000000000000000000, 1.000000000000000000 ) ) ;
#546 = DIRECTION ( 'NONE',  ( 1.000000000000000000, 0.0000000000000000000, 9.856383386231860100E-017 ) ) ;
#547 = DIRECTION ( 'NONE',  ( -1.000000000000000000, -0.0000000000000000000, -1.971276677246371500E-016 ) ) ;
#548 = DIRECTION ( 'NONE',  ( -1.000000000000000000, 0.0000000000000000000, 0.0000000000000000000 ) ) ;
#549 = CARTESIAN_POINT ( 'NONE',  ( -1.100000000000001000, -4.709999999999999100, -1.100000000000000100 ) ) ;
#550 = CARTESIAN_POINT ( 'NONE',  ( -1.099999999999999400, 3.449999999999999300, -1.500000000000000900 ) ) ;
#551 = PLANE ( 'NONE',  #1462 ) ;
#552 = CARTESIAN_POINT ( 'NONE',  ( 1.225000000000009000, -3.449999999999999300, -0.9250000000000020400 ) ) ;
#553 = CARTESIAN_POINT ( 'NONE',  ( -1.160000000000000400, -5.049999999999998900, 1.100000000000000100 ) ) ;
#554 = DIRECTION ( 'NONE',  ( 0.0000000000000000000, 1.000000000000000000, 0.0000000000000000000 ) ) ;
#555 = CARTESIAN_POINT ( 'NONE',  ( -1.500000000000000400, -3.449999999999999300, -1.100000000000000100 ) ) ;
#556 = CARTESIAN_POINT ( 'NONE',  ( 1.099999999999999400, -4.709999999999999100, -1.500000000000000900 ) ) ;
#557 = DIRECTION ( 'NONE',  ( -1.000000000000000000, 0.0000000000000000000, 0.0000000000000000000 ) ) ;
#558 = CARTESIAN_POINT ( 'NONE',  ( -1.500000000000000400, -4.709999999999999100, 1.100000000000000100 ) ) ;
#559 = DIRECTION ( 'NONE',  ( 0.0000000000000000000, 0.0000000000000000000, 1.000000000000000000 ) ) ;
#560 = DIRECTION ( 'NONE',  ( -1.000000000000000000, -0.0000000000000000000, -1.971276677246371500E-016 ) ) ;
#561 = DIRECTION ( 'NONE',  ( -0.0000000000000000000, 1.000000000000000000, -0.0000000000000000000 ) ) ;
#562 = CARTESIAN_POINT ( 'NONE',  ( -1.500000000000000400, -3.449999999999999300, 1.100000000000000100 ) ) ;
#563 = CARTESIAN_POINT ( 'NONE',  ( -1.500000000000000400, -4.709999999999999100, 1.100000000000000100 ) ) ;
#564 = CARTESIAN_POINT ( 'NONE',  ( -0.7204987272332283900, -5.185849056603772500, 0.0000000000000000000 ) ) ;
#565 = DIRECTION ( 'NONE',  ( 1.000000000000000000, 0.0000000000000000000, 1.224646799147353200E-016 ) ) ;
#566 = DIRECTION ( 'NONE',  ( 0.0000000000000000000, 0.0000000000000000000, 1.000000000000000000 ) ) ;
#567 = CARTESIAN_POINT ( 'NONE',  ( 1.100000000000000300, -5.049999999999998900, 1.160000000000000400 ) ) ;
#568 = CARTESIAN_POINT ( 'NONE',  ( 1.100000000000000300, 5.049999999999998900, -1.159999999999999900 ) ) ;
#569 = DIRECTION ( 'NONE',  ( -1.000000000000000000, 0.0000000000000000000, 1.971276677246371500E-016 ) ) ;
#570 = CARTESIAN_POINT ( 'NONE',  ( -1.100000000000000300, -3.449999999999999300, -1.500000000000000000 ) ) ;
#571 = CARTESIAN_POINT ( 'NONE',  ( 1.100000000000001000, 3.449999999999999300, -1.100000000000000100 ) ) ;
#572 = DIRECTION ( 'NONE',  ( -1.000000000000000000, 0.0000000000000000000, 0.0000000000000000000 ) ) ;
#573 = CARTESIAN_POINT ( 'NONE',  ( 1.160000000000000400, 4.709999999999999100, 1.100000000000000100 ) ) ;
#574 = DIRECTION ( 'NONE',  ( 0.0000000000000000000, -1.000000000000000000, 0.0000000000000000000 ) ) ;
#575 = DIRECTION ( 'NONE',  ( 0.0000000000000000000, 0.0000000000000000000, -1.000000000000000000 ) ) ;
#576 = CARTESIAN_POINT ( 'NONE',  ( -1.160000000000000400, 4.709999999999999100, 1.100000000000000100 ) ) ;
#577 = CARTESIAN_POINT ( 'NONE',  ( 1.100000000000000300, 3.449999999999999300, 1.500000000000000700 ) ) ;
#578 = DIRECTION ( 'NONE',  ( -0.0000000000000000000, 1.000000000000000000, -0.0000000000000000000 ) ) ;
#579 = CARTESIAN_POINT ( 'NONE',  ( 1.225000000000009000, -4.750000000000000000, -0.9250000000000022600 ) ) ;
#580 = DIRECTION ( 'NONE',  ( -1.000000000000000000, 0.0000000000000000000, 0.0000000000000000000 ) ) ;
#581 = CARTESIAN_POINT ( 'NONE',  ( -1.100000000000000300, 4.709999999999999100, 1.160000000000000100 ) ) ;
#582 = DIRECTION ( 'NONE',  ( 1.000000000000000000, 0.0000000000000000000, 0.0000000000000000000 ) ) ;
#583 = DIRECTION ( 'NONE',  ( 0.0000000000000000000, 0.0000000000000000000, -1.000000000000000000 ) ) ;
#584 = CARTESIAN_POINT ( 'NONE',  ( -1.100000000000000100, 4.709999999999999100, 1.100000000000000300 ) ) ;
#585 = DIRECTION ( 'NONE',  ( 0.0000000000000000000, -1.000000000000000000, 0.0000000000000000000 ) ) ;
#586 = CARTESIAN_POINT ( 'NONE',  ( -1.099999999999999400, 4.709999999999999100, -1.160000000000000800 ) ) ;
#587 = DIRECTION ( 'NONE',  ( 0.0000000000000000000, 0.0000000000000000000, 1.000000000000000000 ) ) ;
#588 = DIRECTION ( 'NONE',  ( 0.0000000000000000000, 1.000000000000000000, 0.0000000000000000000 ) ) ;
#589 = DIRECTION ( 'NONE',  ( -1.000000000000000000, 0.0000000000000000000, 0.0000000000000000000 ) ) ;
#590 = DIRECTION ( 'NONE',  ( 1.000000000000000000, 0.0000000000000000000, 0.0000000000000000000 ) ) ;
#591 = DIRECTION ( 'NONE',  ( 1.000000000000000000, 0.0000000000000000000, 9.856383386231860100E-017 ) ) ;
#592 = PLANE ( 'NONE',  #1445 ) ;
#593 = CARTESIAN_POINT ( 'NONE',  ( -1.100000000000000100, 3.449999999999999300, 1.100000000000000300 ) ) ;
#594 = CARTESIAN_POINT ( 'NONE',  ( 0.0000000000000000000, 5.449999999999999300, 0.0000000000000000000 ) ) ;
#595 = CARTESIAN_POINT ( 'NONE',  ( 0.0000000000000000000, 5.229999999999998600, 0.0000000000000000000 ) ) ;
#596 = DIRECTION ( 'NONE',  ( 0.0000000000000000000, -1.000000000000000000, 0.0000000000000000000 ) ) ;
#597 = DIRECTION ( 'NONE',  ( 1.000000000000000000, 0.0000000000000000000, 0.0000000000000000000 ) ) ;
#598 = CARTESIAN_POINT ( 'NONE',  ( 1.100000000000000500, 3.449999999999999300, 1.100000000000000500 ) ) ;
#599 = DIRECTION ( 'NONE',  ( 0.0000000000000000000, -1.000000000000000000, 0.0000000000000000000 ) ) ;
#600 = PLANE ( 'NONE',  #1444 ) ;
#601 = DIRECTION ( 'NONE',  ( 1.971276677246371500E-016, 0.0000000000000000000, -1.000000000000000000 ) ) ;
#602 = DIRECTION ( 'NONE',  ( 1.000000000000000000, 0.0000000000000000000, 1.971276677246371500E-016 ) ) ;
#603 = DIRECTION ( 'NONE',  ( 0.0000000000000000000, 1.000000000000000000, 0.0000000000000000000 ) ) ;
#604 = CARTESIAN_POINT ( 'NONE',  ( -0.9250000000000004900, 3.449999999999999300, -0.9250000000000039300 ) ) ;
#605 = DIRECTION ( 'NONE',  ( 0.0000000000000000000, -1.000000000000000000, 0.0000000000000000000 ) ) ;
#606 = DIRECTION ( 'NONE',  ( 0.0000000000000000000, 0.0000000000000000000, -1.000000000000000000 ) ) ;
#607 = DIRECTION ( 'NONE',  ( 1.000000000000000000, 0.0000000000000000000, 0.0000000000000000000 ) ) ;
#608 = DIRECTION ( 'NONE',  ( 0.0000000000000000000, 1.000000000000000000, 0.0000000000000000000 ) ) ;
#609 = CARTESIAN_POINT ( 'NONE',  ( 1.100000000000000500, 4.709999999999999100, 1.100000000000000500 ) ) ;
#610 = CARTESIAN_POINT ( 'NONE',  ( -1.100000000000000300, 3.449999999999999300, 1.500000000000000200 ) ) ;
#611 = DIRECTION ( 'NONE',  ( 0.0000000000000000000, 0.0000000000000000000, -1.000000000000000000 ) ) ;
#612 = DIRECTION ( 'NONE',  ( 0.0000000000000000000, -1.000000000000000000, 0.0000000000000000000 ) ) ;
#613 = CARTESIAN_POINT ( 'NONE',  ( -1.100000000000000100, 4.709999999999999100, -1.100000000000000300 ) ) ;
#614 = DIRECTION ( 'NONE',  ( -1.000000000000000000, 0.0000000000000000000, 0.0000000000000000000 ) ) ;
#615 = CARTESIAN_POINT ( 'NONE',  ( 1.100000000000000100, -4.709999999999999100, -1.100000000000000300 ) ) ;
#616 =( NAMED_UNIT ( * ) SI_UNIT ( $, .STERADIAN. ) SOLID_ANGLE_UNIT ( ) );
#617 =( NAMED_UNIT ( * ) PLANE_ANGLE_UNIT ( ) SI_UNIT ( $, .RADIAN. ) );
#618 =( LENGTH_UNIT ( ) NAMED_UNIT ( * ) SI_UNIT ( .MILLI., .METRE. ) );
#619 = SURFACE_STYLE_USAGE ( .BOTH. , #620 ) ;
#620 = SURFACE_SIDE_STYLE ('',( #510 ) ) ;
#621 = DIRECTION ( 'NONE',  ( -1.000000000000000000, 0.0000000000000000000, 0.0000000000000000000 ) ) ;
#622 = DIRECTION ( 'NONE',  ( 0.0000000000000000000, -1.000000000000000000, 0.0000000000000000000 ) ) ;
#623 = CARTESIAN_POINT ( 'NONE',  ( -1.100000000000000100, 3.449999999999999300, -1.100000000000000300 ) ) ;
#624 = FILL_AREA_STYLE_COLOUR ( '', #511 ) ;
#625 = FILL_AREA_STYLE ('',( #624 ) ) ;
#626 = DIRECTION ( 'NONE',  ( -1.000000000000000000, 0.0000000000000000000, 0.0000000000000000000 ) ) ;
#627 = DIRECTION ( 'NONE',  ( 0.0000000000000000000, 1.000000000000000000, 0.0000000000000000000 ) ) ;
#628 = CARTESIAN_POINT ( 'NONE',  ( -1.100000000000000500, -4.709999999999999100, 1.100000000000000500 ) ) ;
#629 = DIRECTION ( 'NONE',  ( 0.0000000000000000000, -1.000000000000000000, 0.0000000000000000000 ) ) ;
#630 = DIRECTION ( 'NONE',  ( 0.0000000000000000000, 1.000000000000000000, 0.0000000000000000000 ) ) ;
#631 = DIRECTION ( 'NONE',  ( -0.0000000000000000000, 1.000000000000000000, -0.0000000000000000000 ) ) ;
#632 = DIRECTION ( 'NONE',  ( 1.000000000000000000, 0.0000000000000000000, 0.0000000000000000000 ) ) ;
#633 = PLANE ( 'NONE',  #1448 ) ;
#634 = CARTESIAN_POINT ( 'NONE',  ( 1.100000000000001000, 4.709999999999999100, -1.100000000000000100 ) ) ;
#635 = DIRECTION ( 'NONE',  ( 0.0000000000000000000, -1.000000000000000000, 0.0000000000000000000 ) ) ;
#636 = DIRECTION ( 'NONE',  ( 1.000000000000000000, 0.0000000000000000000, 0.0000000000000000000 ) ) ;
#637 = CARTESIAN_POINT ( 'NONE',  ( 1.160000000000000400, -4.709999999999999100, 1.100000000000000100 ) ) ;
#638 = DIRECTION ( 'NONE',  ( 1.224646799147353200E-016, 0.0000000000000000000, 1.000000000000000000 ) ) ;
#639 = CARTESIAN_POINT ( 'NONE',  ( 0.0000000000000000000, -5.229999999999998600, 0.0000000000000000000 ) ) ;
#640 = DIRECTION ( 'NONE',  ( 0.0000000000000000000, 0.0000000000000000000, -1.000000000000000000 ) ) ;
#641 = DIRECTION ( 'NONE',  ( 0.0000000000000000000, -1.000000000000000000, 0.0000000000000000000 ) ) ;
#642 = DIRECTION ( 'NONE',  ( -1.000000000000000000, 0.0000000000000000000, 0.0000000000000000000 ) ) ;
#643 = CARTESIAN_POINT ( 'NONE',  ( -1.160000000000000400, 5.049999999999998900, -1.100000000000000300 ) ) ;
#644 = CARTESIAN_POINT ( 'NONE',  ( -1.500000000000000400, 3.449999999999999300, -1.100000000000000300 ) ) ;
#645 = CARTESIAN_POINT ( 'NONE',  ( 1.500000000000000400, -4.709999999999999100, -1.100000000000000300 ) ) ;
#646 = CARTESIAN_POINT ( 'NONE',  ( 0.3811906968533948500, 5.449999999999999300, 0.0000000000000000000 ) ) ;
#647 = CARTESIAN_POINT ( 'NONE',  ( -0.3499999999999996400, -4.823336748648220200, 0.0000000000000000000 ) ) ;
#648 = CARTESIAN_POINT ( 'NONE',  ( -1.099999999999999400, 3.449999999999999300, -1.500000000000000900 ) ) ;
#649 = CARTESIAN_POINT ( 'NONE',  ( -1.225000000000000500, -3.449999999999999300, -0.9250000000000039300 ) ) ;
#650 = CARTESIAN_POINT ( 'NONE',  ( -1.500000000000000400, 3.449999999999999300, 1.100000000000000100 ) ) ;
#651 = CARTESIAN_POINT ( 'NONE',  ( 1.500000000000000400, 3.449999999999999300, -1.100000000000000100 ) ) ;
#652 = CARTESIAN_POINT ( 'NONE',  ( 1.160000000000000400, -5.049999999999998900, -1.100000000000000300 ) ) ;
#653 = DIRECTION ( 'NONE',  ( -0.0000000000000000000, 1.000000000000000000, -0.0000000000000000000 ) ) ;
#654 = CARTESIAN_POINT ( 'NONE',  ( 0.0000000000000000000, 5.185849056603772500, 0.0000000000000000000 ) ) ;
#655 = CARTESIAN_POINT ( 'NONE',  ( 0.8950000000000000200, 5.049999999999998900, 0.0000000000000000000 ) ) ;
#656 = DIRECTION ( 'NONE',  ( -0.0000000000000000000, -1.000000000000000000, -0.0000000000000000000 ) ) ;
#657 = CARTESIAN_POINT ( 'NONE',  ( -1.100000000000000300, -5.049999999999998900, -1.159999999999999900 ) ) ;
#658 = CARTESIAN_POINT ( 'NONE',  ( -0.9250000000000004900, 3.449999999999999300, 0.9250000000000004900 ) ) ;
#659 = DIRECTION ( 'NONE',  ( 0.0000000000000000000, -1.000000000000000000, 0.0000000000000000000 ) ) ;
#660 = CARTESIAN_POINT ( 'NONE',  ( -1.225000000000000300, -3.449999999999999300, 0.9250000000000004900 ) ) ;
#661 = DIRECTION ( 'NONE',  ( 1.000000000000000000, 0.0000000000000000000, 0.0000000000000000000 ) ) ;
#662 = DIRECTION ( 'NONE',  ( 0.0000000000000000000, 1.000000000000000000, -6.377659838150025700E-016 ) ) ;
#663 = CARTESIAN_POINT ( 'NONE',  ( -1.500000000000000400, 3.449999999999999300, 1.100000000000000100 ) ) ;
#664 = CARTESIAN_POINT ( 'NONE',  ( -1.160000000000000100, 4.709999999999999100, 1.100000000000000300 ) ) ;
#665 = CARTESIAN_POINT ( 'NONE',  ( -1.100000000000000300, -3.449999999999999300, -1.500000000000000000 ) ) ;
#666 = DIRECTION ( 'NONE',  ( 0.0000000000000000000, 0.0000000000000000000, -1.000000000000000000 ) ) ;
#667 = CARTESIAN_POINT ( 'NONE',  ( 0.9249999999999987100, 3.449999999999999300, 1.225000000000000300 ) ) ;
#668 = DIRECTION ( 'NONE',  ( 0.0000000000000000000, -1.000000000000000000, 0.0000000000000000000 ) ) ;
#669 = CARTESIAN_POINT ( 'NONE',  ( 0.0000000000000000000, 4.556668729376094800, 0.0000000000000000000 ) ) ;
#670 = DIRECTION ( 'NONE',  ( 0.0000000000000000000, 1.000000000000000000, 0.0000000000000000000 ) ) ;
#671 = DIRECTION ( 'NONE',  ( 0.0000000000000000000, -1.000000000000000000, 0.0000000000000000000 ) ) ;
#672 = DIRECTION ( 'NONE',  ( 1.000000000000000000, 0.0000000000000000000, 0.0000000000000000000 ) ) ;
#673 = CARTESIAN_POINT ( 'NONE',  ( 1.160000000000000400, 4.709999999999999100, -1.100000000000000100 ) ) ;
#674 = DIRECTION ( 'NONE',  ( 0.0000000000000000000, 0.0000000000000000000, -1.000000000000000000 ) ) ;
#675 = DIRECTION ( 'NONE',  ( -0.0000000000000000000, 1.000000000000000000, -0.0000000000000000000 ) ) ;
#676 = CARTESIAN_POINT ( 'NONE',  ( 0.0000000000000000000, 5.049999999999998900, 0.0000000000000000000 ) ) ;
#677 = DIRECTION ( 'NONE',  ( 0.0000000000000000000, -1.000000000000000000, 0.0000000000000000000 ) ) ;
#678 = CARTESIAN_POINT ( 'NONE',  ( 1.160000000000000400, 4.709999999999999100, 1.100000000000000100 ) ) ;
#679 = DIRECTION ( 'NONE',  ( 0.0000000000000000000, 0.0000000000000000000, 1.000000000000000000 ) ) ;
#680 = DIRECTION ( 'NONE',  ( -0.0000000000000000000, 1.000000000000000000, -0.0000000000000000000 ) ) ;
#681 = DIRECTION ( 'NONE',  ( 0.0000000000000000000, 0.0000000000000000000, 1.000000000000000000 ) ) ;
#682 = DIRECTION ( 'NONE',  ( 1.000000000000000000, 0.0000000000000000000, 0.0000000000000000000 ) ) ;
#683 = DIRECTION ( 'NONE',  ( -0.0000000000000000000, 1.000000000000000000, -0.0000000000000000000 ) ) ;
#684 = CARTESIAN_POINT ( 'NONE',  ( 0.0000000000000000000, -4.556668729376094800, 0.0000000000000000000 ) ) ;
#685 = DIRECTION ( 'NONE',  ( 6.377659838150025700E-016, -6.377659838150025700E-016, -1.000000000000000000 ) ) ;
#686 = CARTESIAN_POINT ( 'NONE',  ( -0.8950000000000000200, 5.229999999999998600, 1.096058885236881000E-016 ) ) ;
#687 = CARTESIAN_POINT ( 'NONE',  ( 1.500000000000000400, 3.449999999999999300, 1.100000000000000100 ) ) ;
#688 = DIRECTION ( 'NONE',  ( 0.0000000000000000000, -1.000000000000000000, -0.0000000000000000000 ) ) ;
#689 = CARTESIAN_POINT ( 'NONE',  ( 1.500000000000000400, 4.709999999999999100, 1.100000000000000100 ) ) ;
#690 = CARTESIAN_POINT ( 'NONE',  ( -1.500000000000000400, -3.449999999999999300, 1.100000000000000100 ) ) ;
#691 = DIRECTION ( 'NONE',  ( 0.0000000000000000000, 1.000000000000000000, 0.0000000000000000000 ) ) ;
#692 = CARTESIAN_POINT ( 'NONE',  ( -0.9250000000000004900, -3.449999999999999300, -0.9250000000000039300 ) ) ;
#693 = DIRECTION ( 'NONE',  ( 0.0000000000000000000, 0.0000000000000000000, 1.000000000000000000 ) ) ;
#694 = CARTESIAN_POINT ( 'NONE',  ( -1.099999999999999400, 3.449999999999999300, -1.500000000000000900 ) ) ;
#695 = DIRECTION ( 'NONE',  ( 0.0000000000000000000, 0.0000000000000000000, 1.000000000000000000 ) ) ;
#696 = DIRECTION ( 'NONE',  ( 1.000000000000000000, 0.0000000000000000000, 1.971276677246371500E-016 ) ) ;
#697 = DIRECTION ( 'NONE',  ( -0.0000000000000000000, 1.000000000000000000, -0.0000000000000000000 ) ) ;
#698 = CARTESIAN_POINT ( 'NONE',  ( -1.100000000000000100, 5.049999999999998900, 1.160000000000000100 ) ) ;
#699 = CARTESIAN_POINT ( 'NONE',  ( 1.100000000000000300, 3.449999999999999300, 1.500000000000000700 ) ) ;
#700 = DIRECTION ( 'NONE',  ( 0.0000000000000000000, 0.0000000000000000000, -1.000000000000000000 ) ) ;
#701 = DIRECTION ( 'NONE',  ( -0.0000000000000000000, -1.000000000000000000, -0.0000000000000000000 ) ) ;
#702 = DIRECTION ( 'NONE',  ( -0.0000000000000000000, 1.000000000000000000, -0.0000000000000000000 ) ) ;
#703 = DIRECTION ( 'NONE',  ( 1.000000000000000000, 0.0000000000000000000, 0.0000000000000000000 ) ) ;
#704 = DIRECTION ( 'NONE',  ( 0.0000000000000000000, -1.000000000000000000, -0.0000000000000000000 ) ) ;
#705 = DIRECTION ( 'NONE',  ( -1.000000000000000000, 0.0000000000000000000, 0.0000000000000000000 ) ) ;
#706 = DIRECTION ( 'NONE',  ( 1.000000000000000000, 0.0000000000000000000, -1.224646799147353200E-016 ) ) ;
#707 = CARTESIAN_POINT ( 'NONE',  ( -1.225000000000000500, -3.449999999999999300, 1.100000000000000300 ) ) ;
#708 = CARTESIAN_POINT ( 'NONE',  ( 1.100000000000000100, -4.709999999999999100, -1.100000000000000300 ) ) ;
#709 = DIRECTION ( 'NONE',  ( 0.0000000000000000000, -1.000000000000000000, -0.0000000000000000000 ) ) ;
#710 = CARTESIAN_POINT ( 'NONE',  ( 0.0000000000000000000, -5.185849056603772500, 0.0000000000000000000 ) ) ;
#711 = DIRECTION ( 'NONE',  ( 0.0000000000000000000, 1.000000000000000000, 0.0000000000000000000 ) ) ;
#712 = CARTESIAN_POINT ( 'NONE',  ( 0.0000000000000000000, 4.556668729376094800, 0.0000000000000000000 ) ) ;
#713 = CARTESIAN_POINT ( 'NONE',  ( 1.100000000000000300, -3.449999999999999300, 1.500000000000000200 ) ) ;
#714 = PLANE ( 'NONE',  #1465 ) ;
#715 = DIRECTION ( 'NONE',  ( 0.0000000000000000000, -1.000000000000000000, 0.0000000000000000000 ) ) ;
#716 = CARTESIAN_POINT ( 'NONE',  ( -0.9250000000000004900, -3.449999999999999300, 1.225000000000000300 ) ) ;
#717 = DIRECTION ( 'NONE',  ( 0.0000000000000000000, -1.000000000000000000, 0.0000000000000000000 ) ) ;
#718 = DIRECTION ( 'NONE',  ( 1.000000000000000000, 0.0000000000000000000, 0.0000000000000000000 ) ) ;
#719 = DIRECTION ( 'NONE',  ( 0.0000000000000000000, 1.000000000000000000, 0.0000000000000000000 ) ) ;
#720 = CARTESIAN_POINT ( 'NONE',  ( 0.8000000000000012700, 4.556668729376094800, 0.0000000000000000000 ) ) ;
#721 = DIRECTION ( 'NONE',  ( 0.0000000000000000000, 1.000000000000000000, 0.0000000000000000000 ) ) ;
#722 = CARTESIAN_POINT ( 'NONE',  ( 0.7204987272332283900, -5.185849056603772500, 9.892076726663979400E-017 ) ) ;
#723 = DIRECTION ( 'NONE',  ( -1.000000000000000000, 0.0000000000000000000, 0.0000000000000000000 ) ) ;
#724 = CARTESIAN_POINT ( 'NONE',  ( 0.0000000000000000000, -5.049999999999998900, 0.0000000000000000000 ) ) ;
#725 = DIRECTION ( 'NONE',  ( 1.913297951445007500E-015, 0.0000000000000000000, -1.000000000000000000 ) ) ;
#726 = DIRECTION ( 'NONE',  ( -1.000000000000000000, 0.0000000000000000000, 0.0000000000000000000 ) ) ;
#727 = CARTESIAN_POINT ( 'NONE',  ( 0.0000000000000000000, -5.449999999999999300, 0.0000000000000000000 ) ) ;
#728 = CARTESIAN_POINT ( 'NONE',  ( 0.8950000000000000200, 5.229999999999998600, 0.0000000000000000000 ) ) ;
#729 = DIRECTION ( 'NONE',  ( -1.971276677246371500E-016, 0.0000000000000000000, -1.000000000000000000 ) ) ;
#730 = DIRECTION ( 'NONE',  ( 1.000000000000000000, 0.0000000000000000000, -1.971276677246371500E-016 ) ) ;
#731 = DIRECTION ( 'NONE',  ( -0.0000000000000000000, -1.000000000000000000, -0.0000000000000000000 ) ) ;
#732 = CARTESIAN_POINT ( 'NONE',  ( -0.8950000000000000200, -5.049999999999998900, 0.0000000000000000000 ) ) ;
#733 = CARTESIAN_POINT ( 'NONE',  ( 0.0000000000000000000, -4.823336748648220200, 0.0000000000000000000 ) ) ;
#734 = DIRECTION ( 'NONE',  ( 1.000000000000000000, -0.0000000000000000000, -0.0000000000000000000 ) ) ;
#735 = DIRECTION ( 'NONE',  ( 0.0000000000000000000, 0.0000000000000000000, -1.000000000000000000 ) ) ;
#736 = DIRECTION ( 'NONE',  ( 0.0000000000000000000, -1.000000000000000000, 0.0000000000000000000 ) ) ;
#737 = DIRECTION ( 'NONE',  ( 1.000000000000000000, 0.0000000000000000000, 0.0000000000000000000 ) ) ;
#738 = CARTESIAN_POINT ( 'NONE',  ( 1.100000000000000500, 4.709999999999999100, 1.100000000000000500 ) ) ;
#739 = DIRECTION ( 'NONE',  ( -0.0000000000000000000, -1.000000000000000000, -0.0000000000000000000 ) ) ;
#740 = DIRECTION ( 'NONE',  ( 0.0000000000000000000, -1.000000000000000000, 0.0000000000000000000 ) ) ;
#741 = DIRECTION ( 'NONE',  ( -1.000000000000000000, 0.0000000000000000000, 0.0000000000000000000 ) ) ;
#742 = DIRECTION ( 'NONE',  ( -1.000000000000000000, 0.0000000000000000000, 0.0000000000000000000 ) ) ;
#743 = DIRECTION ( 'NONE',  ( 0.0000000000000000000, -1.000000000000000000, 0.0000000000000000000 ) ) ;
#744 = DIRECTION ( 'NONE',  ( 1.000000000000000000, 0.0000000000000000000, 0.0000000000000000000 ) ) ;
#745 = CARTESIAN_POINT ( 'NONE',  ( 1.100000000000000500, 3.449999999999999300, 1.100000000000000500 ) ) ;
#746 = DIRECTION ( 'NONE',  ( 0.0000000000000000000, -1.000000000000000000, 0.0000000000000000000 ) ) ;
#747 = CARTESIAN_POINT ( 'NONE',  ( 1.100000000000000300, 4.709999999999999100, -1.159999999999999900 ) ) ;
#748 = DIRECTION ( 'NONE',  ( -1.000000000000000000, 0.0000000000000000000, -0.0000000000000000000 ) ) ;
#749 = CARTESIAN_POINT ( 'NONE',  ( -1.100000000000000100, 3.449999999999999300, -1.225000000000003900 ) ) ;
#750 = CARTESIAN_POINT ( 'NONE',  ( 0.0000000000000000000, 5.185849056603772500, 0.0000000000000000000 ) ) ;
#751 = DIRECTION ( 'NONE',  ( 0.0000000000000000000, 0.0000000000000000000, -1.000000000000000000 ) ) ;
#752 = DIRECTION ( 'NONE',  ( -1.000000000000000000, 0.0000000000000000000, 0.0000000000000000000 ) ) ;
#753 = CARTESIAN_POINT ( 'NONE',  ( 1.100000000000000300, -4.709999999999999100, 1.500000000000000200 ) ) ;
#754 = CARTESIAN_POINT ( 'NONE',  ( -0.3811906968533948500, -5.099999999999998800, 0.0000000000000000000 ) ) ;
#755 = DIRECTION ( 'NONE',  ( 1.000000000000000000, 0.0000000000000000000, 0.0000000000000000000 ) ) ;
#756 = CARTESIAN_POINT ( 'NONE',  ( -1.160000000000000400, -4.709999999999999100, 1.100000000000000100 ) ) ;
#757 = DIRECTION ( 'NONE',  ( 0.0000000000000000000, 0.0000000000000000000, 1.000000000000000000 ) ) ;
#758 = DIRECTION ( 'NONE',  ( 0.0000000000000000000, 1.000000000000000000, 0.0000000000000000000 ) ) ;
#759 = DIRECTION ( 'NONE',  ( 0.0000000000000000000, 0.0000000000000000000, -1.000000000000000000 ) ) ;
#760 = DIRECTION ( 'NONE',  ( -1.000000000000000000, 0.0000000000000000000, -1.913297951445007900E-015 ) ) ;
#761 = CARTESIAN_POINT ( 'NONE',  ( -1.100000000000000100, 4.709999999999999100, -1.160000000000000800 ) ) ;
#762 = CARTESIAN_POINT ( 'NONE',  ( -1.100000000000000100, 3.449999999999999300, 1.100000000000000300 ) ) ;
#763 = AXIS2_PLACEMENT_3D ( 'NONE', #173, #174, #177 ) ;
#764 = AXIS2_PLACEMENT_3D ( 'NONE', #212, #213, #155 ) ;
#765 = AXIS2_PLACEMENT_3D ( 'NONE', #532, #734, #534 ) ;
#766 = AXIS2_PLACEMENT_3D ( 'NONE', #747, #748, #746 ) ;
#767 = AXIS2_PLACEMENT_3D ( 'NONE', #351, #264, #248 ) ;
#768 = AXIS2_PLACEMENT_3D ( 'NONE', #386, #385, #393 ) ;
#769 = AXIS2_PLACEMENT_3D ( 'NONE', #357, #296, #355 ) ;
#770 = AXIS2_PLACEMENT_3D ( 'NONE', #130, #127, #129 ) ;
#771 = AXIS2_PLACEMENT_3D ( 'NONE', #396, #398, #322 ) ;
#772 = AXIS2_PLACEMENT_3D ( 'NONE', #272, #350, #304 ) ;
#773 = AXIS2_PLACEMENT_3D ( 'NONE', #154, #146, #140 ) ;
#774 = AXIS2_PLACEMENT_3D ( 'NONE', #98, #29, #123 ) ;
#775 = AXIS2_PLACEMENT_3D ( 'NONE', #267, #343, #285 ) ;
#776 = AXIS2_PLACEMENT_3D ( 'NONE', #535, #668, #661 ) ;
#777 = AXIS2_PLACEMENT_3D ( 'NONE', #334, #332, #259 ) ;
#778 = AXIS2_PLACEMENT_3D ( 'NONE', #288, #273, #266 ) ;
#779 = AXIS2_PLACEMENT_3D ( 'NONE', #391, #223, #241 ) ;
#780 = AXIS2_PLACEMENT_3D ( 'NONE', #258, #336, #256 ) ;
#781 = AXIS2_PLACEMENT_3D ( 'NONE', #356, #307, #300 ) ;
#782 = AXIS2_PLACEMENT_3D ( 'NONE', #287, #274, #344 ) ;
#783 = AXIS2_PLACEMENT_3D ( 'NONE', #377, #378, #376 ) ;
#784 = AXIS2_PLACEMENT_3D ( 'NONE', #116, #142, #136 ) ;
#785 = AXIS2_PLACEMENT_3D ( 'NONE', #313, #286, #268 ) ;
#786 = AXIS2_PLACEMENT_3D ( 'NONE', #228, #255, #319 ) ;
#787 = AXIS2_PLACEMENT_3D ( 'NONE', #309, #37, #42 ) ;
#788 = AXIS2_PLACEMENT_3D ( 'NONE', #263, #257, #250 ) ;
#789 = AXIS2_PLACEMENT_3D ( 'NONE', #281, #246, #316 ) ;
#790 = AXIS2_PLACEMENT_3D ( 'NONE', #315, #249, #331 ) ;
#791 = AXIS2_PLACEMENT_3D ( 'NONE', #277, #280, #354 ) ;
#792 = AXIS2_PLACEMENT_3D ( 'NONE', #292, #284, #251 ) ;
#793 = AXIS2_PLACEMENT_3D ( 'NONE', #253, #254, #346 ) ;
#794 = AXIS2_PLACEMENT_3D ( 'NONE', #291, #328, #327 ) ;
#795 = AXIS2_PLACEMENT_3D ( 'NONE', #733, #731, #735 ) ;
#796 = PRESENTATION_LAYER_ASSIGNMENT (  '', '', ( #872 ) ) ;
#797 = AXIS2_PLACEMENT_3D ( 'NONE', #220, #68, #311 ) ;
#798 = AXIS2_PLACEMENT_3D ( 'NONE', #628, #627, #626 ) ;
#799 = AXIS2_PLACEMENT_3D ( 'NONE', #684, #701, #700 ) ;
#800 = AXIS2_PLACEMENT_3D ( 'NONE', #211, #158, #160 ) ;
#801 = AXIS2_PLACEMENT_3D ( 'NONE', #390, #227, #237 ) ;
#802 = AXIS2_PLACEMENT_3D ( 'NONE', #340, #276, #218 ) ;
#803 = AXIS2_PLACEMENT_3D ( 'NONE', #387, #33, #269 ) ;
#804 = AXIS2_PLACEMENT_3D ( 'NONE', #231, #144, #34 ) ;
#805 = AXIS2_PLACEMENT_3D ( 'NONE', #99, #100, #104 ) ;
#806 = AXIS2_PLACEMENT_3D ( 'NONE', #182, #183, #187 ) ;
#807 = AXIS2_PLACEMENT_3D ( 'NONE', #224, #389, #229 ) ;
#808 = ORIENTED_CLOSED_SHELL ( 'NONE', *, #1739, .F. );
#809 = AXIS2_PLACEMENT_3D ( 'NONE', #323, #260, #348 ) ;
#810 = AXIS2_PLACEMENT_3D ( 'NONE', #623, #622, #621 ) ;
#811 = AXIS2_PLACEMENT_3D ( 'NONE', #169, #361, #342 ) ;
#812 = AXIS2_PLACEMENT_3D ( 'NONE', #367, #226, #271 ) ;
#813 = AXIS2_PLACEMENT_3D ( 'NONE', #138, #112, #115 ) ;
#814 = AXIS2_PLACEMENT_3D ( 'NONE', #244, #153, #388 ) ;
#815 = AXIS2_PLACEMENT_3D ( 'NONE', #151, #145, #152 ) ;
#816 = AXIS2_PLACEMENT_3D ( 'NONE', #252, #359, #333 ) ;
#817 = AXIS2_PLACEMENT_3D ( 'NONE', #240, #242, #394 ) ;
#818 = AXIS2_PLACEMENT_3D ( 'NONE', #308, #36, #243 ) ;
#819 = AXIS2_PLACEMENT_3D ( 'NONE', #306, #330, #349 ) ;
#820 = AXIS2_PLACEMENT_3D ( 'NONE', #379, #380, #381 ) ;
#821 = AXIS2_PLACEMENT_3D ( 'NONE', #235, #232, #233 ) ;
#822 = AXIS2_PLACEMENT_3D ( 'NONE', #728, #759, #726 ) ;
#823 = AXIS2_PLACEMENT_3D ( 'NONE', #96, #95, #135 ) ;
#824 = AXIS2_PLACEMENT_3D ( 'NONE', #329, #166, #383 ) ;
#825 = AXIS2_PLACEMENT_3D ( 'NONE', #314, #325, #279 ) ;
#826 = AXIS2_PLACEMENT_3D ( 'NONE', #654, #656, #705 ) ;
#827 = AXIS2_PLACEMENT_3D ( 'NONE', #750, #739, #741 ) ;
#828 = AXIS2_PLACEMENT_3D ( 'NONE', #117, #118, #124 ) ;
#829 = AXIS2_PLACEMENT_3D ( 'NONE', #114, #110, #113 ) ;
#830 = AXIS2_PLACEMENT_3D ( 'NONE', #189, #190, #195 ) ;
#831 = AXIS2_PLACEMENT_3D ( 'NONE', #105, #134, #133 ) ;
#832 = AXIS2_PLACEMENT_3D ( 'NONE', #85, #87, #76 ) ;
#833 = AXIS2_PLACEMENT_3D ( 'NONE', #341, #290, #321 ) ;
#834 = AXIS2_PLACEMENT_3D ( 'NONE', #692, #691, #693 ) ;
#835 = AXIS2_PLACEMENT_3D ( 'NONE', #686, #638, #706 ) ;
#836 = AXIS2_PLACEMENT_3D ( 'NONE', #710, #702, #703 ) ;
#837 = AXIS2_PLACEMENT_3D ( 'NONE', #604, #605, #606 ) ;
#838 = AXIS2_PLACEMENT_3D ( 'NONE', #664, #685, #662 ) ;
#839 = AXIS2_PLACEMENT_3D ( 'NONE', #24, #270, #565 ) ;
#840 = AXIS2_PLACEMENT_3D ( 'NONE', #549, #537, #548 ) ;
#841 = AXIS2_PLACEMENT_3D ( 'NONE', #724, #721, #723 ) ;
#842 = AXIS2_PLACEMENT_3D ( 'NONE', #282, #283, #320 ) ;
#843 = AXIS2_PLACEMENT_3D ( 'NONE', #754, #751, #752 ) ;
#844 = AXIS2_PLACEMENT_3D ( 'NONE', #658, #659, #640 ) ;
#845 = AXIS2_PLACEMENT_3D ( 'NONE', #571, #574, #572 ) ;
#846 = AXIS2_PLACEMENT_3D ( 'NONE', #673, #674, #670 ) ;
#847 = AXIS2_PLACEMENT_3D ( 'NONE', #678, #679, #677 ) ;
#848 = AXIS2_PLACEMENT_3D ( 'NONE', #676, #671, #672 ) ;
#849 = AXIS2_PLACEMENT_3D ( 'NONE', #360, #353, #297 ) ;
#850 = AXIS2_PLACEMENT_3D ( 'NONE', #51, #49, #203 ) ;
#851 = AXIS2_PLACEMENT_3D ( 'NONE', #712, #529, #566 ) ;
#852 = AXIS2_PLACEMENT_3D ( 'NONE', #761, #760, #725 ) ;
#853 = AXIS2_PLACEMENT_3D ( 'NONE', #97, #128, #137 ) ;
#854 = AXIS2_PLACEMENT_3D ( 'NONE', #199, #200, #204 ) ;
#855 = AXIS2_PLACEMENT_3D ( 'NONE', #542, #561, #533 ) ;
#856 = AXIS2_PLACEMENT_3D ( 'NONE', #176, #172, #175 ) ;
#857 = AXIS2_PLACEMENT_3D ( 'NONE', #89, #88, #90 ) ;
#858 = AXIS2_PLACEMENT_3D ( 'NONE', #745, #743, #744 ) ;
#859 = AXIS2_PLACEMENT_3D ( 'NONE', #762, #736, #755 ) ;
#860 = AXIS2_PLACEMENT_3D ( 'NONE', #738, #740, #737 ) ;
#861 = AXIS2_PLACEMENT_3D ( 'NONE', #669, #680, #681 ) ;
#862 = AXIS2_PLACEMENT_3D ( 'NONE', #756, #757, #758 ) ;
#863 = AXIS2_PLACEMENT_3D ( 'NONE', #141, #38, #35 ) ;
#864 = AXIS2_PLACEMENT_3D ( 'NONE', #238, #358, #384 ) ;
#865 = AXIS2_PLACEMENT_3D ( 'NONE', #148, #150, #147 ) ;
#866 = AXIS2_PLACEMENT_3D ( 'NONE', #111, #125, #382 ) ;
#867 = AXIS2_PLACEMENT_3D ( 'NONE', #372, #375, #373 ) ;
#868 = AXIS2_PLACEMENT_3D ( 'NONE', #363, #119, #107 ) ;
#869 = AXIS2_PLACEMENT_3D ( 'NONE', #26, #56, #57 ) ;
#870 = AXIS2_PLACEMENT_3D ( 'NONE', #337, #294, #303 ) ;
#871 = AXIS2_PLACEMENT_3D ( 'NONE', #708, #711, #557 ) ;
#872 = STYLED_ITEM ( 'NONE', ( #464 ), #1712 ) ;
#873 = AXIS2_PLACEMENT_3D ( 'NONE', #262, #368, #366 ) ;
#874 = AXIS2_PLACEMENT_3D ( 'NONE', #47, #52, #50 ) ;
#875 = EDGE_LOOP ( 'NONE', ( #1078, #942, #1318, #1008, #1058, #1021, #920, #1377 ) ) ;
#876 = EDGE_LOOP ( 'NONE', ( #1106, #1037, #1137, #1383 ) ) ;
#877 = EDGE_LOOP ( 'NONE', ( #1381, #1373, #1080, #1002, #1369, #1069, #1107, #1289 ) ) ;
#878 = VERTEX_POINT ( 'NONE', #8 ) ;
#879 = ORIENTED_EDGE ( 'NONE', *, *, #1516, .T. ) ;
#880 = EDGE_LOOP ( 'NONE', ( #1781, #1389, #1307, #1227 ) ) ;
#881 = VERTEX_POINT ( 'NONE', #15 ) ;
#882 = FACE_OUTER_BOUND ( 'NONE', #994, .T. ) ;
#883 = VERTEX_POINT ( 'NONE', #3 ) ;
#884 = CIRCLE ( 'NONE', #863, 0.3811906968533948500 ) ;
#885 = EDGE_LOOP ( 'NONE', ( #1262, #1404 ) ) ;
#886 = EDGE_LOOP ( 'NONE', ( #1306, #1278, #1160, #1140 ) ) ;
#887 = EDGE_LOOP ( 'NONE', ( #1267, #1362, #1402, #1412 ) ) ;
#888 = EDGE_LOOP ( 'NONE', ( #1126, #1042, #1416, #1122 ) ) ;
#889 = ORIENTED_EDGE ( 'NONE', *, *, #1703, .F. ) ;
#890 = EDGE_LOOP ( 'NONE', ( #969, #1256, #1230, #1345 ) ) ;
#891 = EDGE_LOOP ( 'NONE', ( #1360, #1343, #1346, #1368 ) ) ;
#892 = LINE ( 'NONE', #397, #1050 ) ;
#893 = LINE ( 'NONE', #139, #948 ) ;
#894 = ORIENTED_EDGE ( 'NONE', *, *, #1590, .T. ) ;
#895 = EDGE_LOOP ( 'NONE', ( #1276, #1233, #1224, #1370 ) ) ;
#896 = EDGE_LOOP ( 'NONE', ( #1350, #1141, #945, #1072 ) ) ;
#897 = FACE_OUTER_BOUND ( 'NONE', #886, .T. ) ;
#898 = ORIENTED_EDGE ( 'NONE', *, *, #1600, .F. ) ;
#899 = EDGE_LOOP ( 'NONE', ( #1263, #1379, #1325, #954 ) ) ;
#900 = ORIENTED_EDGE ( 'NONE', *, *, #1679, .F. ) ;
#901 = VERTEX_POINT ( 'NONE', #11 ) ;
#902 = FACE_OUTER_BOUND ( 'NONE', #1036, .T. ) ;
#903 = ORIENTED_EDGE ( 'NONE', *, *, #1623, .T. ) ;
#904 = ORIENTED_EDGE ( 'NONE', *, *, #1519, .F. ) ;
#905 = LINE ( 'NONE', #239, #1026 ) ;
#906 = TOROIDAL_SURFACE ( 'NONE', #793, 0.3811906968533948500, 0.3499999999999999800 ) ;
#907 = ORIENTED_EDGE ( 'NONE', *, *, #1569, .F. ) ;
#908 = CIRCLE ( 'NONE', #853, 0.1800000000000000500 ) ;
#909 = CIRCLE ( 'NONE', #829, 0.3499999999999996400 ) ;
#910 = CYLINDRICAL_SURFACE ( 'NONE', #819, 0.3499999999999996400 ) ;
#911 = ORIENTED_EDGE ( 'NONE', *, *, #1568, .F. ) ;
#912 = VERTEX_POINT ( 'NONE', #13 ) ;
#913 = ORIENTED_EDGE ( 'NONE', *, *, #1597, .F. ) ;
#914 = LINE ( 'NONE', #230, #1181 ) ;
#915 = ORIENTED_EDGE ( 'NONE', *, *, #1679, .T. ) ;
#916 = FACE_OUTER_BOUND ( 'NONE', #1336, .T. ) ;
#917 = CIRCLE ( 'NONE', #804, 0.1800000000000000500 ) ;
#918 = ORIENTED_EDGE ( 'NONE', *, *, #1702, .F. ) ;
#919 = CYLINDRICAL_SURFACE ( 'NONE', #781, 0.2999999999999999300 ) ;
#920 = ORIENTED_EDGE ( 'NONE', *, *, #1688, .F. ) ;
#921 = ORIENTED_EDGE ( 'NONE', *, *, #1673, .T. ) ;
#922 = ORIENTED_EDGE ( 'NONE', *, *, #1562, .F. ) ;
#923 = EDGE_LOOP ( 'NONE', ( #1359, #1241, #889, #1145 ) ) ;
#924 = VECTOR ( 'NONE', #197, 1000.000000000000000 ) ;
#925 = ORIENTED_EDGE ( 'NONE', *, *, #1522, .F. ) ;
#926 = LINE ( 'NONE', #126, #940 ) ;
#927 = ORIENTED_EDGE ( 'NONE', *, *, #1671, .T. ) ;
#928 = VECTOR ( 'NONE', #46, 1000.000000000000000 ) ;
#929 = ORIENTED_EDGE ( 'NONE', *, *, #1675, .F. ) ;
#930 = VERTEX_POINT ( 'NONE', #16 ) ;
#931 = VECTOR ( 'NONE', #121, 1000.000000000000000 ) ;
#932 = ORIENTED_EDGE ( 'NONE', *, *, #1598, .T. ) ;
#933 = ORIENTED_EDGE ( 'NONE', *, *, #1531, .T. ) ;
#934 = ORIENTED_EDGE ( 'NONE', *, *, #1596, .T. ) ;
#935 = VECTOR ( 'NONE', #312, 1000.000000000000000 ) ;
#936 = EDGE_LOOP ( 'NONE', ( #1413, #1348, #1239, #904 ) ) ;
#937 = CIRCLE ( 'NONE', #801, 0.2999999999999999300 ) ;
#938 = ORIENTED_EDGE ( 'NONE', *, *, #1565, .T. ) ;
#939 = VERTEX_POINT ( 'NONE', #14 ) ;
#940 = VECTOR ( 'NONE', #106, 1000.000000000000000 ) ;
#941 = CIRCLE ( 'NONE', #864, 0.8950000000000000200 ) ;
#942 = ORIENTED_EDGE ( 'NONE', *, *, #1574, .T. ) ;
#943 = EDGE_LOOP ( 'NONE', ( #879, #1088, #1045, #1103 ) ) ;
#944 = CIRCLE ( 'NONE', #818, 0.3400000000000000200 ) ;
#945 = ORIENTED_EDGE ( 'NONE', *, *, #1583, .F. ) ;
#946 = EDGE_LOOP ( 'NONE', ( #1136, #1324, #1139, #1134 ) ) ;
#947 = VERTEX_POINT ( 'NONE', #4 ) ;
#948 = VECTOR ( 'NONE', #131, 1000.000000000000000 ) ;
#949 = ORIENTED_EDGE ( 'NONE', *, *, #1545, .T. ) ;
#950 = VERTEX_POINT ( 'NONE', #12 ) ;
#951 = ORIENTED_EDGE ( 'NONE', *, *, #1547, .T. ) ;
#952 = ORIENTED_EDGE ( 'NONE', *, *, #1674, .F. ) ;
#953 = TOROIDAL_SURFACE ( 'NONE', #777, 0.8950000000000000200, 0.1799999999999999900 ) ;
#954 = ORIENTED_EDGE ( 'NONE', *, *, #1559, .T. ) ;
#955 = EDGE_LOOP ( 'NONE', ( #951, #1006 ) ) ;
#956 = ORIENTED_EDGE ( 'NONE', *, *, #1595, .T. ) ;
#957 = VECTOR ( 'NONE', #208, 1000.000000000000000 ) ;
#958 = CYLINDRICAL_SURFACE ( 'NONE', #785, 0.3400000000000000200 ) ;
#959 = VECTOR ( 'NONE', #293, 1000.000000000000000 ) ;
#960 = ORIENTED_EDGE ( 'NONE', *, *, #1616, .T. ) ;
#961 = ORIENTED_EDGE ( 'NONE', *, *, #1625, .F. ) ;
#962 = ORIENTED_EDGE ( 'NONE', *, *, #1699, .F. ) ;
#963 = EDGE_LOOP ( 'NONE', ( #1349, #1265, #1294, #1344 ) ) ;
#964 = ORIENTED_EDGE ( 'NONE', *, *, #1701, .T. ) ;
#965 = ORIENTED_EDGE ( 'NONE', *, *, #1623, .F. ) ;
#966 = EDGE_LOOP ( 'NONE', ( #1266, #1405, #1016, #1436 ) ) ;
#967 = VERTEX_POINT ( 'NONE', #10 ) ;
#968 = LINE ( 'NONE', #196, #1114 ) ;
#969 = ORIENTED_EDGE ( 'NONE', *, *, #1544, .T. ) ;
#970 = VERTEX_POINT ( 'NONE', #23 ) ;
#971 = VECTOR ( 'NONE', #352, 1000.000000000000000 ) ;
#972 = ORIENTED_EDGE ( 'NONE', *, *, #1610, .T. ) ;
#973 = ORIENTED_EDGE ( 'NONE', *, *, #1513, .T. ) ;
#974 = EDGE_LOOP ( 'NONE', ( #1034, #1249, #1295, #1341 ) ) ;
#975 = FACE_OUTER_BOUND ( 'NONE', #1242, .T. ) ;
#976 = ORIENTED_EDGE ( 'NONE', *, *, #1568, .T. ) ;
#977 = ORIENTED_EDGE ( 'NONE', *, *, #1593, .F. ) ;
#978 = ORIENTED_EDGE ( 'NONE', *, *, #1672, .F. ) ;
#979 = EDGE_LOOP ( 'NONE', ( #1135, #1143 ) ) ;
#980 = ORIENTED_EDGE ( 'NONE', *, *, #1529, .F. ) ;
#981 = ORIENTED_EDGE ( 'NONE', *, *, #1676, .F. ) ;
#982 = EDGE_LOOP ( 'NONE', ( #1040, #934, #1097, #922 ) ) ;
#983 = EDGE_LOOP ( 'NONE', ( #1105, #1384, #1090, #929 ) ) ;
#984 = EDGE_LOOP ( 'NONE', ( #1133, #1417, #1302, #911 ) ) ;
#985 = ORIENTED_EDGE ( 'NONE', *, *, #1521, .F. ) ;
#986 = ORIENTED_EDGE ( 'NONE', *, *, #1696, .F. ) ;
#987 = EDGE_LOOP ( 'NONE', ( #1258, #1084, #1062, #900 ) ) ;
#988 = CIRCLE ( 'NONE', #779, 0.3400000000000000200 ) ;
#989 = EDGE_LOOP ( 'NONE', ( #1372, #1380, #1376, #1386 ) ) ;
#990 = ORIENTED_EDGE ( 'NONE', *, *, #1516, .F. ) ;
#991 = ORIENTED_EDGE ( 'NONE', *, *, #1604, .T. ) ;
#992 = EDGE_LOOP ( 'NONE', ( #1297, #1067 ) ) ;
#993 = ORIENTED_EDGE ( 'NONE', *, *, #1674, .T. ) ;
#994 = EDGE_LOOP ( 'NONE', ( #1142, #1387, #1385, #1151 ) ) ;
#995 = EDGE_LOOP ( 'NONE', ( #1014, #1429, #1116, #1153 ) ) ;
#996 = EDGE_LOOP ( 'NONE', ( #938, #903, #990, #925 ) ) ;
#997 = VERTEX_POINT ( 'NONE', #18 ) ;
#998 = ORIENTED_EDGE ( 'NONE', *, *, #1580, .F. ) ;
#999 = VERTEX_POINT ( 'NONE', #21 ) ;
#1000 = VERTEX_POINT ( 'NONE', #9 ) ;
#1001 = VECTOR ( 'NONE', #161, 1000.000000000000000 ) ;
#1002 = ORIENTED_EDGE ( 'NONE', *, *, #1511, .T. ) ;
#1003 = ORIENTED_EDGE ( 'NONE', *, *, #1601, .T. ) ;
#1004 = ORIENTED_EDGE ( 'NONE', *, *, #1692, .T. ) ;
#1005 = ORIENTED_EDGE ( 'NONE', *, *, #1537, .T. ) ;
#1006 = ORIENTED_EDGE ( 'NONE', *, *, #1681, .T. ) ;
#1007 = VERTEX_POINT ( 'NONE', #7 ) ;
#1008 = ORIENTED_EDGE ( 'NONE', *, *, #1609, .T. ) ;
#1009 = ORIENTED_EDGE ( 'NONE', *, *, #1560, .T. ) ;
#1010 = TOROIDAL_SURFACE ( 'NONE', #809, 0.8950000000000000200, 0.1799999999999999900 ) ;
#1011 = ORIENTED_EDGE ( 'NONE', *, *, #1694, .T. ) ;
#1012 = EDGE_LOOP ( 'NONE', ( #1388, #1353, #1121, #1337 ) ) ;
#1013 = LINE ( 'NONE', #185, #1104 ) ;
#1014 = ORIENTED_EDGE ( 'NONE', *, *, #1518, .T. ) ;
#1015 = LINE ( 'NONE', #156, #1001 ) ;
#1016 = ORIENTED_EDGE ( 'NONE', *, *, #1566, .T. ) ;
#1017 = ORIENTED_EDGE ( 'NONE', *, *, #1591, .F. ) ;
#1018 = VECTOR ( 'NONE', #201, 1000.000000000000000 ) ;
#1019 = ORIENTED_EDGE ( 'NONE', *, *, #1553, .T. ) ;
#1020 = ORIENTED_EDGE ( 'NONE', *, *, #1570, .T. ) ;
#1021 = ORIENTED_EDGE ( 'NONE', *, *, #1693, .T. ) ;
#1022 = EDGE_LOOP ( 'NONE', ( #1253, #991, #1228, #1395 ) ) ;
#1023 = ORIENTED_EDGE ( 'NONE', *, *, #1539, .F. ) ;
#1024 = VECTOR ( 'NONE', #194, 1000.000000000000000 ) ;
#1025 = LINE ( 'NONE', #192, #1115 ) ;
#1026 = VECTOR ( 'NONE', #225, 1000.000000000000000 ) ;
#1027 = CIRCLE ( 'NONE', #865, 0.05999999999999994200 ) ;
#1028 = ORIENTED_EDGE ( 'NONE', *, *, #1676, .T. ) ;
#1029 = LINE ( 'NONE', #301, #1081 ) ;
#1030 = EDGE_LOOP ( 'NONE', ( #1162, #1255, #1127, #1247 ) ) ;
#1031 = ORIENTED_EDGE ( 'NONE', *, *, #1696, .T. ) ;
#1032 = LINE ( 'NONE', #191, #1018 ) ;
#1033 = ORIENTED_EDGE ( 'NONE', *, *, #1584, .T. ) ;
#1034 = ORIENTED_EDGE ( 'NONE', *, *, #1552, .F. ) ;
#1035 = EDGE_LOOP ( 'NONE', ( #1237, #1231, #1110, #1309 ) ) ;
#1036 = EDGE_LOOP ( 'NONE', ( #1366, #1375, #1098, #949 ) ) ;
#1037 = ORIENTED_EDGE ( 'NONE', *, *, #1532, .T. ) ;
#1038 = EDGE_LOOP ( 'NONE', ( #1303, #1017, #1096, #1403 ) ) ;
#1039 = EDGE_LOOP ( 'NONE', ( #1044, #1394, #1406, #1290 ) ) ;
#1040 = ORIENTED_EDGE ( 'NONE', *, *, #1605, .F. ) ;
#1041 = CIRCLE ( 'NONE', #768, 0.3999999999999999700 ) ;
#1042 = ORIENTED_EDGE ( 'NONE', *, *, #1625, .T. ) ;
#1043 = VERTEX_POINT ( 'NONE', #22 ) ;
#1044 = ORIENTED_EDGE ( 'NONE', *, *, #1697, .T. ) ;
#1045 = ORIENTED_EDGE ( 'NONE', *, *, #1697, .F. ) ;
#1046 = VERTEX_POINT ( 'NONE', #19 ) ;
#1047 = CIRCLE ( 'NONE', #807, 0.2999999999999999300 ) ;
#1048 = EDGE_LOOP ( 'NONE', ( #1020, #972, #1400, #907 ) ) ;
#1049 = FACE_OUTER_BOUND ( 'NONE', #890, .T. ) ;
#1050 = VECTOR ( 'NONE', #395, 1000.000000000000000 ) ;
#1051 = FACE_OUTER_BOUND ( 'NONE', #1085, .T. ) ;
#1052 = EDGE_LOOP ( 'NONE', ( #1226, #1124, #1003, #1254 ) ) ;
#1053 = EDGE_LOOP ( 'NONE', ( #973, #976, #1428, #1338 ) ) ;
#1054 = ORIENTED_EDGE ( 'NONE', *, *, #1530, .T. ) ;
#1055 = ORIENTED_EDGE ( 'NONE', *, *, #1701, .F. ) ;
#1056 = VECTOR ( 'NONE', #162, 1000.000000000000000 ) ;
#1057 = EDGE_LOOP ( 'NONE', ( #962, #1245, #1234, #1432 ) ) ;
#1058 = ORIENTED_EDGE ( 'NONE', *, *, #1558, .F. ) ;
#1059 = TOROIDAL_SURFACE ( 'NONE', #775, 0.8950000000000000200, 0.6800000000000000500 ) ;
#1060 = EDGE_LOOP ( 'NONE', ( #1342, #1355, #1352, #1357 ) ) ;
#1061 = ORIENTED_EDGE ( 'NONE', *, *, #1680, .F. ) ;
#1062 = ORIENTED_EDGE ( 'NONE', *, *, #1686, .F. ) ;
#1063 = ORIENTED_EDGE ( 'NONE', *, *, #1687, .T. ) ;
#1064 = TOROIDAL_SURFACE ( 'NONE', #772, 0.8950000000000000200, 0.6800000000000000500 ) ;
#1065 = CYLINDRICAL_SURFACE ( 'NONE', #786, 0.4000000000000001900 ) ;
#1066 = EDGE_LOOP ( 'NONE', ( #1264, #980, #1427, #998 ) ) ;
#1067 = ORIENTED_EDGE ( 'NONE', *, *, #1605, .T. ) ;
#1068 = VERTEX_POINT ( 'NONE', #40 ) ;
#1069 = ORIENTED_EDGE ( 'NONE', *, *, #1569, .T. ) ;
#1070 = EDGE_LOOP ( 'NONE', ( #898, #1347, #1351, #1356 ) ) ;
#1071 = EDGE_LOOP ( 'NONE', ( #1089, #956, #1005, #1268, #1009, #1155, #1150, #1033 ) ) ;
#1072 = ORIENTED_EDGE ( 'NONE', *, *, #1551, .F. ) ;
#1073 = EDGE_LOOP ( 'NONE', ( #1031, #1028, #1361, #1023 ) ) ;
#1074 = ORIENTED_EDGE ( 'NONE', *, *, #1578, .F. ) ;
#1075 = CIRCLE ( 'NONE', #774, 0.7204987272332283900 ) ;
#1076 = EDGE_LOOP ( 'NONE', ( #933, #965, #977, #1152 ) ) ;
#1077 = LINE ( 'NONE', #159, #957 ) ;
#1078 = ORIENTED_EDGE ( 'NONE', *, *, #1598, .F. ) ;
#1079 = CIRCLE ( 'NONE', #811, 0.6800000000000000500 ) ;
#1080 = ORIENTED_EDGE ( 'NONE', *, *, #1522, .T. ) ;
#1081 = VECTOR ( 'NONE', #222, 1000.000000000000000 ) ;
#1082 = VERTEX_POINT ( 'NONE', #58 ) ;
#1083 = CYLINDRICAL_SURFACE ( 'NONE', #769, 0.8000000000000000400 ) ;
#1084 = ORIENTED_EDGE ( 'NONE', *, *, #1680, .T. ) ;
#1085 = EDGE_LOOP ( 'NONE', ( #1129, #1281, #1131, #1244 ) ) ;
#1086 = VERTEX_POINT ( 'NONE', #17 ) ;
#1087 = EDGE_LOOP ( 'NONE', ( #1430, #1091, #986, #1365 ) ) ;
#1088 = ORIENTED_EDGE ( 'NONE', *, *, #1563, .T. ) ;
#1089 = ORIENTED_EDGE ( 'NONE', *, *, #1586, .T. ) ;
#1090 = ORIENTED_EDGE ( 'NONE', *, *, #1694, .F. ) ;
#1091 = ORIENTED_EDGE ( 'NONE', *, *, #1705, .T. ) ;
#1092 = VERTEX_POINT ( 'NONE', #30 ) ;
#1093 = ORIENTED_EDGE ( 'NONE', *, *, #1692, .F. ) ;
#1094 = EDGE_LOOP ( 'NONE', ( #1339, #1269, #1019, #927 ) ) ;
#1095 = VERTEX_POINT ( 'NONE', #20 ) ;
#1096 = ORIENTED_EDGE ( 'NONE', *, *, #1673, .F. ) ;
#1097 = ORIENTED_EDGE ( 'NONE', *, *, #1677, .F. ) ;
#1098 = ORIENTED_EDGE ( 'NONE', *, *, #1693, .F. ) ;
#1099 = ORIENTED_EDGE ( 'NONE', *, *, #1529, .T. ) ;
#1100 = ORIENTED_EDGE ( 'NONE', *, *, #1581, .T. ) ;
#1101 = EDGE_LOOP ( 'NONE', ( #1296, #960, #1074, #1232 ) ) ;
#1102 = FACE_BOUND ( 'NONE', #875, .T. ) ;
#1103 = ORIENTED_EDGE ( 'NONE', *, *, #1511, .F. ) ;
#1104 = VECTOR ( 'NONE', #28, 1000.000000000000000 ) ;
#1105 = ORIENTED_EDGE ( 'NONE', *, *, #1681, .F. ) ;
#1106 = ORIENTED_EDGE ( 'NONE', *, *, #1585, .F. ) ;
#1107 = ORIENTED_EDGE ( 'NONE', *, *, #1572, .T. ) ;
#1108 = FACE_OUTER_BOUND ( 'NONE', #946, .T. ) ;
#1109 = EDGE_LOOP ( 'NONE', ( #993, #1371, #1125, #1148, #964, #1396, #915, #1419 ) ) ;
#1110 = ORIENTED_EDGE ( 'NONE', *, *, #1562, .T. ) ;
#1111 = LINE ( 'NONE', #25, #931 ) ;
#1112 = CIRCLE ( 'NONE', #831, 0.4000000000000001900 ) ;
#1113 = VERTEX_POINT ( 'NONE', #6 ) ;
#1114 = VECTOR ( 'NONE', #157, 1000.000000000000000 ) ;
#1115 = VECTOR ( 'NONE', #193, 1000.000000000000000 ) ;
#1116 = ORIENTED_EDGE ( 'NONE', *, *, #1582, .F. ) ;
#1117 = FACE_OUTER_BOUND ( 'NONE', #1087, .T. ) ;
#1118 = VECTOR ( 'NONE', #101, 1000.000000000000000 ) ;
#1119 = ORIENTED_EDGE ( 'NONE', *, *, #1607, .F. ) ;
#1120 = FACE_OUTER_BOUND ( 'NONE', #1229, .T. ) ;
#1121 = ORIENTED_EDGE ( 'NONE', *, *, #1675, .T. ) ;
#1122 = ORIENTED_EDGE ( 'NONE', *, *, #1558, .T. ) ;
#1123 = ORIENTED_EDGE ( 'NONE', *, *, #1700, .F. ) ;
#1124 = ORIENTED_EDGE ( 'NONE', *, *, #1550, .F. ) ;
#1125 = ORIENTED_EDGE ( 'NONE', *, *, #1707, .T. ) ;
#1126 = ORIENTED_EDGE ( 'NONE', *, *, #1599, .F. ) ;
#1127 = ORIENTED_EDGE ( 'NONE', *, *, #1611, .T. ) ;
#1128 = ORIENTED_EDGE ( 'NONE', *, *, #1512, .T. ) ;
#1129 = ORIENTED_EDGE ( 'NONE', *, *, #1689, .T. ) ;
#1130 = ORIENTED_EDGE ( 'NONE', *, *, #1706, .F. ) ;
#1131 = ORIENTED_EDGE ( 'NONE', *, *, #1575, .F. ) ;
#1132 = ORIENTED_EDGE ( 'NONE', *, *, #1533, .F. ) ;
#1133 = ORIENTED_EDGE ( 'NONE', *, *, #1583, .T. ) ;
#1134 = ORIENTED_EDGE ( 'NONE', *, *, #1620, .T. ) ;
#1135 = ORIENTED_EDGE ( 'NONE', *, *, #1564, .T. ) ;
#1136 = ORIENTED_EDGE ( 'NONE', *, *, #1608, .F. ) ;
#1137 = ORIENTED_EDGE ( 'NONE', *, *, #1559, .F. ) ;
#1138 = ORIENTED_EDGE ( 'NONE', *, *, #1575, .T. ) ;
#1139 = ORIENTED_EDGE ( 'NONE', *, *, #1576, .T. ) ;
#1140 = ORIENTED_EDGE ( 'NONE', *, *, #1546, .T. ) ;
#1141 = ORIENTED_EDGE ( 'NONE', *, *, #1537, .F. ) ;
#1142 = ORIENTED_EDGE ( 'NONE', *, *, #1624, .F. ) ;
#1143 = ORIENTED_EDGE ( 'NONE', *, *, #1699, .T. ) ;
#1144 = ORIENTED_EDGE ( 'NONE', *, *, #1518, .F. ) ;
#1145 = ORIENTED_EDGE ( 'NONE', *, *, #1685, .F. ) ;
#1146 = ORIENTED_EDGE ( 'NONE', *, *, #1704, .F. ) ;
#1147 = ORIENTED_EDGE ( 'NONE', *, *, #1571, .T. ) ;
#1148 = ORIENTED_EDGE ( 'NONE', *, *, #1614, .T. ) ;
#1149 = FACE_OUTER_BOUND ( 'NONE', #1071, .T. ) ;
#1150 = ORIENTED_EDGE ( 'NONE', *, *, #1541, .T. ) ;
#1151 = ORIENTED_EDGE ( 'NONE', *, *, #1590, .F. ) ;
#1152 = ORIENTED_EDGE ( 'NONE', *, *, #1586, .F. ) ;
#1153 = ORIENTED_EDGE ( 'NONE', *, *, #1616, .F. ) ;
#1154 = CYLINDRICAL_SURFACE ( 'NONE', #780, 0.3400000000000000200 ) ;
#1155 = ORIENTED_EDGE ( 'NONE', *, *, #1540, .T. ) ;
#1156 = CYLINDRICAL_SURFACE ( 'NONE', #791, 0.4000000000000001900 ) ;
#1157 = CYLINDRICAL_SURFACE ( 'NONE', #803, 0.4000000000000000800 ) ;
#1158 = CYLINDRICAL_SURFACE ( 'NONE', #1515, 0.3400000000000000200 ) ;
#1159 = TOROIDAL_SURFACE ( 'NONE', #1528, 0.06000000000000004600, 0.3400000000000000200 ) ;
#1160 = ORIENTED_EDGE ( 'NONE', *, *, #1619, .T. ) ;
#1161 = CIRCLE ( 'NONE', #764, 0.3999999999999999700 ) ;
#1162 = ORIENTED_EDGE ( 'NONE', *, *, #1671, .F. ) ;
#1163 = VECTOR ( 'NONE', #186, 1000.000000000000000 ) ;
#1164 = LINE ( 'NONE', #94, #1163 ) ;
#1165 = VECTOR ( 'NONE', #324, 1000.000000000000000 ) ;
#1166 = LINE ( 'NONE', #167, #1024 ) ;
#1167 = CIRCLE ( 'NONE', #866, 0.2999999999999999300 ) ;
#1168 = VECTOR ( 'NONE', #143, 1000.000000000000000 ) ;
#1169 = LINE ( 'NONE', #168, #1168 ) ;
#1170 = CIRCLE ( 'NONE', #815, 0.4000000000000005200 ) ;
#1171 = CIRCLE ( 'NONE', #869, 0.3499999999999999800 ) ;
#1172 = CIRCLE ( 'NONE', #784, 0.05999999999999994200 ) ;
#1173 = CIRCLE ( 'NONE', #773, 0.2999999999999999300 ) ;
#1174 = LINE ( 'NONE', #103, #1286 ) ;
#1175 = LINE ( 'NONE', #120, #959 ) ;
#1176 = VECTOR ( 'NONE', #149, 1000.000000000000000 ) ;
#1177 = LINE ( 'NONE', #132, #1399 ) ;
#1178 = LINE ( 'NONE', #102, #1176 ) ;
#1179 = CIRCLE ( 'NONE', #823, 0.1800000000000000500 ) ;
#1180 = CIRCLE ( 'NONE', #813, 0.05999999999999994200 ) ;
#1181 = VECTOR ( 'NONE', #234, 1000.000000000000000 ) ;
#1182 = CIRCLE ( 'NONE', #805, 0.8000000000000000400 ) ;
#1183 = VECTOR ( 'NONE', #236, 1000.000000000000000 ) ;
#1184 = CIRCLE ( 'NONE', #821, 0.06000000000000015700 ) ;
#1185 = LINE ( 'NONE', #392, #1183 ) ;
#1186 = CIRCLE ( 'NONE', #814, 0.06000000000000015700 ) ;
#1187 = CIRCLE ( 'NONE', #771, 0.3500000000000000300 ) ;
#1188 = VECTOR ( 'NONE', #221, 1000.000000000000000 ) ;
#1189 = LINE ( 'NONE', #298, #928 ) ;
#1190 = LINE ( 'NONE', #299, #971 ) ;
#1191 = FACE_OUTER_BOUND ( 'NONE', #899, .T. ) ;
#1192 = FACE_OUTER_BOUND ( 'NONE', #1094, .T. ) ;
#1193 = FACE_OUTER_BOUND ( 'NONE', #1057, .T. ) ;
#1194 = TOROIDAL_SURFACE ( 'NONE', #824, 0.3811906968533948500, 0.3499999999999999800 ) ;
#1195 = FACE_OUTER_BOUND ( 'NONE', #895, .T. ) ;
#1196 = FACE_OUTER_BOUND ( 'NONE', #1334, .T. ) ;
#1197 = TOROIDAL_SURFACE ( 'NONE', #825, 0.06000000000000004600, 0.3400000000000000200 ) ;
#1198 = FACE_OUTER_BOUND ( 'NONE', #877, .T. ) ;
#1199 = LINE ( 'NONE', #295, #1188 ) ;
#1200 = FACE_OUTER_BOUND ( 'NONE', #1060, .T. ) ;
#1201 = FACE_OUTER_BOUND ( 'NONE', #1280, .T. ) ;
#1202 = FACE_OUTER_BOUND ( 'NONE', #1022, .T. ) ;
#1203 = CYLINDRICAL_SURFACE ( 'NONE', #874, 0.3499999999999996400 ) ;
#1204 = FACE_OUTER_BOUND ( 'NONE', #989, .T. ) ;
#1205 = CYLINDRICAL_SURFACE ( 'NONE', #816, 0.4000000000000000800 ) ;
#1206 = FACE_OUTER_BOUND ( 'NONE', #1035, .T. ) ;
#1207 = CYLINDRICAL_SURFACE ( 'NONE', #850, 0.4000000000000000800 ) ;
#1208 = FACE_OUTER_BOUND ( 'NONE', #943, .T. ) ;
#1209 = CYLINDRICAL_SURFACE ( 'NONE', #1525, 0.8000000000000000400 ) ;
#1210 = ORIENTED_EDGE ( 'NONE', *, *, #1533, .T. ) ;
#1211 = FACE_OUTER_BOUND ( 'NONE', #983, .T. ) ;
#1212 = CYLINDRICAL_SURFACE ( 'NONE', #1606, 0.4000000000000004100 ) ;
#1213 = FACE_OUTER_BOUND ( 'NONE', #891, .T. ) ;
#1214 = FACE_OUTER_BOUND ( 'NONE', #1235, .T. ) ;
#1215 = FACE_OUTER_BOUND ( 'NONE', #896, .T. ) ;
#1216 = FACE_OUTER_BOUND ( 'NONE', #1319, .T. ) ;
#1217 = CYLINDRICAL_SURFACE ( 'NONE', #1514, 0.4000000000000004100 ) ;
#1218 = TOROIDAL_SURFACE ( 'NONE', #797, 0.3811906968533948500, 0.3499999999999999800 ) ;
#1219 = FACE_OUTER_BOUND ( 'NONE', #1039, .T. ) ;
#1220 = CYLINDRICAL_SURFACE ( 'NONE', #870, 0.2999999999999999300 ) ;
#1221 = FACE_BOUND ( 'NONE', #979, .T. ) ;
#1222 = FACE_OUTER_BOUND ( 'NONE', #923, .T. ) ;
#1223 = ORIENTED_EDGE ( 'NONE', *, *, #1557, .F. ) ;
#1224 = ORIENTED_EDGE ( 'NONE', *, *, #1603, .F. ) ;
#1225 = ORIENTED_EDGE ( 'NONE', *, *, #1602, .F. ) ;
#1226 = ORIENTED_EDGE ( 'NONE', *, *, #1695, .T. ) ;
#1227 = ORIENTED_EDGE ( 'NONE', *, *, #1707, .F. ) ;
#1228 = ORIENTED_EDGE ( 'NONE', *, *, #1613, .F. ) ;
#1229 = EDGE_LOOP ( 'NONE', ( #1298, #1378, #1099, #1063, #1100, #1252, #1282, #1308 ) ) ;
#1230 = ORIENTED_EDGE ( 'NONE', *, *, #1683, .T. ) ;
#1231 = ORIENTED_EDGE ( 'NONE', *, *, #1561, .F. ) ;
#1232 = ORIENTED_EDGE ( 'NONE', *, *, #1534, .F. ) ;
#1233 = ORIENTED_EDGE ( 'NONE', *, *, #1704, .T. ) ;
#1234 = ORIENTED_EDGE ( 'NONE', *, *, #1670, .T. ) ;
#1235 = EDGE_LOOP ( 'NONE', ( #1138, #1054, #978, #1055 ) ) ;
#1236 = ORIENTED_EDGE ( 'NONE', *, *, #1554, .F. ) ;
#1237 = ORIENTED_EDGE ( 'NONE', *, *, #1596, .F. ) ;
#1238 = EDGE_LOOP ( 'NONE', ( #1367, #1374, #1144, #1061 ) ) ;
#1239 = ORIENTED_EDGE ( 'NONE', *, *, #1611, .F. ) ;
#1240 = VERTEX_POINT ( 'NONE', #27 ) ;
#1241 = ORIENTED_EDGE ( 'NONE', *, *, #1589, .T. ) ;
#1242 = EDGE_LOOP ( 'NONE', ( #1323, #1304, #1322, #952 ) ) ;
#1243 = ORIENTED_EDGE ( 'NONE', *, *, #1543, .T. ) ;
#1244 = ORIENTED_EDGE ( 'NONE', *, *, #1614, .F. ) ;
#1245 = ORIENTED_EDGE ( 'NONE', *, *, #1538, .T. ) ;
#1246 = LINE ( 'NONE', #364, #1422 ) ;
#1247 = ORIENTED_EDGE ( 'NONE', *, *, #1619, .F. ) ;
#1248 = LINE ( 'NONE', #109, #1165 ) ;
#1249 = ORIENTED_EDGE ( 'NONE', *, *, #1620, .F. ) ;
#1250 = EDGE_LOOP ( 'NONE', ( #921, #1223, #1434, #1119 ) ) ;
#1251 = CYLINDRICAL_SURFACE ( 'NONE', #812, 0.2999999999999999300 ) ;
#1252 = ORIENTED_EDGE ( 'NONE', *, *, #1521, .T. ) ;
#1253 = ORIENTED_EDGE ( 'NONE', *, *, #1682, .F. ) ;
#1254 = ORIENTED_EDGE ( 'NONE', *, *, #1589, .F. ) ;
#1255 = ORIENTED_EDGE ( 'NONE', *, *, #1691, .T. ) ;
#1256 = ORIENTED_EDGE ( 'NONE', *, *, #1592, .T. ) ;
#1257 = FACE_OUTER_BOUND ( 'NONE', #974, .T. ) ;
#1258 = ORIENTED_EDGE ( 'NONE', *, *, #1702, .T. ) ;
#1259 = FACE_OUTER_BOUND ( 'NONE', #1012, .T. ) ;
#1260 = CIRCLE ( 'NONE', #868, 0.3499999999999996400 ) ;
#1261 = VERTEX_POINT ( 'NONE', #55 ) ;
#1262 = ORIENTED_EDGE ( 'NONE', *, *, #1597, .T. ) ;
#1263 = ORIENTED_EDGE ( 'NONE', *, *, #1579, .F. ) ;
#1264 = ORIENTED_EDGE ( 'NONE', *, *, #1582, .T. ) ;
#1265 = ORIENTED_EDGE ( 'NONE', *, *, #1530, .F. ) ;
#1266 = ORIENTED_EDGE ( 'NONE', *, *, #1684, .F. ) ;
#1267 = ORIENTED_EDGE ( 'NONE', *, *, #1512, .F. ) ;
#1268 = ORIENTED_EDGE ( 'NONE', *, *, #1549, .T. ) ;
#1269 = ORIENTED_EDGE ( 'NONE', *, *, #1684, .T. ) ;
#1270 = LINE ( 'NONE', #202, #1397 ) ;
#1271 = FACE_OUTER_BOUND ( 'NONE', #936, .T. ) ;
#1272 = LINE ( 'NONE', #207, #1056 ) ;
#1273 = CIRCLE ( 'NONE', #849, 0.4000000000000000800 ) ;
#1274 = VERTEX_POINT ( 'NONE', #302 ) ;
#1275 = EDGE_LOOP ( 'NONE', ( #1236, #913, #894, #1011 ) ) ;
#1276 = ORIENTED_EDGE ( 'NONE', *, *, #1573, .F. ) ;
#1277 = CIRCLE ( 'NONE', #817, 0.3400000000000000200 ) ;
#1278 = ORIENTED_EDGE ( 'NONE', *, *, #1683, .F. ) ;
#1279 = FACE_OUTER_BOUND ( 'NONE', #1070, .T. ) ;
#1280 = EDGE_LOOP ( 'NONE', ( #1390, #1392, #1391, #1409 ) ) ;
#1281 = ORIENTED_EDGE ( 'NONE', *, *, #1591, .T. ) ;
#1282 = ORIENTED_EDGE ( 'NONE', *, *, #1556, .T. ) ;
#1283 = CIRCLE ( 'NONE', #800, 0.1800000000000000500 ) ;
#1284 = CIRCLE ( 'NONE', #828, 0.3811906968533948500 ) ;
#1285 = VERTEX_POINT ( 'NONE', #5 ) ;
#1286 = VECTOR ( 'NONE', #163, 1000.000000000000000 ) ;
#1287 = FACE_OUTER_BOUND ( 'NONE', #1053, .T. ) ;
#1288 = VECTOR ( 'NONE', #165, 1000.000000000000000 ) ;
#1289 = ORIENTED_EDGE ( 'NONE', *, *, #1539, .T. ) ;
#1290 = ORIENTED_EDGE ( 'NONE', *, *, #1577, .F. ) ;
#1291 = FACE_OUTER_BOUND ( 'NONE', #966, .T. ) ;
#1292 = VERTEX_POINT ( 'NONE', #31 ) ;
#1293 = FACE_OUTER_BOUND ( 'NONE', #996, .T. ) ;
#1294 = ORIENTED_EDGE ( 'NONE', *, *, #1678, .F. ) ;
#1295 = ORIENTED_EDGE ( 'NONE', *, *, #1519, .T. ) ;
#1296 = ORIENTED_EDGE ( 'NONE', *, *, #1686, .T. ) ;
#1297 = ORIENTED_EDGE ( 'NONE', *, *, #1561, .T. ) ;
#1298 = ORIENTED_EDGE ( 'NONE', *, *, #1607, .T. ) ;
#1299 = LINE ( 'NONE', #170, #1288 ) ;
#1300 = VECTOR ( 'NONE', #371, 1000.000000000000000 ) ;
#1301 = ORIENTED_EDGE ( 'NONE', *, *, #1532, .F. ) ;
#1302 = ORIENTED_EDGE ( 'NONE', *, *, #1593, .T. ) ;
#1303 = ORIENTED_EDGE ( 'NONE', *, *, #1678, .T. ) ;
#1304 = ORIENTED_EDGE ( 'NONE', *, *, #1580, .T. ) ;
#1305 = ORIENTED_EDGE ( 'NONE', *, *, #1677, .T. ) ;
#1306 = ORIENTED_EDGE ( 'NONE', *, *, #1691, .F. ) ;
#1307 = ORIENTED_EDGE ( 'NONE', *, *, #1689, .F. ) ;
#1308 = ORIENTED_EDGE ( 'NONE', *, *, #1594, .T. ) ;
#1309 = ORIENTED_EDGE ( 'NONE', *, *, #1670, .F. ) ;
#1310 = CIRCLE ( 'NONE', #783, 0.05999999999999994200 ) ;
#1311 = FACE_OUTER_BOUND ( 'NONE', #982, .T. ) ;
#1312 = EDGE_LOOP ( 'NONE', ( #1123, #985, #1340, #1093 ) ) ;
#1313 = LINE ( 'NONE', #178, #1315 ) ;
#1314 = CIRCLE ( 'NONE', #806, 0.06000000000000037200 ) ;
#1315 = VECTOR ( 'NONE', #180, 1000.000000000000000 ) ;
#1316 = CIRCLE ( 'NONE', #854, 0.3400000000000000200 ) ;
#1317 = LINE ( 'NONE', #209, #924 ) ;
#1318 = ORIENTED_EDGE ( 'NONE', *, *, #1567, .F. ) ;
#1319 = EDGE_LOOP ( 'NONE', ( #1401, #1004, #918, #1225 ) ) ;
#1320 = EDGE_LOOP ( 'NONE', ( #1146, #1147, #961, #1421, #1301, #1128, #1132, #1354 ) ) ;
#1321 = FACE_BOUND ( 'NONE', #885, .T. ) ;
#1322 = ORIENTED_EDGE ( 'NONE', *, *, #1587, .F. ) ;
#1323 = ORIENTED_EDGE ( 'NONE', *, *, #1578, .T. ) ;
#1324 = ORIENTED_EDGE ( 'NONE', *, *, #1544, .F. ) ;
#1325 = ORIENTED_EDGE ( 'NONE', *, *, #1609, .F. ) ;
#1326 = FACE_OUTER_BOUND ( 'NONE', #1030, .T. ) ;
#1327 = TOROIDAL_SURFACE ( 'NONE', #1517, 0.06000000000000015700, 0.3400000000000000200 ) ;
#1328 = TOROIDAL_SURFACE ( 'NONE', #1622, 0.3811906968533948500, 0.3499999999999999800 ) ;
#1329 = FACE_OUTER_BOUND ( 'NONE', #880, .T. ) ;
#1330 = FACE_OUTER_BOUND ( 'NONE', #888, .T. ) ;
#1331 = TOROIDAL_SURFACE ( 'NONE', #792, 0.8950000000000000200, 0.6800000000000000500 ) ;
#1332 = CIRCLE ( 'NONE', #787, 0.4000000000000004100 ) ;
#1333 = LINE ( 'NONE', #245, #935 ) ;
#1334 = EDGE_LOOP ( 'NONE', ( #1358, #1210, #1130, #932 ) ) ;
#1335 = VERTEX_POINT ( 'NONE', #43 ) ;
#1336 = EDGE_LOOP ( 'NONE', ( #1407, #1393, #1364, #981 ) ) ;
#1337 = ORIENTED_EDGE ( 'NONE', *, *, #1548, .F. ) ;
#1338 = ORIENTED_EDGE ( 'NONE', *, *, #1535, .F. ) ;
#1339 = ORIENTED_EDGE ( 'NONE', *, *, #1592, .F. ) ;
#1340 = ORIENTED_EDGE ( 'NONE', *, *, #1698, .F. ) ;
#1341 = ORIENTED_EDGE ( 'NONE', *, *, #1546, .F. ) ;
#1342 = ORIENTED_EDGE ( 'NONE', *, *, #1618, .T. ) ;
#1343 = ORIENTED_EDGE ( 'NONE', *, *, #1560, .F. ) ;
#1344 = ORIENTED_EDGE ( 'NONE', *, *, #1556, .F. ) ;
#1345 = ORIENTED_EDGE ( 'NONE', *, *, #1553, .F. ) ;
#1346 = ORIENTED_EDGE ( 'NONE', *, *, #1526, .F. ) ;
#1347 = ORIENTED_EDGE ( 'NONE', *, *, #1540, .F. ) ;
#1348 = ORIENTED_EDGE ( 'NONE', *, *, #1552, .T. ) ;
#1349 = ORIENTED_EDGE ( 'NONE', *, *, #1700, .T. ) ;
#1350 = ORIENTED_EDGE ( 'NONE', *, *, #1588, .T. ) ;
#1351 = ORIENTED_EDGE ( 'NONE', *, *, #1621, .F. ) ;
#1352 = ORIENTED_EDGE ( 'NONE', *, *, #1531, .F. ) ;
#1353 = ORIENTED_EDGE ( 'NONE', *, *, #1547, .F. ) ;
#1354 = ORIENTED_EDGE ( 'NONE', *, *, #1682, .T. ) ;
#1355 = ORIENTED_EDGE ( 'NONE', *, *, #1563, .F. ) ;
#1356 = ORIENTED_EDGE ( 'NONE', *, *, #1610, .F. ) ;
#1357 = ORIENTED_EDGE ( 'NONE', *, *, #1584, .F. ) ;
#1358 = ORIENTED_EDGE ( 'NONE', *, *, #1604, .F. ) ;
#1359 = ORIENTED_EDGE ( 'NONE', *, *, #1587, .T. ) ;
#1360 = ORIENTED_EDGE ( 'NONE', *, *, #1621, .T. ) ;
#1361 = ORIENTED_EDGE ( 'NONE', *, *, #1555, .F. ) ;
#1362 = ORIENTED_EDGE ( 'NONE', *, *, #1585, .T. ) ;
#1363 = ORIENTED_EDGE ( 'NONE', *, *, #1538, .F. ) ;
#1364 = ORIENTED_EDGE ( 'NONE', *, *, #1588, .F. ) ;
#1365 = ORIENTED_EDGE ( 'NONE', *, *, #1572, .F. ) ;
#1366 = ORIENTED_EDGE ( 'NONE', *, *, #1571, .F. ) ;
#1367 = ORIENTED_EDGE ( 'NONE', *, *, #1698, .T. ) ;
#1368 = ORIENTED_EDGE ( 'NONE', *, *, #1705, .F. ) ;
#1369 = ORIENTED_EDGE ( 'NONE', *, *, #1577, .T. ) ;
#1370 = ORIENTED_EDGE ( 'NONE', *, *, #1688, .T. ) ;
#1371 = ORIENTED_EDGE ( 'NONE', *, *, #1685, .T. ) ;
#1372 = ORIENTED_EDGE ( 'NONE', *, *, #1600, .T. ) ;
#1373 = ORIENTED_EDGE ( 'NONE', *, *, #1535, .T. ) ;
#1374 = ORIENTED_EDGE ( 'NONE', *, *, #1581, .F. ) ;
#1375 = ORIENTED_EDGE ( 'NONE', *, *, #1573, .T. ) ;
#1376 = ORIENTED_EDGE ( 'NONE', *, *, #1618, .F. ) ;
#1377 = ORIENTED_EDGE ( 'NONE', *, *, #1613, .T. ) ;
#1378 = ORIENTED_EDGE ( 'NONE', *, *, #1550, .T. ) ;
#1379 = ORIENTED_EDGE ( 'NONE', *, *, #1599, .T. ) ;
#1380 = ORIENTED_EDGE ( 'NONE', *, *, #1617, .F. ) ;
#1381 = ORIENTED_EDGE ( 'NONE', *, *, #1542, .T. ) ;
#1382 = ORIENTED_EDGE ( 'NONE', *, *, #1564, .F. ) ;
#1383 = ORIENTED_EDGE ( 'NONE', *, *, #1567, .T. ) ;
#1384 = ORIENTED_EDGE ( 'NONE', *, *, #1520, .T. ) ;
#1385 = ORIENTED_EDGE ( 'NONE', *, *, #1548, .T. ) ;
#1386 = ORIENTED_EDGE ( 'NONE', *, *, #1541, .F. ) ;
#1387 = ORIENTED_EDGE ( 'NONE', *, *, #1554, .T. ) ;
#1388 = ORIENTED_EDGE ( 'NONE', *, *, #1520, .F. ) ;
#1389 = ORIENTED_EDGE ( 'NONE', *, *, #1557, .T. ) ;
#1390 = ORIENTED_EDGE ( 'NONE', *, *, #1555, .T. ) ;
#1391 = ORIENTED_EDGE ( 'NONE', *, *, #1513, .F. ) ;
#1392 = ORIENTED_EDGE ( 'NONE', *, *, #1551, .T. ) ;
#1393 = ORIENTED_EDGE ( 'NONE', *, *, #1549, .F. ) ;
#1394 = ORIENTED_EDGE ( 'NONE', *, *, #1617, .T. ) ;
#1395 = ORIENTED_EDGE ( 'NONE', *, *, #1603, .T. ) ;
#1396 = ORIENTED_EDGE ( 'NONE', *, *, #1602, .T. ) ;
#1397 = VECTOR ( 'NONE', #188, 1000.000000000000000 ) ;
#1398 = VERTEX_POINT ( 'NONE', #215 ) ;
#1399 = VECTOR ( 'NONE', #108, 1000.000000000000000 ) ;
#1400 = ORIENTED_EDGE ( 'NONE', *, *, #1690, .F. ) ;
#1401 = ORIENTED_EDGE ( 'NONE', *, *, #1672, .T. ) ;
#1402 = ORIENTED_EDGE ( 'NONE', *, *, #1574, .F. ) ;
#1403 = ORIENTED_EDGE ( 'NONE', *, *, #1594, .F. ) ;
#1404 = ORIENTED_EDGE ( 'NONE', *, *, #1624, .T. ) ;
#1405 = ORIENTED_EDGE ( 'NONE', *, *, #1608, .T. ) ;
#1406 = ORIENTED_EDGE ( 'NONE', *, *, #1570, .F. ) ;
#1407 = ORIENTED_EDGE ( 'NONE', *, *, #1526, .T. ) ;
#1408 = TOROIDAL_SURFACE ( 'NONE', #1536, 0.8950000000000000200, 0.6800000000000000500 ) ;
#1409 = ORIENTED_EDGE ( 'NONE', *, *, #1542, .F. ) ;
#1410 = VECTOR ( 'NONE', #374, 1000.000000000000000 ) ;
#1411 = EDGE_LOOP ( 'NONE', ( #1363, #1382, #1243, #1305 ) ) ;
#1412 = ORIENTED_EDGE ( 'NONE', *, *, #1706, .T. ) ;
#1413 = ORIENTED_EDGE ( 'NONE', *, *, #1566, .F. ) ;
#1414 = LINE ( 'NONE', #179, #1410 ) ;
#1415 = LINE ( 'NONE', #122, #1118 ) ;
#1416 = ORIENTED_EDGE ( 'NONE', *, *, #1545, .F. ) ;
#1417 = ORIENTED_EDGE ( 'NONE', *, *, #1595, .F. ) ;
#1418 = CYLINDRICAL_SURFACE ( 'NONE', #790, 0.2999999999999999300 ) ;
#1419 = ORIENTED_EDGE ( 'NONE', *, *, #1534, .T. ) ;
#1420 = CIRCLE ( 'NONE', #770, 0.4000000000000001900 ) ;
#1421 = ORIENTED_EDGE ( 'NONE', *, *, #1579, .T. ) ;
#1422 = VECTOR ( 'NONE', #370, 1000.000000000000000 ) ;
#1423 = CIRCLE ( 'NONE', #820, 0.3400000000000000200 ) ;
#1424 = CIRCLE ( 'NONE', #867, 0.4000000000000001900 ) ;
#1425 = LINE ( 'NONE', #171, #1300 ) ;
#1426 = FACE_OUTER_BOUND ( 'NONE', #876, .T. ) ;
#1427 = ORIENTED_EDGE ( 'NONE', *, *, #1695, .F. ) ;
#1428 = ORIENTED_EDGE ( 'NONE', *, *, #1565, .F. ) ;
#1429 = ORIENTED_EDGE ( 'NONE', *, *, #1687, .F. ) ;
#1430 = ORIENTED_EDGE ( 'NONE', *, *, #1690, .T. ) ;
#1431 = FACE_OUTER_BOUND ( 'NONE', #887, .T. ) ;
#1432 = ORIENTED_EDGE ( 'NONE', *, *, #1543, .F. ) ;
#1433 = CIRCLE ( 'NONE', #763, 0.3400000000000000200 ) ;
#1434 = ORIENTED_EDGE ( 'NONE', *, *, #1601, .F. ) ;
#1435 = CIRCLE ( 'NONE', #856, 0.3400000000000000200 ) ;
#1436 = ORIENTED_EDGE ( 'NONE', *, *, #1576, .F. ) ;
#1437 = PRODUCT ( 'UMT250', 'UMT250', '', ( #1655 ) ) ;
#1438 = AXIS2_PLACEMENT_3D ( 'NONE', #609, #635, #607 ) ;
#1439 = AXIS2_PLACEMENT_3D ( 'NONE', #595, #599, #597 ) ;
#1440 = AXIS2_PLACEMENT_3D ( 'NONE', #639, #554, #642 ) ;
#1441 = AXIS2_PLACEMENT_3D ( 'NONE', #584, #585, #582 ) ;
#1442 = MECHANICAL_DESIGN_GEOMETRIC_PRESENTATION_REPRESENTATION (  '', ( #1446 ), #1466 ) ;
#1443 = MECHANICAL_DESIGN_GEOMETRIC_PRESENTATION_REPRESENTATION (  '', ( #872 ), #1457 ) ;
#1444 = AXIS2_PLACEMENT_3D ( 'NONE', #594, #588, #589 ) ;
#1445 = AXIS2_PLACEMENT_3D ( 'NONE', #593, #596, #590 ) ;
#1446 = STYLED_ITEM ( 'NONE', ( #441 ), #1711 ) ;
#1447 = AXIS2_PLACEMENT_3D ( 'NONE', #598, #631, #580 ) ;
#1448 = AXIS2_PLACEMENT_3D ( 'NONE', #610, #601, #602 ) ;
#1449 = AXIS2_PLACEMENT_3D ( 'NONE', #581, #560, #583 ) ;
#1450 = AXIS2_PLACEMENT_3D ( 'NONE', #586, #591, #587 ) ;
#1451 = PRODUCT_RELATED_PRODUCT_CATEGORY ( 'part', '', ( #1437 ) ) ;
#1452 = AXIS2_PLACEMENT_3D ( 'NONE', #615, #630, #614 ) ;
#1453 = AXIS2_PLACEMENT_3D ( 'NONE', #634, #641, #632 ) ;
#1454 = AXIS2_PLACEMENT_3D ( 'NONE', #713, #729, #569 ) ;
#1455 = AXIS2_PLACEMENT_3D ( 'NONE', #613, #629, #636 ) ;
#1456 = AXIS2_PLACEMENT_3D ( 'NONE', #573, #559, #715 ) ;
#1457 =( GEOMETRIC_REPRESENTATION_CONTEXT ( 3 ) GLOBAL_UNCERTAINTY_ASSIGNED_CONTEXT ( ( #1709 ) ) GLOBAL_UNIT_ASSIGNED_CONTEXT ( ( #618, #617, #616 ) ) REPRESENTATION_CONTEXT ( 'NONE', 'WORKASPACE' ) );
#1458 = AXIS2_PLACEMENT_3D ( 'NONE', #637, #611, #612 ) ;
#1459 = PRODUCT_DEFINITION ( 'UNKNOWN', '', #1461, #1 ) ;
#1460 = AXIS2_PLACEMENT_3D ( 'NONE', #1650, #1652, #1636 ) ;
#1461 = PRODUCT_DEFINITION_FORMATION_WITH_SPECIFIED_SOURCE ( 'ANY', '', #1437, .NOT_KNOWN. ) ;
#1462 = AXIS2_PLACEMENT_3D ( 'NONE', #727, #717, #682 ) ;
#1463 = AXIS2_PLACEMENT_3D ( 'NONE', #576, #575, #608 ) ;
#1464 = PRESENTATION_LAYER_ASSIGNMENT (  '', '', ( #1446 ) ) ;
#1465 = AXIS2_PLACEMENT_3D ( 'NONE', #562, #718, #719 ) ;
#1466 =( GEOMETRIC_REPRESENTATION_CONTEXT ( 3 ) GLOBAL_UNCERTAINTY_ASSIGNED_CONTEXT ( ( #1708 ) ) GLOBAL_UNIT_ASSIGNED_CONTEXT ( ( #1663, #1669, #1657 ) ) REPRESENTATION_CONTEXT ( 'NONE', 'WORKASPACE' ) );
#1467 =( GEOMETRIC_REPRESENTATION_CONTEXT ( 3 ) GLOBAL_UNCERTAINTY_ASSIGNED_CONTEXT ( ( #1710 ) ) GLOBAL_UNIT_ASSIGNED_CONTEXT ( ( #1647, #1637, #1632 ) ) REPRESENTATION_CONTEXT ( 'NONE', 'WORKASPACE' ) );
#1468 = ADVANCED_FACE ( 'NONE', ( #1120, #1221 ), #75, .F. ) ;
#1469 = ADVANCED_FACE ( 'NONE', ( #1287 ), #32, .F. ) ;
#1470 = ADVANCED_FACE ( 'NONE', ( #1049 ), #1209, .F. ) ;
#1471 = ADVANCED_FACE ( 'NONE', ( #1329 ), #1212, .T. ) ;
#1472 = ADVANCED_FACE ( 'NONE', ( #1208 ), #70, .F. ) ;
#1473 = ADVANCED_FACE ( 'NONE', ( #902 ), #69, .F. ) ;
#1474 = ADVANCED_FACE ( 'NONE', ( #1213 ), #1159, .T. ) ;
#1475 = ADVANCED_FACE ( 'NONE', ( #1051 ), #60, .F. ) ;
#1476 = ADVANCED_FACE ( 'NONE', ( #1211 ), #1328, .T. ) ;
#1477 = ADVANCED_FACE ( 'NONE', ( #1326 ), #1408, .T. ) ;
#1478 = ADVANCED_FACE ( 'NONE', ( #1215 ), #1327, .T. ) ;
#1479 = ADVANCED_FACE ( 'NONE', ( #1293 ), #1217, .T. ) ;
#1480 = ADVANCED_FACE ( 'NONE', ( #1279 ), #1158, .T. ) ;
#1481 = ADVANCED_FACE ( 'NONE', ( #1216 ), #54, .F. ) ;
#1482 = ADVANCED_FACE ( 'NONE', ( #1214 ), #1207, .T. ) ;
#1483 = ADVANCED_FACE ( 'NONE', ( #1271 ), #1203, .T. ) ;
#1484 = ADVANCED_FACE ( 'NONE', ( #1219 ), #1157, .T. ) ;
#1485 = ADVANCED_FACE ( 'NONE', ( #1206 ), #1218, .T. ) ;
#1486 = ADVANCED_FACE ( 'NONE', ( #1117 ), #1205, .T. ) ;
#1487 = ADVANCED_FACE ( 'NONE', ( #1259 ), #1194, .T. ) ;
#1488 = ADVANCED_FACE ( 'NONE', ( #1426 ), #1251, .T. ) ;
#1489 = ADVANCED_FACE ( 'NONE', ( #1257 ), #910, .T. ) ;
#1490 = ADVANCED_FACE ( 'NONE', ( #1201 ), #1156, .T. ) ;
#1491 = ADVANCED_FACE ( 'NONE', ( #1202 ), #247, .F. ) ;
#1492 = ADVANCED_FACE ( 'NONE', ( #1330 ), #1418, .T. ) ;
#1493 = ADVANCED_FACE ( 'NONE', ( #1204 ), #1197, .T. ) ;
#1494 = ADVANCED_FACE ( 'NONE', ( #1222 ), #265, .F. ) ;
#1495 = ADVANCED_FACE ( 'NONE', ( #1102, #1198 ), #289, .T. ) ;
#1496 = ADVANCED_FACE ( 'NONE', ( #916 ), #958, .T. ) ;
#1497 = ADVANCED_FACE ( 'NONE', ( #897 ), #1059, .T. ) ;
#1498 = ADVANCED_FACE ( 'NONE', ( #975 ), #1065, .T. ) ;
#1499 = ADVANCED_FACE ( 'NONE', ( #882 ), #953, .F. ) ;
#1500 = ADVANCED_FACE ( 'NONE', ( #1200 ), #1154, .T. ) ;
#1501 = ADVANCED_FACE ( 'NONE', ( #1149, #1321 ), #317, .F. ) ;
#1502 = ADVANCED_FACE ( 'NONE', ( #1431 ), #318, .F. ) ;
#1503 = ADVANCED_FACE ( 'NONE', ( #1108 ), #1331, .T. ) ;
#1504 = ADVANCED_FACE ( 'NONE', ( #1311 ), #906, .T. ) ;
#1505 = ADVANCED_FACE ( 'NONE', ( #1195 ), #1220, .T. ) ;
#1506 = ADVANCED_FACE ( 'NONE', ( #1193 ), #1010, .F. ) ;
#1507 = ADVANCED_FACE ( 'NONE', ( #1191 ), #261, .F. ) ;
#1508 = ADVANCED_FACE ( 'NONE', ( #1192 ), #1083, .F. ) ;
#1509 = ADVANCED_FACE ( 'NONE', ( #1196 ), #919, .T. ) ;
#1510 = ADVANCED_FACE ( 'NONE', ( #1291 ), #1064, .T. ) ;
#1511 = EDGE_CURVE ( 'NONE', #1776, #1749, #1189, .T. ) ;
#1512 = EDGE_CURVE ( 'NONE', #1261, #1240, #1190, .T. ) ;
#1513 = EDGE_CURVE ( 'NONE', #1769, #1764, #1199, .T. ) ;
#1514 = AXIS2_PLACEMENT_3D ( 'NONE', #365, #45, #310 ) ;
#1515 = AXIS2_PLACEMENT_3D ( 'NONE', #44, #347, #39 ) ;
#1516 = EDGE_CURVE ( 'NONE', #1776, #1738, #1029, .T. ) ;
#1517 = AXIS2_PLACEMENT_3D ( 'NONE', #369, #278, #362 ) ;
#1518 = EDGE_CURVE ( 'NONE', #1086, #1082, #1277, .T. ) ;
#1519 = EDGE_CURVE ( 'NONE', #1746, #1292, #905, .T. ) ;
#1520 = EDGE_CURVE ( 'NONE', #1752, #1735, #1187, .T. ) ;
#1521 = EDGE_CURVE ( 'NONE', #878, #1775, #892, .T. ) ;
#1522 = EDGE_CURVE ( 'NONE', #1113, #1776, #1332, .T. ) ;
#1523 = AXIS2_PLACEMENT_3D ( 'NONE', #214, #71, #72 ) ;
#1524 = AXIS2_PLACEMENT_3D ( 'NONE', #345, #53, #48 ) ;
#1525 = AXIS2_PLACEMENT_3D ( 'NONE', #66, #205, #78 ) ;
#1526 = EDGE_CURVE ( 'NONE', #1767, #1780, #944, .T. ) ;
#1527 = AXIS2_PLACEMENT_3D ( 'NONE', #63, #80, #77 ) ;
#1528 = AXIS2_PLACEMENT_3D ( 'NONE', #305, #81, #79 ) ;
#1529 = EDGE_CURVE ( 'NONE', #883, #1285, #1186, .T. ) ;
#1530 = EDGE_CURVE ( 'NONE', #1787, #1274, #1041, .T. ) ;
#1531 = EDGE_CURVE ( 'NONE', #1765, #1738, #988, .T. ) ;
#1532 = EDGE_CURVE ( 'NONE', #1261, #1750, #1047, .T. ) ;
#1533 = EDGE_CURVE ( 'NONE', #1092, #1240, #937, .T. ) ;
#1534 = EDGE_CURVE ( 'NONE', #1748, #970, #1333, .T. ) ;
#1535 = EDGE_CURVE ( 'NONE', #1769, #1113, #1185, .T. ) ;
#1536 = AXIS2_PLACEMENT_3D ( 'NONE', #338, #92, #335 ) ;
#1537 = EDGE_CURVE ( 'NONE', #1774, #1732, #1184, .T. ) ;
#1538 = EDGE_CURVE ( 'NONE', #1763, #1782, #917, .T. ) ;
#1539 = EDGE_CURVE ( 'NONE', #1778, #1046, #914, .T. ) ;
#1540 = EDGE_CURVE ( 'NONE', #1744, #1770, #1013, .T. ) ;
#1541 = EDGE_CURVE ( 'NONE', #1770, #1758, #1180, .T. ) ;
#1542 = EDGE_CURVE ( 'NONE', #1046, #1769, #1112, .T. ) ;
#1543 = EDGE_CURVE ( 'NONE', #1759, #1335, #1179, .T. ) ;
#1544 = EDGE_CURVE ( 'NONE', #1784, #1068, #1182, .T. ) ;
#1545 = EDGE_CURVE ( 'NONE', #1757, #939, #1178, .T. ) ;
#1546 = EDGE_CURVE ( 'NONE', #1007, #1292, #909, .T. ) ;
#1547 = EDGE_CURVE ( 'NONE', #1398, #1752, #1284, .T. ) ;
#1548 = EDGE_CURVE ( 'NONE', #1735, #1745, #1075, .T. ) ;
#1549 = EDGE_CURVE ( 'NONE', #1732, #1780, #926, .T. ) ;
#1550 = EDGE_CURVE ( 'NONE', #1754, #883, #1175, .T. ) ;
#1551 = EDGE_CURVE ( 'NONE', #1095, #1764, #1420, .T. ) ;
#1552 = EDGE_CURVE ( 'NONE', #1043, #1007, #1177, .T. ) ;
#1553 = EDGE_CURVE ( 'NONE', #1784, #997, #1415, .T. ) ;
#1554 = EDGE_CURVE ( 'NONE', #947, #1735, #908, .T. ) ;
#1555 = EDGE_CURVE ( 'NONE', #1046, #1095, #1174, .T. ) ;
#1556 = EDGE_CURVE ( 'NONE', #1775, #1760, #1172, .T. ) ;
#1557 = EDGE_CURVE ( 'NONE', #1785, #1768, #1170, .T. ) ;
#1558 = EDGE_CURVE ( 'NONE', #1757, #1737, #1173, .T. ) ;
#1559 = EDGE_CURVE ( 'NONE', #1736, #1750, #893, .T. ) ;
#1560 = EDGE_CURVE ( 'NONE', #1780, #1744, #1027, .T. ) ;
#1561 = EDGE_CURVE ( 'NONE', #1753, #967, #884, .T. ) ;
#1562 = EDGE_CURVE ( 'NONE', #1753, #1335, #1171, .T. ) ;
#1563 = EDGE_CURVE ( 'NONE', #1738, #1766, #1111, .T. ) ;
#1564 = EDGE_CURVE ( 'NONE', #1759, #1763, #941, .T. ) ;
#1565 = EDGE_CURVE ( 'NONE', #1113, #1756, #1169, .T. ) ;
#1566 = EDGE_CURVE ( 'NONE', #1043, #1746, #1260, .T. ) ;
#1567 = EDGE_CURVE ( 'NONE', #1736, #1777, #1167, .T. ) ;
#1568 = EDGE_CURVE ( 'NONE', #1764, #1756, #1248, .T. ) ;
#1569 = EDGE_CURVE ( 'NONE', #1742, #1771, #1164, .T. ) ;
#1570 = EDGE_CURVE ( 'NONE', #1742, #1773, #1025, .T. ) ;
#1571 = EDGE_CURVE ( 'NONE', #999, #939, #1166, .T. ) ;
#1572 = EDGE_CURVE ( 'NONE', #1771, #1778, #1161, .T. ) ;
#1573 = EDGE_CURVE ( 'NONE', #999, #1761, #1032, .T. ) ;
#1574 = EDGE_CURVE ( 'NONE', #1733, #1777, #1015, .T. ) ;
#1575 = EDGE_CURVE ( 'NONE', #1000, #1787, #968, .T. ) ;
#1576 = EDGE_CURVE ( 'NONE', #1784, #1746, #1079, .T. ) ;
#1577 = EDGE_CURVE ( 'NONE', #1749, #1742, #1273, .T. ) ;
#1578 = EDGE_CURVE ( 'NONE', #970, #912, #1299, .T. ) ;
#1579 = EDGE_CURVE ( 'NONE', #1772, #1750, #1246, .T. ) ;
#1580 = EDGE_CURVE ( 'NONE', #912, #1779, #1424, .T. ) ;
#1581 = EDGE_CURVE ( 'NONE', #1082, #878, #1310, .T. ) ;
#1582 = EDGE_CURVE ( 'NONE', #912, #1285, #1423, .T. ) ;
#1583 = EDGE_CURVE ( 'NONE', #1764, #1774, #1433, .T. ) ;
#1584 = EDGE_CURVE ( 'NONE', #1758, #1765, #1425, .T. ) ;
#1585 = EDGE_CURVE ( 'NONE', #1261, #1777, #1313, .T. ) ;
#1586 = EDGE_CURVE ( 'NONE', #1765, #1741, #1314, .T. ) ;
#1587 = EDGE_CURVE ( 'NONE', #1755, #1779, #1414, .T. ) ;
#1588 = EDGE_CURVE ( 'NONE', #1095, #1732, #1316, .T. ) ;
#1589 = EDGE_CURVE ( 'NONE', #1779, #1785, #1270, .T. ) ;
#1590 = EDGE_CURVE ( 'NONE', #1747, #1745, #1283, .T. ) ;
#1591 = EDGE_CURVE ( 'NONE', #1768, #1787, #1317, .T. ) ;
#1592 = EDGE_CURVE ( 'NONE', #1068, #1740, #1272, .T. ) ;
#1593 = EDGE_CURVE ( 'NONE', #1741, #1756, #1435, .T. ) ;
#1594 = EDGE_CURVE ( 'NONE', #1760, #881, #1077, .T. ) ;
#1595 = EDGE_CURVE ( 'NONE', #1741, #1774, #403, .T. ) ;
#1596 = EDGE_CURVE ( 'NONE', #967, #1782, #512, .T. ) ;
#1597 = EDGE_CURVE ( 'NONE', #1747, #947, #518, .T. ) ;
#1598 = EDGE_CURVE ( 'NONE', #1733, #1786, #410, .T. ) ;
#1599 = EDGE_CURVE ( 'NONE', #1772, #1737, #423, .T. ) ;
#1600 = EDGE_CURVE ( 'NONE', #1770, #1773, #507, .T. ) ;
#1601 = EDGE_CURVE ( 'NONE', #1754, #1785, #508, .T. ) ;
#1602 = EDGE_CURVE ( 'NONE', #930, #901, #416, .T. ) ;
#1603 = EDGE_CURVE ( 'NONE', #1788, #1783, #412, .T. ) ;
#1604 = EDGE_CURVE ( 'NONE', #1092, #1786, #517, .T. ) ;
#1605 = EDGE_CURVE ( 'NONE', #967, #1753, #404, .T. ) ;
#1606 = AXIS2_PLACEMENT_3D ( 'NONE', #91, #65, #64 ) ;
#1607 = EDGE_CURVE ( 'NONE', #881, #1754, #409, .T. ) ;
#1608 = EDGE_CURVE ( 'NONE', #1068, #1043, #524, .T. ) ;
#1609 = EDGE_CURVE ( 'NONE', #1736, #1737, #528, .T. ) ;
#1610 = EDGE_CURVE ( 'NONE', #1773, #1743, #519, .T. ) ;
#1611 = EDGE_CURVE ( 'NONE', #1292, #1007, #525, .T. ) ;
#1612 = AXIS2_PLACEMENT_3D ( 'NONE', #73, #82, #62 ) ;
#1613 = EDGE_CURVE ( 'NONE', #1788, #1786, #514, .T. ) ;
#1614 = EDGE_CURVE ( 'NONE', #1762, #1000, #429, .T. ) ;
#1615 = AXIS2_PLACEMENT_3D ( 'NONE', #93, #210, #206 ) ;
#1616 = EDGE_CURVE ( 'NONE', #1086, #912, #426, .T. ) ;
#1617 = EDGE_CURVE ( 'NONE', #1766, #1773, #421, .T. ) ;
#1618 = EDGE_CURVE ( 'NONE', #1758, #1766, #462, .T. ) ;
#1619 = EDGE_CURVE ( 'NONE', #1740, #1007, #417, .T. ) ;
#1620 = EDGE_CURVE ( 'NONE', #1746, #1043, #437, .T. ) ;
#1621 = EDGE_CURVE ( 'NONE', #1743, #1744, #419, .T. ) ;
#1622 = AXIS2_PLACEMENT_3D ( 'NONE', #67, #74, #84 ) ;
#1623 = EDGE_CURVE ( 'NONE', #1756, #1738, #427, .T. ) ;
#1624 = EDGE_CURVE ( 'NONE', #947, #1747, #422, .T. ) ;
#1625 = EDGE_CURVE ( 'NONE', #1772, #939, #420, .T. ) ;
#1626 = AXIS2_PLACEMENT_3D ( 'NONE', #59, #41, #61 ) ;
#1627 = CARTESIAN_POINT ( 'NONE',  ( -1.100000000000000500, -5.049999999999998900, 1.160000000000000600 ) ) ;
#1628 = APPLICATION_CONTEXT ( 'automotive_design' ) ;
#1629 = CARTESIAN_POINT ( 'NONE',  ( -0.8950000000000000200, 5.049999999999998900, 1.096058885236881000E-016 ) ) ;
#1630 = APPLICATION_PROTOCOL_DEFINITION ( 'draft international standard', 'automotive_design', 1998, #1628 ) ;
#1631 = FILL_AREA_STYLE ('',( #1649 ) ) ;
#1632 =( NAMED_UNIT ( * ) SI_UNIT ( $, .STERADIAN. ) SOLID_ANGLE_UNIT ( ) );
#1633 = CARTESIAN_POINT ( 'NONE',  ( 1.100000000000000300, 4.709999999999999100, -1.500000000000000000 ) ) ;
#1634 = CARTESIAN_POINT ( 'NONE',  ( 1.500000000000000400, -3.449999999999999300, 1.100000000000000100 ) ) ;
#1635 = CARTESIAN_POINT ( 'NONE',  ( 1.224999999999998800, -3.449999999999999300, 0.9250000000000022600 ) ) ;
#1636 = DIRECTION ( 'NONE',  ( 1.000000000000000000, 0.0000000000000000000, 0.0000000000000000000 ) ) ;
#1637 =( NAMED_UNIT ( * ) PLANE_ANGLE_UNIT ( ) SI_UNIT ( $, .RADIAN. ) );
#1638 = CARTESIAN_POINT ( 'NONE',  ( -0.7204987272332283900, 5.185849056603772500, 9.892076726663979400E-017 ) ) ;
#1639 = CARTESIAN_POINT ( 'NONE',  ( -1.500000000000000400, -4.709999999999999100, -1.100000000000000100 ) ) ;
#1640 = CARTESIAN_POINT ( 'NONE',  ( -1.500000000000000400, 4.709999999999999100, -1.100000000000000300 ) ) ;
#1641 = CARTESIAN_POINT ( 'NONE',  ( -1.100000000000000300, -4.709999999999999100, 1.500000000000000700 ) ) ;
#1642 = CARTESIAN_POINT ( 'NONE',  ( 1.100000000000000100, -5.049999999999998900, -1.160000000000000800 ) ) ;
#1643 = CARTESIAN_POINT ( 'NONE',  ( -0.8000000000000000400, -4.556668729376094800, 0.0000000000000000000 ) ) ;
#1644 = CARTESIAN_POINT ( 'NONE',  ( -0.9250000000000004900, -3.449999999999999300, -1.225000000000003900 ) ) ;
#1645 = SURFACE_SIDE_STYLE ('',( #465 ) ) ;
#1646 = CARTESIAN_POINT ( 'NONE',  ( 1.500000000000000400, -4.709999999999999100, 1.100000000000000100 ) ) ;
#1647 =( LENGTH_UNIT ( ) NAMED_UNIT ( * ) SI_UNIT ( .MILLI., .METRE. ) );
#1648 = CARTESIAN_POINT ( 'NONE',  ( 1.160000000000000400, 5.049999999999998900, -1.100000000000000100 ) ) ;
#1649 = FILL_AREA_STYLE_COLOUR ( '', #479 ) ;
#1650 = CARTESIAN_POINT ( 'NONE',  ( 0.0000000000000000000, 0.0000000000000000000, 0.0000000000000000000 ) ) ;
#1651 = CARTESIAN_POINT ( 'NONE',  ( -1.100000000000000300, -3.449999999999999300, 1.500000000000000700 ) ) ;
#1652 = DIRECTION ( 'NONE',  ( 0.0000000000000000000, 0.0000000000000000000, 1.000000000000000000 ) ) ;
#1653 = CARTESIAN_POINT ( 'NONE',  ( 1.160000000000000100, -5.049999999999998900, 1.100000000000000100 ) ) ;
#1654 = CARTESIAN_POINT ( 'NONE',  ( -1.500000000000000400, -3.449999999999999300, 1.100000000000000100 ) ) ;
#1655 = PRODUCT_CONTEXT ( 'NONE', #1668, 'mechanical' ) ;
#1656 = APPLICATION_PROTOCOL_DEFINITION ( 'draft international standard', 'automotive_design', 1998, #1668 ) ;
#1657 =( NAMED_UNIT ( * ) SI_UNIT ( $, .STERADIAN. ) SOLID_ANGLE_UNIT ( ) );
#1658 = CARTESIAN_POINT ( 'NONE',  ( -1.100000000000000300, -4.709999999999999100, -1.500000000000000000 ) ) ;
#1659 = CARTESIAN_POINT ( 'NONE',  ( -1.500000000000000400, 4.709999999999999100, 1.100000000000000100 ) ) ;
#1660 = CARTESIAN_POINT ( 'NONE',  ( 1.099999999999999400, -3.449999999999999300, -1.500000000000000900 ) ) ;
#1661 = CARTESIAN_POINT ( 'NONE',  ( -1.160000000000000400, -5.049999999999998900, -1.100000000000000100 ) ) ;
#1662 = CARTESIAN_POINT ( 'NONE',  ( -1.099999999999999400, 4.709999999999999100, -1.500000000000000900 ) ) ;
#1663 =( LENGTH_UNIT ( ) NAMED_UNIT ( * ) SI_UNIT ( .MILLI., .METRE. ) );
#1664 = CARTESIAN_POINT ( 'NONE',  ( -0.9250000000000004900, 3.449999999999999300, -1.225000000000003900 ) ) ;
#1665 = SURFACE_STYLE_USAGE ( .BOTH. , #1645 ) ;
#1666 = CARTESIAN_POINT ( 'NONE',  ( -0.9250000000000004900, 3.449999999999999300, 1.225000000000000300 ) ) ;
#1667 = CARTESIAN_POINT ( 'NONE',  ( 0.9250000000000091500, -3.449999999999999300, -1.225000000000003900 ) ) ;
#1668 = APPLICATION_CONTEXT ( 'automotive_design' ) ;
#1669 =( NAMED_UNIT ( * ) PLANE_ANGLE_UNIT ( ) SI_UNIT ( $, .RADIAN. ) );
#1670 = EDGE_CURVE ( 'NONE', #1782, #1335, #502, .T. ) ;
#1671 = EDGE_CURVE ( 'NONE', #997, #1740, #408, .T. ) ;
#1672 = EDGE_CURVE ( 'NONE', #930, #1274, #436, .T. ) ;
#1673 = EDGE_CURVE ( 'NONE', #881, #1768, #407, .T. ) ;
#1674 = EDGE_CURVE ( 'NONE', #970, #1755, #430, .T. ) ;
#1675 = EDGE_CURVE ( 'NONE', #1398, #1745, #433, .T. ) ;
#1676 = EDGE_CURVE ( 'NONE', #1767, #1095, #434, .T. ) ;
#1677 = EDGE_CURVE ( 'NONE', #1335, #1782, #424, .T. ) ;
#1678 = EDGE_CURVE ( 'NONE', #1760, #1787, #466, .T. ) ;
#1679 = EDGE_CURVE ( 'NONE', #901, #1748, #418, .T. ) ;
#1680 = EDGE_CURVE ( 'NONE', #950, #1086, #476, .T. ) ;
#1681 = EDGE_CURVE ( 'NONE', #1752, #1398, #477, .T. ) ;
#1682 = EDGE_CURVE ( 'NONE', #1092, #1783, #509, .T. ) ;
#1683 = EDGE_CURVE ( 'NONE', #1740, #997, #503, .T. ) ;
#1684 = EDGE_CURVE ( 'NONE', #1068, #1784, #405, .T. ) ;
#1685 = EDGE_CURVE ( 'NONE', #1755, #1751, #498, .T. ) ;
#1686 = EDGE_CURVE ( 'NONE', #1748, #1086, #411, .T. ) ;
#1687 = EDGE_CURVE ( 'NONE', #1285, #1082, #401, .T. ) ;
#1688 = EDGE_CURVE ( 'NONE', #1788, #1761, #513, .T. ) ;
#1689 = EDGE_CURVE ( 'NONE', #1762, #1768, #475, .T. ) ;
#1690 = EDGE_CURVE ( 'NONE', #1771, #1743, #444, .T. ) ;
#1691 = EDGE_CURVE ( 'NONE', #997, #1292, #504, .T. ) ;
#1692 = EDGE_CURVE ( 'NONE', #1274, #950, #447, .T. ) ;
#1693 = EDGE_CURVE ( 'NONE', #1757, #1761, #449, .T. ) ;
#1694 = EDGE_CURVE ( 'NONE', #1745, #1735, #501, .T. ) ;
#1695 = EDGE_CURVE ( 'NONE', #1779, #883, #451, .T. ) ;
#1696 = EDGE_CURVE ( 'NONE', #1778, #1767, #448, .T. ) ;
#1697 = EDGE_CURVE ( 'NONE', #1749, #1766, #493, .T. ) ;
#1698 = EDGE_CURVE ( 'NONE', #950, #878, #445, .T. ) ;
#1699 = EDGE_CURVE ( 'NONE', #1763, #1759, #443, .T. ) ;
#1700 = EDGE_CURVE ( 'NONE', #1775, #1274, #439, .T. ) ;
#1701 = EDGE_CURVE ( 'NONE', #1000, #930, #497, .T. ) ;
#1702 = EDGE_CURVE ( 'NONE', #901, #950, #453, .T. ) ;
#1703 = EDGE_CURVE ( 'NONE', #1751, #1785, #499, .T. ) ;
#1704 = EDGE_CURVE ( 'NONE', #999, #1783, #523, .T. ) ;
#1705 = EDGE_CURVE ( 'NONE', #1743, #1767, #399, .T. ) ;
#1706 = EDGE_CURVE ( 'NONE', #1733, #1240, #522, .T. ) ;
#1707 = EDGE_CURVE ( 'NONE', #1751, #1762, #526, .T. ) ;
#1708 = UNCERTAINTY_MEASURE_WITH_UNIT (LENGTH_MEASURE( 1.000000000000000100E-005 ), #1663, 'distance_accuracy_value', 'NONE');
#1709 = UNCERTAINTY_MEASURE_WITH_UNIT (LENGTH_MEASURE( 1.000000000000000100E-005 ), #618, 'distance_accuracy_value', 'NONE');
#1710 = UNCERTAINTY_MEASURE_WITH_UNIT (LENGTH_MEASURE( 1.000000000000000100E-005 ), #1647, 'distance_accuracy_value', 'NONE');
#1711 = ADVANCED_BREP_SHAPE_REPRESENTATION ( 'UMT250', ( #1712, #1460 ), #1467 ) ;
#1712 = BREP_WITH_VOIDS ( 'NONE', #1734, ( #808 ) );
#1713 = ADVANCED_FACE ( 'NONE', ( #483 ), #506, .T. ) ;
#1714 = ADVANCED_FACE ( 'NONE', ( #485 ), #489, .T. ) ;
#1715 = ADVANCED_FACE ( 'NONE', ( #488 ), #487, .T. ) ;
#1716 = ADVANCED_FACE ( 'NONE', ( #454 ), #484, .F. ) ;
#1717 = ADVANCED_FACE ( 'NONE', ( #473 ), #491, .T. ) ;
#1718 = ADVANCED_FACE ( 'NONE', ( #492 ), #478, .T. ) ;
#1719 = ADVANCED_FACE ( 'NONE', ( #482 ), #472, .T. ) ;
#1720 = ADVANCED_FACE ( 'NONE', ( #486 ), #633, .F. ) ;
#1721 = ADVANCED_FACE ( 'NONE', ( #481 ), #469, .T. ) ;
#1722 = ADVANCED_FACE ( 'NONE', ( #490 ), #467, .F. ) ;
#1723 = ADVANCED_FACE ( 'NONE', ( #474, #468 ), #592, .T. ) ;
#1724 = ADVANCED_FACE ( 'NONE', ( #470 ), #600, .T. ) ;
#1725 = ADVANCED_FACE ( 'NONE', ( #500 ), #455, .T. ) ;
#1726 = ADVANCED_FACE ( 'NONE', ( #471 ), #495, .T. ) ;
#1727 = ADVANCED_FACE ( 'NONE', ( #457 ), #461, .T. ) ;
#1728 = ADVANCED_FACE ( 'NONE', ( #505 ), #714, .F. ) ;
#1729 = ADVANCED_FACE ( 'NONE', ( #458 ), #463, .T. ) ;
#1730 = ADVANCED_FACE ( 'NONE', ( #456 ), #539, .F. ) ;
#1731 = ADVANCED_FACE ( 'NONE', ( #460 ), #551, .T. ) ;
#1732 = VERTEX_POINT ( 'NONE', #567 ) ;
#1733 = VERTEX_POINT ( 'NONE', #552 ) ;
#1734 = CLOSED_SHELL ( 'NONE', ( #1504, #1506, #1476, #1499, #1501, #1490, #1469, #1479, #1472, #1484, #1728, #1486, #1730, #1495, #1731, #1716, #1480, #1474, #1493, #1496, #1500, #1478, #1713, #1715, #1487, #1507, #1473, #1492, #1491, #1505, #1502, #1509, #1488, #1468, #1498, #1494, #1471, #1475, #1482, #1481, #1721, #1720, #1723, #1724, #1722, #1729, #1718, #1717, #1727, #1725, #1726, #1714, #1719, #1485 ) ) ;
#1735 = VERTEX_POINT ( 'NONE', #722 ) ;
#1736 = VERTEX_POINT ( 'NONE', #543 ) ;
#1737 = VERTEX_POINT ( 'NONE', #716 ) ;
#1738 = VERTEX_POINT ( 'NONE', #556 ) ;
#1739 = CLOSED_SHELL ( 'NONE', ( #1510, #1470, #1483, #1477, #1503, #1508, #1489, #1497 ) ) ;
#1740 = VERTEX_POINT ( 'NONE', #720 ) ;
#1741 = VERTEX_POINT ( 'NONE', #652 ) ;
#1742 = VERTEX_POINT ( 'NONE', #555 ) ;
#1743 = VERTEX_POINT ( 'NONE', #558 ) ;
#1744 = VERTEX_POINT ( 'NONE', #553 ) ;
#1745 = VERTEX_POINT ( 'NONE', #564 ) ;
#1746 = VERTEX_POINT ( 'NONE', #647 ) ;
#1747 = VERTEX_POINT ( 'NONE', #732 ) ;
#1748 = VERTEX_POINT ( 'NONE', #577 ) ;
#1749 = VERTEX_POINT ( 'NONE', #570 ) ;
#1750 = VERTEX_POINT ( 'NONE', #667 ) ;
#1751 = VERTEX_POINT ( 'NONE', #644 ) ;
#1752 = VERTEX_POINT ( 'NONE', #540 ) ;
#1753 = VERTEX_POINT ( 'NONE', #646 ) ;
#1754 = VERTEX_POINT ( 'NONE', #643 ) ;
#1755 = VERTEX_POINT ( 'NONE', #650 ) ;
#1756 = VERTEX_POINT ( 'NONE', #645 ) ;
#1757 = VERTEX_POINT ( 'NONE', #660 ) ;
#1758 = VERTEX_POINT ( 'NONE', #657 ) ;
#1759 = VERTEX_POINT ( 'NONE', #655 ) ;
#1760 = VERTEX_POINT ( 'NONE', #568 ) ;
#1761 = VERTEX_POINT ( 'NONE', #649 ) ;
#1762 = VERTEX_POINT ( 'NONE', #648 ) ;
#1763 = VERTEX_POINT ( 'NONE', #1629 ) ;
#1764 = VERTEX_POINT ( 'NONE', #1646 ) ;
#1765 = VERTEX_POINT ( 'NONE', #1642 ) ;
#1766 = VERTEX_POINT ( 'NONE', #1658 ) ;
#1767 = VERTEX_POINT ( 'NONE', #1641 ) ;
#1768 = VERTEX_POINT ( 'NONE', #1662 ) ;
#1769 = VERTEX_POINT ( 'NONE', #1634 ) ;
#1770 = VERTEX_POINT ( 'NONE', #1661 ) ;
#1771 = VERTEX_POINT ( 'NONE', #1654 ) ;
#1772 = VERTEX_POINT ( 'NONE', #1666 ) ;
#1773 = VERTEX_POINT ( 'NONE', #1639 ) ;
#1774 = VERTEX_POINT ( 'NONE', #1653 ) ;
#1775 = VERTEX_POINT ( 'NONE', #1648 ) ;
#1776 = VERTEX_POINT ( 'NONE', #1660 ) ;
#1777 = VERTEX_POINT ( 'NONE', #1635 ) ;
#1778 = VERTEX_POINT ( 'NONE', #1651 ) ;
#1779 = VERTEX_POINT ( 'NONE', #1659 ) ;
#1780 = VERTEX_POINT ( 'NONE', #1627 ) ;
#1781 = ORIENTED_EDGE ( 'NONE', *, *, #1703, .T. ) ;
#1782 = VERTEX_POINT ( 'NONE', #1638 ) ;
#1783 = VERTEX_POINT ( 'NONE', #1664 ) ;
#1784 = VERTEX_POINT ( 'NONE', #1643 ) ;
#1785 = VERTEX_POINT ( 'NONE', #1640 ) ;
#1786 = VERTEX_POINT ( 'NONE', #1667 ) ;
#1787 = VERTEX_POINT ( 'NONE', #1633 ) ;
#1788 = VERTEX_POINT ( 'NONE', #1644 ) ;
ENDSEC;
END-ISO-10303-21;
